sr no,Barcode,Market Manager _id,Pickup Boy_id,Pickup Name,Pickup Phone,Pickup Email,Pickup gst,Pickup Pincode,Pickup City,Pickup State,Pickup Address,Consignee Name,Consignee Phone,Consignee Email,Consignee Pincode,Consignee City,Consignee State,Consignee Address,Payment Method,Package Weight,Package Length,Package Width,Package Height,Fuel Charge,Pickup Charge,Other service Charge
1,,,,GOTOGO POST,8076536923,,07AQCPB1094R1ZM,110058,DELHI,DELHI,"COMMUNITY CENTRE , JANAK PLACE",LAKSHAY,9267958659,,782446,LANKA,LANKA,LANKA,prepaid,20,0,0,0,0,0,0
2,,,,GOTOGO POST,8076536923,,07AQCPB1094R1ZM,110058,DELHI,DELHI,"COMMUNITY CENTRE , JANAK PLACE",LAKSHAY,9267958659,,785614,GOLAGHAT,GOLAGHAT,GOLAGHAT,prepaid,20,0,0,0,0,0,0
3,,,,GOTOGO POST,8076536923,,07AQCPB1094R1ZM,110058,DELHI,DELHI,"COMMUNITY CENTRE , JANAK PLACE",LAKSHAY,9267958659,,785615,GOLAGHAT,GOLAGHAT,GOLAGHAT,prepaid,20,,,,,,
4,,,,GOTOGO POST,8076536923,,07AQCPB1094R1ZM,110058,DELHI,DELHI,"COMMUNITY CENTRE , JANAK PLACE",LAKSHAY,9267958659,,785616,GOLAGHAT,GOLAGHAT,GOLAGHAT,prepaid,20,,,,,,
5,,,,GOTOGO POST,8076536923,,07AQCPB1094R1ZM,110058,DELHI,DELHI,"COMMUNITY CENTRE , JANAK PLACE",LAKSHAY,9267958659,,785617,GOLAGHAT,GOLAGHAT,GOLAGHAT,prepaid,20,,,,,,
6,,,,GOTOGO POST,8076536923,,07AQCPB1094R1ZM,110058,DELHI,DELHI,"COMMUNITY CENTRE , JANAK PLACE",LAKSHAY,9267958659,,785618,GOLAGHAT,GOLAGHAT,GOLAGHAT,prepaid,20,,,,,,
7,,,,GOTOGO POST,8076536923,,07AQCPB1094R1ZM,110058,DELHI,DELHI,"COMMUNITY CENTRE , JANAK PLACE",LAKSHAY,9267958659,,785619,GOLAGHAT,GOLAGHAT,GOLAGHAT,prepaid,20,,,,,,
8,,,,GOTOGO POST,8076536923,,07AQCPB1094R1ZM,110058,DELHI,DELHI,"COMMUNITY CENTRE , JANAK PLACE",LAKSHAY,9267958659,,785620,GOLAGHAT,GOLAGHAT,GOLAGHAT,prepaid,20,,,,,,
9,,,,GOTOGO POST,8076536923,,07AQCPB1094R1ZM,110058,DELHI,DELHI,"COMMUNITY CENTRE , JANAK PLACE",LAKSHAY,9267958659,,785621,GOLAGHAT,GOLAGHAT,GOLAGHAT,prepaid,20,,,,,,
10,,,,GOTOGO POST,8076536923,,07AQCPB1094R1ZM,110058,DELHI,DELHI,"COMMUNITY CENTRE , JANAK PLACE",LAKSHAY,9267958659,,785622,GOLAGHAT,GOLAGHAT,GOLAGHAT,prepaid,20,,,,,,
11,,,,GOTOGO POST,8076536923,,07AQCPB1094R1ZM,110058,DELHI,DELHI,"COMMUNITY CENTRE , JANAK PLACE",LAKSHAY,9267958659,,785623,GOLAGHAT,GOLAGHAT,GOLAGHAT,prepaid,20,,,,,,
12,,,,GOTOGO POST,8076536923,,07AQCPB1094R1ZM,110058,DELHI,DELHI,"COMMUNITY CENTRE , JANAK PLACE",LAKSHAY,9267958659,,785624,GOLAGHAT,GOLAGHAT,GOLAGHAT,prepaid,20,,,,,,
13,,,,GOTOGO POST,8076536923,,07AQCPB1094R1ZM,110058,DELHI,DELHI,"COMMUNITY CENTRE , JANAK PLACE",LAKSHAY,9267958659,,785625,GOLAGHAT,GOLAGHAT,GOLAGHAT,prepaid,20,,,,,,
14,,,,GOTOGO POST,8076536923,,07AQCPB1094R1ZM,110058,DELHI,DELHI,"COMMUNITY CENTRE , JANAK PLACE",LAKSHAY,9267958659,,785626,GOLAGHAT,GOLAGHAT,GOLAGHAT,prepaid,20,,,,,,
15,,,,GOTOGO POST,8076536923,,07AQCPB1094R1ZM,110058,DELHI,DELHI,"COMMUNITY CENTRE , JANAK PLACE",LAKSHAY,9267958659,,785627,GOLAGHAT,GOLAGHAT,GOLAGHAT,prepaid,20,,,,,,
16,,,,GOTOGO POST,8076536923,,07AQCPB1094R1ZM,110058,DELHI,DELHI,"COMMUNITY CENTRE , JANAK PLACE",LAKSHAY,9267958659,,785628,GOLAGHAT,GOLAGHAT,GOLAGHAT,prepaid,20,,,,,,
17,,,,GOTOGO POST,8076536923,,07AQCPB1094R1ZM,110058,DELHI,DELHI,"COMMUNITY CENTRE , JANAK PLACE",LAKSHAY,9267958659,,785629,GOLAGHAT,GOLAGHAT,GOLAGHAT,prepaid,20,,,,,,
18,,,,GOTOGO POST,8076536923,,07AQCPB1094R1ZM,110058,DELHI,DELHI,"COMMUNITY CENTRE , JANAK PLACE",LAKSHAY,9267958659,,785630,GOLAGHAT,GOLAGHAT,GOLAGHAT,prepaid,20,,,,,,
19,,,,GOTOGO POST,8076536923,,07AQCPB1094R1ZM,110058,DELHI,DELHI,"COMMUNITY CENTRE , JANAK PLACE",LAKSHAY,9267958659,,785631,GOLAGHAT,GOLAGHAT,GOLAGHAT,prepaid,20,,,,,,
20,,,,GOTOGO POST,8076536923,,07AQCPB1094R1ZM,110058,DELHI,DELHI,"COMMUNITY CENTRE , JANAK PLACE",LAKSHAY,9267958659,,785632,GOLAGHAT,GOLAGHAT,GOLAGHAT,prepaid,20,,,,,,
21,,,,GOTOGO POST,8076536923,,07AQCPB1094R1ZM,110058,DELHI,DELHI,"COMMUNITY CENTRE , JANAK PLACE",LAKSHAY,9267958659,,785633,GOLAGHAT,GOLAGHAT,GOLAGHAT,prepaid,20,,,,,,
22,,,,GOTOGO POST,8076536923,,07AQCPB1094R1ZM,110058,DELHI,DELHI,"COMMUNITY CENTRE , JANAK PLACE",LAKSHAY,9267958659,,785634,GOLAGHAT,GOLAGHAT,GOLAGHAT,prepaid,20,,,,,,
23,,,,GOTOGO POST,8076536923,,07AQCPB1094R1ZM,110058,DELHI,DELHI,"COMMUNITY CENTRE , JANAK PLACE",LAKSHAY,9267958659,,785635,GOLAGHAT,GOLAGHAT,GOLAGHAT,prepaid,20,,,,,,
24,,,,GOTOGO POST,8076536923,,07AQCPB1094R1ZM,110058,DELHI,DELHI,"COMMUNITY CENTRE , JANAK PLACE",LAKSHAY,9267958659,,785636,GOLAGHAT,GOLAGHAT,GOLAGHAT,prepaid,20,,,,,,
25,,,,GOTOGO POST,8076536923,,07AQCPB1094R1ZM,110058,DELHI,DELHI,"COMMUNITY CENTRE , JANAK PLACE",LAKSHAY,9267958659,,785637,GOLAGHAT,GOLAGHAT,GOLAGHAT,prepaid,20,,,,,,
26,,,,GOTOGO POST,8076536923,,07AQCPB1094R1ZM,110058,DELHI,DELHI,"COMMUNITY CENTRE , JANAK PLACE",LAKSHAY,9267958659,,785638,GOLAGHAT,GOLAGHAT,GOLAGHAT,prepaid,20,,,,,,
27,,,,GOTOGO POST,8076536923,,07AQCPB1094R1ZM,110058,DELHI,DELHI,"COMMUNITY CENTRE , JANAK PLACE",LAKSHAY,9267958659,,785639,GOLAGHAT,GOLAGHAT,GOLAGHAT,prepaid,20,,,,,,
28,,,,GOTOGO POST,8076536923,,07AQCPB1094R1ZM,110058,DELHI,DELHI,"COMMUNITY CENTRE , JANAK PLACE",LAKSHAY,9267958659,,785640,GOLAGHAT,GOLAGHAT,GOLAGHAT,prepaid,20,,,,,,
29,,,,GOTOGO POST,8076536923,,07AQCPB1094R1ZM,110058,DELHI,DELHI,"COMMUNITY CENTRE , JANAK PLACE",LAKSHAY,9267958659,,785641,GOLAGHAT,GOLAGHAT,GOLAGHAT,prepaid,20,,,,,,
30,,,,GOTOGO POST,8076536923,,07AQCPB1094R1ZM,110058,DELHI,DELHI,"COMMUNITY CENTRE , JANAK PLACE",LAKSHAY,9267958659,,785642,GOLAGHAT,GOLAGHAT,GOLAGHAT,prepaid,20,,,,,,
31,,,,GOTOGO POST,8076536923,,07AQCPB1094R1ZM,110058,DELHI,DELHI,"COMMUNITY CENTRE , JANAK PLACE",LAKSHAY,9267958659,,785643,GOLAGHAT,GOLAGHAT,GOLAGHAT,prepaid,20,,,,,,
32,,,,GOTOGO POST,8076536923,,07AQCPB1094R1ZM,110058,DELHI,DELHI,"COMMUNITY CENTRE , JANAK PLACE",LAKSHAY,9267958659,,785644,GOLAGHAT,GOLAGHAT,GOLAGHAT,prepaid,20,,,,,,
33,,,,GOTOGO POST,8076536923,,07AQCPB1094R1ZM,110058,DELHI,DELHI,"COMMUNITY CENTRE , JANAK PLACE",LAKSHAY,9267958659,,785645,GOLAGHAT,GOLAGHAT,GOLAGHAT,prepaid,20,,,,,,
34,,,,GOTOGO POST,8076536923,,07AQCPB1094R1ZM,110058,DELHI,DELHI,"COMMUNITY CENTRE , JANAK PLACE",LAKSHAY,9267958659,,785646,GOLAGHAT,GOLAGHAT,GOLAGHAT,prepaid,20,,,,,,
35,,,,GOTOGO POST,8076536923,,07AQCPB1094R1ZM,110058,DELHI,DELHI,"COMMUNITY CENTRE , JANAK PLACE",LAKSHAY,9267958659,,785647,GOLAGHAT,GOLAGHAT,GOLAGHAT,prepaid,20,,,,,,
36,,,,GOTOGO POST,8076536923,,07AQCPB1094R1ZM,110058,DELHI,DELHI,"COMMUNITY CENTRE , JANAK PLACE",LAKSHAY,9267958659,,785648,GOLAGHAT,GOLAGHAT,GOLAGHAT,prepaid,20,,,,,,
37,,,,GOTOGO POST,8076536923,,07AQCPB1094R1ZM,110058,DELHI,DELHI,"COMMUNITY CENTRE , JANAK PLACE",LAKSHAY,9267958659,,785649,GOLAGHAT,GOLAGHAT,GOLAGHAT,prepaid,20,,,,,,
38,,,,GOTOGO POST,8076536923,,07AQCPB1094R1ZM,110058,DELHI,DELHI,"COMMUNITY CENTRE , JANAK PLACE",LAKSHAY,9267958659,,785650,GOLAGHAT,GOLAGHAT,GOLAGHAT,prepaid,20,,,,,,
39,,,,GOTOGO POST,8076536923,,07AQCPB1094R1ZM,110058,DELHI,DELHI,"COMMUNITY CENTRE , JANAK PLACE",LAKSHAY,9267958659,,785651,GOLAGHAT,GOLAGHAT,GOLAGHAT,prepaid,20,,,,,,
40,,,,GOTOGO POST,8076536923,,07AQCPB1094R1ZM,110058,DELHI,DELHI,"COMMUNITY CENTRE , JANAK PLACE",LAKSHAY,9267958659,,785652,GOLAGHAT,GOLAGHAT,GOLAGHAT,prepaid,20,,,,,,
41,,,,GOTOGO POST,8076536923,,07AQCPB1094R1ZM,110058,DELHI,DELHI,"COMMUNITY CENTRE , JANAK PLACE",LAKSHAY,9267958659,,785653,GOLAGHAT,GOLAGHAT,GOLAGHAT,prepaid,20,,,,,,
42,,,,GOTOGO POST,8076536923,,07AQCPB1094R1ZM,110058,DELHI,DELHI,"COMMUNITY CENTRE , JANAK PLACE",LAKSHAY,9267958659,,785654,GOLAGHAT,GOLAGHAT,GOLAGHAT,prepaid,20,,,,,,
43,,,,GOTOGO POST,8076536923,,07AQCPB1094R1ZM,110058,DELHI,DELHI,"COMMUNITY CENTRE , JANAK PLACE",LAKSHAY,9267958659,,785655,GOLAGHAT,GOLAGHAT,GOLAGHAT,prepaid,20,,,,,,
44,,,,GOTOGO POST,8076536923,,07AQCPB1094R1ZM,110058,DELHI,DELHI,"COMMUNITY CENTRE , JANAK PLACE",LAKSHAY,9267958659,,785656,GOLAGHAT,GOLAGHAT,GOLAGHAT,prepaid,20,,,,,,
45,,,,GOTOGO POST,8076536923,,07AQCPB1094R1ZM,110058,DELHI,DELHI,"COMMUNITY CENTRE , JANAK PLACE",LAKSHAY,9267958659,,785657,GOLAGHAT,GOLAGHAT,GOLAGHAT,prepaid,20,,,,,,
46,,,,GOTOGO POST,8076536923,,07AQCPB1094R1ZM,110058,DELHI,DELHI,"COMMUNITY CENTRE , JANAK PLACE",LAKSHAY,9267958659,,785658,GOLAGHAT,GOLAGHAT,GOLAGHAT,prepaid,20,,,,,,
47,,,,GOTOGO POST,8076536923,,07AQCPB1094R1ZM,110058,DELHI,DELHI,"COMMUNITY CENTRE , JANAK PLACE",LAKSHAY,9267958659,,785659,GOLAGHAT,GOLAGHAT,GOLAGHAT,prepaid,20,,,,,,
48,,,,GOTOGO POST,8076536923,,07AQCPB1094R1ZM,110058,DELHI,DELHI,"COMMUNITY CENTRE , JANAK PLACE",LAKSHAY,9267958659,,785660,GOLAGHAT,GOLAGHAT,GOLAGHAT,prepaid,20,,,,,,
49,,,,GOTOGO POST,8076536923,,07AQCPB1094R1ZM,110058,DELHI,DELHI,"COMMUNITY CENTRE , JANAK PLACE",LAKSHAY,9267958659,,785661,GOLAGHAT,GOLAGHAT,GOLAGHAT,prepaid,20,,,,,,
50,,,,GOTOGO POST,8076536923,,07AQCPB1094R1ZM,110058,DELHI,DELHI,"COMMUNITY CENTRE , JANAK PLACE",LAKSHAY,9267958659,,785662,GOLAGHAT,GOLAGHAT,GOLAGHAT,prepaid,20,,,,,,
51,,,,GOTOGO POST,8076536923,,07AQCPB1094R1ZM,110058,DELHI,DELHI,"COMMUNITY CENTRE , JANAK PLACE",LAKSHAY,9267958659,,785663,GOLAGHAT,GOLAGHAT,GOLAGHAT,prepaid,20,,,,,,
52,,,,GOTOGO POST,8076536923,,07AQCPB1094R1ZM,110058,DELHI,DELHI,"COMMUNITY CENTRE , JANAK PLACE",LAKSHAY,9267958659,,785664,GOLAGHAT,GOLAGHAT,GOLAGHAT,prepaid,20,,,,,,
53,,,,GOTOGO POST,8076536923,,07AQCPB1094R1ZM,110058,DELHI,DELHI,"COMMUNITY CENTRE , JANAK PLACE",LAKSHAY,9267958659,,785665,GOLAGHAT,GOLAGHAT,GOLAGHAT,prepaid,20,,,,,,
54,,,,GOTOGO POST,8076536923,,07AQCPB1094R1ZM,110058,DELHI,DELHI,"COMMUNITY CENTRE , JANAK PLACE",LAKSHAY,9267958659,,785666,GOLAGHAT,GOLAGHAT,GOLAGHAT,prepaid,20,,,,,,
55,,,,GOTOGO POST,8076536923,,07AQCPB1094R1ZM,110058,DELHI,DELHI,"COMMUNITY CENTRE , JANAK PLACE",LAKSHAY,9267958659,,785667,GOLAGHAT,GOLAGHAT,GOLAGHAT,prepaid,20,,,,,,
56,,,,GOTOGO POST,8076536923,,07AQCPB1094R1ZM,110058,DELHI,DELHI,"COMMUNITY CENTRE , JANAK PLACE",LAKSHAY,9267958659,,785668,GOLAGHAT,GOLAGHAT,GOLAGHAT,prepaid,20,,,,,,
57,,,,GOTOGO POST,8076536923,,07AQCPB1094R1ZM,110058,DELHI,DELHI,"COMMUNITY CENTRE , JANAK PLACE",LAKSHAY,9267958659,,785669,GOLAGHAT,GOLAGHAT,GOLAGHAT,prepaid,20,,,,,,
58,,,,GOTOGO POST,8076536923,,07AQCPB1094R1ZM,110058,DELHI,DELHI,"COMMUNITY CENTRE , JANAK PLACE",LAKSHAY,9267958659,,785670,GOLAGHAT,GOLAGHAT,GOLAGHAT,prepaid,20,,,,,,
59,,,,GOTOGO POST,8076536923,,07AQCPB1094R1ZM,110058,DELHI,DELHI,"COMMUNITY CENTRE , JANAK PLACE",LAKSHAY,9267958659,,785671,GOLAGHAT,GOLAGHAT,GOLAGHAT,prepaid,20,,,,,,
60,,,,GOTOGO POST,8076536923,,07AQCPB1094R1ZM,110058,DELHI,DELHI,"COMMUNITY CENTRE , JANAK PLACE",LAKSHAY,9267958659,,785672,GOLAGHAT,GOLAGHAT,GOLAGHAT,prepaid,20,,,,,,
61,,,,GOTOGO POST,8076536923,,07AQCPB1094R1ZM,110058,DELHI,DELHI,"COMMUNITY CENTRE , JANAK PLACE",LAKSHAY,9267958659,,785673,GOLAGHAT,GOLAGHAT,GOLAGHAT,prepaid,20,,,,,,
62,,,,GOTOGO POST,8076536923,,07AQCPB1094R1ZM,110058,DELHI,DELHI,"COMMUNITY CENTRE , JANAK PLACE",LAKSHAY,9267958659,,785674,GOLAGHAT,GOLAGHAT,GOLAGHAT,prepaid,20,,,,,,
63,,,,GOTOGO POST,8076536923,,07AQCPB1094R1ZM,110058,DELHI,DELHI,"COMMUNITY CENTRE , JANAK PLACE",LAKSHAY,9267958659,,785675,GOLAGHAT,GOLAGHAT,GOLAGHAT,prepaid,20,,,,,,
64,,,,GOTOGO POST,8076536923,,07AQCPB1094R1ZM,110058,DELHI,DELHI,"COMMUNITY CENTRE , JANAK PLACE",LAKSHAY,9267958659,,785676,GOLAGHAT,GOLAGHAT,GOLAGHAT,prepaid,20,,,,,,
65,,,,GOTOGO POST,8076536923,,07AQCPB1094R1ZM,110058,DELHI,DELHI,"COMMUNITY CENTRE , JANAK PLACE",LAKSHAY,9267958659,,785677,GOLAGHAT,GOLAGHAT,GOLAGHAT,prepaid,20,,,,,,
66,,,,GOTOGO POST,8076536923,,07AQCPB1094R1ZM,110058,DELHI,DELHI,"COMMUNITY CENTRE , JANAK PLACE",LAKSHAY,9267958659,,785678,GOLAGHAT,GOLAGHAT,GOLAGHAT,prepaid,20,,,,,,
67,,,,GOTOGO POST,8076536923,,07AQCPB1094R1ZM,110058,DELHI,DELHI,"COMMUNITY CENTRE , JANAK PLACE",LAKSHAY,9267958659,,785679,GOLAGHAT,GOLAGHAT,GOLAGHAT,prepaid,20,,,,,,
68,,,,GOTOGO POST,8076536923,,07AQCPB1094R1ZM,110058,DELHI,DELHI,"COMMUNITY CENTRE , JANAK PLACE",LAKSHAY,9267958659,,785680,GOLAGHAT,GOLAGHAT,GOLAGHAT,prepaid,20,,,,,,
69,,,,GOTOGO POST,8076536923,,07AQCPB1094R1ZM,110058,DELHI,DELHI,"COMMUNITY CENTRE , JANAK PLACE",LAKSHAY,9267958659,,785681,GOLAGHAT,GOLAGHAT,GOLAGHAT,prepaid,20,,,,,,
70,,,,GOTOGO POST,8076536923,,07AQCPB1094R1ZM,110058,DELHI,DELHI,"COMMUNITY CENTRE , JANAK PLACE",LAKSHAY,9267958659,,785682,GOLAGHAT,GOLAGHAT,GOLAGHAT,prepaid,20,,,,,,
71,,,,GOTOGO POST,8076536923,,07AQCPB1094R1ZM,110058,DELHI,DELHI,"COMMUNITY CENTRE , JANAK PLACE",LAKSHAY,9267958659,,785683,GOLAGHAT,GOLAGHAT,GOLAGHAT,prepaid,20,,,,,,
72,,,,GOTOGO POST,8076536923,,07AQCPB1094R1ZM,110058,DELHI,DELHI,"COMMUNITY CENTRE , JANAK PLACE",LAKSHAY,9267958659,,785684,GOLAGHAT,GOLAGHAT,GOLAGHAT,prepaid,20,,,,,,
73,,,,GOTOGO POST,8076536923,,07AQCPB1094R1ZM,110058,DELHI,DELHI,"COMMUNITY CENTRE , JANAK PLACE",LAKSHAY,9267958659,,785685,GOLAGHAT,GOLAGHAT,GOLAGHAT,prepaid,20,,,,,,
74,,,,GOTOGO POST,8076536923,,07AQCPB1094R1ZM,110058,DELHI,DELHI,"COMMUNITY CENTRE , JANAK PLACE",LAKSHAY,9267958659,,785686,GOLAGHAT,GOLAGHAT,GOLAGHAT,prepaid,20,,,,,,
75,,,,GOTOGO POST,8076536923,,07AQCPB1094R1ZM,110058,DELHI,DELHI,"COMMUNITY CENTRE , JANAK PLACE",LAKSHAY,9267958659,,785687,GOLAGHAT,GOLAGHAT,GOLAGHAT,prepaid,20,,,,,,
76,,,,GOTOGO POST,8076536923,,07AQCPB1094R1ZM,110058,DELHI,DELHI,"COMMUNITY CENTRE , JANAK PLACE",LAKSHAY,9267958659,,785688,GOLAGHAT,GOLAGHAT,GOLAGHAT,prepaid,20,,,,,,
77,,,,GOTOGO POST,8076536923,,07AQCPB1094R1ZM,110058,DELHI,DELHI,"COMMUNITY CENTRE , JANAK PLACE",LAKSHAY,9267958659,,785689,GOLAGHAT,GOLAGHAT,GOLAGHAT,prepaid,20,,,,,,
78,,,,GOTOGO POST,8076536923,,07AQCPB1094R1ZM,110058,DELHI,DELHI,"COMMUNITY CENTRE , JANAK PLACE",LAKSHAY,9267958659,,785690,GOLAGHAT,GOLAGHAT,GOLAGHAT,prepaid,20,,,,,,
79,,,,GOTOGO POST,8076536923,,07AQCPB1094R1ZM,110058,DELHI,DELHI,"COMMUNITY CENTRE , JANAK PLACE",LAKSHAY,9267958659,,785691,GOLAGHAT,GOLAGHAT,GOLAGHAT,prepaid,20,,,,,,
80,,,,GOTOGO POST,8076536923,,07AQCPB1094R1ZM,110058,DELHI,DELHI,"COMMUNITY CENTRE , JANAK PLACE",LAKSHAY,9267958659,,785692,GOLAGHAT,GOLAGHAT,GOLAGHAT,prepaid,20,,,,,,
81,,,,GOTOGO POST,8076536923,,07AQCPB1094R1ZM,110058,DELHI,DELHI,"COMMUNITY CENTRE , JANAK PLACE",LAKSHAY,9267958659,,785693,GOLAGHAT,GOLAGHAT,GOLAGHAT,prepaid,20,,,,,,
82,,,,GOTOGO POST,8076536923,,07AQCPB1094R1ZM,110058,DELHI,DELHI,"COMMUNITY CENTRE , JANAK PLACE",LAKSHAY,9267958659,,785694,GOLAGHAT,GOLAGHAT,GOLAGHAT,prepaid,20,,,,,,
83,,,,GOTOGO POST,8076536923,,07AQCPB1094R1ZM,110058,DELHI,DELHI,"COMMUNITY CENTRE , JANAK PLACE",LAKSHAY,9267958659,,785695,GOLAGHAT,GOLAGHAT,GOLAGHAT,prepaid,20,,,,,,
84,,,,GOTOGO POST,8076536923,,07AQCPB1094R1ZM,110058,DELHI,DELHI,"COMMUNITY CENTRE , JANAK PLACE",LAKSHAY,9267958659,,785696,GOLAGHAT,GOLAGHAT,GOLAGHAT,prepaid,20,,,,,,
85,,,,GOTOGO POST,8076536923,,07AQCPB1094R1ZM,110058,DELHI,DELHI,"COMMUNITY CENTRE , JANAK PLACE",LAKSHAY,9267958659,,785697,GOLAGHAT,GOLAGHAT,GOLAGHAT,prepaid,20,,,,,,
86,,,,GOTOGO POST,8076536923,,07AQCPB1094R1ZM,110058,DELHI,DELHI,"COMMUNITY CENTRE , JANAK PLACE",LAKSHAY,9267958659,,785698,GOLAGHAT,GOLAGHAT,GOLAGHAT,prepaid,20,,,,,,
87,,,,GOTOGO POST,8076536923,,07AQCPB1094R1ZM,110058,DELHI,DELHI,"COMMUNITY CENTRE , JANAK PLACE",LAKSHAY,9267958659,,785699,GOLAGHAT,GOLAGHAT,GOLAGHAT,prepaid,20,,,,,,
88,,,,GOTOGO POST,8076536923,,07AQCPB1094R1ZM,110058,DELHI,DELHI,"COMMUNITY CENTRE , JANAK PLACE",LAKSHAY,9267958659,,785700,GOLAGHAT,GOLAGHAT,GOLAGHAT,prepaid,20,,,,,,
89,,,,GOTOGO POST,8076536923,,07AQCPB1094R1ZM,110058,DELHI,DELHI,"COMMUNITY CENTRE , JANAK PLACE",LAKSHAY,9267958659,,785701,GOLAGHAT,GOLAGHAT,GOLAGHAT,prepaid,20,,,,,,
90,,,,GOTOGO POST,8076536923,,07AQCPB1094R1ZM,110058,DELHI,DELHI,"COMMUNITY CENTRE , JANAK PLACE",LAKSHAY,9267958659,,785702,GOLAGHAT,GOLAGHAT,GOLAGHAT,prepaid,20,,,,,,
91,,,,GOTOGO POST,8076536923,,07AQCPB1094R1ZM,110058,DELHI,DELHI,"COMMUNITY CENTRE , JANAK PLACE",LAKSHAY,9267958659,,785703,GOLAGHAT,GOLAGHAT,GOLAGHAT,prepaid,20,,,,,,
92,,,,GOTOGO POST,8076536923,,07AQCPB1094R1ZM,110058,DELHI,DELHI,"COMMUNITY CENTRE , JANAK PLACE",LAKSHAY,9267958659,,785704,GOLAGHAT,GOLAGHAT,GOLAGHAT,prepaid,20,,,,,,
93,,,,GOTOGO POST,8076536923,,07AQCPB1094R1ZM,110058,DELHI,DELHI,"COMMUNITY CENTRE , JANAK PLACE",LAKSHAY,9267958659,,785705,GOLAGHAT,GOLAGHAT,GOLAGHAT,prepaid,20,,,,,,
94,,,,GOTOGO POST,8076536923,,07AQCPB1094R1ZM,110058,DELHI,DELHI,"COMMUNITY CENTRE , JANAK PLACE",LAKSHAY,9267958659,,785706,GOLAGHAT,GOLAGHAT,GOLAGHAT,prepaid,20,,,,,,
95,,,,GOTOGO POST,8076536923,,07AQCPB1094R1ZM,110058,DELHI,DELHI,"COMMUNITY CENTRE , JANAK PLACE",LAKSHAY,9267958659,,785707,GOLAGHAT,GOLAGHAT,GOLAGHAT,prepaid,20,,,,,,
96,,,,GOTOGO POST,8076536923,,07AQCPB1094R1ZM,110058,DELHI,DELHI,"COMMUNITY CENTRE , JANAK PLACE",LAKSHAY,9267958659,,785708,GOLAGHAT,GOLAGHAT,GOLAGHAT,prepaid,20,,,,,,
97,,,,GOTOGO POST,8076536923,,07AQCPB1094R1ZM,110058,DELHI,DELHI,"COMMUNITY CENTRE , JANAK PLACE",LAKSHAY,9267958659,,785709,GOLAGHAT,GOLAGHAT,GOLAGHAT,prepaid,20,,,,,,
98,,,,GOTOGO POST,8076536923,,07AQCPB1094R1ZM,110058,DELHI,DELHI,"COMMUNITY CENTRE , JANAK PLACE",LAKSHAY,9267958659,,785710,GOLAGHAT,GOLAGHAT,GOLAGHAT,prepaid,20,,,,,,
99,,,,GOTOGO POST,8076536923,,07AQCPB1094R1ZM,110058,DELHI,DELHI,"COMMUNITY CENTRE , JANAK PLACE",LAKSHAY,9267958659,,785711,GOLAGHAT,GOLAGHAT,GOLAGHAT,prepaid,20,,,,,,
100,,,,GOTOGO POST,8076536923,,07AQCPB1094R1ZM,110058,DELHI,DELHI,"COMMUNITY CENTRE , JANAK PLACE",LAKSHAY,9267958659,,785712,GOLAGHAT,GOLAGHAT,GOLAGHAT,prepaid,20,,,,,,
101,,,,GOTOGO POST,8076536923,,07AQCPB1094R1ZM,110058,DELHI,DELHI,"COMMUNITY CENTRE , JANAK PLACE",LAKSHAY,9267958659,,785713,GOLAGHAT,GOLAGHAT,GOLAGHAT,prepaid,20,,,,,,
102,,,,GOTOGO POST,8076536923,,07AQCPB1094R1ZM,110058,DELHI,DELHI,"COMMUNITY CENTRE , JANAK PLACE",LAKSHAY,9267958659,,785714,GOLAGHAT,GOLAGHAT,GOLAGHAT,prepaid,20,,,,,,
103,,,,GOTOGO POST,8076536923,,07AQCPB1094R1ZM,110058,DELHI,DELHI,"COMMUNITY CENTRE , JANAK PLACE",LAKSHAY,9267958659,,785715,GOLAGHAT,GOLAGHAT,GOLAGHAT,prepaid,20,,,,,,
104,,,,GOTOGO POST,8076536923,,07AQCPB1094R1ZM,110058,DELHI,DELHI,"COMMUNITY CENTRE , JANAK PLACE",LAKSHAY,9267958659,,785716,GOLAGHAT,GOLAGHAT,GOLAGHAT,prepaid,20,,,,,,
105,,,,GOTOGO POST,8076536923,,07AQCPB1094R1ZM,110058,DELHI,DELHI,"COMMUNITY CENTRE , JANAK PLACE",LAKSHAY,9267958659,,785717,GOLAGHAT,GOLAGHAT,GOLAGHAT,prepaid,20,,,,,,
106,,,,GOTOGO POST,8076536923,,07AQCPB1094R1ZM,110058,DELHI,DELHI,"COMMUNITY CENTRE , JANAK PLACE",LAKSHAY,9267958659,,785718,GOLAGHAT,GOLAGHAT,GOLAGHAT,prepaid,20,,,,,,
107,,,,GOTOGO POST,8076536923,,07AQCPB1094R1ZM,110058,DELHI,DELHI,"COMMUNITY CENTRE , JANAK PLACE",LAKSHAY,9267958659,,785719,GOLAGHAT,GOLAGHAT,GOLAGHAT,prepaid,20,,,,,,
108,,,,GOTOGO POST,8076536923,,07AQCPB1094R1ZM,110058,DELHI,DELHI,"COMMUNITY CENTRE , JANAK PLACE",LAKSHAY,9267958659,,785720,GOLAGHAT,GOLAGHAT,GOLAGHAT,prepaid,20,,,,,,
109,,,,GOTOGO POST,8076536923,,07AQCPB1094R1ZM,110058,DELHI,DELHI,"COMMUNITY CENTRE , JANAK PLACE",LAKSHAY,9267958659,,785721,GOLAGHAT,GOLAGHAT,GOLAGHAT,prepaid,20,,,,,,
110,,,,GOTOGO POST,8076536923,,07AQCPB1094R1ZM,110058,DELHI,DELHI,"COMMUNITY CENTRE , JANAK PLACE",LAKSHAY,9267958659,,785722,GOLAGHAT,GOLAGHAT,GOLAGHAT,prepaid,20,,,,,,
111,,,,GOTOGO POST,8076536923,,07AQCPB1094R1ZM,110058,DELHI,DELHI,"COMMUNITY CENTRE , JANAK PLACE",LAKSHAY,9267958659,,785723,GOLAGHAT,GOLAGHAT,GOLAGHAT,prepaid,20,,,,,,
112,,,,GOTOGO POST,8076536923,,07AQCPB1094R1ZM,110058,DELHI,DELHI,"COMMUNITY CENTRE , JANAK PLACE",LAKSHAY,9267958659,,785724,GOLAGHAT,GOLAGHAT,GOLAGHAT,prepaid,20,,,,,,
113,,,,GOTOGO POST,8076536923,,07AQCPB1094R1ZM,110058,DELHI,DELHI,"COMMUNITY CENTRE , JANAK PLACE",LAKSHAY,9267958659,,785725,GOLAGHAT,GOLAGHAT,GOLAGHAT,prepaid,20,,,,,,
114,,,,GOTOGO POST,8076536923,,07AQCPB1094R1ZM,110058,DELHI,DELHI,"COMMUNITY CENTRE , JANAK PLACE",LAKSHAY,9267958659,,785726,GOLAGHAT,GOLAGHAT,GOLAGHAT,prepaid,20,,,,,,
115,,,,GOTOGO POST,8076536923,,07AQCPB1094R1ZM,110058,DELHI,DELHI,"COMMUNITY CENTRE , JANAK PLACE",LAKSHAY,9267958659,,785727,GOLAGHAT,GOLAGHAT,GOLAGHAT,prepaid,20,,,,,,
116,,,,GOTOGO POST,8076536923,,07AQCPB1094R1ZM,110058,DELHI,DELHI,"COMMUNITY CENTRE , JANAK PLACE",LAKSHAY,9267958659,,785728,GOLAGHAT,GOLAGHAT,GOLAGHAT,prepaid,20,,,,,,
117,,,,GOTOGO POST,8076536923,,07AQCPB1094R1ZM,110058,DELHI,DELHI,"COMMUNITY CENTRE , JANAK PLACE",LAKSHAY,9267958659,,785729,GOLAGHAT,GOLAGHAT,GOLAGHAT,prepaid,20,,,,,,
118,,,,GOTOGO POST,8076536923,,07AQCPB1094R1ZM,110058,DELHI,DELHI,"COMMUNITY CENTRE , JANAK PLACE",LAKSHAY,9267958659,,785730,GOLAGHAT,GOLAGHAT,GOLAGHAT,prepaid,20,,,,,,
119,,,,GOTOGO POST,8076536923,,07AQCPB1094R1ZM,110058,DELHI,DELHI,"COMMUNITY CENTRE , JANAK PLACE",LAKSHAY,9267958659,,785731,GOLAGHAT,GOLAGHAT,GOLAGHAT,prepaid,20,,,,,,
120,,,,GOTOGO POST,8076536923,,07AQCPB1094R1ZM,110058,DELHI,DELHI,"COMMUNITY CENTRE , JANAK PLACE",LAKSHAY,9267958659,,785732,GOLAGHAT,GOLAGHAT,GOLAGHAT,prepaid,20,,,,,,
121,,,,GOTOGO POST,8076536923,,07AQCPB1094R1ZM,110058,DELHI,DELHI,"COMMUNITY CENTRE , JANAK PLACE",LAKSHAY,9267958659,,785733,GOLAGHAT,GOLAGHAT,GOLAGHAT,prepaid,20,,,,,,
122,,,,GOTOGO POST,8076536923,,07AQCPB1094R1ZM,110058,DELHI,DELHI,"COMMUNITY CENTRE , JANAK PLACE",LAKSHAY,9267958659,,785734,GOLAGHAT,GOLAGHAT,GOLAGHAT,prepaid,20,,,,,,
123,,,,GOTOGO POST,8076536923,,07AQCPB1094R1ZM,110058,DELHI,DELHI,"COMMUNITY CENTRE , JANAK PLACE",LAKSHAY,9267958659,,785735,GOLAGHAT,GOLAGHAT,GOLAGHAT,prepaid,20,,,,,,
124,,,,GOTOGO POST,8076536923,,07AQCPB1094R1ZM,110058,DELHI,DELHI,"COMMUNITY CENTRE , JANAK PLACE",LAKSHAY,9267958659,,785736,GOLAGHAT,GOLAGHAT,GOLAGHAT,prepaid,20,,,,,,
125,,,,GOTOGO POST,8076536923,,07AQCPB1094R1ZM,110058,DELHI,DELHI,"COMMUNITY CENTRE , JANAK PLACE",LAKSHAY,9267958659,,785737,GOLAGHAT,GOLAGHAT,GOLAGHAT,prepaid,20,,,,,,
126,,,,GOTOGO POST,8076536923,,07AQCPB1094R1ZM,110058,DELHI,DELHI,"COMMUNITY CENTRE , JANAK PLACE",LAKSHAY,9267958659,,785738,GOLAGHAT,GOLAGHAT,GOLAGHAT,prepaid,20,,,,,,
127,,,,GOTOGO POST,8076536923,,07AQCPB1094R1ZM,110058,DELHI,DELHI,"COMMUNITY CENTRE , JANAK PLACE",LAKSHAY,9267958659,,785739,GOLAGHAT,GOLAGHAT,GOLAGHAT,prepaid,20,,,,,,
128,,,,GOTOGO POST,8076536923,,07AQCPB1094R1ZM,110058,DELHI,DELHI,"COMMUNITY CENTRE , JANAK PLACE",LAKSHAY,9267958659,,785740,GOLAGHAT,GOLAGHAT,GOLAGHAT,prepaid,20,,,,,,
129,,,,GOTOGO POST,8076536923,,07AQCPB1094R1ZM,110058,DELHI,DELHI,"COMMUNITY CENTRE , JANAK PLACE",LAKSHAY,9267958659,,785741,GOLAGHAT,GOLAGHAT,GOLAGHAT,prepaid,20,,,,,,
130,,,,GOTOGO POST,8076536923,,07AQCPB1094R1ZM,110058,DELHI,DELHI,"COMMUNITY CENTRE , JANAK PLACE",LAKSHAY,9267958659,,785742,GOLAGHAT,GOLAGHAT,GOLAGHAT,prepaid,20,,,,,,
131,,,,GOTOGO POST,8076536923,,07AQCPB1094R1ZM,110058,DELHI,DELHI,"COMMUNITY CENTRE , JANAK PLACE",LAKSHAY,9267958659,,785743,GOLAGHAT,GOLAGHAT,GOLAGHAT,prepaid,20,,,,,,
132,,,,GOTOGO POST,8076536923,,07AQCPB1094R1ZM,110058,DELHI,DELHI,"COMMUNITY CENTRE , JANAK PLACE",LAKSHAY,9267958659,,785744,GOLAGHAT,GOLAGHAT,GOLAGHAT,prepaid,20,,,,,,
133,,,,GOTOGO POST,8076536923,,07AQCPB1094R1ZM,110058,DELHI,DELHI,"COMMUNITY CENTRE , JANAK PLACE",LAKSHAY,9267958659,,785745,GOLAGHAT,GOLAGHAT,GOLAGHAT,prepaid,20,,,,,,
134,,,,GOTOGO POST,8076536923,,07AQCPB1094R1ZM,110058,DELHI,DELHI,"COMMUNITY CENTRE , JANAK PLACE",LAKSHAY,9267958659,,785746,GOLAGHAT,GOLAGHAT,GOLAGHAT,prepaid,20,,,,,,
135,,,,GOTOGO POST,8076536923,,07AQCPB1094R1ZM,110058,DELHI,DELHI,"COMMUNITY CENTRE , JANAK PLACE",LAKSHAY,9267958659,,785747,GOLAGHAT,GOLAGHAT,GOLAGHAT,prepaid,20,,,,,,
136,,,,GOTOGO POST,8076536923,,07AQCPB1094R1ZM,110058,DELHI,DELHI,"COMMUNITY CENTRE , JANAK PLACE",LAKSHAY,9267958659,,785748,GOLAGHAT,GOLAGHAT,GOLAGHAT,prepaid,20,,,,,,
137,,,,GOTOGO POST,8076536923,,07AQCPB1094R1ZM,110058,DELHI,DELHI,"COMMUNITY CENTRE , JANAK PLACE",LAKSHAY,9267958659,,785749,GOLAGHAT,GOLAGHAT,GOLAGHAT,prepaid,20,,,,,,
138,,,,GOTOGO POST,8076536923,,07AQCPB1094R1ZM,110058,DELHI,DELHI,"COMMUNITY CENTRE , JANAK PLACE",LAKSHAY,9267958659,,785750,GOLAGHAT,GOLAGHAT,GOLAGHAT,prepaid,20,,,,,,
139,,,,GOTOGO POST,8076536923,,07AQCPB1094R1ZM,110058,DELHI,DELHI,"COMMUNITY CENTRE , JANAK PLACE",LAKSHAY,9267958659,,785751,GOLAGHAT,GOLAGHAT,GOLAGHAT,prepaid,20,,,,,,
140,,,,GOTOGO POST,8076536923,,07AQCPB1094R1ZM,110058,DELHI,DELHI,"COMMUNITY CENTRE , JANAK PLACE",LAKSHAY,9267958659,,785752,GOLAGHAT,GOLAGHAT,GOLAGHAT,prepaid,20,,,,,,
141,,,,GOTOGO POST,8076536923,,07AQCPB1094R1ZM,110058,DELHI,DELHI,"COMMUNITY CENTRE , JANAK PLACE",LAKSHAY,9267958659,,785753,GOLAGHAT,GOLAGHAT,GOLAGHAT,prepaid,20,,,,,,
142,,,,GOTOGO POST,8076536923,,07AQCPB1094R1ZM,110058,DELHI,DELHI,"COMMUNITY CENTRE , JANAK PLACE",LAKSHAY,9267958659,,785754,GOLAGHAT,GOLAGHAT,GOLAGHAT,prepaid,20,,,,,,
143,,,,GOTOGO POST,8076536923,,07AQCPB1094R1ZM,110058,DELHI,DELHI,"COMMUNITY CENTRE , JANAK PLACE",LAKSHAY,9267958659,,785755,GOLAGHAT,GOLAGHAT,GOLAGHAT,prepaid,20,,,,,,
144,,,,GOTOGO POST,8076536923,,07AQCPB1094R1ZM,110058,DELHI,DELHI,"COMMUNITY CENTRE , JANAK PLACE",LAKSHAY,9267958659,,785756,GOLAGHAT,GOLAGHAT,GOLAGHAT,prepaid,20,,,,,,
145,,,,GOTOGO POST,8076536923,,07AQCPB1094R1ZM,110058,DELHI,DELHI,"COMMUNITY CENTRE , JANAK PLACE",LAKSHAY,9267958659,,785757,GOLAGHAT,GOLAGHAT,GOLAGHAT,prepaid,20,,,,,,
146,,,,GOTOGO POST,8076536923,,07AQCPB1094R1ZM,110058,DELHI,DELHI,"COMMUNITY CENTRE , JANAK PLACE",LAKSHAY,9267958659,,785758,GOLAGHAT,GOLAGHAT,GOLAGHAT,prepaid,20,,,,,,
147,,,,GOTOGO POST,8076536923,,07AQCPB1094R1ZM,110058,DELHI,DELHI,"COMMUNITY CENTRE , JANAK PLACE",LAKSHAY,9267958659,,785759,GOLAGHAT,GOLAGHAT,GOLAGHAT,prepaid,20,,,,,,
148,,,,GOTOGO POST,8076536923,,07AQCPB1094R1ZM,110058,DELHI,DELHI,"COMMUNITY CENTRE , JANAK PLACE",LAKSHAY,9267958659,,785760,GOLAGHAT,GOLAGHAT,GOLAGHAT,prepaid,20,,,,,,
149,,,,GOTOGO POST,8076536923,,07AQCPB1094R1ZM,110058,DELHI,DELHI,"COMMUNITY CENTRE , JANAK PLACE",LAKSHAY,9267958659,,785761,GOLAGHAT,GOLAGHAT,GOLAGHAT,prepaid,20,,,,,,
150,,,,GOTOGO POST,8076536923,,07AQCPB1094R1ZM,110058,DELHI,DELHI,"COMMUNITY CENTRE , JANAK PLACE",LAKSHAY,9267958659,,785762,GOLAGHAT,GOLAGHAT,GOLAGHAT,prepaid,20,,,,,,
151,,,,GOTOGO POST,8076536923,,07AQCPB1094R1ZM,110058,DELHI,DELHI,"COMMUNITY CENTRE , JANAK PLACE",LAKSHAY,9267958659,,785763,GOLAGHAT,GOLAGHAT,GOLAGHAT,prepaid,20,,,,,,
152,,,,GOTOGO POST,8076536923,,07AQCPB1094R1ZM,110058,DELHI,DELHI,"COMMUNITY CENTRE , JANAK PLACE",LAKSHAY,9267958659,,785764,GOLAGHAT,GOLAGHAT,GOLAGHAT,prepaid,20,,,,,,
153,,,,GOTOGO POST,8076536923,,07AQCPB1094R1ZM,110058,DELHI,DELHI,"COMMUNITY CENTRE , JANAK PLACE",LAKSHAY,9267958659,,785765,GOLAGHAT,GOLAGHAT,GOLAGHAT,prepaid,20,,,,,,
154,,,,GOTOGO POST,8076536923,,07AQCPB1094R1ZM,110058,DELHI,DELHI,"COMMUNITY CENTRE , JANAK PLACE",LAKSHAY,9267958659,,785766,GOLAGHAT,GOLAGHAT,GOLAGHAT,prepaid,20,,,,,,
155,,,,GOTOGO POST,8076536923,,07AQCPB1094R1ZM,110058,DELHI,DELHI,"COMMUNITY CENTRE , JANAK PLACE",LAKSHAY,9267958659,,785767,GOLAGHAT,GOLAGHAT,GOLAGHAT,prepaid,20,,,,,,
156,,,,GOTOGO POST,8076536923,,07AQCPB1094R1ZM,110058,DELHI,DELHI,"COMMUNITY CENTRE , JANAK PLACE",LAKSHAY,9267958659,,785768,GOLAGHAT,GOLAGHAT,GOLAGHAT,prepaid,20,,,,,,
157,,,,GOTOGO POST,8076536923,,07AQCPB1094R1ZM,110058,DELHI,DELHI,"COMMUNITY CENTRE , JANAK PLACE",LAKSHAY,9267958659,,785769,GOLAGHAT,GOLAGHAT,GOLAGHAT,prepaid,20,,,,,,
158,,,,GOTOGO POST,8076536923,,07AQCPB1094R1ZM,110058,DELHI,DELHI,"COMMUNITY CENTRE , JANAK PLACE",LAKSHAY,9267958659,,785770,GOLAGHAT,GOLAGHAT,GOLAGHAT,prepaid,20,,,,,,
159,,,,GOTOGO POST,8076536923,,07AQCPB1094R1ZM,110058,DELHI,DELHI,"COMMUNITY CENTRE , JANAK PLACE",LAKSHAY,9267958659,,785771,GOLAGHAT,GOLAGHAT,GOLAGHAT,prepaid,20,,,,,,
160,,,,GOTOGO POST,8076536923,,07AQCPB1094R1ZM,110058,DELHI,DELHI,"COMMUNITY CENTRE , JANAK PLACE",LAKSHAY,9267958659,,785772,GOLAGHAT,GOLAGHAT,GOLAGHAT,prepaid,20,,,,,,
161,,,,GOTOGO POST,8076536923,,07AQCPB1094R1ZM,110058,DELHI,DELHI,"COMMUNITY CENTRE , JANAK PLACE",LAKSHAY,9267958659,,785773,GOLAGHAT,GOLAGHAT,GOLAGHAT,prepaid,20,,,,,,
162,,,,GOTOGO POST,8076536923,,07AQCPB1094R1ZM,110058,DELHI,DELHI,"COMMUNITY CENTRE , JANAK PLACE",LAKSHAY,9267958659,,785774,GOLAGHAT,GOLAGHAT,GOLAGHAT,prepaid,20,,,,,,
163,,,,GOTOGO POST,8076536923,,07AQCPB1094R1ZM,110058,DELHI,DELHI,"COMMUNITY CENTRE , JANAK PLACE",LAKSHAY,9267958659,,785775,GOLAGHAT,GOLAGHAT,GOLAGHAT,prepaid,20,,,,,,
164,,,,GOTOGO POST,8076536923,,07AQCPB1094R1ZM,110058,DELHI,DELHI,"COMMUNITY CENTRE , JANAK PLACE",LAKSHAY,9267958659,,785776,GOLAGHAT,GOLAGHAT,GOLAGHAT,prepaid,20,,,,,,
165,,,,GOTOGO POST,8076536923,,07AQCPB1094R1ZM,110058,DELHI,DELHI,"COMMUNITY CENTRE , JANAK PLACE",LAKSHAY,9267958659,,785777,GOLAGHAT,GOLAGHAT,GOLAGHAT,prepaid,20,,,,,,
166,,,,GOTOGO POST,8076536923,,07AQCPB1094R1ZM,110058,DELHI,DELHI,"COMMUNITY CENTRE , JANAK PLACE",LAKSHAY,9267958659,,785778,GOLAGHAT,GOLAGHAT,GOLAGHAT,prepaid,20,,,,,,
167,,,,GOTOGO POST,8076536923,,07AQCPB1094R1ZM,110058,DELHI,DELHI,"COMMUNITY CENTRE , JANAK PLACE",LAKSHAY,9267958659,,785779,GOLAGHAT,GOLAGHAT,GOLAGHAT,prepaid,20,,,,,,
168,,,,GOTOGO POST,8076536923,,07AQCPB1094R1ZM,110058,DELHI,DELHI,"COMMUNITY CENTRE , JANAK PLACE",LAKSHAY,9267958659,,785780,GOLAGHAT,GOLAGHAT,GOLAGHAT,prepaid,20,,,,,,
169,,,,GOTOGO POST,8076536923,,07AQCPB1094R1ZM,110058,DELHI,DELHI,"COMMUNITY CENTRE , JANAK PLACE",LAKSHAY,9267958659,,785781,GOLAGHAT,GOLAGHAT,GOLAGHAT,prepaid,20,,,,,,
170,,,,GOTOGO POST,8076536923,,07AQCPB1094R1ZM,110058,DELHI,DELHI,"COMMUNITY CENTRE , JANAK PLACE",LAKSHAY,9267958659,,785782,GOLAGHAT,GOLAGHAT,GOLAGHAT,prepaid,20,,,,,,
171,,,,GOTOGO POST,8076536923,,07AQCPB1094R1ZM,110058,DELHI,DELHI,"COMMUNITY CENTRE , JANAK PLACE",LAKSHAY,9267958659,,785783,GOLAGHAT,GOLAGHAT,GOLAGHAT,prepaid,20,,,,,,
172,,,,GOTOGO POST,8076536923,,07AQCPB1094R1ZM,110058,DELHI,DELHI,"COMMUNITY CENTRE , JANAK PLACE",LAKSHAY,9267958659,,785784,GOLAGHAT,GOLAGHAT,GOLAGHAT,prepaid,20,,,,,,
173,,,,GOTOGO POST,8076536923,,07AQCPB1094R1ZM,110058,DELHI,DELHI,"COMMUNITY CENTRE , JANAK PLACE",LAKSHAY,9267958659,,785785,GOLAGHAT,GOLAGHAT,GOLAGHAT,prepaid,20,,,,,,
174,,,,GOTOGO POST,8076536923,,07AQCPB1094R1ZM,110058,DELHI,DELHI,"COMMUNITY CENTRE , JANAK PLACE",LAKSHAY,9267958659,,785786,GOLAGHAT,GOLAGHAT,GOLAGHAT,prepaid,20,,,,,,
175,,,,GOTOGO POST,8076536923,,07AQCPB1094R1ZM,110058,DELHI,DELHI,"COMMUNITY CENTRE , JANAK PLACE",LAKSHAY,9267958659,,785787,GOLAGHAT,GOLAGHAT,GOLAGHAT,prepaid,20,,,,,,
176,,,,GOTOGO POST,8076536923,,07AQCPB1094R1ZM,110058,DELHI,DELHI,"COMMUNITY CENTRE , JANAK PLACE",LAKSHAY,9267958659,,785788,GOLAGHAT,GOLAGHAT,GOLAGHAT,prepaid,20,,,,,,
177,,,,GOTOGO POST,8076536923,,07AQCPB1094R1ZM,110058,DELHI,DELHI,"COMMUNITY CENTRE , JANAK PLACE",LAKSHAY,9267958659,,785789,GOLAGHAT,GOLAGHAT,GOLAGHAT,prepaid,20,,,,,,
178,,,,GOTOGO POST,8076536923,,07AQCPB1094R1ZM,110058,DELHI,DELHI,"COMMUNITY CENTRE , JANAK PLACE",LAKSHAY,9267958659,,785790,GOLAGHAT,GOLAGHAT,GOLAGHAT,prepaid,20,,,,,,
179,,,,GOTOGO POST,8076536923,,07AQCPB1094R1ZM,110058,DELHI,DELHI,"COMMUNITY CENTRE , JANAK PLACE",LAKSHAY,9267958659,,785791,GOLAGHAT,GOLAGHAT,GOLAGHAT,prepaid,20,,,,,,
180,,,,GOTOGO POST,8076536923,,07AQCPB1094R1ZM,110058,DELHI,DELHI,"COMMUNITY CENTRE , JANAK PLACE",LAKSHAY,9267958659,,785792,GOLAGHAT,GOLAGHAT,GOLAGHAT,prepaid,20,,,,,,
181,,,,GOTOGO POST,8076536923,,07AQCPB1094R1ZM,110058,DELHI,DELHI,"COMMUNITY CENTRE , JANAK PLACE",LAKSHAY,9267958659,,785793,GOLAGHAT,GOLAGHAT,GOLAGHAT,prepaid,20,,,,,,
182,,,,GOTOGO POST,8076536923,,07AQCPB1094R1ZM,110058,DELHI,DELHI,"COMMUNITY CENTRE , JANAK PLACE",LAKSHAY,9267958659,,785794,GOLAGHAT,GOLAGHAT,GOLAGHAT,prepaid,20,,,,,,
183,,,,GOTOGO POST,8076536923,,07AQCPB1094R1ZM,110058,DELHI,DELHI,"COMMUNITY CENTRE , JANAK PLACE",LAKSHAY,9267958659,,785795,GOLAGHAT,GOLAGHAT,GOLAGHAT,prepaid,20,,,,,,
184,,,,GOTOGO POST,8076536923,,07AQCPB1094R1ZM,110058,DELHI,DELHI,"COMMUNITY CENTRE , JANAK PLACE",LAKSHAY,9267958659,,785796,GOLAGHAT,GOLAGHAT,GOLAGHAT,prepaid,20,,,,,,
185,,,,GOTOGO POST,8076536923,,07AQCPB1094R1ZM,110058,DELHI,DELHI,"COMMUNITY CENTRE , JANAK PLACE",LAKSHAY,9267958659,,785797,GOLAGHAT,GOLAGHAT,GOLAGHAT,prepaid,20,,,,,,
186,,,,GOTOGO POST,8076536923,,07AQCPB1094R1ZM,110058,DELHI,DELHI,"COMMUNITY CENTRE , JANAK PLACE",LAKSHAY,9267958659,,785798,GOLAGHAT,GOLAGHAT,GOLAGHAT,prepaid,20,,,,,,
187,,,,GOTOGO POST,8076536923,,07AQCPB1094R1ZM,110058,DELHI,DELHI,"COMMUNITY CENTRE , JANAK PLACE",LAKSHAY,9267958659,,785799,GOLAGHAT,GOLAGHAT,GOLAGHAT,prepaid,20,,,,,,
188,,,,GOTOGO POST,8076536923,,07AQCPB1094R1ZM,110058,DELHI,DELHI,"COMMUNITY CENTRE , JANAK PLACE",LAKSHAY,9267958659,,785800,GOLAGHAT,GOLAGHAT,GOLAGHAT,prepaid,20,,,,,,
189,,,,GOTOGO POST,8076536923,,07AQCPB1094R1ZM,110058,DELHI,DELHI,"COMMUNITY CENTRE , JANAK PLACE",LAKSHAY,9267958659,,785801,GOLAGHAT,GOLAGHAT,GOLAGHAT,prepaid,20,,,,,,
190,,,,GOTOGO POST,8076536923,,07AQCPB1094R1ZM,110058,DELHI,DELHI,"COMMUNITY CENTRE , JANAK PLACE",LAKSHAY,9267958659,,785802,GOLAGHAT,GOLAGHAT,GOLAGHAT,prepaid,20,,,,,,
191,,,,GOTOGO POST,8076536923,,07AQCPB1094R1ZM,110058,DELHI,DELHI,"COMMUNITY CENTRE , JANAK PLACE",LAKSHAY,9267958659,,785803,GOLAGHAT,GOLAGHAT,GOLAGHAT,prepaid,20,,,,,,
192,,,,GOTOGO POST,8076536923,,07AQCPB1094R1ZM,110058,DELHI,DELHI,"COMMUNITY CENTRE , JANAK PLACE",LAKSHAY,9267958659,,785804,GOLAGHAT,GOLAGHAT,GOLAGHAT,prepaid,20,,,,,,
193,,,,GOTOGO POST,8076536923,,07AQCPB1094R1ZM,110058,DELHI,DELHI,"COMMUNITY CENTRE , JANAK PLACE",LAKSHAY,9267958659,,785805,GOLAGHAT,GOLAGHAT,GOLAGHAT,prepaid,20,,,,,,
194,,,,GOTOGO POST,8076536923,,07AQCPB1094R1ZM,110058,DELHI,DELHI,"COMMUNITY CENTRE , JANAK PLACE",LAKSHAY,9267958659,,785806,GOLAGHAT,GOLAGHAT,GOLAGHAT,prepaid,20,,,,,,
195,,,,GOTOGO POST,8076536923,,07AQCPB1094R1ZM,110058,DELHI,DELHI,"COMMUNITY CENTRE , JANAK PLACE",LAKSHAY,9267958659,,785807,GOLAGHAT,GOLAGHAT,GOLAGHAT,prepaid,20,,,,,,
196,,,,GOTOGO POST,8076536923,,07AQCPB1094R1ZM,110058,DELHI,DELHI,"COMMUNITY CENTRE , JANAK PLACE",LAKSHAY,9267958659,,785808,GOLAGHAT,GOLAGHAT,GOLAGHAT,prepaid,20,,,,,,
197,,,,GOTOGO POST,8076536923,,07AQCPB1094R1ZM,110058,DELHI,DELHI,"COMMUNITY CENTRE , JANAK PLACE",LAKSHAY,9267958659,,785809,GOLAGHAT,GOLAGHAT,GOLAGHAT,prepaid,20,,,,,,
198,,,,GOTOGO POST,8076536923,,07AQCPB1094R1ZM,110058,DELHI,DELHI,"COMMUNITY CENTRE , JANAK PLACE",LAKSHAY,9267958659,,785810,GOLAGHAT,GOLAGHAT,GOLAGHAT,prepaid,20,,,,,,
199,,,,GOTOGO POST,8076536923,,07AQCPB1094R1ZM,110058,DELHI,DELHI,"COMMUNITY CENTRE , JANAK PLACE",LAKSHAY,9267958659,,785811,GOLAGHAT,GOLAGHAT,GOLAGHAT,prepaid,20,,,,,,
200,,,,GOTOGO POST,8076536923,,07AQCPB1094R1ZM,110058,DELHI,DELHI,"COMMUNITY CENTRE , JANAK PLACE",LAKSHAY,9267958659,,785812,GOLAGHAT,GOLAGHAT,GOLAGHAT,prepaid,20,,,,,,
201,,,,GOTOGO POST,8076536923,,07AQCPB1094R1ZM,110058,DELHI,DELHI,"COMMUNITY CENTRE , JANAK PLACE",LAKSHAY,9267958659,,785813,GOLAGHAT,GOLAGHAT,GOLAGHAT,prepaid,20,,,,,,
202,,,,GOTOGO POST,8076536923,,07AQCPB1094R1ZM,110058,DELHI,DELHI,"COMMUNITY CENTRE , JANAK PLACE",LAKSHAY,9267958659,,785814,GOLAGHAT,GOLAGHAT,GOLAGHAT,prepaid,20,,,,,,
203,,,,GOTOGO POST,8076536923,,07AQCPB1094R1ZM,110058,DELHI,DELHI,"COMMUNITY CENTRE , JANAK PLACE",LAKSHAY,9267958659,,785815,GOLAGHAT,GOLAGHAT,GOLAGHAT,prepaid,20,,,,,,
204,,,,GOTOGO POST,8076536923,,07AQCPB1094R1ZM,110058,DELHI,DELHI,"COMMUNITY CENTRE , JANAK PLACE",LAKSHAY,9267958659,,785816,GOLAGHAT,GOLAGHAT,GOLAGHAT,prepaid,20,,,,,,
205,,,,GOTOGO POST,8076536923,,07AQCPB1094R1ZM,110058,DELHI,DELHI,"COMMUNITY CENTRE , JANAK PLACE",LAKSHAY,9267958659,,785817,GOLAGHAT,GOLAGHAT,GOLAGHAT,prepaid,20,,,,,,
206,,,,GOTOGO POST,8076536923,,07AQCPB1094R1ZM,110058,DELHI,DELHI,"COMMUNITY CENTRE , JANAK PLACE",LAKSHAY,9267958659,,785818,GOLAGHAT,GOLAGHAT,GOLAGHAT,prepaid,20,,,,,,
207,,,,GOTOGO POST,8076536923,,07AQCPB1094R1ZM,110058,DELHI,DELHI,"COMMUNITY CENTRE , JANAK PLACE",LAKSHAY,9267958659,,785819,GOLAGHAT,GOLAGHAT,GOLAGHAT,prepaid,20,,,,,,
208,,,,GOTOGO POST,8076536923,,07AQCPB1094R1ZM,110058,DELHI,DELHI,"COMMUNITY CENTRE , JANAK PLACE",LAKSHAY,9267958659,,785820,GOLAGHAT,GOLAGHAT,GOLAGHAT,prepaid,20,,,,,,
209,,,,GOTOGO POST,8076536923,,07AQCPB1094R1ZM,110058,DELHI,DELHI,"COMMUNITY CENTRE , JANAK PLACE",LAKSHAY,9267958659,,785821,GOLAGHAT,GOLAGHAT,GOLAGHAT,prepaid,20,,,,,,
210,,,,GOTOGO POST,8076536923,,07AQCPB1094R1ZM,110058,DELHI,DELHI,"COMMUNITY CENTRE , JANAK PLACE",LAKSHAY,9267958659,,785822,GOLAGHAT,GOLAGHAT,GOLAGHAT,prepaid,20,,,,,,
211,,,,GOTOGO POST,8076536923,,07AQCPB1094R1ZM,110058,DELHI,DELHI,"COMMUNITY CENTRE , JANAK PLACE",LAKSHAY,9267958659,,785823,GOLAGHAT,GOLAGHAT,GOLAGHAT,prepaid,20,,,,,,
212,,,,GOTOGO POST,8076536923,,07AQCPB1094R1ZM,110058,DELHI,DELHI,"COMMUNITY CENTRE , JANAK PLACE",LAKSHAY,9267958659,,785824,GOLAGHAT,GOLAGHAT,GOLAGHAT,prepaid,20,,,,,,
213,,,,GOTOGO POST,8076536923,,07AQCPB1094R1ZM,110058,DELHI,DELHI,"COMMUNITY CENTRE , JANAK PLACE",LAKSHAY,9267958659,,785825,GOLAGHAT,GOLAGHAT,GOLAGHAT,prepaid,20,,,,,,
214,,,,GOTOGO POST,8076536923,,07AQCPB1094R1ZM,110058,DELHI,DELHI,"COMMUNITY CENTRE , JANAK PLACE",LAKSHAY,9267958659,,785826,GOLAGHAT,GOLAGHAT,GOLAGHAT,prepaid,20,,,,,,
215,,,,GOTOGO POST,8076536923,,07AQCPB1094R1ZM,110058,DELHI,DELHI,"COMMUNITY CENTRE , JANAK PLACE",LAKSHAY,9267958659,,785827,GOLAGHAT,GOLAGHAT,GOLAGHAT,prepaid,20,,,,,,
216,,,,GOTOGO POST,8076536923,,07AQCPB1094R1ZM,110058,DELHI,DELHI,"COMMUNITY CENTRE , JANAK PLACE",LAKSHAY,9267958659,,785828,GOLAGHAT,GOLAGHAT,GOLAGHAT,prepaid,20,,,,,,
217,,,,GOTOGO POST,8076536923,,07AQCPB1094R1ZM,110058,DELHI,DELHI,"COMMUNITY CENTRE , JANAK PLACE",LAKSHAY,9267958659,,785829,GOLAGHAT,GOLAGHAT,GOLAGHAT,prepaid,20,,,,,,
218,,,,GOTOGO POST,8076536923,,07AQCPB1094R1ZM,110058,DELHI,DELHI,"COMMUNITY CENTRE , JANAK PLACE",LAKSHAY,9267958659,,785830,GOLAGHAT,GOLAGHAT,GOLAGHAT,prepaid,20,,,,,,
219,,,,GOTOGO POST,8076536923,,07AQCPB1094R1ZM,110058,DELHI,DELHI,"COMMUNITY CENTRE , JANAK PLACE",LAKSHAY,9267958659,,785831,GOLAGHAT,GOLAGHAT,GOLAGHAT,prepaid,20,,,,,,
220,,,,GOTOGO POST,8076536923,,07AQCPB1094R1ZM,110058,DELHI,DELHI,"COMMUNITY CENTRE , JANAK PLACE",LAKSHAY,9267958659,,785832,GOLAGHAT,GOLAGHAT,GOLAGHAT,prepaid,20,,,,,,
221,,,,GOTOGO POST,8076536923,,07AQCPB1094R1ZM,110058,DELHI,DELHI,"COMMUNITY CENTRE , JANAK PLACE",LAKSHAY,9267958659,,785833,GOLAGHAT,GOLAGHAT,GOLAGHAT,prepaid,20,,,,,,
222,,,,GOTOGO POST,8076536923,,07AQCPB1094R1ZM,110058,DELHI,DELHI,"COMMUNITY CENTRE , JANAK PLACE",LAKSHAY,9267958659,,785834,GOLAGHAT,GOLAGHAT,GOLAGHAT,prepaid,20,,,,,,
223,,,,GOTOGO POST,8076536923,,07AQCPB1094R1ZM,110058,DELHI,DELHI,"COMMUNITY CENTRE , JANAK PLACE",LAKSHAY,9267958659,,785835,GOLAGHAT,GOLAGHAT,GOLAGHAT,prepaid,20,,,,,,
224,,,,GOTOGO POST,8076536923,,07AQCPB1094R1ZM,110058,DELHI,DELHI,"COMMUNITY CENTRE , JANAK PLACE",LAKSHAY,9267958659,,785836,GOLAGHAT,GOLAGHAT,GOLAGHAT,prepaid,20,,,,,,
225,,,,GOTOGO POST,8076536923,,07AQCPB1094R1ZM,110058,DELHI,DELHI,"COMMUNITY CENTRE , JANAK PLACE",LAKSHAY,9267958659,,785837,GOLAGHAT,GOLAGHAT,GOLAGHAT,prepaid,20,,,,,,
226,,,,GOTOGO POST,8076536923,,07AQCPB1094R1ZM,110058,DELHI,DELHI,"COMMUNITY CENTRE , JANAK PLACE",LAKSHAY,9267958659,,785838,GOLAGHAT,GOLAGHAT,GOLAGHAT,prepaid,20,,,,,,
227,,,,GOTOGO POST,8076536923,,07AQCPB1094R1ZM,110058,DELHI,DELHI,"COMMUNITY CENTRE , JANAK PLACE",LAKSHAY,9267958659,,785839,GOLAGHAT,GOLAGHAT,GOLAGHAT,prepaid,20,,,,,,
228,,,,GOTOGO POST,8076536923,,07AQCPB1094R1ZM,110058,DELHI,DELHI,"COMMUNITY CENTRE , JANAK PLACE",LAKSHAY,9267958659,,785840,GOLAGHAT,GOLAGHAT,GOLAGHAT,prepaid,20,,,,,,
229,,,,GOTOGO POST,8076536923,,07AQCPB1094R1ZM,110058,DELHI,DELHI,"COMMUNITY CENTRE , JANAK PLACE",LAKSHAY,9267958659,,785841,GOLAGHAT,GOLAGHAT,GOLAGHAT,prepaid,20,,,,,,
230,,,,GOTOGO POST,8076536923,,07AQCPB1094R1ZM,110058,DELHI,DELHI,"COMMUNITY CENTRE , JANAK PLACE",LAKSHAY,9267958659,,785842,GOLAGHAT,GOLAGHAT,GOLAGHAT,prepaid,20,,,,,,
231,,,,GOTOGO POST,8076536923,,07AQCPB1094R1ZM,110058,DELHI,DELHI,"COMMUNITY CENTRE , JANAK PLACE",LAKSHAY,9267958659,,785843,GOLAGHAT,GOLAGHAT,GOLAGHAT,prepaid,20,,,,,,
232,,,,GOTOGO POST,8076536923,,07AQCPB1094R1ZM,110058,DELHI,DELHI,"COMMUNITY CENTRE , JANAK PLACE",LAKSHAY,9267958659,,785844,GOLAGHAT,GOLAGHAT,GOLAGHAT,prepaid,20,,,,,,
233,,,,GOTOGO POST,8076536923,,07AQCPB1094R1ZM,110058,DELHI,DELHI,"COMMUNITY CENTRE , JANAK PLACE",LAKSHAY,9267958659,,785845,GOLAGHAT,GOLAGHAT,GOLAGHAT,prepaid,20,,,,,,
234,,,,GOTOGO POST,8076536923,,07AQCPB1094R1ZM,110058,DELHI,DELHI,"COMMUNITY CENTRE , JANAK PLACE",LAKSHAY,9267958659,,785846,GOLAGHAT,GOLAGHAT,GOLAGHAT,prepaid,20,,,,,,
235,,,,GOTOGO POST,8076536923,,07AQCPB1094R1ZM,110058,DELHI,DELHI,"COMMUNITY CENTRE , JANAK PLACE",LAKSHAY,9267958659,,785847,GOLAGHAT,GOLAGHAT,GOLAGHAT,prepaid,20,,,,,,
236,,,,GOTOGO POST,8076536923,,07AQCPB1094R1ZM,110058,DELHI,DELHI,"COMMUNITY CENTRE , JANAK PLACE",LAKSHAY,9267958659,,785848,GOLAGHAT,GOLAGHAT,GOLAGHAT,prepaid,20,,,,,,
237,,,,GOTOGO POST,8076536923,,07AQCPB1094R1ZM,110058,DELHI,DELHI,"COMMUNITY CENTRE , JANAK PLACE",LAKSHAY,9267958659,,785849,GOLAGHAT,GOLAGHAT,GOLAGHAT,prepaid,20,,,,,,
238,,,,GOTOGO POST,8076536923,,07AQCPB1094R1ZM,110058,DELHI,DELHI,"COMMUNITY CENTRE , JANAK PLACE",LAKSHAY,9267958659,,785850,GOLAGHAT,GOLAGHAT,GOLAGHAT,prepaid,20,,,,,,
239,,,,GOTOGO POST,8076536923,,07AQCPB1094R1ZM,110058,DELHI,DELHI,"COMMUNITY CENTRE , JANAK PLACE",LAKSHAY,9267958659,,785851,GOLAGHAT,GOLAGHAT,GOLAGHAT,prepaid,20,,,,,,
240,,,,GOTOGO POST,8076536923,,07AQCPB1094R1ZM,110058,DELHI,DELHI,"COMMUNITY CENTRE , JANAK PLACE",LAKSHAY,9267958659,,785852,GOLAGHAT,GOLAGHAT,GOLAGHAT,prepaid,20,,,,,,
241,,,,GOTOGO POST,8076536923,,07AQCPB1094R1ZM,110058,DELHI,DELHI,"COMMUNITY CENTRE , JANAK PLACE",LAKSHAY,9267958659,,785853,GOLAGHAT,GOLAGHAT,GOLAGHAT,prepaid,20,,,,,,
242,,,,GOTOGO POST,8076536923,,07AQCPB1094R1ZM,110058,DELHI,DELHI,"COMMUNITY CENTRE , JANAK PLACE",LAKSHAY,9267958659,,785854,GOLAGHAT,GOLAGHAT,GOLAGHAT,prepaid,20,,,,,,
243,,,,GOTOGO POST,8076536923,,07AQCPB1094R1ZM,110058,DELHI,DELHI,"COMMUNITY CENTRE , JANAK PLACE",LAKSHAY,9267958659,,785855,GOLAGHAT,GOLAGHAT,GOLAGHAT,prepaid,20,,,,,,
244,,,,GOTOGO POST,8076536923,,07AQCPB1094R1ZM,110058,DELHI,DELHI,"COMMUNITY CENTRE , JANAK PLACE",LAKSHAY,9267958659,,785856,GOLAGHAT,GOLAGHAT,GOLAGHAT,prepaid,20,,,,,,
245,,,,GOTOGO POST,8076536923,,07AQCPB1094R1ZM,110058,DELHI,DELHI,"COMMUNITY CENTRE , JANAK PLACE",LAKSHAY,9267958659,,785857,GOLAGHAT,GOLAGHAT,GOLAGHAT,prepaid,20,,,,,,
246,,,,GOTOGO POST,8076536923,,07AQCPB1094R1ZM,110058,DELHI,DELHI,"COMMUNITY CENTRE , JANAK PLACE",LAKSHAY,9267958659,,785858,GOLAGHAT,GOLAGHAT,GOLAGHAT,prepaid,20,,,,,,
247,,,,GOTOGO POST,8076536923,,07AQCPB1094R1ZM,110058,DELHI,DELHI,"COMMUNITY CENTRE , JANAK PLACE",LAKSHAY,9267958659,,785859,GOLAGHAT,GOLAGHAT,GOLAGHAT,prepaid,20,,,,,,
248,,,,GOTOGO POST,8076536923,,07AQCPB1094R1ZM,110058,DELHI,DELHI,"COMMUNITY CENTRE , JANAK PLACE",LAKSHAY,9267958659,,785860,GOLAGHAT,GOLAGHAT,GOLAGHAT,prepaid,20,,,,,,
249,,,,GOTOGO POST,8076536923,,07AQCPB1094R1ZM,110058,DELHI,DELHI,"COMMUNITY CENTRE , JANAK PLACE",LAKSHAY,9267958659,,785861,GOLAGHAT,GOLAGHAT,GOLAGHAT,prepaid,20,,,,,,
250,,,,GOTOGO POST,8076536923,,07AQCPB1094R1ZM,110058,DELHI,DELHI,"COMMUNITY CENTRE , JANAK PLACE",LAKSHAY,9267958659,,785862,GOLAGHAT,GOLAGHAT,GOLAGHAT,prepaid,20,,,,,,
251,,,,GOTOGO POST,8076536923,,07AQCPB1094R1ZM,110058,DELHI,DELHI,"COMMUNITY CENTRE , JANAK PLACE",LAKSHAY,9267958659,,785863,GOLAGHAT,GOLAGHAT,GOLAGHAT,prepaid,20,,,,,,
252,,,,GOTOGO POST,8076536923,,07AQCPB1094R1ZM,110058,DELHI,DELHI,"COMMUNITY CENTRE , JANAK PLACE",LAKSHAY,9267958659,,785864,GOLAGHAT,GOLAGHAT,GOLAGHAT,prepaid,20,,,,,,
253,,,,GOTOGO POST,8076536923,,07AQCPB1094R1ZM,110058,DELHI,DELHI,"COMMUNITY CENTRE , JANAK PLACE",LAKSHAY,9267958659,,785865,GOLAGHAT,GOLAGHAT,GOLAGHAT,prepaid,20,,,,,,
254,,,,GOTOGO POST,8076536923,,07AQCPB1094R1ZM,110058,DELHI,DELHI,"COMMUNITY CENTRE , JANAK PLACE",LAKSHAY,9267958659,,785866,GOLAGHAT,GOLAGHAT,GOLAGHAT,prepaid,20,,,,,,
255,,,,GOTOGO POST,8076536923,,07AQCPB1094R1ZM,110058,DELHI,DELHI,"COMMUNITY CENTRE , JANAK PLACE",LAKSHAY,9267958659,,785867,GOLAGHAT,GOLAGHAT,GOLAGHAT,prepaid,20,,,,,,
256,,,,GOTOGO POST,8076536923,,07AQCPB1094R1ZM,110058,DELHI,DELHI,"COMMUNITY CENTRE , JANAK PLACE",LAKSHAY,9267958659,,785868,GOLAGHAT,GOLAGHAT,GOLAGHAT,prepaid,20,,,,,,
257,,,,GOTOGO POST,8076536923,,07AQCPB1094R1ZM,110058,DELHI,DELHI,"COMMUNITY CENTRE , JANAK PLACE",LAKSHAY,9267958659,,785869,GOLAGHAT,GOLAGHAT,GOLAGHAT,prepaid,20,,,,,,
258,,,,GOTOGO POST,8076536923,,07AQCPB1094R1ZM,110058,DELHI,DELHI,"COMMUNITY CENTRE , JANAK PLACE",LAKSHAY,9267958659,,785870,GOLAGHAT,GOLAGHAT,GOLAGHAT,prepaid,20,,,,,,
259,,,,GOTOGO POST,8076536923,,07AQCPB1094R1ZM,110058,DELHI,DELHI,"COMMUNITY CENTRE , JANAK PLACE",LAKSHAY,9267958659,,785871,GOLAGHAT,GOLAGHAT,GOLAGHAT,prepaid,20,,,,,,
260,,,,GOTOGO POST,8076536923,,07AQCPB1094R1ZM,110058,DELHI,DELHI,"COMMUNITY CENTRE , JANAK PLACE",LAKSHAY,9267958659,,785872,GOLAGHAT,GOLAGHAT,GOLAGHAT,prepaid,20,,,,,,
261,,,,GOTOGO POST,8076536923,,07AQCPB1094R1ZM,110058,DELHI,DELHI,"COMMUNITY CENTRE , JANAK PLACE",LAKSHAY,9267958659,,785873,GOLAGHAT,GOLAGHAT,GOLAGHAT,prepaid,20,,,,,,
262,,,,GOTOGO POST,8076536923,,07AQCPB1094R1ZM,110058,DELHI,DELHI,"COMMUNITY CENTRE , JANAK PLACE",LAKSHAY,9267958659,,785874,GOLAGHAT,GOLAGHAT,GOLAGHAT,prepaid,20,,,,,,
263,,,,GOTOGO POST,8076536923,,07AQCPB1094R1ZM,110058,DELHI,DELHI,"COMMUNITY CENTRE , JANAK PLACE",LAKSHAY,9267958659,,785875,GOLAGHAT,GOLAGHAT,GOLAGHAT,prepaid,20,,,,,,
264,,,,GOTOGO POST,8076536923,,07AQCPB1094R1ZM,110058,DELHI,DELHI,"COMMUNITY CENTRE , JANAK PLACE",LAKSHAY,9267958659,,785876,GOLAGHAT,GOLAGHAT,GOLAGHAT,prepaid,20,,,,,,
265,,,,GOTOGO POST,8076536923,,07AQCPB1094R1ZM,110058,DELHI,DELHI,"COMMUNITY CENTRE , JANAK PLACE",LAKSHAY,9267958659,,785877,GOLAGHAT,GOLAGHAT,GOLAGHAT,prepaid,20,,,,,,
266,,,,GOTOGO POST,8076536923,,07AQCPB1094R1ZM,110058,DELHI,DELHI,"COMMUNITY CENTRE , JANAK PLACE",LAKSHAY,9267958659,,785878,GOLAGHAT,GOLAGHAT,GOLAGHAT,prepaid,20,,,,,,
267,,,,GOTOGO POST,8076536923,,07AQCPB1094R1ZM,110058,DELHI,DELHI,"COMMUNITY CENTRE , JANAK PLACE",LAKSHAY,9267958659,,785879,GOLAGHAT,GOLAGHAT,GOLAGHAT,prepaid,20,,,,,,
268,,,,GOTOGO POST,8076536923,,07AQCPB1094R1ZM,110058,DELHI,DELHI,"COMMUNITY CENTRE , JANAK PLACE",LAKSHAY,9267958659,,785880,GOLAGHAT,GOLAGHAT,GOLAGHAT,prepaid,20,,,,,,
269,,,,GOTOGO POST,8076536923,,07AQCPB1094R1ZM,110058,DELHI,DELHI,"COMMUNITY CENTRE , JANAK PLACE",LAKSHAY,9267958659,,785881,GOLAGHAT,GOLAGHAT,GOLAGHAT,prepaid,20,,,,,,
270,,,,GOTOGO POST,8076536923,,07AQCPB1094R1ZM,110058,DELHI,DELHI,"COMMUNITY CENTRE , JANAK PLACE",LAKSHAY,9267958659,,785882,GOLAGHAT,GOLAGHAT,GOLAGHAT,prepaid,20,,,,,,
271,,,,GOTOGO POST,8076536923,,07AQCPB1094R1ZM,110058,DELHI,DELHI,"COMMUNITY CENTRE , JANAK PLACE",LAKSHAY,9267958659,,785883,GOLAGHAT,GOLAGHAT,GOLAGHAT,prepaid,20,,,,,,
272,,,,GOTOGO POST,8076536923,,07AQCPB1094R1ZM,110058,DELHI,DELHI,"COMMUNITY CENTRE , JANAK PLACE",LAKSHAY,9267958659,,785884,GOLAGHAT,GOLAGHAT,GOLAGHAT,prepaid,20,,,,,,
273,,,,GOTOGO POST,8076536923,,07AQCPB1094R1ZM,110058,DELHI,DELHI,"COMMUNITY CENTRE , JANAK PLACE",LAKSHAY,9267958659,,785885,GOLAGHAT,GOLAGHAT,GOLAGHAT,prepaid,20,,,,,,
274,,,,GOTOGO POST,8076536923,,07AQCPB1094R1ZM,110058,DELHI,DELHI,"COMMUNITY CENTRE , JANAK PLACE",LAKSHAY,9267958659,,785886,GOLAGHAT,GOLAGHAT,GOLAGHAT,prepaid,20,,,,,,
275,,,,GOTOGO POST,8076536923,,07AQCPB1094R1ZM,110058,DELHI,DELHI,"COMMUNITY CENTRE , JANAK PLACE",LAKSHAY,9267958659,,785887,GOLAGHAT,GOLAGHAT,GOLAGHAT,prepaid,20,,,,,,
276,,,,GOTOGO POST,8076536923,,07AQCPB1094R1ZM,110058,DELHI,DELHI,"COMMUNITY CENTRE , JANAK PLACE",LAKSHAY,9267958659,,785888,GOLAGHAT,GOLAGHAT,GOLAGHAT,prepaid,20,,,,,,
277,,,,GOTOGO POST,8076536923,,07AQCPB1094R1ZM,110058,DELHI,DELHI,"COMMUNITY CENTRE , JANAK PLACE",LAKSHAY,9267958659,,785889,GOLAGHAT,GOLAGHAT,GOLAGHAT,prepaid,20,,,,,,
278,,,,GOTOGO POST,8076536923,,07AQCPB1094R1ZM,110058,DELHI,DELHI,"COMMUNITY CENTRE , JANAK PLACE",LAKSHAY,9267958659,,785890,GOLAGHAT,GOLAGHAT,GOLAGHAT,prepaid,20,,,,,,
279,,,,GOTOGO POST,8076536923,,07AQCPB1094R1ZM,110058,DELHI,DELHI,"COMMUNITY CENTRE , JANAK PLACE",LAKSHAY,9267958659,,785891,GOLAGHAT,GOLAGHAT,GOLAGHAT,prepaid,20,,,,,,
280,,,,GOTOGO POST,8076536923,,07AQCPB1094R1ZM,110058,DELHI,DELHI,"COMMUNITY CENTRE , JANAK PLACE",LAKSHAY,9267958659,,785892,GOLAGHAT,GOLAGHAT,GOLAGHAT,prepaid,20,,,,,,
281,,,,GOTOGO POST,8076536923,,07AQCPB1094R1ZM,110058,DELHI,DELHI,"COMMUNITY CENTRE , JANAK PLACE",LAKSHAY,9267958659,,785893,GOLAGHAT,GOLAGHAT,GOLAGHAT,prepaid,20,,,,,,
282,,,,GOTOGO POST,8076536923,,07AQCPB1094R1ZM,110058,DELHI,DELHI,"COMMUNITY CENTRE , JANAK PLACE",LAKSHAY,9267958659,,785894,GOLAGHAT,GOLAGHAT,GOLAGHAT,prepaid,20,,,,,,
283,,,,GOTOGO POST,8076536923,,07AQCPB1094R1ZM,110058,DELHI,DELHI,"COMMUNITY CENTRE , JANAK PLACE",LAKSHAY,9267958659,,785895,GOLAGHAT,GOLAGHAT,GOLAGHAT,prepaid,20,,,,,,
284,,,,GOTOGO POST,8076536923,,07AQCPB1094R1ZM,110058,DELHI,DELHI,"COMMUNITY CENTRE , JANAK PLACE",LAKSHAY,9267958659,,785896,GOLAGHAT,GOLAGHAT,GOLAGHAT,prepaid,20,,,,,,
285,,,,GOTOGO POST,8076536923,,07AQCPB1094R1ZM,110058,DELHI,DELHI,"COMMUNITY CENTRE , JANAK PLACE",LAKSHAY,9267958659,,785897,GOLAGHAT,GOLAGHAT,GOLAGHAT,prepaid,20,,,,,,
286,,,,GOTOGO POST,8076536923,,07AQCPB1094R1ZM,110058,DELHI,DELHI,"COMMUNITY CENTRE , JANAK PLACE",LAKSHAY,9267958659,,785898,GOLAGHAT,GOLAGHAT,GOLAGHAT,prepaid,20,,,,,,
287,,,,GOTOGO POST,8076536923,,07AQCPB1094R1ZM,110058,DELHI,DELHI,"COMMUNITY CENTRE , JANAK PLACE",LAKSHAY,9267958659,,785899,GOLAGHAT,GOLAGHAT,GOLAGHAT,prepaid,20,,,,,,
288,,,,GOTOGO POST,8076536923,,07AQCPB1094R1ZM,110058,DELHI,DELHI,"COMMUNITY CENTRE , JANAK PLACE",LAKSHAY,9267958659,,785900,GOLAGHAT,GOLAGHAT,GOLAGHAT,prepaid,20,,,,,,
289,,,,GOTOGO POST,8076536923,,07AQCPB1094R1ZM,110058,DELHI,DELHI,"COMMUNITY CENTRE , JANAK PLACE",LAKSHAY,9267958659,,785901,GOLAGHAT,GOLAGHAT,GOLAGHAT,prepaid,20,,,,,,
290,,,,GOTOGO POST,8076536923,,07AQCPB1094R1ZM,110058,DELHI,DELHI,"COMMUNITY CENTRE , JANAK PLACE",LAKSHAY,9267958659,,785902,GOLAGHAT,GOLAGHAT,GOLAGHAT,prepaid,20,,,,,,
291,,,,GOTOGO POST,8076536923,,07AQCPB1094R1ZM,110058,DELHI,DELHI,"COMMUNITY CENTRE , JANAK PLACE",LAKSHAY,9267958659,,785903,GOLAGHAT,GOLAGHAT,GOLAGHAT,prepaid,20,,,,,,
292,,,,GOTOGO POST,8076536923,,07AQCPB1094R1ZM,110058,DELHI,DELHI,"COMMUNITY CENTRE , JANAK PLACE",LAKSHAY,9267958659,,785904,GOLAGHAT,GOLAGHAT,GOLAGHAT,prepaid,20,,,,,,
293,,,,GOTOGO POST,8076536923,,07AQCPB1094R1ZM,110058,DELHI,DELHI,"COMMUNITY CENTRE , JANAK PLACE",LAKSHAY,9267958659,,785905,GOLAGHAT,GOLAGHAT,GOLAGHAT,prepaid,20,,,,,,
294,,,,GOTOGO POST,8076536923,,07AQCPB1094R1ZM,110058,DELHI,DELHI,"COMMUNITY CENTRE , JANAK PLACE",LAKSHAY,9267958659,,785906,GOLAGHAT,GOLAGHAT,GOLAGHAT,prepaid,20,,,,,,
295,,,,GOTOGO POST,8076536923,,07AQCPB1094R1ZM,110058,DELHI,DELHI,"COMMUNITY CENTRE , JANAK PLACE",LAKSHAY,9267958659,,785907,GOLAGHAT,GOLAGHAT,GOLAGHAT,prepaid,20,,,,,,
296,,,,GOTOGO POST,8076536923,,07AQCPB1094R1ZM,110058,DELHI,DELHI,"COMMUNITY CENTRE , JANAK PLACE",LAKSHAY,9267958659,,785908,GOLAGHAT,GOLAGHAT,GOLAGHAT,prepaid,20,,,,,,
297,,,,GOTOGO POST,8076536923,,07AQCPB1094R1ZM,110058,DELHI,DELHI,"COMMUNITY CENTRE , JANAK PLACE",LAKSHAY,9267958659,,785909,GOLAGHAT,GOLAGHAT,GOLAGHAT,prepaid,20,,,,,,
298,,,,GOTOGO POST,8076536923,,07AQCPB1094R1ZM,110058,DELHI,DELHI,"COMMUNITY CENTRE , JANAK PLACE",LAKSHAY,9267958659,,785910,GOLAGHAT,GOLAGHAT,GOLAGHAT,prepaid,20,,,,,,
299,,,,GOTOGO POST,8076536923,,07AQCPB1094R1ZM,110058,DELHI,DELHI,"COMMUNITY CENTRE , JANAK PLACE",LAKSHAY,9267958659,,785911,GOLAGHAT,GOLAGHAT,GOLAGHAT,prepaid,20,,,,,,
300,,,,GOTOGO POST,8076536923,,07AQCPB1094R1ZM,110058,DELHI,DELHI,"COMMUNITY CENTRE , JANAK PLACE",LAKSHAY,9267958659,,785912,GOLAGHAT,GOLAGHAT,GOLAGHAT,prepaid,20,,,,,,
301,,,,GOTOGO POST,8076536923,,07AQCPB1094R1ZM,110058,DELHI,DELHI,"COMMUNITY CENTRE , JANAK PLACE",LAKSHAY,9267958659,,785913,GOLAGHAT,GOLAGHAT,GOLAGHAT,prepaid,20,,,,,,
302,,,,GOTOGO POST,8076536923,,07AQCPB1094R1ZM,110058,DELHI,DELHI,"COMMUNITY CENTRE , JANAK PLACE",LAKSHAY,9267958659,,785914,GOLAGHAT,GOLAGHAT,GOLAGHAT,prepaid,20,,,,,,
303,,,,GOTOGO POST,8076536923,,07AQCPB1094R1ZM,110058,DELHI,DELHI,"COMMUNITY CENTRE , JANAK PLACE",LAKSHAY,9267958659,,785915,GOLAGHAT,GOLAGHAT,GOLAGHAT,prepaid,20,,,,,,
304,,,,GOTOGO POST,8076536923,,07AQCPB1094R1ZM,110058,DELHI,DELHI,"COMMUNITY CENTRE , JANAK PLACE",LAKSHAY,9267958659,,785916,GOLAGHAT,GOLAGHAT,GOLAGHAT,prepaid,20,,,,,,
305,,,,GOTOGO POST,8076536923,,07AQCPB1094R1ZM,110058,DELHI,DELHI,"COMMUNITY CENTRE , JANAK PLACE",LAKSHAY,9267958659,,785917,GOLAGHAT,GOLAGHAT,GOLAGHAT,prepaid,20,,,,,,
306,,,,GOTOGO POST,8076536923,,07AQCPB1094R1ZM,110058,DELHI,DELHI,"COMMUNITY CENTRE , JANAK PLACE",LAKSHAY,9267958659,,785918,GOLAGHAT,GOLAGHAT,GOLAGHAT,prepaid,20,,,,,,
307,,,,GOTOGO POST,8076536923,,07AQCPB1094R1ZM,110058,DELHI,DELHI,"COMMUNITY CENTRE , JANAK PLACE",LAKSHAY,9267958659,,785919,GOLAGHAT,GOLAGHAT,GOLAGHAT,prepaid,20,,,,,,
308,,,,GOTOGO POST,8076536923,,07AQCPB1094R1ZM,110058,DELHI,DELHI,"COMMUNITY CENTRE , JANAK PLACE",LAKSHAY,9267958659,,785920,GOLAGHAT,GOLAGHAT,GOLAGHAT,prepaid,20,,,,,,
309,,,,GOTOGO POST,8076536923,,07AQCPB1094R1ZM,110058,DELHI,DELHI,"COMMUNITY CENTRE , JANAK PLACE",LAKSHAY,9267958659,,785921,GOLAGHAT,GOLAGHAT,GOLAGHAT,prepaid,20,,,,,,
310,,,,GOTOGO POST,8076536923,,07AQCPB1094R1ZM,110058,DELHI,DELHI,"COMMUNITY CENTRE , JANAK PLACE",LAKSHAY,9267958659,,785922,GOLAGHAT,GOLAGHAT,GOLAGHAT,prepaid,20,,,,,,
311,,,,GOTOGO POST,8076536923,,07AQCPB1094R1ZM,110058,DELHI,DELHI,"COMMUNITY CENTRE , JANAK PLACE",LAKSHAY,9267958659,,785923,GOLAGHAT,GOLAGHAT,GOLAGHAT,prepaid,20,,,,,,
312,,,,GOTOGO POST,8076536923,,07AQCPB1094R1ZM,110058,DELHI,DELHI,"COMMUNITY CENTRE , JANAK PLACE",LAKSHAY,9267958659,,785924,GOLAGHAT,GOLAGHAT,GOLAGHAT,prepaid,20,,,,,,
313,,,,GOTOGO POST,8076536923,,07AQCPB1094R1ZM,110058,DELHI,DELHI,"COMMUNITY CENTRE , JANAK PLACE",LAKSHAY,9267958659,,785925,GOLAGHAT,GOLAGHAT,GOLAGHAT,prepaid,20,,,,,,
314,,,,GOTOGO POST,8076536923,,07AQCPB1094R1ZM,110058,DELHI,DELHI,"COMMUNITY CENTRE , JANAK PLACE",LAKSHAY,9267958659,,785926,GOLAGHAT,GOLAGHAT,GOLAGHAT,prepaid,20,,,,,,
315,,,,GOTOGO POST,8076536923,,07AQCPB1094R1ZM,110058,DELHI,DELHI,"COMMUNITY CENTRE , JANAK PLACE",LAKSHAY,9267958659,,785927,GOLAGHAT,GOLAGHAT,GOLAGHAT,prepaid,20,,,,,,
316,,,,GOTOGO POST,8076536923,,07AQCPB1094R1ZM,110058,DELHI,DELHI,"COMMUNITY CENTRE , JANAK PLACE",LAKSHAY,9267958659,,785928,GOLAGHAT,GOLAGHAT,GOLAGHAT,prepaid,20,,,,,,
317,,,,GOTOGO POST,8076536923,,07AQCPB1094R1ZM,110058,DELHI,DELHI,"COMMUNITY CENTRE , JANAK PLACE",LAKSHAY,9267958659,,785929,GOLAGHAT,GOLAGHAT,GOLAGHAT,prepaid,20,,,,,,
318,,,,GOTOGO POST,8076536923,,07AQCPB1094R1ZM,110058,DELHI,DELHI,"COMMUNITY CENTRE , JANAK PLACE",LAKSHAY,9267958659,,785930,GOLAGHAT,GOLAGHAT,GOLAGHAT,prepaid,20,,,,,,
319,,,,GOTOGO POST,8076536923,,07AQCPB1094R1ZM,110058,DELHI,DELHI,"COMMUNITY CENTRE , JANAK PLACE",LAKSHAY,9267958659,,785931,GOLAGHAT,GOLAGHAT,GOLAGHAT,prepaid,20,,,,,,
320,,,,GOTOGO POST,8076536923,,07AQCPB1094R1ZM,110058,DELHI,DELHI,"COMMUNITY CENTRE , JANAK PLACE",LAKSHAY,9267958659,,785932,GOLAGHAT,GOLAGHAT,GOLAGHAT,prepaid,20,,,,,,
321,,,,GOTOGO POST,8076536923,,07AQCPB1094R1ZM,110058,DELHI,DELHI,"COMMUNITY CENTRE , JANAK PLACE",LAKSHAY,9267958659,,785933,GOLAGHAT,GOLAGHAT,GOLAGHAT,prepaid,20,,,,,,
322,,,,GOTOGO POST,8076536923,,07AQCPB1094R1ZM,110058,DELHI,DELHI,"COMMUNITY CENTRE , JANAK PLACE",LAKSHAY,9267958659,,785934,GOLAGHAT,GOLAGHAT,GOLAGHAT,prepaid,20,,,,,,
323,,,,GOTOGO POST,8076536923,,07AQCPB1094R1ZM,110058,DELHI,DELHI,"COMMUNITY CENTRE , JANAK PLACE",LAKSHAY,9267958659,,785935,GOLAGHAT,GOLAGHAT,GOLAGHAT,prepaid,20,,,,,,
324,,,,GOTOGO POST,8076536923,,07AQCPB1094R1ZM,110058,DELHI,DELHI,"COMMUNITY CENTRE , JANAK PLACE",LAKSHAY,9267958659,,785936,GOLAGHAT,GOLAGHAT,GOLAGHAT,prepaid,20,,,,,,
325,,,,GOTOGO POST,8076536923,,07AQCPB1094R1ZM,110058,DELHI,DELHI,"COMMUNITY CENTRE , JANAK PLACE",LAKSHAY,9267958659,,785937,GOLAGHAT,GOLAGHAT,GOLAGHAT,prepaid,20,,,,,,
326,,,,GOTOGO POST,8076536923,,07AQCPB1094R1ZM,110058,DELHI,DELHI,"COMMUNITY CENTRE , JANAK PLACE",LAKSHAY,9267958659,,785938,GOLAGHAT,GOLAGHAT,GOLAGHAT,prepaid,20,,,,,,
327,,,,GOTOGO POST,8076536923,,07AQCPB1094R1ZM,110058,DELHI,DELHI,"COMMUNITY CENTRE , JANAK PLACE",LAKSHAY,9267958659,,785939,GOLAGHAT,GOLAGHAT,GOLAGHAT,prepaid,20,,,,,,
328,,,,GOTOGO POST,8076536923,,07AQCPB1094R1ZM,110058,DELHI,DELHI,"COMMUNITY CENTRE , JANAK PLACE",LAKSHAY,9267958659,,785940,GOLAGHAT,GOLAGHAT,GOLAGHAT,prepaid,20,,,,,,
329,,,,GOTOGO POST,8076536923,,07AQCPB1094R1ZM,110058,DELHI,DELHI,"COMMUNITY CENTRE , JANAK PLACE",LAKSHAY,9267958659,,785941,GOLAGHAT,GOLAGHAT,GOLAGHAT,prepaid,20,,,,,,
330,,,,GOTOGO POST,8076536923,,07AQCPB1094R1ZM,110058,DELHI,DELHI,"COMMUNITY CENTRE , JANAK PLACE",LAKSHAY,9267958659,,785942,GOLAGHAT,GOLAGHAT,GOLAGHAT,prepaid,20,,,,,,
331,,,,GOTOGO POST,8076536923,,07AQCPB1094R1ZM,110058,DELHI,DELHI,"COMMUNITY CENTRE , JANAK PLACE",LAKSHAY,9267958659,,785943,GOLAGHAT,GOLAGHAT,GOLAGHAT,prepaid,20,,,,,,
332,,,,GOTOGO POST,8076536923,,07AQCPB1094R1ZM,110058,DELHI,DELHI,"COMMUNITY CENTRE , JANAK PLACE",LAKSHAY,9267958659,,785944,GOLAGHAT,GOLAGHAT,GOLAGHAT,prepaid,20,,,,,,
333,,,,GOTOGO POST,8076536923,,07AQCPB1094R1ZM,110058,DELHI,DELHI,"COMMUNITY CENTRE , JANAK PLACE",LAKSHAY,9267958659,,785945,GOLAGHAT,GOLAGHAT,GOLAGHAT,prepaid,20,,,,,,
334,,,,GOTOGO POST,8076536923,,07AQCPB1094R1ZM,110058,DELHI,DELHI,"COMMUNITY CENTRE , JANAK PLACE",LAKSHAY,9267958659,,785946,GOLAGHAT,GOLAGHAT,GOLAGHAT,prepaid,20,,,,,,
335,,,,GOTOGO POST,8076536923,,07AQCPB1094R1ZM,110058,DELHI,DELHI,"COMMUNITY CENTRE , JANAK PLACE",LAKSHAY,9267958659,,785947,GOLAGHAT,GOLAGHAT,GOLAGHAT,prepaid,20,,,,,,
336,,,,GOTOGO POST,8076536923,,07AQCPB1094R1ZM,110058,DELHI,DELHI,"COMMUNITY CENTRE , JANAK PLACE",LAKSHAY,9267958659,,785948,GOLAGHAT,GOLAGHAT,GOLAGHAT,prepaid,20,,,,,,
337,,,,GOTOGO POST,8076536923,,07AQCPB1094R1ZM,110058,DELHI,DELHI,"COMMUNITY CENTRE , JANAK PLACE",LAKSHAY,9267958659,,785949,GOLAGHAT,GOLAGHAT,GOLAGHAT,prepaid,20,,,,,,
338,,,,GOTOGO POST,8076536923,,07AQCPB1094R1ZM,110058,DELHI,DELHI,"COMMUNITY CENTRE , JANAK PLACE",LAKSHAY,9267958659,,785950,GOLAGHAT,GOLAGHAT,GOLAGHAT,prepaid,20,,,,,,
339,,,,GOTOGO POST,8076536923,,07AQCPB1094R1ZM,110058,DELHI,DELHI,"COMMUNITY CENTRE , JANAK PLACE",LAKSHAY,9267958659,,785951,GOLAGHAT,GOLAGHAT,GOLAGHAT,prepaid,20,,,,,,
340,,,,GOTOGO POST,8076536923,,07AQCPB1094R1ZM,110058,DELHI,DELHI,"COMMUNITY CENTRE , JANAK PLACE",LAKSHAY,9267958659,,785952,GOLAGHAT,GOLAGHAT,GOLAGHAT,prepaid,20,,,,,,
341,,,,GOTOGO POST,8076536923,,07AQCPB1094R1ZM,110058,DELHI,DELHI,"COMMUNITY CENTRE , JANAK PLACE",LAKSHAY,9267958659,,785953,GOLAGHAT,GOLAGHAT,GOLAGHAT,prepaid,20,,,,,,
342,,,,GOTOGO POST,8076536923,,07AQCPB1094R1ZM,110058,DELHI,DELHI,"COMMUNITY CENTRE , JANAK PLACE",LAKSHAY,9267958659,,785954,GOLAGHAT,GOLAGHAT,GOLAGHAT,prepaid,20,,,,,,
343,,,,GOTOGO POST,8076536923,,07AQCPB1094R1ZM,110058,DELHI,DELHI,"COMMUNITY CENTRE , JANAK PLACE",LAKSHAY,9267958659,,785955,GOLAGHAT,GOLAGHAT,GOLAGHAT,prepaid,20,,,,,,
344,,,,GOTOGO POST,8076536923,,07AQCPB1094R1ZM,110058,DELHI,DELHI,"COMMUNITY CENTRE , JANAK PLACE",LAKSHAY,9267958659,,785956,GOLAGHAT,GOLAGHAT,GOLAGHAT,prepaid,20,,,,,,
345,,,,GOTOGO POST,8076536923,,07AQCPB1094R1ZM,110058,DELHI,DELHI,"COMMUNITY CENTRE , JANAK PLACE",LAKSHAY,9267958659,,785957,GOLAGHAT,GOLAGHAT,GOLAGHAT,prepaid,20,,,,,,
346,,,,GOTOGO POST,8076536923,,07AQCPB1094R1ZM,110058,DELHI,DELHI,"COMMUNITY CENTRE , JANAK PLACE",LAKSHAY,9267958659,,785958,GOLAGHAT,GOLAGHAT,GOLAGHAT,prepaid,20,,,,,,
347,,,,GOTOGO POST,8076536923,,07AQCPB1094R1ZM,110058,DELHI,DELHI,"COMMUNITY CENTRE , JANAK PLACE",LAKSHAY,9267958659,,785959,GOLAGHAT,GOLAGHAT,GOLAGHAT,prepaid,20,,,,,,
348,,,,GOTOGO POST,8076536923,,07AQCPB1094R1ZM,110058,DELHI,DELHI,"COMMUNITY CENTRE , JANAK PLACE",LAKSHAY,9267958659,,785960,GOLAGHAT,GOLAGHAT,GOLAGHAT,prepaid,20,,,,,,
349,,,,GOTOGO POST,8076536923,,07AQCPB1094R1ZM,110058,DELHI,DELHI,"COMMUNITY CENTRE , JANAK PLACE",LAKSHAY,9267958659,,785961,GOLAGHAT,GOLAGHAT,GOLAGHAT,prepaid,20,,,,,,
350,,,,GOTOGO POST,8076536923,,07AQCPB1094R1ZM,110058,DELHI,DELHI,"COMMUNITY CENTRE , JANAK PLACE",LAKSHAY,9267958659,,785962,GOLAGHAT,GOLAGHAT,GOLAGHAT,prepaid,20,,,,,,
351,,,,GOTOGO POST,8076536923,,07AQCPB1094R1ZM,110058,DELHI,DELHI,"COMMUNITY CENTRE , JANAK PLACE",LAKSHAY,9267958659,,785963,GOLAGHAT,GOLAGHAT,GOLAGHAT,prepaid,20,,,,,,
352,,,,GOTOGO POST,8076536923,,07AQCPB1094R1ZM,110058,DELHI,DELHI,"COMMUNITY CENTRE , JANAK PLACE",LAKSHAY,9267958659,,785964,GOLAGHAT,GOLAGHAT,GOLAGHAT,prepaid,20,,,,,,
353,,,,GOTOGO POST,8076536923,,07AQCPB1094R1ZM,110058,DELHI,DELHI,"COMMUNITY CENTRE , JANAK PLACE",LAKSHAY,9267958659,,785965,GOLAGHAT,GOLAGHAT,GOLAGHAT,prepaid,20,,,,,,
354,,,,GOTOGO POST,8076536923,,07AQCPB1094R1ZM,110058,DELHI,DELHI,"COMMUNITY CENTRE , JANAK PLACE",LAKSHAY,9267958659,,785966,GOLAGHAT,GOLAGHAT,GOLAGHAT,prepaid,20,,,,,,
355,,,,GOTOGO POST,8076536923,,07AQCPB1094R1ZM,110058,DELHI,DELHI,"COMMUNITY CENTRE , JANAK PLACE",LAKSHAY,9267958659,,785967,GOLAGHAT,GOLAGHAT,GOLAGHAT,prepaid,20,,,,,,
356,,,,GOTOGO POST,8076536923,,07AQCPB1094R1ZM,110058,DELHI,DELHI,"COMMUNITY CENTRE , JANAK PLACE",LAKSHAY,9267958659,,785968,GOLAGHAT,GOLAGHAT,GOLAGHAT,prepaid,20,,,,,,
357,,,,GOTOGO POST,8076536923,,07AQCPB1094R1ZM,110058,DELHI,DELHI,"COMMUNITY CENTRE , JANAK PLACE",LAKSHAY,9267958659,,785969,GOLAGHAT,GOLAGHAT,GOLAGHAT,prepaid,20,,,,,,
358,,,,GOTOGO POST,8076536923,,07AQCPB1094R1ZM,110058,DELHI,DELHI,"COMMUNITY CENTRE , JANAK PLACE",LAKSHAY,9267958659,,785970,GOLAGHAT,GOLAGHAT,GOLAGHAT,prepaid,20,,,,,,
359,,,,GOTOGO POST,8076536923,,07AQCPB1094R1ZM,110058,DELHI,DELHI,"COMMUNITY CENTRE , JANAK PLACE",LAKSHAY,9267958659,,785971,GOLAGHAT,GOLAGHAT,GOLAGHAT,prepaid,20,,,,,,
360,,,,GOTOGO POST,8076536923,,07AQCPB1094R1ZM,110058,DELHI,DELHI,"COMMUNITY CENTRE , JANAK PLACE",LAKSHAY,9267958659,,785972,GOLAGHAT,GOLAGHAT,GOLAGHAT,prepaid,20,,,,,,
361,,,,GOTOGO POST,8076536923,,07AQCPB1094R1ZM,110058,DELHI,DELHI,"COMMUNITY CENTRE , JANAK PLACE",LAKSHAY,9267958659,,785973,GOLAGHAT,GOLAGHAT,GOLAGHAT,prepaid,20,,,,,,
362,,,,GOTOGO POST,8076536923,,07AQCPB1094R1ZM,110058,DELHI,DELHI,"COMMUNITY CENTRE , JANAK PLACE",LAKSHAY,9267958659,,785974,GOLAGHAT,GOLAGHAT,GOLAGHAT,prepaid,20,,,,,,
363,,,,GOTOGO POST,8076536923,,07AQCPB1094R1ZM,110058,DELHI,DELHI,"COMMUNITY CENTRE , JANAK PLACE",LAKSHAY,9267958659,,785975,GOLAGHAT,GOLAGHAT,GOLAGHAT,prepaid,20,,,,,,
364,,,,GOTOGO POST,8076536923,,07AQCPB1094R1ZM,110058,DELHI,DELHI,"COMMUNITY CENTRE , JANAK PLACE",LAKSHAY,9267958659,,785976,GOLAGHAT,GOLAGHAT,GOLAGHAT,prepaid,20,,,,,,
365,,,,GOTOGO POST,8076536923,,07AQCPB1094R1ZM,110058,DELHI,DELHI,"COMMUNITY CENTRE , JANAK PLACE",LAKSHAY,9267958659,,785977,GOLAGHAT,GOLAGHAT,GOLAGHAT,prepaid,20,,,,,,
366,,,,GOTOGO POST,8076536923,,07AQCPB1094R1ZM,110058,DELHI,DELHI,"COMMUNITY CENTRE , JANAK PLACE",LAKSHAY,9267958659,,785978,GOLAGHAT,GOLAGHAT,GOLAGHAT,prepaid,20,,,,,,
367,,,,GOTOGO POST,8076536923,,07AQCPB1094R1ZM,110058,DELHI,DELHI,"COMMUNITY CENTRE , JANAK PLACE",LAKSHAY,9267958659,,785979,GOLAGHAT,GOLAGHAT,GOLAGHAT,prepaid,20,,,,,,
368,,,,GOTOGO POST,8076536923,,07AQCPB1094R1ZM,110058,DELHI,DELHI,"COMMUNITY CENTRE , JANAK PLACE",LAKSHAY,9267958659,,785980,GOLAGHAT,GOLAGHAT,GOLAGHAT,prepaid,20,,,,,,
369,,,,GOTOGO POST,8076536923,,07AQCPB1094R1ZM,110058,DELHI,DELHI,"COMMUNITY CENTRE , JANAK PLACE",LAKSHAY,9267958659,,785981,GOLAGHAT,GOLAGHAT,GOLAGHAT,prepaid,20,,,,,,
370,,,,GOTOGO POST,8076536923,,07AQCPB1094R1ZM,110058,DELHI,DELHI,"COMMUNITY CENTRE , JANAK PLACE",LAKSHAY,9267958659,,785982,GOLAGHAT,GOLAGHAT,GOLAGHAT,prepaid,20,,,,,,
371,,,,GOTOGO POST,8076536923,,07AQCPB1094R1ZM,110058,DELHI,DELHI,"COMMUNITY CENTRE , JANAK PLACE",LAKSHAY,9267958659,,785983,GOLAGHAT,GOLAGHAT,GOLAGHAT,prepaid,20,,,,,,
372,,,,GOTOGO POST,8076536923,,07AQCPB1094R1ZM,110058,DELHI,DELHI,"COMMUNITY CENTRE , JANAK PLACE",LAKSHAY,9267958659,,785984,GOLAGHAT,GOLAGHAT,GOLAGHAT,prepaid,20,,,,,,
373,,,,GOTOGO POST,8076536923,,07AQCPB1094R1ZM,110058,DELHI,DELHI,"COMMUNITY CENTRE , JANAK PLACE",LAKSHAY,9267958659,,785985,GOLAGHAT,GOLAGHAT,GOLAGHAT,prepaid,20,,,,,,
374,,,,GOTOGO POST,8076536923,,07AQCPB1094R1ZM,110058,DELHI,DELHI,"COMMUNITY CENTRE , JANAK PLACE",LAKSHAY,9267958659,,785986,GOLAGHAT,GOLAGHAT,GOLAGHAT,prepaid,20,,,,,,
375,,,,GOTOGO POST,8076536923,,07AQCPB1094R1ZM,110058,DELHI,DELHI,"COMMUNITY CENTRE , JANAK PLACE",LAKSHAY,9267958659,,785987,GOLAGHAT,GOLAGHAT,GOLAGHAT,prepaid,20,,,,,,
376,,,,GOTOGO POST,8076536923,,07AQCPB1094R1ZM,110058,DELHI,DELHI,"COMMUNITY CENTRE , JANAK PLACE",LAKSHAY,9267958659,,785988,GOLAGHAT,GOLAGHAT,GOLAGHAT,prepaid,20,,,,,,
377,,,,GOTOGO POST,8076536923,,07AQCPB1094R1ZM,110058,DELHI,DELHI,"COMMUNITY CENTRE , JANAK PLACE",LAKSHAY,9267958659,,785989,GOLAGHAT,GOLAGHAT,GOLAGHAT,prepaid,20,,,,,,
378,,,,GOTOGO POST,8076536923,,07AQCPB1094R1ZM,110058,DELHI,DELHI,"COMMUNITY CENTRE , JANAK PLACE",LAKSHAY,9267958659,,785990,GOLAGHAT,GOLAGHAT,GOLAGHAT,prepaid,20,,,,,,
379,,,,GOTOGO POST,8076536923,,07AQCPB1094R1ZM,110058,DELHI,DELHI,"COMMUNITY CENTRE , JANAK PLACE",LAKSHAY,9267958659,,785991,GOLAGHAT,GOLAGHAT,GOLAGHAT,prepaid,20,,,,,,
380,,,,GOTOGO POST,8076536923,,07AQCPB1094R1ZM,110058,DELHI,DELHI,"COMMUNITY CENTRE , JANAK PLACE",LAKSHAY,9267958659,,785992,GOLAGHAT,GOLAGHAT,GOLAGHAT,prepaid,20,,,,,,
381,,,,GOTOGO POST,8076536923,,07AQCPB1094R1ZM,110058,DELHI,DELHI,"COMMUNITY CENTRE , JANAK PLACE",LAKSHAY,9267958659,,785993,GOLAGHAT,GOLAGHAT,GOLAGHAT,prepaid,20,,,,,,
382,,,,GOTOGO POST,8076536923,,07AQCPB1094R1ZM,110058,DELHI,DELHI,"COMMUNITY CENTRE , JANAK PLACE",LAKSHAY,9267958659,,785994,GOLAGHAT,GOLAGHAT,GOLAGHAT,prepaid,20,,,,,,
383,,,,GOTOGO POST,8076536923,,07AQCPB1094R1ZM,110058,DELHI,DELHI,"COMMUNITY CENTRE , JANAK PLACE",LAKSHAY,9267958659,,785995,GOLAGHAT,GOLAGHAT,GOLAGHAT,prepaid,20,,,,,,
384,,,,GOTOGO POST,8076536923,,07AQCPB1094R1ZM,110058,DELHI,DELHI,"COMMUNITY CENTRE , JANAK PLACE",LAKSHAY,9267958659,,785996,GOLAGHAT,GOLAGHAT,GOLAGHAT,prepaid,20,,,,,,
385,,,,GOTOGO POST,8076536923,,07AQCPB1094R1ZM,110058,DELHI,DELHI,"COMMUNITY CENTRE , JANAK PLACE",LAKSHAY,9267958659,,785997,GOLAGHAT,GOLAGHAT,GOLAGHAT,prepaid,20,,,,,,
386,,,,GOTOGO POST,8076536923,,07AQCPB1094R1ZM,110058,DELHI,DELHI,"COMMUNITY CENTRE , JANAK PLACE",LAKSHAY,9267958659,,785998,GOLAGHAT,GOLAGHAT,GOLAGHAT,prepaid,20,,,,,,
387,,,,GOTOGO POST,8076536923,,07AQCPB1094R1ZM,110058,DELHI,DELHI,"COMMUNITY CENTRE , JANAK PLACE",LAKSHAY,9267958659,,785999,GOLAGHAT,GOLAGHAT,GOLAGHAT,prepaid,20,,,,,,
388,,,,GOTOGO POST,8076536923,,07AQCPB1094R1ZM,110058,DELHI,DELHI,"COMMUNITY CENTRE , JANAK PLACE",LAKSHAY,9267958659,,786000,GOLAGHAT,GOLAGHAT,GOLAGHAT,prepaid,20,,,,,,
389,,,,GOTOGO POST,8076536923,,07AQCPB1094R1ZM,110058,DELHI,DELHI,"COMMUNITY CENTRE , JANAK PLACE",LAKSHAY,9267958659,,786001,GOLAGHAT,GOLAGHAT,GOLAGHAT,prepaid,20,,,,,,
390,,,,GOTOGO POST,8076536923,,07AQCPB1094R1ZM,110058,DELHI,DELHI,"COMMUNITY CENTRE , JANAK PLACE",LAKSHAY,9267958659,,786002,GOLAGHAT,GOLAGHAT,GOLAGHAT,prepaid,20,,,,,,
391,,,,GOTOGO POST,8076536923,,07AQCPB1094R1ZM,110058,DELHI,DELHI,"COMMUNITY CENTRE , JANAK PLACE",LAKSHAY,9267958659,,786003,GOLAGHAT,GOLAGHAT,GOLAGHAT,prepaid,20,,,,,,
392,,,,GOTOGO POST,8076536923,,07AQCPB1094R1ZM,110058,DELHI,DELHI,"COMMUNITY CENTRE , JANAK PLACE",LAKSHAY,9267958659,,786004,GOLAGHAT,GOLAGHAT,GOLAGHAT,prepaid,20,,,,,,
393,,,,GOTOGO POST,8076536923,,07AQCPB1094R1ZM,110058,DELHI,DELHI,"COMMUNITY CENTRE , JANAK PLACE",LAKSHAY,9267958659,,786005,GOLAGHAT,GOLAGHAT,GOLAGHAT,prepaid,20,,,,,,
394,,,,GOTOGO POST,8076536923,,07AQCPB1094R1ZM,110058,DELHI,DELHI,"COMMUNITY CENTRE , JANAK PLACE",LAKSHAY,9267958659,,786006,GOLAGHAT,GOLAGHAT,GOLAGHAT,prepaid,20,,,,,,
395,,,,GOTOGO POST,8076536923,,07AQCPB1094R1ZM,110058,DELHI,DELHI,"COMMUNITY CENTRE , JANAK PLACE",LAKSHAY,9267958659,,786007,GOLAGHAT,GOLAGHAT,GOLAGHAT,prepaid,20,,,,,,
396,,,,GOTOGO POST,8076536923,,07AQCPB1094R1ZM,110058,DELHI,DELHI,"COMMUNITY CENTRE , JANAK PLACE",LAKSHAY,9267958659,,786008,GOLAGHAT,GOLAGHAT,GOLAGHAT,prepaid,20,,,,,,
397,,,,GOTOGO POST,8076536923,,07AQCPB1094R1ZM,110058,DELHI,DELHI,"COMMUNITY CENTRE , JANAK PLACE",LAKSHAY,9267958659,,786009,GOLAGHAT,GOLAGHAT,GOLAGHAT,prepaid,20,,,,,,
398,,,,GOTOGO POST,8076536923,,07AQCPB1094R1ZM,110058,DELHI,DELHI,"COMMUNITY CENTRE , JANAK PLACE",LAKSHAY,9267958659,,786010,GOLAGHAT,GOLAGHAT,GOLAGHAT,prepaid,20,,,,,,
399,,,,GOTOGO POST,8076536923,,07AQCPB1094R1ZM,110058,DELHI,DELHI,"COMMUNITY CENTRE , JANAK PLACE",LAKSHAY,9267958659,,786011,GOLAGHAT,GOLAGHAT,GOLAGHAT,prepaid,20,,,,,,
400,,,,GOTOGO POST,8076536923,,07AQCPB1094R1ZM,110058,DELHI,DELHI,"COMMUNITY CENTRE , JANAK PLACE",LAKSHAY,9267958659,,786012,GOLAGHAT,GOLAGHAT,GOLAGHAT,prepaid,20,,,,,,
401,,,,GOTOGO POST,8076536923,,07AQCPB1094R1ZM,110058,DELHI,DELHI,"COMMUNITY CENTRE , JANAK PLACE",LAKSHAY,9267958659,,786013,GOLAGHAT,GOLAGHAT,GOLAGHAT,prepaid,20,,,,,,
402,,,,GOTOGO POST,8076536923,,07AQCPB1094R1ZM,110058,DELHI,DELHI,"COMMUNITY CENTRE , JANAK PLACE",LAKSHAY,9267958659,,786014,GOLAGHAT,GOLAGHAT,GOLAGHAT,prepaid,20,,,,,,
403,,,,GOTOGO POST,8076536923,,07AQCPB1094R1ZM,110058,DELHI,DELHI,"COMMUNITY CENTRE , JANAK PLACE",LAKSHAY,9267958659,,786015,GOLAGHAT,GOLAGHAT,GOLAGHAT,prepaid,20,,,,,,
404,,,,GOTOGO POST,8076536923,,07AQCPB1094R1ZM,110058,DELHI,DELHI,"COMMUNITY CENTRE , JANAK PLACE",LAKSHAY,9267958659,,786016,GOLAGHAT,GOLAGHAT,GOLAGHAT,prepaid,20,,,,,,
405,,,,GOTOGO POST,8076536923,,07AQCPB1094R1ZM,110058,DELHI,DELHI,"COMMUNITY CENTRE , JANAK PLACE",LAKSHAY,9267958659,,786017,GOLAGHAT,GOLAGHAT,GOLAGHAT,prepaid,20,,,,,,
406,,,,GOTOGO POST,8076536923,,07AQCPB1094R1ZM,110058,DELHI,DELHI,"COMMUNITY CENTRE , JANAK PLACE",LAKSHAY,9267958659,,786018,GOLAGHAT,GOLAGHAT,GOLAGHAT,prepaid,20,,,,,,
407,,,,GOTOGO POST,8076536923,,07AQCPB1094R1ZM,110058,DELHI,DELHI,"COMMUNITY CENTRE , JANAK PLACE",LAKSHAY,9267958659,,786019,GOLAGHAT,GOLAGHAT,GOLAGHAT,prepaid,20,,,,,,
408,,,,GOTOGO POST,8076536923,,07AQCPB1094R1ZM,110058,DELHI,DELHI,"COMMUNITY CENTRE , JANAK PLACE",LAKSHAY,9267958659,,786020,GOLAGHAT,GOLAGHAT,GOLAGHAT,prepaid,20,,,,,,
409,,,,GOTOGO POST,8076536923,,07AQCPB1094R1ZM,110058,DELHI,DELHI,"COMMUNITY CENTRE , JANAK PLACE",LAKSHAY,9267958659,,786021,GOLAGHAT,GOLAGHAT,GOLAGHAT,prepaid,20,,,,,,
410,,,,GOTOGO POST,8076536923,,07AQCPB1094R1ZM,110058,DELHI,DELHI,"COMMUNITY CENTRE , JANAK PLACE",LAKSHAY,9267958659,,786022,GOLAGHAT,GOLAGHAT,GOLAGHAT,prepaid,20,,,,,,
411,,,,GOTOGO POST,8076536923,,07AQCPB1094R1ZM,110058,DELHI,DELHI,"COMMUNITY CENTRE , JANAK PLACE",LAKSHAY,9267958659,,786023,GOLAGHAT,GOLAGHAT,GOLAGHAT,prepaid,20,,,,,,
412,,,,GOTOGO POST,8076536923,,07AQCPB1094R1ZM,110058,DELHI,DELHI,"COMMUNITY CENTRE , JANAK PLACE",LAKSHAY,9267958659,,786024,GOLAGHAT,GOLAGHAT,GOLAGHAT,prepaid,20,,,,,,
413,,,,GOTOGO POST,8076536923,,07AQCPB1094R1ZM,110058,DELHI,DELHI,"COMMUNITY CENTRE , JANAK PLACE",LAKSHAY,9267958659,,786025,GOLAGHAT,GOLAGHAT,GOLAGHAT,prepaid,20,,,,,,
414,,,,GOTOGO POST,8076536923,,07AQCPB1094R1ZM,110058,DELHI,DELHI,"COMMUNITY CENTRE , JANAK PLACE",LAKSHAY,9267958659,,786026,GOLAGHAT,GOLAGHAT,GOLAGHAT,prepaid,20,,,,,,
415,,,,GOTOGO POST,8076536923,,07AQCPB1094R1ZM,110058,DELHI,DELHI,"COMMUNITY CENTRE , JANAK PLACE",LAKSHAY,9267958659,,786027,GOLAGHAT,GOLAGHAT,GOLAGHAT,prepaid,20,,,,,,
416,,,,GOTOGO POST,8076536923,,07AQCPB1094R1ZM,110058,DELHI,DELHI,"COMMUNITY CENTRE , JANAK PLACE",LAKSHAY,9267958659,,786028,GOLAGHAT,GOLAGHAT,GOLAGHAT,prepaid,20,,,,,,
417,,,,GOTOGO POST,8076536923,,07AQCPB1094R1ZM,110058,DELHI,DELHI,"COMMUNITY CENTRE , JANAK PLACE",LAKSHAY,9267958659,,786029,GOLAGHAT,GOLAGHAT,GOLAGHAT,prepaid,20,,,,,,
418,,,,GOTOGO POST,8076536923,,07AQCPB1094R1ZM,110058,DELHI,DELHI,"COMMUNITY CENTRE , JANAK PLACE",LAKSHAY,9267958659,,786030,GOLAGHAT,GOLAGHAT,GOLAGHAT,prepaid,20,,,,,,
419,,,,GOTOGO POST,8076536923,,07AQCPB1094R1ZM,110058,DELHI,DELHI,"COMMUNITY CENTRE , JANAK PLACE",LAKSHAY,9267958659,,786031,GOLAGHAT,GOLAGHAT,GOLAGHAT,prepaid,20,,,,,,
420,,,,GOTOGO POST,8076536923,,07AQCPB1094R1ZM,110058,DELHI,DELHI,"COMMUNITY CENTRE , JANAK PLACE",LAKSHAY,9267958659,,786032,GOLAGHAT,GOLAGHAT,GOLAGHAT,prepaid,20,,,,,,
421,,,,GOTOGO POST,8076536923,,07AQCPB1094R1ZM,110058,DELHI,DELHI,"COMMUNITY CENTRE , JANAK PLACE",LAKSHAY,9267958659,,786033,GOLAGHAT,GOLAGHAT,GOLAGHAT,prepaid,20,,,,,,
422,,,,GOTOGO POST,8076536923,,07AQCPB1094R1ZM,110058,DELHI,DELHI,"COMMUNITY CENTRE , JANAK PLACE",LAKSHAY,9267958659,,786034,GOLAGHAT,GOLAGHAT,GOLAGHAT,prepaid,20,,,,,,
423,,,,GOTOGO POST,8076536923,,07AQCPB1094R1ZM,110058,DELHI,DELHI,"COMMUNITY CENTRE , JANAK PLACE",LAKSHAY,9267958659,,786035,GOLAGHAT,GOLAGHAT,GOLAGHAT,prepaid,20,,,,,,
424,,,,GOTOGO POST,8076536923,,07AQCPB1094R1ZM,110058,DELHI,DELHI,"COMMUNITY CENTRE , JANAK PLACE",LAKSHAY,9267958659,,786036,GOLAGHAT,GOLAGHAT,GOLAGHAT,prepaid,20,,,,,,
425,,,,GOTOGO POST,8076536923,,07AQCPB1094R1ZM,110058,DELHI,DELHI,"COMMUNITY CENTRE , JANAK PLACE",LAKSHAY,9267958659,,786037,GOLAGHAT,GOLAGHAT,GOLAGHAT,prepaid,20,,,,,,
426,,,,GOTOGO POST,8076536923,,07AQCPB1094R1ZM,110058,DELHI,DELHI,"COMMUNITY CENTRE , JANAK PLACE",LAKSHAY,9267958659,,786038,GOLAGHAT,GOLAGHAT,GOLAGHAT,prepaid,20,,,,,,
427,,,,GOTOGO POST,8076536923,,07AQCPB1094R1ZM,110058,DELHI,DELHI,"COMMUNITY CENTRE , JANAK PLACE",LAKSHAY,9267958659,,786039,GOLAGHAT,GOLAGHAT,GOLAGHAT,prepaid,20,,,,,,
428,,,,GOTOGO POST,8076536923,,07AQCPB1094R1ZM,110058,DELHI,DELHI,"COMMUNITY CENTRE , JANAK PLACE",LAKSHAY,9267958659,,786040,GOLAGHAT,GOLAGHAT,GOLAGHAT,prepaid,20,,,,,,
429,,,,GOTOGO POST,8076536923,,07AQCPB1094R1ZM,110058,DELHI,DELHI,"COMMUNITY CENTRE , JANAK PLACE",LAKSHAY,9267958659,,786041,GOLAGHAT,GOLAGHAT,GOLAGHAT,prepaid,20,,,,,,
430,,,,GOTOGO POST,8076536923,,07AQCPB1094R1ZM,110058,DELHI,DELHI,"COMMUNITY CENTRE , JANAK PLACE",LAKSHAY,9267958659,,786042,GOLAGHAT,GOLAGHAT,GOLAGHAT,prepaid,20,,,,,,
431,,,,GOTOGO POST,8076536923,,07AQCPB1094R1ZM,110058,DELHI,DELHI,"COMMUNITY CENTRE , JANAK PLACE",LAKSHAY,9267958659,,786043,GOLAGHAT,GOLAGHAT,GOLAGHAT,prepaid,20,,,,,,
432,,,,GOTOGO POST,8076536923,,07AQCPB1094R1ZM,110058,DELHI,DELHI,"COMMUNITY CENTRE , JANAK PLACE",LAKSHAY,9267958659,,786044,GOLAGHAT,GOLAGHAT,GOLAGHAT,prepaid,20,,,,,,
433,,,,GOTOGO POST,8076536923,,07AQCPB1094R1ZM,110058,DELHI,DELHI,"COMMUNITY CENTRE , JANAK PLACE",LAKSHAY,9267958659,,786045,GOLAGHAT,GOLAGHAT,GOLAGHAT,prepaid,20,,,,,,
434,,,,GOTOGO POST,8076536923,,07AQCPB1094R1ZM,110058,DELHI,DELHI,"COMMUNITY CENTRE , JANAK PLACE",LAKSHAY,9267958659,,786046,GOLAGHAT,GOLAGHAT,GOLAGHAT,prepaid,20,,,,,,
435,,,,GOTOGO POST,8076536923,,07AQCPB1094R1ZM,110058,DELHI,DELHI,"COMMUNITY CENTRE , JANAK PLACE",LAKSHAY,9267958659,,786047,GOLAGHAT,GOLAGHAT,GOLAGHAT,prepaid,20,,,,,,
436,,,,GOTOGO POST,8076536923,,07AQCPB1094R1ZM,110058,DELHI,DELHI,"COMMUNITY CENTRE , JANAK PLACE",LAKSHAY,9267958659,,786048,GOLAGHAT,GOLAGHAT,GOLAGHAT,prepaid,20,,,,,,
437,,,,GOTOGO POST,8076536923,,07AQCPB1094R1ZM,110058,DELHI,DELHI,"COMMUNITY CENTRE , JANAK PLACE",LAKSHAY,9267958659,,786049,GOLAGHAT,GOLAGHAT,GOLAGHAT,prepaid,20,,,,,,
438,,,,GOTOGO POST,8076536923,,07AQCPB1094R1ZM,110058,DELHI,DELHI,"COMMUNITY CENTRE , JANAK PLACE",LAKSHAY,9267958659,,786050,GOLAGHAT,GOLAGHAT,GOLAGHAT,prepaid,20,,,,,,
439,,,,GOTOGO POST,8076536923,,07AQCPB1094R1ZM,110058,DELHI,DELHI,"COMMUNITY CENTRE , JANAK PLACE",LAKSHAY,9267958659,,786051,GOLAGHAT,GOLAGHAT,GOLAGHAT,prepaid,20,,,,,,
440,,,,GOTOGO POST,8076536923,,07AQCPB1094R1ZM,110058,DELHI,DELHI,"COMMUNITY CENTRE , JANAK PLACE",LAKSHAY,9267958659,,786052,GOLAGHAT,GOLAGHAT,GOLAGHAT,prepaid,20,,,,,,
441,,,,GOTOGO POST,8076536923,,07AQCPB1094R1ZM,110058,DELHI,DELHI,"COMMUNITY CENTRE , JANAK PLACE",LAKSHAY,9267958659,,786053,GOLAGHAT,GOLAGHAT,GOLAGHAT,prepaid,20,,,,,,
442,,,,GOTOGO POST,8076536923,,07AQCPB1094R1ZM,110058,DELHI,DELHI,"COMMUNITY CENTRE , JANAK PLACE",LAKSHAY,9267958659,,786054,GOLAGHAT,GOLAGHAT,GOLAGHAT,prepaid,20,,,,,,
443,,,,GOTOGO POST,8076536923,,07AQCPB1094R1ZM,110058,DELHI,DELHI,"COMMUNITY CENTRE , JANAK PLACE",LAKSHAY,9267958659,,786055,GOLAGHAT,GOLAGHAT,GOLAGHAT,prepaid,20,,,,,,
444,,,,GOTOGO POST,8076536923,,07AQCPB1094R1ZM,110058,DELHI,DELHI,"COMMUNITY CENTRE , JANAK PLACE",LAKSHAY,9267958659,,786056,GOLAGHAT,GOLAGHAT,GOLAGHAT,prepaid,20,,,,,,
445,,,,GOTOGO POST,8076536923,,07AQCPB1094R1ZM,110058,DELHI,DELHI,"COMMUNITY CENTRE , JANAK PLACE",LAKSHAY,9267958659,,786057,GOLAGHAT,GOLAGHAT,GOLAGHAT,prepaid,20,,,,,,
446,,,,GOTOGO POST,8076536923,,07AQCPB1094R1ZM,110058,DELHI,DELHI,"COMMUNITY CENTRE , JANAK PLACE",LAKSHAY,9267958659,,786058,GOLAGHAT,GOLAGHAT,GOLAGHAT,prepaid,20,,,,,,
447,,,,GOTOGO POST,8076536923,,07AQCPB1094R1ZM,110058,DELHI,DELHI,"COMMUNITY CENTRE , JANAK PLACE",LAKSHAY,9267958659,,786059,GOLAGHAT,GOLAGHAT,GOLAGHAT,prepaid,20,,,,,,
448,,,,GOTOGO POST,8076536923,,07AQCPB1094R1ZM,110058,DELHI,DELHI,"COMMUNITY CENTRE , JANAK PLACE",LAKSHAY,9267958659,,786060,GOLAGHAT,GOLAGHAT,GOLAGHAT,prepaid,20,,,,,,
449,,,,GOTOGO POST,8076536923,,07AQCPB1094R1ZM,110058,DELHI,DELHI,"COMMUNITY CENTRE , JANAK PLACE",LAKSHAY,9267958659,,786061,GOLAGHAT,GOLAGHAT,GOLAGHAT,prepaid,20,,,,,,
450,,,,GOTOGO POST,8076536923,,07AQCPB1094R1ZM,110058,DELHI,DELHI,"COMMUNITY CENTRE , JANAK PLACE",LAKSHAY,9267958659,,786062,GOLAGHAT,GOLAGHAT,GOLAGHAT,prepaid,20,,,,,,
451,,,,GOTOGO POST,8076536923,,07AQCPB1094R1ZM,110058,DELHI,DELHI,"COMMUNITY CENTRE , JANAK PLACE",LAKSHAY,9267958659,,786063,GOLAGHAT,GOLAGHAT,GOLAGHAT,prepaid,20,,,,,,
452,,,,GOTOGO POST,8076536923,,07AQCPB1094R1ZM,110058,DELHI,DELHI,"COMMUNITY CENTRE , JANAK PLACE",LAKSHAY,9267958659,,786064,GOLAGHAT,GOLAGHAT,GOLAGHAT,prepaid,20,,,,,,
453,,,,GOTOGO POST,8076536923,,07AQCPB1094R1ZM,110058,DELHI,DELHI,"COMMUNITY CENTRE , JANAK PLACE",LAKSHAY,9267958659,,786065,GOLAGHAT,GOLAGHAT,GOLAGHAT,prepaid,20,,,,,,
454,,,,GOTOGO POST,8076536923,,07AQCPB1094R1ZM,110058,DELHI,DELHI,"COMMUNITY CENTRE , JANAK PLACE",LAKSHAY,9267958659,,786066,GOLAGHAT,GOLAGHAT,GOLAGHAT,prepaid,20,,,,,,
455,,,,GOTOGO POST,8076536923,,07AQCPB1094R1ZM,110058,DELHI,DELHI,"COMMUNITY CENTRE , JANAK PLACE",LAKSHAY,9267958659,,786067,GOLAGHAT,GOLAGHAT,GOLAGHAT,prepaid,20,,,,,,
456,,,,GOTOGO POST,8076536923,,07AQCPB1094R1ZM,110058,DELHI,DELHI,"COMMUNITY CENTRE , JANAK PLACE",LAKSHAY,9267958659,,786068,GOLAGHAT,GOLAGHAT,GOLAGHAT,prepaid,20,,,,,,
457,,,,GOTOGO POST,8076536923,,07AQCPB1094R1ZM,110058,DELHI,DELHI,"COMMUNITY CENTRE , JANAK PLACE",LAKSHAY,9267958659,,786069,GOLAGHAT,GOLAGHAT,GOLAGHAT,prepaid,20,,,,,,
458,,,,GOTOGO POST,8076536923,,07AQCPB1094R1ZM,110058,DELHI,DELHI,"COMMUNITY CENTRE , JANAK PLACE",LAKSHAY,9267958659,,786070,GOLAGHAT,GOLAGHAT,GOLAGHAT,prepaid,20,,,,,,
459,,,,GOTOGO POST,8076536923,,07AQCPB1094R1ZM,110058,DELHI,DELHI,"COMMUNITY CENTRE , JANAK PLACE",LAKSHAY,9267958659,,786071,GOLAGHAT,GOLAGHAT,GOLAGHAT,prepaid,20,,,,,,
460,,,,GOTOGO POST,8076536923,,07AQCPB1094R1ZM,110058,DELHI,DELHI,"COMMUNITY CENTRE , JANAK PLACE",LAKSHAY,9267958659,,786072,GOLAGHAT,GOLAGHAT,GOLAGHAT,prepaid,20,,,,,,
461,,,,GOTOGO POST,8076536923,,07AQCPB1094R1ZM,110058,DELHI,DELHI,"COMMUNITY CENTRE , JANAK PLACE",LAKSHAY,9267958659,,786073,GOLAGHAT,GOLAGHAT,GOLAGHAT,prepaid,20,,,,,,
462,,,,GOTOGO POST,8076536923,,07AQCPB1094R1ZM,110058,DELHI,DELHI,"COMMUNITY CENTRE , JANAK PLACE",LAKSHAY,9267958659,,786074,GOLAGHAT,GOLAGHAT,GOLAGHAT,prepaid,20,,,,,,
463,,,,GOTOGO POST,8076536923,,07AQCPB1094R1ZM,110058,DELHI,DELHI,"COMMUNITY CENTRE , JANAK PLACE",LAKSHAY,9267958659,,786075,GOLAGHAT,GOLAGHAT,GOLAGHAT,prepaid,20,,,,,,
464,,,,GOTOGO POST,8076536923,,07AQCPB1094R1ZM,110058,DELHI,DELHI,"COMMUNITY CENTRE , JANAK PLACE",LAKSHAY,9267958659,,786076,GOLAGHAT,GOLAGHAT,GOLAGHAT,prepaid,20,,,,,,
465,,,,GOTOGO POST,8076536923,,07AQCPB1094R1ZM,110058,DELHI,DELHI,"COMMUNITY CENTRE , JANAK PLACE",LAKSHAY,9267958659,,786077,GOLAGHAT,GOLAGHAT,GOLAGHAT,prepaid,20,,,,,,
466,,,,GOTOGO POST,8076536923,,07AQCPB1094R1ZM,110058,DELHI,DELHI,"COMMUNITY CENTRE , JANAK PLACE",LAKSHAY,9267958659,,786078,GOLAGHAT,GOLAGHAT,GOLAGHAT,prepaid,20,,,,,,
467,,,,GOTOGO POST,8076536923,,07AQCPB1094R1ZM,110058,DELHI,DELHI,"COMMUNITY CENTRE , JANAK PLACE",LAKSHAY,9267958659,,786079,GOLAGHAT,GOLAGHAT,GOLAGHAT,prepaid,20,,,,,,
468,,,,GOTOGO POST,8076536923,,07AQCPB1094R1ZM,110058,DELHI,DELHI,"COMMUNITY CENTRE , JANAK PLACE",LAKSHAY,9267958659,,786080,GOLAGHAT,GOLAGHAT,GOLAGHAT,prepaid,20,,,,,,
469,,,,GOTOGO POST,8076536923,,07AQCPB1094R1ZM,110058,DELHI,DELHI,"COMMUNITY CENTRE , JANAK PLACE",LAKSHAY,9267958659,,786081,GOLAGHAT,GOLAGHAT,GOLAGHAT,prepaid,20,,,,,,
470,,,,GOTOGO POST,8076536923,,07AQCPB1094R1ZM,110058,DELHI,DELHI,"COMMUNITY CENTRE , JANAK PLACE",LAKSHAY,9267958659,,786082,GOLAGHAT,GOLAGHAT,GOLAGHAT,prepaid,20,,,,,,
471,,,,GOTOGO POST,8076536923,,07AQCPB1094R1ZM,110058,DELHI,DELHI,"COMMUNITY CENTRE , JANAK PLACE",LAKSHAY,9267958659,,786083,GOLAGHAT,GOLAGHAT,GOLAGHAT,prepaid,20,,,,,,
472,,,,GOTOGO POST,8076536923,,07AQCPB1094R1ZM,110058,DELHI,DELHI,"COMMUNITY CENTRE , JANAK PLACE",LAKSHAY,9267958659,,786084,GOLAGHAT,GOLAGHAT,GOLAGHAT,prepaid,20,,,,,,
473,,,,GOTOGO POST,8076536923,,07AQCPB1094R1ZM,110058,DELHI,DELHI,"COMMUNITY CENTRE , JANAK PLACE",LAKSHAY,9267958659,,786085,GOLAGHAT,GOLAGHAT,GOLAGHAT,prepaid,20,,,,,,
474,,,,GOTOGO POST,8076536923,,07AQCPB1094R1ZM,110058,DELHI,DELHI,"COMMUNITY CENTRE , JANAK PLACE",LAKSHAY,9267958659,,786086,GOLAGHAT,GOLAGHAT,GOLAGHAT,prepaid,20,,,,,,
475,,,,GOTOGO POST,8076536923,,07AQCPB1094R1ZM,110058,DELHI,DELHI,"COMMUNITY CENTRE , JANAK PLACE",LAKSHAY,9267958659,,786087,GOLAGHAT,GOLAGHAT,GOLAGHAT,prepaid,20,,,,,,
476,,,,GOTOGO POST,8076536923,,07AQCPB1094R1ZM,110058,DELHI,DELHI,"COMMUNITY CENTRE , JANAK PLACE",LAKSHAY,9267958659,,786088,GOLAGHAT,GOLAGHAT,GOLAGHAT,prepaid,20,,,,,,
477,,,,GOTOGO POST,8076536923,,07AQCPB1094R1ZM,110058,DELHI,DELHI,"COMMUNITY CENTRE , JANAK PLACE",LAKSHAY,9267958659,,786089,GOLAGHAT,GOLAGHAT,GOLAGHAT,prepaid,20,,,,,,
478,,,,GOTOGO POST,8076536923,,07AQCPB1094R1ZM,110058,DELHI,DELHI,"COMMUNITY CENTRE , JANAK PLACE",LAKSHAY,9267958659,,786090,GOLAGHAT,GOLAGHAT,GOLAGHAT,prepaid,20,,,,,,
479,,,,GOTOGO POST,8076536923,,07AQCPB1094R1ZM,110058,DELHI,DELHI,"COMMUNITY CENTRE , JANAK PLACE",LAKSHAY,9267958659,,786091,GOLAGHAT,GOLAGHAT,GOLAGHAT,prepaid,20,,,,,,
480,,,,GOTOGO POST,8076536923,,07AQCPB1094R1ZM,110058,DELHI,DELHI,"COMMUNITY CENTRE , JANAK PLACE",LAKSHAY,9267958659,,786092,GOLAGHAT,GOLAGHAT,GOLAGHAT,prepaid,20,,,,,,
481,,,,GOTOGO POST,8076536923,,07AQCPB1094R1ZM,110058,DELHI,DELHI,"COMMUNITY CENTRE , JANAK PLACE",LAKSHAY,9267958659,,786093,GOLAGHAT,GOLAGHAT,GOLAGHAT,prepaid,20,,,,,,
482,,,,GOTOGO POST,8076536923,,07AQCPB1094R1ZM,110058,DELHI,DELHI,"COMMUNITY CENTRE , JANAK PLACE",LAKSHAY,9267958659,,786094,GOLAGHAT,GOLAGHAT,GOLAGHAT,prepaid,20,,,,,,
483,,,,GOTOGO POST,8076536923,,07AQCPB1094R1ZM,110058,DELHI,DELHI,"COMMUNITY CENTRE , JANAK PLACE",LAKSHAY,9267958659,,786095,GOLAGHAT,GOLAGHAT,GOLAGHAT,prepaid,20,,,,,,
484,,,,GOTOGO POST,8076536923,,07AQCPB1094R1ZM,110058,DELHI,DELHI,"COMMUNITY CENTRE , JANAK PLACE",LAKSHAY,9267958659,,786096,GOLAGHAT,GOLAGHAT,GOLAGHAT,prepaid,20,,,,,,
485,,,,GOTOGO POST,8076536923,,07AQCPB1094R1ZM,110058,DELHI,DELHI,"COMMUNITY CENTRE , JANAK PLACE",LAKSHAY,9267958659,,786097,GOLAGHAT,GOLAGHAT,GOLAGHAT,prepaid,20,,,,,,
486,,,,GOTOGO POST,8076536923,,07AQCPB1094R1ZM,110058,DELHI,DELHI,"COMMUNITY CENTRE , JANAK PLACE",LAKSHAY,9267958659,,786098,GOLAGHAT,GOLAGHAT,GOLAGHAT,prepaid,20,,,,,,
487,,,,GOTOGO POST,8076536923,,07AQCPB1094R1ZM,110058,DELHI,DELHI,"COMMUNITY CENTRE , JANAK PLACE",LAKSHAY,9267958659,,786099,GOLAGHAT,GOLAGHAT,GOLAGHAT,prepaid,20,,,,,,
488,,,,GOTOGO POST,8076536923,,07AQCPB1094R1ZM,110058,DELHI,DELHI,"COMMUNITY CENTRE , JANAK PLACE",LAKSHAY,9267958659,,786100,GOLAGHAT,GOLAGHAT,GOLAGHAT,prepaid,20,,,,,,
489,,,,GOTOGO POST,8076536923,,07AQCPB1094R1ZM,110058,DELHI,DELHI,"COMMUNITY CENTRE , JANAK PLACE",LAKSHAY,9267958659,,786101,GOLAGHAT,GOLAGHAT,GOLAGHAT,prepaid,20,,,,,,
490,,,,GOTOGO POST,8076536923,,07AQCPB1094R1ZM,110058,DELHI,DELHI,"COMMUNITY CENTRE , JANAK PLACE",LAKSHAY,9267958659,,786102,GOLAGHAT,GOLAGHAT,GOLAGHAT,prepaid,20,,,,,,
491,,,,GOTOGO POST,8076536923,,07AQCPB1094R1ZM,110058,DELHI,DELHI,"COMMUNITY CENTRE , JANAK PLACE",LAKSHAY,9267958659,,786103,GOLAGHAT,GOLAGHAT,GOLAGHAT,prepaid,20,,,,,,
492,,,,GOTOGO POST,8076536923,,07AQCPB1094R1ZM,110058,DELHI,DELHI,"COMMUNITY CENTRE , JANAK PLACE",LAKSHAY,9267958659,,786104,GOLAGHAT,GOLAGHAT,GOLAGHAT,prepaid,20,,,,,,
493,,,,GOTOGO POST,8076536923,,07AQCPB1094R1ZM,110058,DELHI,DELHI,"COMMUNITY CENTRE , JANAK PLACE",LAKSHAY,9267958659,,786105,GOLAGHAT,GOLAGHAT,GOLAGHAT,prepaid,20,,,,,,
494,,,,GOTOGO POST,8076536923,,07AQCPB1094R1ZM,110058,DELHI,DELHI,"COMMUNITY CENTRE , JANAK PLACE",LAKSHAY,9267958659,,786106,GOLAGHAT,GOLAGHAT,GOLAGHAT,prepaid,20,,,,,,
495,,,,GOTOGO POST,8076536923,,07AQCPB1094R1ZM,110058,DELHI,DELHI,"COMMUNITY CENTRE , JANAK PLACE",LAKSHAY,9267958659,,786107,GOLAGHAT,GOLAGHAT,GOLAGHAT,prepaid,20,,,,,,
496,,,,GOTOGO POST,8076536923,,07AQCPB1094R1ZM,110058,DELHI,DELHI,"COMMUNITY CENTRE , JANAK PLACE",LAKSHAY,9267958659,,786108,GOLAGHAT,GOLAGHAT,GOLAGHAT,prepaid,20,,,,,,
497,,,,GOTOGO POST,8076536923,,07AQCPB1094R1ZM,110058,DELHI,DELHI,"COMMUNITY CENTRE , JANAK PLACE",LAKSHAY,9267958659,,786109,GOLAGHAT,GOLAGHAT,GOLAGHAT,prepaid,20,,,,,,
498,,,,GOTOGO POST,8076536923,,07AQCPB1094R1ZM,110058,DELHI,DELHI,"COMMUNITY CENTRE , JANAK PLACE",LAKSHAY,9267958659,,786110,GOLAGHAT,GOLAGHAT,GOLAGHAT,prepaid,20,,,,,,
499,,,,GOTOGO POST,8076536923,,07AQCPB1094R1ZM,110058,DELHI,DELHI,"COMMUNITY CENTRE , JANAK PLACE",LAKSHAY,9267958659,,786111,GOLAGHAT,GOLAGHAT,GOLAGHAT,prepaid,20,,,,,,
500,,,,GOTOGO POST,8076536923,,07AQCPB1094R1ZM,110058,DELHI,DELHI,"COMMUNITY CENTRE , JANAK PLACE",LAKSHAY,9267958659,,786112,GOLAGHAT,GOLAGHAT,GOLAGHAT,prepaid,20,,,,,,
501,,,,GOTOGO POST,8076536923,,07AQCPB1094R1ZM,110058,DELHI,DELHI,"COMMUNITY CENTRE , JANAK PLACE",LAKSHAY,9267958659,,786113,GOLAGHAT,GOLAGHAT,GOLAGHAT,prepaid,20,,,,,,
502,,,,GOTOGO POST,8076536923,,07AQCPB1094R1ZM,110058,DELHI,DELHI,"COMMUNITY CENTRE , JANAK PLACE",LAKSHAY,9267958659,,786114,GOLAGHAT,GOLAGHAT,GOLAGHAT,prepaid,20,,,,,,
503,,,,GOTOGO POST,8076536923,,07AQCPB1094R1ZM,110058,DELHI,DELHI,"COMMUNITY CENTRE , JANAK PLACE",LAKSHAY,9267958659,,786115,GOLAGHAT,GOLAGHAT,GOLAGHAT,prepaid,20,,,,,,
504,,,,GOTOGO POST,8076536923,,07AQCPB1094R1ZM,110058,DELHI,DELHI,"COMMUNITY CENTRE , JANAK PLACE",LAKSHAY,9267958659,,786116,GOLAGHAT,GOLAGHAT,GOLAGHAT,prepaid,20,,,,,,
505,,,,GOTOGO POST,8076536923,,07AQCPB1094R1ZM,110058,DELHI,DELHI,"COMMUNITY CENTRE , JANAK PLACE",LAKSHAY,9267958659,,786117,GOLAGHAT,GOLAGHAT,GOLAGHAT,prepaid,20,,,,,,
506,,,,GOTOGO POST,8076536923,,07AQCPB1094R1ZM,110058,DELHI,DELHI,"COMMUNITY CENTRE , JANAK PLACE",LAKSHAY,9267958659,,786118,GOLAGHAT,GOLAGHAT,GOLAGHAT,prepaid,20,,,,,,
507,,,,GOTOGO POST,8076536923,,07AQCPB1094R1ZM,110058,DELHI,DELHI,"COMMUNITY CENTRE , JANAK PLACE",LAKSHAY,9267958659,,786119,GOLAGHAT,GOLAGHAT,GOLAGHAT,prepaid,20,,,,,,
508,,,,GOTOGO POST,8076536923,,07AQCPB1094R1ZM,110058,DELHI,DELHI,"COMMUNITY CENTRE , JANAK PLACE",LAKSHAY,9267958659,,786120,GOLAGHAT,GOLAGHAT,GOLAGHAT,prepaid,20,,,,,,
509,,,,GOTOGO POST,8076536923,,07AQCPB1094R1ZM,110058,DELHI,DELHI,"COMMUNITY CENTRE , JANAK PLACE",LAKSHAY,9267958659,,786121,GOLAGHAT,GOLAGHAT,GOLAGHAT,prepaid,20,,,,,,
510,,,,GOTOGO POST,8076536923,,07AQCPB1094R1ZM,110058,DELHI,DELHI,"COMMUNITY CENTRE , JANAK PLACE",LAKSHAY,9267958659,,786122,GOLAGHAT,GOLAGHAT,GOLAGHAT,prepaid,20,,,,,,
511,,,,GOTOGO POST,8076536923,,07AQCPB1094R1ZM,110058,DELHI,DELHI,"COMMUNITY CENTRE , JANAK PLACE",LAKSHAY,9267958659,,786123,GOLAGHAT,GOLAGHAT,GOLAGHAT,prepaid,20,,,,,,
512,,,,GOTOGO POST,8076536923,,07AQCPB1094R1ZM,110058,DELHI,DELHI,"COMMUNITY CENTRE , JANAK PLACE",LAKSHAY,9267958659,,786124,GOLAGHAT,GOLAGHAT,GOLAGHAT,prepaid,20,,,,,,
513,,,,GOTOGO POST,8076536923,,07AQCPB1094R1ZM,110058,DELHI,DELHI,"COMMUNITY CENTRE , JANAK PLACE",LAKSHAY,9267958659,,786125,GOLAGHAT,GOLAGHAT,GOLAGHAT,prepaid,20,,,,,,
514,,,,GOTOGO POST,8076536923,,07AQCPB1094R1ZM,110058,DELHI,DELHI,"COMMUNITY CENTRE , JANAK PLACE",LAKSHAY,9267958659,,786126,GOLAGHAT,GOLAGHAT,GOLAGHAT,prepaid,20,,,,,,
515,,,,GOTOGO POST,8076536923,,07AQCPB1094R1ZM,110058,DELHI,DELHI,"COMMUNITY CENTRE , JANAK PLACE",LAKSHAY,9267958659,,786127,GOLAGHAT,GOLAGHAT,GOLAGHAT,prepaid,20,,,,,,
516,,,,GOTOGO POST,8076536923,,07AQCPB1094R1ZM,110058,DELHI,DELHI,"COMMUNITY CENTRE , JANAK PLACE",LAKSHAY,9267958659,,786128,GOLAGHAT,GOLAGHAT,GOLAGHAT,prepaid,20,,,,,,
517,,,,GOTOGO POST,8076536923,,07AQCPB1094R1ZM,110058,DELHI,DELHI,"COMMUNITY CENTRE , JANAK PLACE",LAKSHAY,9267958659,,786129,GOLAGHAT,GOLAGHAT,GOLAGHAT,prepaid,20,,,,,,
518,,,,GOTOGO POST,8076536923,,07AQCPB1094R1ZM,110058,DELHI,DELHI,"COMMUNITY CENTRE , JANAK PLACE",LAKSHAY,9267958659,,786130,GOLAGHAT,GOLAGHAT,GOLAGHAT,prepaid,20,,,,,,
519,,,,GOTOGO POST,8076536923,,07AQCPB1094R1ZM,110058,DELHI,DELHI,"COMMUNITY CENTRE , JANAK PLACE",LAKSHAY,9267958659,,786131,GOLAGHAT,GOLAGHAT,GOLAGHAT,prepaid,20,,,,,,
520,,,,GOTOGO POST,8076536923,,07AQCPB1094R1ZM,110058,DELHI,DELHI,"COMMUNITY CENTRE , JANAK PLACE",LAKSHAY,9267958659,,786132,GOLAGHAT,GOLAGHAT,GOLAGHAT,prepaid,20,,,,,,
521,,,,GOTOGO POST,8076536923,,07AQCPB1094R1ZM,110058,DELHI,DELHI,"COMMUNITY CENTRE , JANAK PLACE",LAKSHAY,9267958659,,786133,GOLAGHAT,GOLAGHAT,GOLAGHAT,prepaid,20,,,,,,
522,,,,GOTOGO POST,8076536923,,07AQCPB1094R1ZM,110058,DELHI,DELHI,"COMMUNITY CENTRE , JANAK PLACE",LAKSHAY,9267958659,,786134,GOLAGHAT,GOLAGHAT,GOLAGHAT,prepaid,20,,,,,,
523,,,,GOTOGO POST,8076536923,,07AQCPB1094R1ZM,110058,DELHI,DELHI,"COMMUNITY CENTRE , JANAK PLACE",LAKSHAY,9267958659,,786135,GOLAGHAT,GOLAGHAT,GOLAGHAT,prepaid,20,,,,,,
524,,,,GOTOGO POST,8076536923,,07AQCPB1094R1ZM,110058,DELHI,DELHI,"COMMUNITY CENTRE , JANAK PLACE",LAKSHAY,9267958659,,786136,GOLAGHAT,GOLAGHAT,GOLAGHAT,prepaid,20,,,,,,
525,,,,GOTOGO POST,8076536923,,07AQCPB1094R1ZM,110058,DELHI,DELHI,"COMMUNITY CENTRE , JANAK PLACE",LAKSHAY,9267958659,,786137,GOLAGHAT,GOLAGHAT,GOLAGHAT,prepaid,20,,,,,,
526,,,,GOTOGO POST,8076536923,,07AQCPB1094R1ZM,110058,DELHI,DELHI,"COMMUNITY CENTRE , JANAK PLACE",LAKSHAY,9267958659,,786138,GOLAGHAT,GOLAGHAT,GOLAGHAT,prepaid,20,,,,,,
527,,,,GOTOGO POST,8076536923,,07AQCPB1094R1ZM,110058,DELHI,DELHI,"COMMUNITY CENTRE , JANAK PLACE",LAKSHAY,9267958659,,786139,GOLAGHAT,GOLAGHAT,GOLAGHAT,prepaid,20,,,,,,
528,,,,GOTOGO POST,8076536923,,07AQCPB1094R1ZM,110058,DELHI,DELHI,"COMMUNITY CENTRE , JANAK PLACE",LAKSHAY,9267958659,,786140,GOLAGHAT,GOLAGHAT,GOLAGHAT,prepaid,20,,,,,,
529,,,,GOTOGO POST,8076536923,,07AQCPB1094R1ZM,110058,DELHI,DELHI,"COMMUNITY CENTRE , JANAK PLACE",LAKSHAY,9267958659,,786141,GOLAGHAT,GOLAGHAT,GOLAGHAT,prepaid,20,,,,,,
530,,,,GOTOGO POST,8076536923,,07AQCPB1094R1ZM,110058,DELHI,DELHI,"COMMUNITY CENTRE , JANAK PLACE",LAKSHAY,9267958659,,786142,GOLAGHAT,GOLAGHAT,GOLAGHAT,prepaid,20,,,,,,
531,,,,GOTOGO POST,8076536923,,07AQCPB1094R1ZM,110058,DELHI,DELHI,"COMMUNITY CENTRE , JANAK PLACE",LAKSHAY,9267958659,,786143,GOLAGHAT,GOLAGHAT,GOLAGHAT,prepaid,20,,,,,,
532,,,,GOTOGO POST,8076536923,,07AQCPB1094R1ZM,110058,DELHI,DELHI,"COMMUNITY CENTRE , JANAK PLACE",LAKSHAY,9267958659,,786144,GOLAGHAT,GOLAGHAT,GOLAGHAT,prepaid,20,,,,,,
533,,,,GOTOGO POST,8076536923,,07AQCPB1094R1ZM,110058,DELHI,DELHI,"COMMUNITY CENTRE , JANAK PLACE",LAKSHAY,9267958659,,786145,GOLAGHAT,GOLAGHAT,GOLAGHAT,prepaid,20,,,,,,
534,,,,GOTOGO POST,8076536923,,07AQCPB1094R1ZM,110058,DELHI,DELHI,"COMMUNITY CENTRE , JANAK PLACE",LAKSHAY,9267958659,,786146,GOLAGHAT,GOLAGHAT,GOLAGHAT,prepaid,20,,,,,,
535,,,,GOTOGO POST,8076536923,,07AQCPB1094R1ZM,110058,DELHI,DELHI,"COMMUNITY CENTRE , JANAK PLACE",LAKSHAY,9267958659,,786147,GOLAGHAT,GOLAGHAT,GOLAGHAT,prepaid,20,,,,,,
536,,,,GOTOGO POST,8076536923,,07AQCPB1094R1ZM,110058,DELHI,DELHI,"COMMUNITY CENTRE , JANAK PLACE",LAKSHAY,9267958659,,786148,GOLAGHAT,GOLAGHAT,GOLAGHAT,prepaid,20,,,,,,
537,,,,GOTOGO POST,8076536923,,07AQCPB1094R1ZM,110058,DELHI,DELHI,"COMMUNITY CENTRE , JANAK PLACE",LAKSHAY,9267958659,,786149,GOLAGHAT,GOLAGHAT,GOLAGHAT,prepaid,20,,,,,,
538,,,,GOTOGO POST,8076536923,,07AQCPB1094R1ZM,110058,DELHI,DELHI,"COMMUNITY CENTRE , JANAK PLACE",LAKSHAY,9267958659,,786150,GOLAGHAT,GOLAGHAT,GOLAGHAT,prepaid,20,,,,,,
539,,,,GOTOGO POST,8076536923,,07AQCPB1094R1ZM,110058,DELHI,DELHI,"COMMUNITY CENTRE , JANAK PLACE",LAKSHAY,9267958659,,786151,GOLAGHAT,GOLAGHAT,GOLAGHAT,prepaid,20,,,,,,
540,,,,GOTOGO POST,8076536923,,07AQCPB1094R1ZM,110058,DELHI,DELHI,"COMMUNITY CENTRE , JANAK PLACE",LAKSHAY,9267958659,,786152,GOLAGHAT,GOLAGHAT,GOLAGHAT,prepaid,20,,,,,,
541,,,,GOTOGO POST,8076536923,,07AQCPB1094R1ZM,110058,DELHI,DELHI,"COMMUNITY CENTRE , JANAK PLACE",LAKSHAY,9267958659,,786153,GOLAGHAT,GOLAGHAT,GOLAGHAT,prepaid,20,,,,,,
542,,,,GOTOGO POST,8076536923,,07AQCPB1094R1ZM,110058,DELHI,DELHI,"COMMUNITY CENTRE , JANAK PLACE",LAKSHAY,9267958659,,786154,GOLAGHAT,GOLAGHAT,GOLAGHAT,prepaid,20,,,,,,
543,,,,GOTOGO POST,8076536923,,07AQCPB1094R1ZM,110058,DELHI,DELHI,"COMMUNITY CENTRE , JANAK PLACE",LAKSHAY,9267958659,,786155,GOLAGHAT,GOLAGHAT,GOLAGHAT,prepaid,20,,,,,,
544,,,,GOTOGO POST,8076536923,,07AQCPB1094R1ZM,110058,DELHI,DELHI,"COMMUNITY CENTRE , JANAK PLACE",LAKSHAY,9267958659,,786156,GOLAGHAT,GOLAGHAT,GOLAGHAT,prepaid,20,,,,,,
545,,,,GOTOGO POST,8076536923,,07AQCPB1094R1ZM,110058,DELHI,DELHI,"COMMUNITY CENTRE , JANAK PLACE",LAKSHAY,9267958659,,786157,GOLAGHAT,GOLAGHAT,GOLAGHAT,prepaid,20,,,,,,
546,,,,GOTOGO POST,8076536923,,07AQCPB1094R1ZM,110058,DELHI,DELHI,"COMMUNITY CENTRE , JANAK PLACE",LAKSHAY,9267958659,,786158,GOLAGHAT,GOLAGHAT,GOLAGHAT,prepaid,20,,,,,,
547,,,,GOTOGO POST,8076536923,,07AQCPB1094R1ZM,110058,DELHI,DELHI,"COMMUNITY CENTRE , JANAK PLACE",LAKSHAY,9267958659,,786159,GOLAGHAT,GOLAGHAT,GOLAGHAT,prepaid,20,,,,,,
548,,,,GOTOGO POST,8076536923,,07AQCPB1094R1ZM,110058,DELHI,DELHI,"COMMUNITY CENTRE , JANAK PLACE",LAKSHAY,9267958659,,786160,GOLAGHAT,GOLAGHAT,GOLAGHAT,prepaid,20,,,,,,
549,,,,GOTOGO POST,8076536923,,07AQCPB1094R1ZM,110058,DELHI,DELHI,"COMMUNITY CENTRE , JANAK PLACE",LAKSHAY,9267958659,,786161,GOLAGHAT,GOLAGHAT,GOLAGHAT,prepaid,20,,,,,,
550,,,,GOTOGO POST,8076536923,,07AQCPB1094R1ZM,110058,DELHI,DELHI,"COMMUNITY CENTRE , JANAK PLACE",LAKSHAY,9267958659,,786162,GOLAGHAT,GOLAGHAT,GOLAGHAT,prepaid,20,,,,,,
551,,,,GOTOGO POST,8076536923,,07AQCPB1094R1ZM,110058,DELHI,DELHI,"COMMUNITY CENTRE , JANAK PLACE",LAKSHAY,9267958659,,786163,GOLAGHAT,GOLAGHAT,GOLAGHAT,prepaid,20,,,,,,
552,,,,GOTOGO POST,8076536923,,07AQCPB1094R1ZM,110058,DELHI,DELHI,"COMMUNITY CENTRE , JANAK PLACE",LAKSHAY,9267958659,,786164,GOLAGHAT,GOLAGHAT,GOLAGHAT,prepaid,20,,,,,,
553,,,,GOTOGO POST,8076536923,,07AQCPB1094R1ZM,110058,DELHI,DELHI,"COMMUNITY CENTRE , JANAK PLACE",LAKSHAY,9267958659,,786165,GOLAGHAT,GOLAGHAT,GOLAGHAT,prepaid,20,,,,,,
554,,,,GOTOGO POST,8076536923,,07AQCPB1094R1ZM,110058,DELHI,DELHI,"COMMUNITY CENTRE , JANAK PLACE",LAKSHAY,9267958659,,786166,GOLAGHAT,GOLAGHAT,GOLAGHAT,prepaid,20,,,,,,
555,,,,GOTOGO POST,8076536923,,07AQCPB1094R1ZM,110058,DELHI,DELHI,"COMMUNITY CENTRE , JANAK PLACE",LAKSHAY,9267958659,,786167,GOLAGHAT,GOLAGHAT,GOLAGHAT,prepaid,20,,,,,,
556,,,,GOTOGO POST,8076536923,,07AQCPB1094R1ZM,110058,DELHI,DELHI,"COMMUNITY CENTRE , JANAK PLACE",LAKSHAY,9267958659,,786168,GOLAGHAT,GOLAGHAT,GOLAGHAT,prepaid,20,,,,,,
557,,,,GOTOGO POST,8076536923,,07AQCPB1094R1ZM,110058,DELHI,DELHI,"COMMUNITY CENTRE , JANAK PLACE",LAKSHAY,9267958659,,786169,GOLAGHAT,GOLAGHAT,GOLAGHAT,prepaid,20,,,,,,
558,,,,GOTOGO POST,8076536923,,07AQCPB1094R1ZM,110058,DELHI,DELHI,"COMMUNITY CENTRE , JANAK PLACE",LAKSHAY,9267958659,,786170,GOLAGHAT,GOLAGHAT,GOLAGHAT,prepaid,20,,,,,,
559,,,,GOTOGO POST,8076536923,,07AQCPB1094R1ZM,110058,DELHI,DELHI,"COMMUNITY CENTRE , JANAK PLACE",LAKSHAY,9267958659,,786171,GOLAGHAT,GOLAGHAT,GOLAGHAT,prepaid,20,,,,,,
560,,,,GOTOGO POST,8076536923,,07AQCPB1094R1ZM,110058,DELHI,DELHI,"COMMUNITY CENTRE , JANAK PLACE",LAKSHAY,9267958659,,786172,GOLAGHAT,GOLAGHAT,GOLAGHAT,prepaid,20,,,,,,
561,,,,GOTOGO POST,8076536923,,07AQCPB1094R1ZM,110058,DELHI,DELHI,"COMMUNITY CENTRE , JANAK PLACE",LAKSHAY,9267958659,,786173,GOLAGHAT,GOLAGHAT,GOLAGHAT,prepaid,20,,,,,,
562,,,,GOTOGO POST,8076536923,,07AQCPB1094R1ZM,110058,DELHI,DELHI,"COMMUNITY CENTRE , JANAK PLACE",LAKSHAY,9267958659,,786174,GOLAGHAT,GOLAGHAT,GOLAGHAT,prepaid,20,,,,,,
563,,,,GOTOGO POST,8076536923,,07AQCPB1094R1ZM,110058,DELHI,DELHI,"COMMUNITY CENTRE , JANAK PLACE",LAKSHAY,9267958659,,786175,GOLAGHAT,GOLAGHAT,GOLAGHAT,prepaid,20,,,,,,
564,,,,GOTOGO POST,8076536923,,07AQCPB1094R1ZM,110058,DELHI,DELHI,"COMMUNITY CENTRE , JANAK PLACE",LAKSHAY,9267958659,,786176,GOLAGHAT,GOLAGHAT,GOLAGHAT,prepaid,20,,,,,,
565,,,,GOTOGO POST,8076536923,,07AQCPB1094R1ZM,110058,DELHI,DELHI,"COMMUNITY CENTRE , JANAK PLACE",LAKSHAY,9267958659,,786177,GOLAGHAT,GOLAGHAT,GOLAGHAT,prepaid,20,,,,,,
566,,,,GOTOGO POST,8076536923,,07AQCPB1094R1ZM,110058,DELHI,DELHI,"COMMUNITY CENTRE , JANAK PLACE",LAKSHAY,9267958659,,786178,GOLAGHAT,GOLAGHAT,GOLAGHAT,prepaid,20,,,,,,
567,,,,GOTOGO POST,8076536923,,07AQCPB1094R1ZM,110058,DELHI,DELHI,"COMMUNITY CENTRE , JANAK PLACE",LAKSHAY,9267958659,,786179,GOLAGHAT,GOLAGHAT,GOLAGHAT,prepaid,20,,,,,,
568,,,,GOTOGO POST,8076536923,,07AQCPB1094R1ZM,110058,DELHI,DELHI,"COMMUNITY CENTRE , JANAK PLACE",LAKSHAY,9267958659,,786180,GOLAGHAT,GOLAGHAT,GOLAGHAT,prepaid,20,,,,,,
569,,,,GOTOGO POST,8076536923,,07AQCPB1094R1ZM,110058,DELHI,DELHI,"COMMUNITY CENTRE , JANAK PLACE",LAKSHAY,9267958659,,786181,GOLAGHAT,GOLAGHAT,GOLAGHAT,prepaid,20,,,,,,
570,,,,GOTOGO POST,8076536923,,07AQCPB1094R1ZM,110058,DELHI,DELHI,"COMMUNITY CENTRE , JANAK PLACE",LAKSHAY,9267958659,,786182,GOLAGHAT,GOLAGHAT,GOLAGHAT,prepaid,20,,,,,,
571,,,,GOTOGO POST,8076536923,,07AQCPB1094R1ZM,110058,DELHI,DELHI,"COMMUNITY CENTRE , JANAK PLACE",LAKSHAY,9267958659,,786183,GOLAGHAT,GOLAGHAT,GOLAGHAT,prepaid,20,,,,,,
572,,,,GOTOGO POST,8076536923,,07AQCPB1094R1ZM,110058,DELHI,DELHI,"COMMUNITY CENTRE , JANAK PLACE",LAKSHAY,9267958659,,786184,GOLAGHAT,GOLAGHAT,GOLAGHAT,prepaid,20,,,,,,
573,,,,GOTOGO POST,8076536923,,07AQCPB1094R1ZM,110058,DELHI,DELHI,"COMMUNITY CENTRE , JANAK PLACE",LAKSHAY,9267958659,,786185,GOLAGHAT,GOLAGHAT,GOLAGHAT,prepaid,20,,,,,,
574,,,,GOTOGO POST,8076536923,,07AQCPB1094R1ZM,110058,DELHI,DELHI,"COMMUNITY CENTRE , JANAK PLACE",LAKSHAY,9267958659,,786186,GOLAGHAT,GOLAGHAT,GOLAGHAT,prepaid,20,,,,,,
575,,,,GOTOGO POST,8076536923,,07AQCPB1094R1ZM,110058,DELHI,DELHI,"COMMUNITY CENTRE , JANAK PLACE",LAKSHAY,9267958659,,786187,GOLAGHAT,GOLAGHAT,GOLAGHAT,prepaid,20,,,,,,
576,,,,GOTOGO POST,8076536923,,07AQCPB1094R1ZM,110058,DELHI,DELHI,"COMMUNITY CENTRE , JANAK PLACE",LAKSHAY,9267958659,,786188,GOLAGHAT,GOLAGHAT,GOLAGHAT,prepaid,20,,,,,,
577,,,,GOTOGO POST,8076536923,,07AQCPB1094R1ZM,110058,DELHI,DELHI,"COMMUNITY CENTRE , JANAK PLACE",LAKSHAY,9267958659,,786189,GOLAGHAT,GOLAGHAT,GOLAGHAT,prepaid,20,,,,,,
578,,,,GOTOGO POST,8076536923,,07AQCPB1094R1ZM,110058,DELHI,DELHI,"COMMUNITY CENTRE , JANAK PLACE",LAKSHAY,9267958659,,786190,GOLAGHAT,GOLAGHAT,GOLAGHAT,prepaid,20,,,,,,
579,,,,GOTOGO POST,8076536923,,07AQCPB1094R1ZM,110058,DELHI,DELHI,"COMMUNITY CENTRE , JANAK PLACE",LAKSHAY,9267958659,,786191,GOLAGHAT,GOLAGHAT,GOLAGHAT,prepaid,20,,,,,,
580,,,,GOTOGO POST,8076536923,,07AQCPB1094R1ZM,110058,DELHI,DELHI,"COMMUNITY CENTRE , JANAK PLACE",LAKSHAY,9267958659,,786192,GOLAGHAT,GOLAGHAT,GOLAGHAT,prepaid,20,,,,,,
581,,,,GOTOGO POST,8076536923,,07AQCPB1094R1ZM,110058,DELHI,DELHI,"COMMUNITY CENTRE , JANAK PLACE",LAKSHAY,9267958659,,786193,GOLAGHAT,GOLAGHAT,GOLAGHAT,prepaid,20,,,,,,
582,,,,GOTOGO POST,8076536923,,07AQCPB1094R1ZM,110058,DELHI,DELHI,"COMMUNITY CENTRE , JANAK PLACE",LAKSHAY,9267958659,,786194,GOLAGHAT,GOLAGHAT,GOLAGHAT,prepaid,20,,,,,,
583,,,,GOTOGO POST,8076536923,,07AQCPB1094R1ZM,110058,DELHI,DELHI,"COMMUNITY CENTRE , JANAK PLACE",LAKSHAY,9267958659,,786195,GOLAGHAT,GOLAGHAT,GOLAGHAT,prepaid,20,,,,,,
584,,,,GOTOGO POST,8076536923,,07AQCPB1094R1ZM,110058,DELHI,DELHI,"COMMUNITY CENTRE , JANAK PLACE",LAKSHAY,9267958659,,786196,GOLAGHAT,GOLAGHAT,GOLAGHAT,prepaid,20,,,,,,
585,,,,GOTOGO POST,8076536923,,07AQCPB1094R1ZM,110058,DELHI,DELHI,"COMMUNITY CENTRE , JANAK PLACE",LAKSHAY,9267958659,,786197,GOLAGHAT,GOLAGHAT,GOLAGHAT,prepaid,20,,,,,,
586,,,,GOTOGO POST,8076536923,,07AQCPB1094R1ZM,110058,DELHI,DELHI,"COMMUNITY CENTRE , JANAK PLACE",LAKSHAY,9267958659,,786198,GOLAGHAT,GOLAGHAT,GOLAGHAT,prepaid,20,,,,,,
587,,,,GOTOGO POST,8076536923,,07AQCPB1094R1ZM,110058,DELHI,DELHI,"COMMUNITY CENTRE , JANAK PLACE",LAKSHAY,9267958659,,786199,GOLAGHAT,GOLAGHAT,GOLAGHAT,prepaid,20,,,,,,
588,,,,GOTOGO POST,8076536923,,07AQCPB1094R1ZM,110058,DELHI,DELHI,"COMMUNITY CENTRE , JANAK PLACE",LAKSHAY,9267958659,,786200,GOLAGHAT,GOLAGHAT,GOLAGHAT,prepaid,20,,,,,,
589,,,,GOTOGO POST,8076536923,,07AQCPB1094R1ZM,110058,DELHI,DELHI,"COMMUNITY CENTRE , JANAK PLACE",LAKSHAY,9267958659,,786201,GOLAGHAT,GOLAGHAT,GOLAGHAT,prepaid,20,,,,,,
590,,,,GOTOGO POST,8076536923,,07AQCPB1094R1ZM,110058,DELHI,DELHI,"COMMUNITY CENTRE , JANAK PLACE",LAKSHAY,9267958659,,786202,GOLAGHAT,GOLAGHAT,GOLAGHAT,prepaid,20,,,,,,
591,,,,GOTOGO POST,8076536923,,07AQCPB1094R1ZM,110058,DELHI,DELHI,"COMMUNITY CENTRE , JANAK PLACE",LAKSHAY,9267958659,,786203,GOLAGHAT,GOLAGHAT,GOLAGHAT,prepaid,20,,,,,,
592,,,,GOTOGO POST,8076536923,,07AQCPB1094R1ZM,110058,DELHI,DELHI,"COMMUNITY CENTRE , JANAK PLACE",LAKSHAY,9267958659,,786204,GOLAGHAT,GOLAGHAT,GOLAGHAT,prepaid,20,,,,,,
593,,,,GOTOGO POST,8076536923,,07AQCPB1094R1ZM,110058,DELHI,DELHI,"COMMUNITY CENTRE , JANAK PLACE",LAKSHAY,9267958659,,786205,GOLAGHAT,GOLAGHAT,GOLAGHAT,prepaid,20,,,,,,
594,,,,GOTOGO POST,8076536923,,07AQCPB1094R1ZM,110058,DELHI,DELHI,"COMMUNITY CENTRE , JANAK PLACE",LAKSHAY,9267958659,,786206,GOLAGHAT,GOLAGHAT,GOLAGHAT,prepaid,20,,,,,,
595,,,,GOTOGO POST,8076536923,,07AQCPB1094R1ZM,110058,DELHI,DELHI,"COMMUNITY CENTRE , JANAK PLACE",LAKSHAY,9267958659,,786207,GOLAGHAT,GOLAGHAT,GOLAGHAT,prepaid,20,,,,,,
596,,,,GOTOGO POST,8076536923,,07AQCPB1094R1ZM,110058,DELHI,DELHI,"COMMUNITY CENTRE , JANAK PLACE",LAKSHAY,9267958659,,786208,GOLAGHAT,GOLAGHAT,GOLAGHAT,prepaid,20,,,,,,
597,,,,GOTOGO POST,8076536923,,07AQCPB1094R1ZM,110058,DELHI,DELHI,"COMMUNITY CENTRE , JANAK PLACE",LAKSHAY,9267958659,,786209,GOLAGHAT,GOLAGHAT,GOLAGHAT,prepaid,20,,,,,,
598,,,,GOTOGO POST,8076536923,,07AQCPB1094R1ZM,110058,DELHI,DELHI,"COMMUNITY CENTRE , JANAK PLACE",LAKSHAY,9267958659,,786210,GOLAGHAT,GOLAGHAT,GOLAGHAT,prepaid,20,,,,,,
599,,,,GOTOGO POST,8076536923,,07AQCPB1094R1ZM,110058,DELHI,DELHI,"COMMUNITY CENTRE , JANAK PLACE",LAKSHAY,9267958659,,786211,GOLAGHAT,GOLAGHAT,GOLAGHAT,prepaid,20,,,,,,
600,,,,GOTOGO POST,8076536923,,07AQCPB1094R1ZM,110058,DELHI,DELHI,"COMMUNITY CENTRE , JANAK PLACE",LAKSHAY,9267958659,,786212,GOLAGHAT,GOLAGHAT,GOLAGHAT,prepaid,20,,,,,,
601,,,,GOTOGO POST,8076536923,,07AQCPB1094R1ZM,110058,DELHI,DELHI,"COMMUNITY CENTRE , JANAK PLACE",LAKSHAY,9267958659,,786213,GOLAGHAT,GOLAGHAT,GOLAGHAT,prepaid,20,,,,,,
602,,,,GOTOGO POST,8076536923,,07AQCPB1094R1ZM,110058,DELHI,DELHI,"COMMUNITY CENTRE , JANAK PLACE",LAKSHAY,9267958659,,786214,GOLAGHAT,GOLAGHAT,GOLAGHAT,prepaid,20,,,,,,
603,,,,GOTOGO POST,8076536923,,07AQCPB1094R1ZM,110058,DELHI,DELHI,"COMMUNITY CENTRE , JANAK PLACE",LAKSHAY,9267958659,,786215,GOLAGHAT,GOLAGHAT,GOLAGHAT,prepaid,20,,,,,,
604,,,,GOTOGO POST,8076536923,,07AQCPB1094R1ZM,110058,DELHI,DELHI,"COMMUNITY CENTRE , JANAK PLACE",LAKSHAY,9267958659,,786216,GOLAGHAT,GOLAGHAT,GOLAGHAT,prepaid,20,,,,,,
605,,,,GOTOGO POST,8076536923,,07AQCPB1094R1ZM,110058,DELHI,DELHI,"COMMUNITY CENTRE , JANAK PLACE",LAKSHAY,9267958659,,786217,GOLAGHAT,GOLAGHAT,GOLAGHAT,prepaid,20,,,,,,
606,,,,GOTOGO POST,8076536923,,07AQCPB1094R1ZM,110058,DELHI,DELHI,"COMMUNITY CENTRE , JANAK PLACE",LAKSHAY,9267958659,,786218,GOLAGHAT,GOLAGHAT,GOLAGHAT,prepaid,20,,,,,,
607,,,,GOTOGO POST,8076536923,,07AQCPB1094R1ZM,110058,DELHI,DELHI,"COMMUNITY CENTRE , JANAK PLACE",LAKSHAY,9267958659,,786219,GOLAGHAT,GOLAGHAT,GOLAGHAT,prepaid,20,,,,,,
608,,,,GOTOGO POST,8076536923,,07AQCPB1094R1ZM,110058,DELHI,DELHI,"COMMUNITY CENTRE , JANAK PLACE",LAKSHAY,9267958659,,786220,GOLAGHAT,GOLAGHAT,GOLAGHAT,prepaid,20,,,,,,
609,,,,GOTOGO POST,8076536923,,07AQCPB1094R1ZM,110058,DELHI,DELHI,"COMMUNITY CENTRE , JANAK PLACE",LAKSHAY,9267958659,,786221,GOLAGHAT,GOLAGHAT,GOLAGHAT,prepaid,20,,,,,,
610,,,,GOTOGO POST,8076536923,,07AQCPB1094R1ZM,110058,DELHI,DELHI,"COMMUNITY CENTRE , JANAK PLACE",LAKSHAY,9267958659,,786222,GOLAGHAT,GOLAGHAT,GOLAGHAT,prepaid,20,,,,,,
611,,,,GOTOGO POST,8076536923,,07AQCPB1094R1ZM,110058,DELHI,DELHI,"COMMUNITY CENTRE , JANAK PLACE",LAKSHAY,9267958659,,786223,GOLAGHAT,GOLAGHAT,GOLAGHAT,prepaid,20,,,,,,
612,,,,GOTOGO POST,8076536923,,07AQCPB1094R1ZM,110058,DELHI,DELHI,"COMMUNITY CENTRE , JANAK PLACE",LAKSHAY,9267958659,,786224,GOLAGHAT,GOLAGHAT,GOLAGHAT,prepaid,20,,,,,,
613,,,,GOTOGO POST,8076536923,,07AQCPB1094R1ZM,110058,DELHI,DELHI,"COMMUNITY CENTRE , JANAK PLACE",LAKSHAY,9267958659,,786225,GOLAGHAT,GOLAGHAT,GOLAGHAT,prepaid,20,,,,,,
614,,,,GOTOGO POST,8076536923,,07AQCPB1094R1ZM,110058,DELHI,DELHI,"COMMUNITY CENTRE , JANAK PLACE",LAKSHAY,9267958659,,786226,GOLAGHAT,GOLAGHAT,GOLAGHAT,prepaid,20,,,,,,
615,,,,GOTOGO POST,8076536923,,07AQCPB1094R1ZM,110058,DELHI,DELHI,"COMMUNITY CENTRE , JANAK PLACE",LAKSHAY,9267958659,,786227,GOLAGHAT,GOLAGHAT,GOLAGHAT,prepaid,20,,,,,,
616,,,,GOTOGO POST,8076536923,,07AQCPB1094R1ZM,110058,DELHI,DELHI,"COMMUNITY CENTRE , JANAK PLACE",LAKSHAY,9267958659,,786228,GOLAGHAT,GOLAGHAT,GOLAGHAT,prepaid,20,,,,,,
617,,,,GOTOGO POST,8076536923,,07AQCPB1094R1ZM,110058,DELHI,DELHI,"COMMUNITY CENTRE , JANAK PLACE",LAKSHAY,9267958659,,786229,GOLAGHAT,GOLAGHAT,GOLAGHAT,prepaid,20,,,,,,
618,,,,GOTOGO POST,8076536923,,07AQCPB1094R1ZM,110058,DELHI,DELHI,"COMMUNITY CENTRE , JANAK PLACE",LAKSHAY,9267958659,,786230,GOLAGHAT,GOLAGHAT,GOLAGHAT,prepaid,20,,,,,,
619,,,,GOTOGO POST,8076536923,,07AQCPB1094R1ZM,110058,DELHI,DELHI,"COMMUNITY CENTRE , JANAK PLACE",LAKSHAY,9267958659,,786231,GOLAGHAT,GOLAGHAT,GOLAGHAT,prepaid,20,,,,,,
620,,,,GOTOGO POST,8076536923,,07AQCPB1094R1ZM,110058,DELHI,DELHI,"COMMUNITY CENTRE , JANAK PLACE",LAKSHAY,9267958659,,786232,GOLAGHAT,GOLAGHAT,GOLAGHAT,prepaid,20,,,,,,
621,,,,GOTOGO POST,8076536923,,07AQCPB1094R1ZM,110058,DELHI,DELHI,"COMMUNITY CENTRE , JANAK PLACE",LAKSHAY,9267958659,,786233,GOLAGHAT,GOLAGHAT,GOLAGHAT,prepaid,20,,,,,,
622,,,,GOTOGO POST,8076536923,,07AQCPB1094R1ZM,110058,DELHI,DELHI,"COMMUNITY CENTRE , JANAK PLACE",LAKSHAY,9267958659,,786234,GOLAGHAT,GOLAGHAT,GOLAGHAT,prepaid,20,,,,,,
623,,,,GOTOGO POST,8076536923,,07AQCPB1094R1ZM,110058,DELHI,DELHI,"COMMUNITY CENTRE , JANAK PLACE",LAKSHAY,9267958659,,786235,GOLAGHAT,GOLAGHAT,GOLAGHAT,prepaid,20,,,,,,
624,,,,GOTOGO POST,8076536923,,07AQCPB1094R1ZM,110058,DELHI,DELHI,"COMMUNITY CENTRE , JANAK PLACE",LAKSHAY,9267958659,,786236,GOLAGHAT,GOLAGHAT,GOLAGHAT,prepaid,20,,,,,,
625,,,,GOTOGO POST,8076536923,,07AQCPB1094R1ZM,110058,DELHI,DELHI,"COMMUNITY CENTRE , JANAK PLACE",LAKSHAY,9267958659,,786237,GOLAGHAT,GOLAGHAT,GOLAGHAT,prepaid,20,,,,,,
626,,,,GOTOGO POST,8076536923,,07AQCPB1094R1ZM,110058,DELHI,DELHI,"COMMUNITY CENTRE , JANAK PLACE",LAKSHAY,9267958659,,786238,GOLAGHAT,GOLAGHAT,GOLAGHAT,prepaid,20,,,,,,
627,,,,GOTOGO POST,8076536923,,07AQCPB1094R1ZM,110058,DELHI,DELHI,"COMMUNITY CENTRE , JANAK PLACE",LAKSHAY,9267958659,,786239,GOLAGHAT,GOLAGHAT,GOLAGHAT,prepaid,20,,,,,,
628,,,,GOTOGO POST,8076536923,,07AQCPB1094R1ZM,110058,DELHI,DELHI,"COMMUNITY CENTRE , JANAK PLACE",LAKSHAY,9267958659,,786240,GOLAGHAT,GOLAGHAT,GOLAGHAT,prepaid,20,,,,,,
629,,,,GOTOGO POST,8076536923,,07AQCPB1094R1ZM,110058,DELHI,DELHI,"COMMUNITY CENTRE , JANAK PLACE",LAKSHAY,9267958659,,786241,GOLAGHAT,GOLAGHAT,GOLAGHAT,prepaid,20,,,,,,
630,,,,GOTOGO POST,8076536923,,07AQCPB1094R1ZM,110058,DELHI,DELHI,"COMMUNITY CENTRE , JANAK PLACE",LAKSHAY,9267958659,,786242,GOLAGHAT,GOLAGHAT,GOLAGHAT,prepaid,20,,,,,,
631,,,,GOTOGO POST,8076536923,,07AQCPB1094R1ZM,110058,DELHI,DELHI,"COMMUNITY CENTRE , JANAK PLACE",LAKSHAY,9267958659,,786243,GOLAGHAT,GOLAGHAT,GOLAGHAT,prepaid,20,,,,,,
632,,,,GOTOGO POST,8076536923,,07AQCPB1094R1ZM,110058,DELHI,DELHI,"COMMUNITY CENTRE , JANAK PLACE",LAKSHAY,9267958659,,786244,GOLAGHAT,GOLAGHAT,GOLAGHAT,prepaid,20,,,,,,
633,,,,GOTOGO POST,8076536923,,07AQCPB1094R1ZM,110058,DELHI,DELHI,"COMMUNITY CENTRE , JANAK PLACE",LAKSHAY,9267958659,,786245,GOLAGHAT,GOLAGHAT,GOLAGHAT,prepaid,20,,,,,,
634,,,,GOTOGO POST,8076536923,,07AQCPB1094R1ZM,110058,DELHI,DELHI,"COMMUNITY CENTRE , JANAK PLACE",LAKSHAY,9267958659,,786246,GOLAGHAT,GOLAGHAT,GOLAGHAT,prepaid,20,,,,,,
635,,,,GOTOGO POST,8076536923,,07AQCPB1094R1ZM,110058,DELHI,DELHI,"COMMUNITY CENTRE , JANAK PLACE",LAKSHAY,9267958659,,786247,GOLAGHAT,GOLAGHAT,GOLAGHAT,prepaid,20,,,,,,
636,,,,GOTOGO POST,8076536923,,07AQCPB1094R1ZM,110058,DELHI,DELHI,"COMMUNITY CENTRE , JANAK PLACE",LAKSHAY,9267958659,,786248,GOLAGHAT,GOLAGHAT,GOLAGHAT,prepaid,20,,,,,,
637,,,,GOTOGO POST,8076536923,,07AQCPB1094R1ZM,110058,DELHI,DELHI,"COMMUNITY CENTRE , JANAK PLACE",LAKSHAY,9267958659,,786249,GOLAGHAT,GOLAGHAT,GOLAGHAT,prepaid,20,,,,,,
638,,,,GOTOGO POST,8076536923,,07AQCPB1094R1ZM,110058,DELHI,DELHI,"COMMUNITY CENTRE , JANAK PLACE",LAKSHAY,9267958659,,786250,GOLAGHAT,GOLAGHAT,GOLAGHAT,prepaid,20,,,,,,
639,,,,GOTOGO POST,8076536923,,07AQCPB1094R1ZM,110058,DELHI,DELHI,"COMMUNITY CENTRE , JANAK PLACE",LAKSHAY,9267958659,,786251,GOLAGHAT,GOLAGHAT,GOLAGHAT,prepaid,20,,,,,,
640,,,,GOTOGO POST,8076536923,,07AQCPB1094R1ZM,110058,DELHI,DELHI,"COMMUNITY CENTRE , JANAK PLACE",LAKSHAY,9267958659,,786252,GOLAGHAT,GOLAGHAT,GOLAGHAT,prepaid,20,,,,,,
641,,,,GOTOGO POST,8076536923,,07AQCPB1094R1ZM,110058,DELHI,DELHI,"COMMUNITY CENTRE , JANAK PLACE",LAKSHAY,9267958659,,786253,GOLAGHAT,GOLAGHAT,GOLAGHAT,prepaid,20,,,,,,
642,,,,GOTOGO POST,8076536923,,07AQCPB1094R1ZM,110058,DELHI,DELHI,"COMMUNITY CENTRE , JANAK PLACE",LAKSHAY,9267958659,,786254,GOLAGHAT,GOLAGHAT,GOLAGHAT,prepaid,20,,,,,,
643,,,,GOTOGO POST,8076536923,,07AQCPB1094R1ZM,110058,DELHI,DELHI,"COMMUNITY CENTRE , JANAK PLACE",LAKSHAY,9267958659,,786255,GOLAGHAT,GOLAGHAT,GOLAGHAT,prepaid,20,,,,,,
644,,,,GOTOGO POST,8076536923,,07AQCPB1094R1ZM,110058,DELHI,DELHI,"COMMUNITY CENTRE , JANAK PLACE",LAKSHAY,9267958659,,786256,GOLAGHAT,GOLAGHAT,GOLAGHAT,prepaid,20,,,,,,
645,,,,GOTOGO POST,8076536923,,07AQCPB1094R1ZM,110058,DELHI,DELHI,"COMMUNITY CENTRE , JANAK PLACE",LAKSHAY,9267958659,,786257,GOLAGHAT,GOLAGHAT,GOLAGHAT,prepaid,20,,,,,,
646,,,,GOTOGO POST,8076536923,,07AQCPB1094R1ZM,110058,DELHI,DELHI,"COMMUNITY CENTRE , JANAK PLACE",LAKSHAY,9267958659,,786258,GOLAGHAT,GOLAGHAT,GOLAGHAT,prepaid,20,,,,,,
647,,,,GOTOGO POST,8076536923,,07AQCPB1094R1ZM,110058,DELHI,DELHI,"COMMUNITY CENTRE , JANAK PLACE",LAKSHAY,9267958659,,786259,GOLAGHAT,GOLAGHAT,GOLAGHAT,prepaid,20,,,,,,
648,,,,GOTOGO POST,8076536923,,07AQCPB1094R1ZM,110058,DELHI,DELHI,"COMMUNITY CENTRE , JANAK PLACE",LAKSHAY,9267958659,,786260,GOLAGHAT,GOLAGHAT,GOLAGHAT,prepaid,20,,,,,,
649,,,,GOTOGO POST,8076536923,,07AQCPB1094R1ZM,110058,DELHI,DELHI,"COMMUNITY CENTRE , JANAK PLACE",LAKSHAY,9267958659,,786261,GOLAGHAT,GOLAGHAT,GOLAGHAT,prepaid,20,,,,,,
650,,,,GOTOGO POST,8076536923,,07AQCPB1094R1ZM,110058,DELHI,DELHI,"COMMUNITY CENTRE , JANAK PLACE",LAKSHAY,9267958659,,786262,GOLAGHAT,GOLAGHAT,GOLAGHAT,prepaid,20,,,,,,
651,,,,GOTOGO POST,8076536923,,07AQCPB1094R1ZM,110058,DELHI,DELHI,"COMMUNITY CENTRE , JANAK PLACE",LAKSHAY,9267958659,,786263,GOLAGHAT,GOLAGHAT,GOLAGHAT,prepaid,20,,,,,,
652,,,,GOTOGO POST,8076536923,,07AQCPB1094R1ZM,110058,DELHI,DELHI,"COMMUNITY CENTRE , JANAK PLACE",LAKSHAY,9267958659,,786264,GOLAGHAT,GOLAGHAT,GOLAGHAT,prepaid,20,,,,,,
653,,,,GOTOGO POST,8076536923,,07AQCPB1094R1ZM,110058,DELHI,DELHI,"COMMUNITY CENTRE , JANAK PLACE",LAKSHAY,9267958659,,786265,GOLAGHAT,GOLAGHAT,GOLAGHAT,prepaid,20,,,,,,
654,,,,GOTOGO POST,8076536923,,07AQCPB1094R1ZM,110058,DELHI,DELHI,"COMMUNITY CENTRE , JANAK PLACE",LAKSHAY,9267958659,,786266,GOLAGHAT,GOLAGHAT,GOLAGHAT,prepaid,20,,,,,,
655,,,,GOTOGO POST,8076536923,,07AQCPB1094R1ZM,110058,DELHI,DELHI,"COMMUNITY CENTRE , JANAK PLACE",LAKSHAY,9267958659,,786267,GOLAGHAT,GOLAGHAT,GOLAGHAT,prepaid,20,,,,,,
656,,,,GOTOGO POST,8076536923,,07AQCPB1094R1ZM,110058,DELHI,DELHI,"COMMUNITY CENTRE , JANAK PLACE",LAKSHAY,9267958659,,786268,GOLAGHAT,GOLAGHAT,GOLAGHAT,prepaid,20,,,,,,
657,,,,GOTOGO POST,8076536923,,07AQCPB1094R1ZM,110058,DELHI,DELHI,"COMMUNITY CENTRE , JANAK PLACE",LAKSHAY,9267958659,,786269,GOLAGHAT,GOLAGHAT,GOLAGHAT,prepaid,20,,,,,,
658,,,,GOTOGO POST,8076536923,,07AQCPB1094R1ZM,110058,DELHI,DELHI,"COMMUNITY CENTRE , JANAK PLACE",LAKSHAY,9267958659,,786270,GOLAGHAT,GOLAGHAT,GOLAGHAT,prepaid,20,,,,,,
659,,,,GOTOGO POST,8076536923,,07AQCPB1094R1ZM,110058,DELHI,DELHI,"COMMUNITY CENTRE , JANAK PLACE",LAKSHAY,9267958659,,786271,GOLAGHAT,GOLAGHAT,GOLAGHAT,prepaid,20,,,,,,
660,,,,GOTOGO POST,8076536923,,07AQCPB1094R1ZM,110058,DELHI,DELHI,"COMMUNITY CENTRE , JANAK PLACE",LAKSHAY,9267958659,,786272,GOLAGHAT,GOLAGHAT,GOLAGHAT,prepaid,20,,,,,,
661,,,,GOTOGO POST,8076536923,,07AQCPB1094R1ZM,110058,DELHI,DELHI,"COMMUNITY CENTRE , JANAK PLACE",LAKSHAY,9267958659,,786273,GOLAGHAT,GOLAGHAT,GOLAGHAT,prepaid,20,,,,,,
662,,,,GOTOGO POST,8076536923,,07AQCPB1094R1ZM,110058,DELHI,DELHI,"COMMUNITY CENTRE , JANAK PLACE",LAKSHAY,9267958659,,786274,GOLAGHAT,GOLAGHAT,GOLAGHAT,prepaid,20,,,,,,
663,,,,GOTOGO POST,8076536923,,07AQCPB1094R1ZM,110058,DELHI,DELHI,"COMMUNITY CENTRE , JANAK PLACE",LAKSHAY,9267958659,,786275,GOLAGHAT,GOLAGHAT,GOLAGHAT,prepaid,20,,,,,,
664,,,,GOTOGO POST,8076536923,,07AQCPB1094R1ZM,110058,DELHI,DELHI,"COMMUNITY CENTRE , JANAK PLACE",LAKSHAY,9267958659,,786276,GOLAGHAT,GOLAGHAT,GOLAGHAT,prepaid,20,,,,,,
665,,,,GOTOGO POST,8076536923,,07AQCPB1094R1ZM,110058,DELHI,DELHI,"COMMUNITY CENTRE , JANAK PLACE",LAKSHAY,9267958659,,786277,GOLAGHAT,GOLAGHAT,GOLAGHAT,prepaid,20,,,,,,
666,,,,GOTOGO POST,8076536923,,07AQCPB1094R1ZM,110058,DELHI,DELHI,"COMMUNITY CENTRE , JANAK PLACE",LAKSHAY,9267958659,,786278,GOLAGHAT,GOLAGHAT,GOLAGHAT,prepaid,20,,,,,,
667,,,,GOTOGO POST,8076536923,,07AQCPB1094R1ZM,110058,DELHI,DELHI,"COMMUNITY CENTRE , JANAK PLACE",LAKSHAY,9267958659,,786279,GOLAGHAT,GOLAGHAT,GOLAGHAT,prepaid,20,,,,,,
668,,,,GOTOGO POST,8076536923,,07AQCPB1094R1ZM,110058,DELHI,DELHI,"COMMUNITY CENTRE , JANAK PLACE",LAKSHAY,9267958659,,786280,GOLAGHAT,GOLAGHAT,GOLAGHAT,prepaid,20,,,,,,
669,,,,GOTOGO POST,8076536923,,07AQCPB1094R1ZM,110058,DELHI,DELHI,"COMMUNITY CENTRE , JANAK PLACE",LAKSHAY,9267958659,,786281,GOLAGHAT,GOLAGHAT,GOLAGHAT,prepaid,20,,,,,,
670,,,,GOTOGO POST,8076536923,,07AQCPB1094R1ZM,110058,DELHI,DELHI,"COMMUNITY CENTRE , JANAK PLACE",LAKSHAY,9267958659,,786282,GOLAGHAT,GOLAGHAT,GOLAGHAT,prepaid,20,,,,,,
671,,,,GOTOGO POST,8076536923,,07AQCPB1094R1ZM,110058,DELHI,DELHI,"COMMUNITY CENTRE , JANAK PLACE",LAKSHAY,9267958659,,786283,GOLAGHAT,GOLAGHAT,GOLAGHAT,prepaid,20,,,,,,
672,,,,GOTOGO POST,8076536923,,07AQCPB1094R1ZM,110058,DELHI,DELHI,"COMMUNITY CENTRE , JANAK PLACE",LAKSHAY,9267958659,,786284,GOLAGHAT,GOLAGHAT,GOLAGHAT,prepaid,20,,,,,,
673,,,,GOTOGO POST,8076536923,,07AQCPB1094R1ZM,110058,DELHI,DELHI,"COMMUNITY CENTRE , JANAK PLACE",LAKSHAY,9267958659,,786285,GOLAGHAT,GOLAGHAT,GOLAGHAT,prepaid,20,,,,,,
674,,,,GOTOGO POST,8076536923,,07AQCPB1094R1ZM,110058,DELHI,DELHI,"COMMUNITY CENTRE , JANAK PLACE",LAKSHAY,9267958659,,786286,GOLAGHAT,GOLAGHAT,GOLAGHAT,prepaid,20,,,,,,
675,,,,GOTOGO POST,8076536923,,07AQCPB1094R1ZM,110058,DELHI,DELHI,"COMMUNITY CENTRE , JANAK PLACE",LAKSHAY,9267958659,,786287,GOLAGHAT,GOLAGHAT,GOLAGHAT,prepaid,20,,,,,,
676,,,,GOTOGO POST,8076536923,,07AQCPB1094R1ZM,110058,DELHI,DELHI,"COMMUNITY CENTRE , JANAK PLACE",LAKSHAY,9267958659,,786288,GOLAGHAT,GOLAGHAT,GOLAGHAT,prepaid,20,,,,,,
677,,,,GOTOGO POST,8076536923,,07AQCPB1094R1ZM,110058,DELHI,DELHI,"COMMUNITY CENTRE , JANAK PLACE",LAKSHAY,9267958659,,786289,GOLAGHAT,GOLAGHAT,GOLAGHAT,prepaid,20,,,,,,
678,,,,GOTOGO POST,8076536923,,07AQCPB1094R1ZM,110058,DELHI,DELHI,"COMMUNITY CENTRE , JANAK PLACE",LAKSHAY,9267958659,,786290,GOLAGHAT,GOLAGHAT,GOLAGHAT,prepaid,20,,,,,,
679,,,,GOTOGO POST,8076536923,,07AQCPB1094R1ZM,110058,DELHI,DELHI,"COMMUNITY CENTRE , JANAK PLACE",LAKSHAY,9267958659,,786291,GOLAGHAT,GOLAGHAT,GOLAGHAT,prepaid,20,,,,,,
680,,,,GOTOGO POST,8076536923,,07AQCPB1094R1ZM,110058,DELHI,DELHI,"COMMUNITY CENTRE , JANAK PLACE",LAKSHAY,9267958659,,786292,GOLAGHAT,GOLAGHAT,GOLAGHAT,prepaid,20,,,,,,
681,,,,GOTOGO POST,8076536923,,07AQCPB1094R1ZM,110058,DELHI,DELHI,"COMMUNITY CENTRE , JANAK PLACE",LAKSHAY,9267958659,,786293,GOLAGHAT,GOLAGHAT,GOLAGHAT,prepaid,20,,,,,,
682,,,,GOTOGO POST,8076536923,,07AQCPB1094R1ZM,110058,DELHI,DELHI,"COMMUNITY CENTRE , JANAK PLACE",LAKSHAY,9267958659,,786294,GOLAGHAT,GOLAGHAT,GOLAGHAT,prepaid,20,,,,,,
683,,,,GOTOGO POST,8076536923,,07AQCPB1094R1ZM,110058,DELHI,DELHI,"COMMUNITY CENTRE , JANAK PLACE",LAKSHAY,9267958659,,786295,GOLAGHAT,GOLAGHAT,GOLAGHAT,prepaid,20,,,,,,
684,,,,GOTOGO POST,8076536923,,07AQCPB1094R1ZM,110058,DELHI,DELHI,"COMMUNITY CENTRE , JANAK PLACE",LAKSHAY,9267958659,,786296,GOLAGHAT,GOLAGHAT,GOLAGHAT,prepaid,20,,,,,,
685,,,,GOTOGO POST,8076536923,,07AQCPB1094R1ZM,110058,DELHI,DELHI,"COMMUNITY CENTRE , JANAK PLACE",LAKSHAY,9267958659,,786297,GOLAGHAT,GOLAGHAT,GOLAGHAT,prepaid,20,,,,,,
686,,,,GOTOGO POST,8076536923,,07AQCPB1094R1ZM,110058,DELHI,DELHI,"COMMUNITY CENTRE , JANAK PLACE",LAKSHAY,9267958659,,786298,GOLAGHAT,GOLAGHAT,GOLAGHAT,prepaid,20,,,,,,
687,,,,GOTOGO POST,8076536923,,07AQCPB1094R1ZM,110058,DELHI,DELHI,"COMMUNITY CENTRE , JANAK PLACE",LAKSHAY,9267958659,,786299,GOLAGHAT,GOLAGHAT,GOLAGHAT,prepaid,20,,,,,,
688,,,,GOTOGO POST,8076536923,,07AQCPB1094R1ZM,110058,DELHI,DELHI,"COMMUNITY CENTRE , JANAK PLACE",LAKSHAY,9267958659,,786300,GOLAGHAT,GOLAGHAT,GOLAGHAT,prepaid,20,,,,,,
689,,,,GOTOGO POST,8076536923,,07AQCPB1094R1ZM,110058,DELHI,DELHI,"COMMUNITY CENTRE , JANAK PLACE",LAKSHAY,9267958659,,786301,GOLAGHAT,GOLAGHAT,GOLAGHAT,prepaid,20,,,,,,
690,,,,GOTOGO POST,8076536923,,07AQCPB1094R1ZM,110058,DELHI,DELHI,"COMMUNITY CENTRE , JANAK PLACE",LAKSHAY,9267958659,,786302,GOLAGHAT,GOLAGHAT,GOLAGHAT,prepaid,20,,,,,,
691,,,,GOTOGO POST,8076536923,,07AQCPB1094R1ZM,110058,DELHI,DELHI,"COMMUNITY CENTRE , JANAK PLACE",LAKSHAY,9267958659,,786303,GOLAGHAT,GOLAGHAT,GOLAGHAT,prepaid,20,,,,,,
692,,,,GOTOGO POST,8076536923,,07AQCPB1094R1ZM,110058,DELHI,DELHI,"COMMUNITY CENTRE , JANAK PLACE",LAKSHAY,9267958659,,786304,GOLAGHAT,GOLAGHAT,GOLAGHAT,prepaid,20,,,,,,
693,,,,GOTOGO POST,8076536923,,07AQCPB1094R1ZM,110058,DELHI,DELHI,"COMMUNITY CENTRE , JANAK PLACE",LAKSHAY,9267958659,,786305,GOLAGHAT,GOLAGHAT,GOLAGHAT,prepaid,20,,,,,,
694,,,,GOTOGO POST,8076536923,,07AQCPB1094R1ZM,110058,DELHI,DELHI,"COMMUNITY CENTRE , JANAK PLACE",LAKSHAY,9267958659,,786306,GOLAGHAT,GOLAGHAT,GOLAGHAT,prepaid,20,,,,,,
695,,,,GOTOGO POST,8076536923,,07AQCPB1094R1ZM,110058,DELHI,DELHI,"COMMUNITY CENTRE , JANAK PLACE",LAKSHAY,9267958659,,786307,GOLAGHAT,GOLAGHAT,GOLAGHAT,prepaid,20,,,,,,
696,,,,GOTOGO POST,8076536923,,07AQCPB1094R1ZM,110058,DELHI,DELHI,"COMMUNITY CENTRE , JANAK PLACE",LAKSHAY,9267958659,,786308,GOLAGHAT,GOLAGHAT,GOLAGHAT,prepaid,20,,,,,,
697,,,,GOTOGO POST,8076536923,,07AQCPB1094R1ZM,110058,DELHI,DELHI,"COMMUNITY CENTRE , JANAK PLACE",LAKSHAY,9267958659,,786309,GOLAGHAT,GOLAGHAT,GOLAGHAT,prepaid,20,,,,,,
698,,,,GOTOGO POST,8076536923,,07AQCPB1094R1ZM,110058,DELHI,DELHI,"COMMUNITY CENTRE , JANAK PLACE",LAKSHAY,9267958659,,786310,GOLAGHAT,GOLAGHAT,GOLAGHAT,prepaid,20,,,,,,
699,,,,GOTOGO POST,8076536923,,07AQCPB1094R1ZM,110058,DELHI,DELHI,"COMMUNITY CENTRE , JANAK PLACE",LAKSHAY,9267958659,,786311,GOLAGHAT,GOLAGHAT,GOLAGHAT,prepaid,20,,,,,,
700,,,,GOTOGO POST,8076536923,,07AQCPB1094R1ZM,110058,DELHI,DELHI,"COMMUNITY CENTRE , JANAK PLACE",LAKSHAY,9267958659,,786312,GOLAGHAT,GOLAGHAT,GOLAGHAT,prepaid,20,,,,,,
701,,,,GOTOGO POST,8076536923,,07AQCPB1094R1ZM,110058,DELHI,DELHI,"COMMUNITY CENTRE , JANAK PLACE",LAKSHAY,9267958659,,786313,GOLAGHAT,GOLAGHAT,GOLAGHAT,prepaid,20,,,,,,
702,,,,GOTOGO POST,8076536923,,07AQCPB1094R1ZM,110058,DELHI,DELHI,"COMMUNITY CENTRE , JANAK PLACE",LAKSHAY,9267958659,,786314,GOLAGHAT,GOLAGHAT,GOLAGHAT,prepaid,20,,,,,,
703,,,,GOTOGO POST,8076536923,,07AQCPB1094R1ZM,110058,DELHI,DELHI,"COMMUNITY CENTRE , JANAK PLACE",LAKSHAY,9267958659,,786315,GOLAGHAT,GOLAGHAT,GOLAGHAT,prepaid,20,,,,,,
704,,,,GOTOGO POST,8076536923,,07AQCPB1094R1ZM,110058,DELHI,DELHI,"COMMUNITY CENTRE , JANAK PLACE",LAKSHAY,9267958659,,786316,GOLAGHAT,GOLAGHAT,GOLAGHAT,prepaid,20,,,,,,
705,,,,GOTOGO POST,8076536923,,07AQCPB1094R1ZM,110058,DELHI,DELHI,"COMMUNITY CENTRE , JANAK PLACE",LAKSHAY,9267958659,,786317,GOLAGHAT,GOLAGHAT,GOLAGHAT,prepaid,20,,,,,,
706,,,,GOTOGO POST,8076536923,,07AQCPB1094R1ZM,110058,DELHI,DELHI,"COMMUNITY CENTRE , JANAK PLACE",LAKSHAY,9267958659,,786318,GOLAGHAT,GOLAGHAT,GOLAGHAT,prepaid,20,,,,,,
707,,,,GOTOGO POST,8076536923,,07AQCPB1094R1ZM,110058,DELHI,DELHI,"COMMUNITY CENTRE , JANAK PLACE",LAKSHAY,9267958659,,786319,GOLAGHAT,GOLAGHAT,GOLAGHAT,prepaid,20,,,,,,
708,,,,GOTOGO POST,8076536923,,07AQCPB1094R1ZM,110058,DELHI,DELHI,"COMMUNITY CENTRE , JANAK PLACE",LAKSHAY,9267958659,,786320,GOLAGHAT,GOLAGHAT,GOLAGHAT,prepaid,20,,,,,,
709,,,,GOTOGO POST,8076536923,,07AQCPB1094R1ZM,110058,DELHI,DELHI,"COMMUNITY CENTRE , JANAK PLACE",LAKSHAY,9267958659,,786321,GOLAGHAT,GOLAGHAT,GOLAGHAT,prepaid,20,,,,,,
710,,,,GOTOGO POST,8076536923,,07AQCPB1094R1ZM,110058,DELHI,DELHI,"COMMUNITY CENTRE , JANAK PLACE",LAKSHAY,9267958659,,786322,GOLAGHAT,GOLAGHAT,GOLAGHAT,prepaid,20,,,,,,
711,,,,GOTOGO POST,8076536923,,07AQCPB1094R1ZM,110058,DELHI,DELHI,"COMMUNITY CENTRE , JANAK PLACE",LAKSHAY,9267958659,,786323,GOLAGHAT,GOLAGHAT,GOLAGHAT,prepaid,20,,,,,,
712,,,,GOTOGO POST,8076536923,,07AQCPB1094R1ZM,110058,DELHI,DELHI,"COMMUNITY CENTRE , JANAK PLACE",LAKSHAY,9267958659,,786324,GOLAGHAT,GOLAGHAT,GOLAGHAT,prepaid,20,,,,,,
713,,,,GOTOGO POST,8076536923,,07AQCPB1094R1ZM,110058,DELHI,DELHI,"COMMUNITY CENTRE , JANAK PLACE",LAKSHAY,9267958659,,786325,GOLAGHAT,GOLAGHAT,GOLAGHAT,prepaid,20,,,,,,
714,,,,GOTOGO POST,8076536923,,07AQCPB1094R1ZM,110058,DELHI,DELHI,"COMMUNITY CENTRE , JANAK PLACE",LAKSHAY,9267958659,,786326,GOLAGHAT,GOLAGHAT,GOLAGHAT,prepaid,20,,,,,,
715,,,,GOTOGO POST,8076536923,,07AQCPB1094R1ZM,110058,DELHI,DELHI,"COMMUNITY CENTRE , JANAK PLACE",LAKSHAY,9267958659,,786327,GOLAGHAT,GOLAGHAT,GOLAGHAT,prepaid,20,,,,,,
716,,,,GOTOGO POST,8076536923,,07AQCPB1094R1ZM,110058,DELHI,DELHI,"COMMUNITY CENTRE , JANAK PLACE",LAKSHAY,9267958659,,786328,GOLAGHAT,GOLAGHAT,GOLAGHAT,prepaid,20,,,,,,
717,,,,GOTOGO POST,8076536923,,07AQCPB1094R1ZM,110058,DELHI,DELHI,"COMMUNITY CENTRE , JANAK PLACE",LAKSHAY,9267958659,,786329,GOLAGHAT,GOLAGHAT,GOLAGHAT,prepaid,20,,,,,,
718,,,,GOTOGO POST,8076536923,,07AQCPB1094R1ZM,110058,DELHI,DELHI,"COMMUNITY CENTRE , JANAK PLACE",LAKSHAY,9267958659,,786330,GOLAGHAT,GOLAGHAT,GOLAGHAT,prepaid,20,,,,,,
719,,,,GOTOGO POST,8076536923,,07AQCPB1094R1ZM,110058,DELHI,DELHI,"COMMUNITY CENTRE , JANAK PLACE",LAKSHAY,9267958659,,786331,GOLAGHAT,GOLAGHAT,GOLAGHAT,prepaid,20,,,,,,
720,,,,GOTOGO POST,8076536923,,07AQCPB1094R1ZM,110058,DELHI,DELHI,"COMMUNITY CENTRE , JANAK PLACE",LAKSHAY,9267958659,,786332,GOLAGHAT,GOLAGHAT,GOLAGHAT,prepaid,20,,,,,,
721,,,,GOTOGO POST,8076536923,,07AQCPB1094R1ZM,110058,DELHI,DELHI,"COMMUNITY CENTRE , JANAK PLACE",LAKSHAY,9267958659,,786333,GOLAGHAT,GOLAGHAT,GOLAGHAT,prepaid,20,,,,,,
722,,,,GOTOGO POST,8076536923,,07AQCPB1094R1ZM,110058,DELHI,DELHI,"COMMUNITY CENTRE , JANAK PLACE",LAKSHAY,9267958659,,786334,GOLAGHAT,GOLAGHAT,GOLAGHAT,prepaid,20,,,,,,
723,,,,GOTOGO POST,8076536923,,07AQCPB1094R1ZM,110058,DELHI,DELHI,"COMMUNITY CENTRE , JANAK PLACE",LAKSHAY,9267958659,,786335,GOLAGHAT,GOLAGHAT,GOLAGHAT,prepaid,20,,,,,,
724,,,,GOTOGO POST,8076536923,,07AQCPB1094R1ZM,110058,DELHI,DELHI,"COMMUNITY CENTRE , JANAK PLACE",LAKSHAY,9267958659,,786336,GOLAGHAT,GOLAGHAT,GOLAGHAT,prepaid,20,,,,,,
725,,,,GOTOGO POST,8076536923,,07AQCPB1094R1ZM,110058,DELHI,DELHI,"COMMUNITY CENTRE , JANAK PLACE",LAKSHAY,9267958659,,786337,GOLAGHAT,GOLAGHAT,GOLAGHAT,prepaid,20,,,,,,
726,,,,GOTOGO POST,8076536923,,07AQCPB1094R1ZM,110058,DELHI,DELHI,"COMMUNITY CENTRE , JANAK PLACE",LAKSHAY,9267958659,,786338,GOLAGHAT,GOLAGHAT,GOLAGHAT,prepaid,20,,,,,,
727,,,,GOTOGO POST,8076536923,,07AQCPB1094R1ZM,110058,DELHI,DELHI,"COMMUNITY CENTRE , JANAK PLACE",LAKSHAY,9267958659,,786339,GOLAGHAT,GOLAGHAT,GOLAGHAT,prepaid,20,,,,,,
728,,,,GOTOGO POST,8076536923,,07AQCPB1094R1ZM,110058,DELHI,DELHI,"COMMUNITY CENTRE , JANAK PLACE",LAKSHAY,9267958659,,786340,GOLAGHAT,GOLAGHAT,GOLAGHAT,prepaid,20,,,,,,
729,,,,GOTOGO POST,8076536923,,07AQCPB1094R1ZM,110058,DELHI,DELHI,"COMMUNITY CENTRE , JANAK PLACE",LAKSHAY,9267958659,,786341,GOLAGHAT,GOLAGHAT,GOLAGHAT,prepaid,20,,,,,,
730,,,,GOTOGO POST,8076536923,,07AQCPB1094R1ZM,110058,DELHI,DELHI,"COMMUNITY CENTRE , JANAK PLACE",LAKSHAY,9267958659,,786342,GOLAGHAT,GOLAGHAT,GOLAGHAT,prepaid,20,,,,,,
731,,,,GOTOGO POST,8076536923,,07AQCPB1094R1ZM,110058,DELHI,DELHI,"COMMUNITY CENTRE , JANAK PLACE",LAKSHAY,9267958659,,786343,GOLAGHAT,GOLAGHAT,GOLAGHAT,prepaid,20,,,,,,
732,,,,GOTOGO POST,8076536923,,07AQCPB1094R1ZM,110058,DELHI,DELHI,"COMMUNITY CENTRE , JANAK PLACE",LAKSHAY,9267958659,,786344,GOLAGHAT,GOLAGHAT,GOLAGHAT,prepaid,20,,,,,,
733,,,,GOTOGO POST,8076536923,,07AQCPB1094R1ZM,110058,DELHI,DELHI,"COMMUNITY CENTRE , JANAK PLACE",LAKSHAY,9267958659,,786345,GOLAGHAT,GOLAGHAT,GOLAGHAT,prepaid,20,,,,,,
734,,,,GOTOGO POST,8076536923,,07AQCPB1094R1ZM,110058,DELHI,DELHI,"COMMUNITY CENTRE , JANAK PLACE",LAKSHAY,9267958659,,786346,GOLAGHAT,GOLAGHAT,GOLAGHAT,prepaid,20,,,,,,
735,,,,GOTOGO POST,8076536923,,07AQCPB1094R1ZM,110058,DELHI,DELHI,"COMMUNITY CENTRE , JANAK PLACE",LAKSHAY,9267958659,,786347,GOLAGHAT,GOLAGHAT,GOLAGHAT,prepaid,20,,,,,,
736,,,,GOTOGO POST,8076536923,,07AQCPB1094R1ZM,110058,DELHI,DELHI,"COMMUNITY CENTRE , JANAK PLACE",LAKSHAY,9267958659,,786348,GOLAGHAT,GOLAGHAT,GOLAGHAT,prepaid,20,,,,,,
737,,,,GOTOGO POST,8076536923,,07AQCPB1094R1ZM,110058,DELHI,DELHI,"COMMUNITY CENTRE , JANAK PLACE",LAKSHAY,9267958659,,786349,GOLAGHAT,GOLAGHAT,GOLAGHAT,prepaid,20,,,,,,
738,,,,GOTOGO POST,8076536923,,07AQCPB1094R1ZM,110058,DELHI,DELHI,"COMMUNITY CENTRE , JANAK PLACE",LAKSHAY,9267958659,,786350,GOLAGHAT,GOLAGHAT,GOLAGHAT,prepaid,20,,,,,,
739,,,,GOTOGO POST,8076536923,,07AQCPB1094R1ZM,110058,DELHI,DELHI,"COMMUNITY CENTRE , JANAK PLACE",LAKSHAY,9267958659,,786351,GOLAGHAT,GOLAGHAT,GOLAGHAT,prepaid,20,,,,,,
740,,,,GOTOGO POST,8076536923,,07AQCPB1094R1ZM,110058,DELHI,DELHI,"COMMUNITY CENTRE , JANAK PLACE",LAKSHAY,9267958659,,786352,GOLAGHAT,GOLAGHAT,GOLAGHAT,prepaid,20,,,,,,
741,,,,GOTOGO POST,8076536923,,07AQCPB1094R1ZM,110058,DELHI,DELHI,"COMMUNITY CENTRE , JANAK PLACE",LAKSHAY,9267958659,,786353,GOLAGHAT,GOLAGHAT,GOLAGHAT,prepaid,20,,,,,,
742,,,,GOTOGO POST,8076536923,,07AQCPB1094R1ZM,110058,DELHI,DELHI,"COMMUNITY CENTRE , JANAK PLACE",LAKSHAY,9267958659,,786354,GOLAGHAT,GOLAGHAT,GOLAGHAT,prepaid,20,,,,,,
743,,,,GOTOGO POST,8076536923,,07AQCPB1094R1ZM,110058,DELHI,DELHI,"COMMUNITY CENTRE , JANAK PLACE",LAKSHAY,9267958659,,786355,GOLAGHAT,GOLAGHAT,GOLAGHAT,prepaid,20,,,,,,
744,,,,GOTOGO POST,8076536923,,07AQCPB1094R1ZM,110058,DELHI,DELHI,"COMMUNITY CENTRE , JANAK PLACE",LAKSHAY,9267958659,,786356,GOLAGHAT,GOLAGHAT,GOLAGHAT,prepaid,20,,,,,,
745,,,,GOTOGO POST,8076536923,,07AQCPB1094R1ZM,110058,DELHI,DELHI,"COMMUNITY CENTRE , JANAK PLACE",LAKSHAY,9267958659,,786357,GOLAGHAT,GOLAGHAT,GOLAGHAT,prepaid,20,,,,,,
746,,,,GOTOGO POST,8076536923,,07AQCPB1094R1ZM,110058,DELHI,DELHI,"COMMUNITY CENTRE , JANAK PLACE",LAKSHAY,9267958659,,786358,GOLAGHAT,GOLAGHAT,GOLAGHAT,prepaid,20,,,,,,
747,,,,GOTOGO POST,8076536923,,07AQCPB1094R1ZM,110058,DELHI,DELHI,"COMMUNITY CENTRE , JANAK PLACE",LAKSHAY,9267958659,,786359,GOLAGHAT,GOLAGHAT,GOLAGHAT,prepaid,20,,,,,,
748,,,,GOTOGO POST,8076536923,,07AQCPB1094R1ZM,110058,DELHI,DELHI,"COMMUNITY CENTRE , JANAK PLACE",LAKSHAY,9267958659,,786360,GOLAGHAT,GOLAGHAT,GOLAGHAT,prepaid,20,,,,,,
749,,,,GOTOGO POST,8076536923,,07AQCPB1094R1ZM,110058,DELHI,DELHI,"COMMUNITY CENTRE , JANAK PLACE",LAKSHAY,9267958659,,786361,GOLAGHAT,GOLAGHAT,GOLAGHAT,prepaid,20,,,,,,
750,,,,GOTOGO POST,8076536923,,07AQCPB1094R1ZM,110058,DELHI,DELHI,"COMMUNITY CENTRE , JANAK PLACE",LAKSHAY,9267958659,,786362,GOLAGHAT,GOLAGHAT,GOLAGHAT,prepaid,20,,,,,,
751,,,,GOTOGO POST,8076536923,,07AQCPB1094R1ZM,110058,DELHI,DELHI,"COMMUNITY CENTRE , JANAK PLACE",LAKSHAY,9267958659,,786363,GOLAGHAT,GOLAGHAT,GOLAGHAT,prepaid,20,,,,,,
752,,,,GOTOGO POST,8076536923,,07AQCPB1094R1ZM,110058,DELHI,DELHI,"COMMUNITY CENTRE , JANAK PLACE",LAKSHAY,9267958659,,786364,GOLAGHAT,GOLAGHAT,GOLAGHAT,prepaid,20,,,,,,
753,,,,GOTOGO POST,8076536923,,07AQCPB1094R1ZM,110058,DELHI,DELHI,"COMMUNITY CENTRE , JANAK PLACE",LAKSHAY,9267958659,,786365,GOLAGHAT,GOLAGHAT,GOLAGHAT,prepaid,20,,,,,,
754,,,,GOTOGO POST,8076536923,,07AQCPB1094R1ZM,110058,DELHI,DELHI,"COMMUNITY CENTRE , JANAK PLACE",LAKSHAY,9267958659,,786366,GOLAGHAT,GOLAGHAT,GOLAGHAT,prepaid,20,,,,,,
755,,,,GOTOGO POST,8076536923,,07AQCPB1094R1ZM,110058,DELHI,DELHI,"COMMUNITY CENTRE , JANAK PLACE",LAKSHAY,9267958659,,786367,GOLAGHAT,GOLAGHAT,GOLAGHAT,prepaid,20,,,,,,
756,,,,GOTOGO POST,8076536923,,07AQCPB1094R1ZM,110058,DELHI,DELHI,"COMMUNITY CENTRE , JANAK PLACE",LAKSHAY,9267958659,,786368,GOLAGHAT,GOLAGHAT,GOLAGHAT,prepaid,20,,,,,,
757,,,,GOTOGO POST,8076536923,,07AQCPB1094R1ZM,110058,DELHI,DELHI,"COMMUNITY CENTRE , JANAK PLACE",LAKSHAY,9267958659,,786369,GOLAGHAT,GOLAGHAT,GOLAGHAT,prepaid,20,,,,,,
758,,,,GOTOGO POST,8076536923,,07AQCPB1094R1ZM,110058,DELHI,DELHI,"COMMUNITY CENTRE , JANAK PLACE",LAKSHAY,9267958659,,786370,GOLAGHAT,GOLAGHAT,GOLAGHAT,prepaid,20,,,,,,
759,,,,GOTOGO POST,8076536923,,07AQCPB1094R1ZM,110058,DELHI,DELHI,"COMMUNITY CENTRE , JANAK PLACE",LAKSHAY,9267958659,,786371,GOLAGHAT,GOLAGHAT,GOLAGHAT,prepaid,20,,,,,,
760,,,,GOTOGO POST,8076536923,,07AQCPB1094R1ZM,110058,DELHI,DELHI,"COMMUNITY CENTRE , JANAK PLACE",LAKSHAY,9267958659,,786372,GOLAGHAT,GOLAGHAT,GOLAGHAT,prepaid,20,,,,,,
761,,,,GOTOGO POST,8076536923,,07AQCPB1094R1ZM,110058,DELHI,DELHI,"COMMUNITY CENTRE , JANAK PLACE",LAKSHAY,9267958659,,786373,GOLAGHAT,GOLAGHAT,GOLAGHAT,prepaid,20,,,,,,
762,,,,GOTOGO POST,8076536923,,07AQCPB1094R1ZM,110058,DELHI,DELHI,"COMMUNITY CENTRE , JANAK PLACE",LAKSHAY,9267958659,,786374,GOLAGHAT,GOLAGHAT,GOLAGHAT,prepaid,20,,,,,,
763,,,,GOTOGO POST,8076536923,,07AQCPB1094R1ZM,110058,DELHI,DELHI,"COMMUNITY CENTRE , JANAK PLACE",LAKSHAY,9267958659,,786375,GOLAGHAT,GOLAGHAT,GOLAGHAT,prepaid,20,,,,,,
764,,,,GOTOGO POST,8076536923,,07AQCPB1094R1ZM,110058,DELHI,DELHI,"COMMUNITY CENTRE , JANAK PLACE",LAKSHAY,9267958659,,786376,GOLAGHAT,GOLAGHAT,GOLAGHAT,prepaid,20,,,,,,
765,,,,GOTOGO POST,8076536923,,07AQCPB1094R1ZM,110058,DELHI,DELHI,"COMMUNITY CENTRE , JANAK PLACE",LAKSHAY,9267958659,,786377,GOLAGHAT,GOLAGHAT,GOLAGHAT,prepaid,20,,,,,,
766,,,,GOTOGO POST,8076536923,,07AQCPB1094R1ZM,110058,DELHI,DELHI,"COMMUNITY CENTRE , JANAK PLACE",LAKSHAY,9267958659,,786378,GOLAGHAT,GOLAGHAT,GOLAGHAT,prepaid,20,,,,,,
767,,,,GOTOGO POST,8076536923,,07AQCPB1094R1ZM,110058,DELHI,DELHI,"COMMUNITY CENTRE , JANAK PLACE",LAKSHAY,9267958659,,786379,GOLAGHAT,GOLAGHAT,GOLAGHAT,prepaid,20,,,,,,
768,,,,GOTOGO POST,8076536923,,07AQCPB1094R1ZM,110058,DELHI,DELHI,"COMMUNITY CENTRE , JANAK PLACE",LAKSHAY,9267958659,,786380,GOLAGHAT,GOLAGHAT,GOLAGHAT,prepaid,20,,,,,,
769,,,,GOTOGO POST,8076536923,,07AQCPB1094R1ZM,110058,DELHI,DELHI,"COMMUNITY CENTRE , JANAK PLACE",LAKSHAY,9267958659,,786381,GOLAGHAT,GOLAGHAT,GOLAGHAT,prepaid,20,,,,,,
770,,,,GOTOGO POST,8076536923,,07AQCPB1094R1ZM,110058,DELHI,DELHI,"COMMUNITY CENTRE , JANAK PLACE",LAKSHAY,9267958659,,786382,GOLAGHAT,GOLAGHAT,GOLAGHAT,prepaid,20,,,,,,
771,,,,GOTOGO POST,8076536923,,07AQCPB1094R1ZM,110058,DELHI,DELHI,"COMMUNITY CENTRE , JANAK PLACE",LAKSHAY,9267958659,,786383,GOLAGHAT,GOLAGHAT,GOLAGHAT,prepaid,20,,,,,,
772,,,,GOTOGO POST,8076536923,,07AQCPB1094R1ZM,110058,DELHI,DELHI,"COMMUNITY CENTRE , JANAK PLACE",LAKSHAY,9267958659,,786384,GOLAGHAT,GOLAGHAT,GOLAGHAT,prepaid,20,,,,,,
773,,,,GOTOGO POST,8076536923,,07AQCPB1094R1ZM,110058,DELHI,DELHI,"COMMUNITY CENTRE , JANAK PLACE",LAKSHAY,9267958659,,786385,GOLAGHAT,GOLAGHAT,GOLAGHAT,prepaid,20,,,,,,
774,,,,GOTOGO POST,8076536923,,07AQCPB1094R1ZM,110058,DELHI,DELHI,"COMMUNITY CENTRE , JANAK PLACE",LAKSHAY,9267958659,,786386,GOLAGHAT,GOLAGHAT,GOLAGHAT,prepaid,20,,,,,,
775,,,,GOTOGO POST,8076536923,,07AQCPB1094R1ZM,110058,DELHI,DELHI,"COMMUNITY CENTRE , JANAK PLACE",LAKSHAY,9267958659,,786387,GOLAGHAT,GOLAGHAT,GOLAGHAT,prepaid,20,,,,,,
776,,,,GOTOGO POST,8076536923,,07AQCPB1094R1ZM,110058,DELHI,DELHI,"COMMUNITY CENTRE , JANAK PLACE",LAKSHAY,9267958659,,786388,GOLAGHAT,GOLAGHAT,GOLAGHAT,prepaid,20,,,,,,
777,,,,GOTOGO POST,8076536923,,07AQCPB1094R1ZM,110058,DELHI,DELHI,"COMMUNITY CENTRE , JANAK PLACE",LAKSHAY,9267958659,,786389,GOLAGHAT,GOLAGHAT,GOLAGHAT,prepaid,20,,,,,,
778,,,,GOTOGO POST,8076536923,,07AQCPB1094R1ZM,110058,DELHI,DELHI,"COMMUNITY CENTRE , JANAK PLACE",LAKSHAY,9267958659,,786390,GOLAGHAT,GOLAGHAT,GOLAGHAT,prepaid,20,,,,,,
779,,,,GOTOGO POST,8076536923,,07AQCPB1094R1ZM,110058,DELHI,DELHI,"COMMUNITY CENTRE , JANAK PLACE",LAKSHAY,9267958659,,786391,GOLAGHAT,GOLAGHAT,GOLAGHAT,prepaid,20,,,,,,
780,,,,GOTOGO POST,8076536923,,07AQCPB1094R1ZM,110058,DELHI,DELHI,"COMMUNITY CENTRE , JANAK PLACE",LAKSHAY,9267958659,,786392,GOLAGHAT,GOLAGHAT,GOLAGHAT,prepaid,20,,,,,,
781,,,,GOTOGO POST,8076536923,,07AQCPB1094R1ZM,110058,DELHI,DELHI,"COMMUNITY CENTRE , JANAK PLACE",LAKSHAY,9267958659,,786393,GOLAGHAT,GOLAGHAT,GOLAGHAT,prepaid,20,,,,,,
782,,,,GOTOGO POST,8076536923,,07AQCPB1094R1ZM,110058,DELHI,DELHI,"COMMUNITY CENTRE , JANAK PLACE",LAKSHAY,9267958659,,786394,GOLAGHAT,GOLAGHAT,GOLAGHAT,prepaid,20,,,,,,
783,,,,GOTOGO POST,8076536923,,07AQCPB1094R1ZM,110058,DELHI,DELHI,"COMMUNITY CENTRE , JANAK PLACE",LAKSHAY,9267958659,,786395,GOLAGHAT,GOLAGHAT,GOLAGHAT,prepaid,20,,,,,,
784,,,,GOTOGO POST,8076536923,,07AQCPB1094R1ZM,110058,DELHI,DELHI,"COMMUNITY CENTRE , JANAK PLACE",LAKSHAY,9267958659,,786396,GOLAGHAT,GOLAGHAT,GOLAGHAT,prepaid,20,,,,,,
785,,,,GOTOGO POST,8076536923,,07AQCPB1094R1ZM,110058,DELHI,DELHI,"COMMUNITY CENTRE , JANAK PLACE",LAKSHAY,9267958659,,786397,GOLAGHAT,GOLAGHAT,GOLAGHAT,prepaid,20,,,,,,
786,,,,GOTOGO POST,8076536923,,07AQCPB1094R1ZM,110058,DELHI,DELHI,"COMMUNITY CENTRE , JANAK PLACE",LAKSHAY,9267958659,,786398,GOLAGHAT,GOLAGHAT,GOLAGHAT,prepaid,20,,,,,,
787,,,,GOTOGO POST,8076536923,,07AQCPB1094R1ZM,110058,DELHI,DELHI,"COMMUNITY CENTRE , JANAK PLACE",LAKSHAY,9267958659,,786399,GOLAGHAT,GOLAGHAT,GOLAGHAT,prepaid,20,,,,,,
788,,,,GOTOGO POST,8076536923,,07AQCPB1094R1ZM,110058,DELHI,DELHI,"COMMUNITY CENTRE , JANAK PLACE",LAKSHAY,9267958659,,786400,GOLAGHAT,GOLAGHAT,GOLAGHAT,prepaid,20,,,,,,
789,,,,GOTOGO POST,8076536923,,07AQCPB1094R1ZM,110058,DELHI,DELHI,"COMMUNITY CENTRE , JANAK PLACE",LAKSHAY,9267958659,,786401,GOLAGHAT,GOLAGHAT,GOLAGHAT,prepaid,20,,,,,,
790,,,,GOTOGO POST,8076536923,,07AQCPB1094R1ZM,110058,DELHI,DELHI,"COMMUNITY CENTRE , JANAK PLACE",LAKSHAY,9267958659,,786402,GOLAGHAT,GOLAGHAT,GOLAGHAT,prepaid,20,,,,,,
791,,,,GOTOGO POST,8076536923,,07AQCPB1094R1ZM,110058,DELHI,DELHI,"COMMUNITY CENTRE , JANAK PLACE",LAKSHAY,9267958659,,786403,GOLAGHAT,GOLAGHAT,GOLAGHAT,prepaid,20,,,,,,
792,,,,GOTOGO POST,8076536923,,07AQCPB1094R1ZM,110058,DELHI,DELHI,"COMMUNITY CENTRE , JANAK PLACE",LAKSHAY,9267958659,,786404,GOLAGHAT,GOLAGHAT,GOLAGHAT,prepaid,20,,,,,,
793,,,,GOTOGO POST,8076536923,,07AQCPB1094R1ZM,110058,DELHI,DELHI,"COMMUNITY CENTRE , JANAK PLACE",LAKSHAY,9267958659,,786405,GOLAGHAT,GOLAGHAT,GOLAGHAT,prepaid,20,,,,,,
794,,,,GOTOGO POST,8076536923,,07AQCPB1094R1ZM,110058,DELHI,DELHI,"COMMUNITY CENTRE , JANAK PLACE",LAKSHAY,9267958659,,786406,GOLAGHAT,GOLAGHAT,GOLAGHAT,prepaid,20,,,,,,
795,,,,GOTOGO POST,8076536923,,07AQCPB1094R1ZM,110058,DELHI,DELHI,"COMMUNITY CENTRE , JANAK PLACE",LAKSHAY,9267958659,,786407,GOLAGHAT,GOLAGHAT,GOLAGHAT,prepaid,20,,,,,,
796,,,,GOTOGO POST,8076536923,,07AQCPB1094R1ZM,110058,DELHI,DELHI,"COMMUNITY CENTRE , JANAK PLACE",LAKSHAY,9267958659,,786408,GOLAGHAT,GOLAGHAT,GOLAGHAT,prepaid,20,,,,,,
797,,,,GOTOGO POST,8076536923,,07AQCPB1094R1ZM,110058,DELHI,DELHI,"COMMUNITY CENTRE , JANAK PLACE",LAKSHAY,9267958659,,786409,GOLAGHAT,GOLAGHAT,GOLAGHAT,prepaid,20,,,,,,
798,,,,GOTOGO POST,8076536923,,07AQCPB1094R1ZM,110058,DELHI,DELHI,"COMMUNITY CENTRE , JANAK PLACE",LAKSHAY,9267958659,,786410,GOLAGHAT,GOLAGHAT,GOLAGHAT,prepaid,20,,,,,,
799,,,,GOTOGO POST,8076536923,,07AQCPB1094R1ZM,110058,DELHI,DELHI,"COMMUNITY CENTRE , JANAK PLACE",LAKSHAY,9267958659,,786411,GOLAGHAT,GOLAGHAT,GOLAGHAT,prepaid,20,,,,,,
800,,,,GOTOGO POST,8076536923,,07AQCPB1094R1ZM,110058,DELHI,DELHI,"COMMUNITY CENTRE , JANAK PLACE",LAKSHAY,9267958659,,786412,GOLAGHAT,GOLAGHAT,GOLAGHAT,prepaid,20,,,,,,
801,,,,GOTOGO POST,8076536923,,07AQCPB1094R1ZM,110058,DELHI,DELHI,"COMMUNITY CENTRE , JANAK PLACE",LAKSHAY,9267958659,,786413,GOLAGHAT,GOLAGHAT,GOLAGHAT,prepaid,20,,,,,,
802,,,,GOTOGO POST,8076536923,,07AQCPB1094R1ZM,110058,DELHI,DELHI,"COMMUNITY CENTRE , JANAK PLACE",LAKSHAY,9267958659,,786414,GOLAGHAT,GOLAGHAT,GOLAGHAT,prepaid,20,,,,,,
803,,,,GOTOGO POST,8076536923,,07AQCPB1094R1ZM,110058,DELHI,DELHI,"COMMUNITY CENTRE , JANAK PLACE",LAKSHAY,9267958659,,786415,GOLAGHAT,GOLAGHAT,GOLAGHAT,prepaid,20,,,,,,
804,,,,GOTOGO POST,8076536923,,07AQCPB1094R1ZM,110058,DELHI,DELHI,"COMMUNITY CENTRE , JANAK PLACE",LAKSHAY,9267958659,,786416,GOLAGHAT,GOLAGHAT,GOLAGHAT,prepaid,20,,,,,,
805,,,,GOTOGO POST,8076536923,,07AQCPB1094R1ZM,110058,DELHI,DELHI,"COMMUNITY CENTRE , JANAK PLACE",LAKSHAY,9267958659,,786417,GOLAGHAT,GOLAGHAT,GOLAGHAT,prepaid,20,,,,,,
806,,,,GOTOGO POST,8076536923,,07AQCPB1094R1ZM,110058,DELHI,DELHI,"COMMUNITY CENTRE , JANAK PLACE",LAKSHAY,9267958659,,786418,GOLAGHAT,GOLAGHAT,GOLAGHAT,prepaid,20,,,,,,
807,,,,GOTOGO POST,8076536923,,07AQCPB1094R1ZM,110058,DELHI,DELHI,"COMMUNITY CENTRE , JANAK PLACE",LAKSHAY,9267958659,,786419,GOLAGHAT,GOLAGHAT,GOLAGHAT,prepaid,20,,,,,,
808,,,,GOTOGO POST,8076536923,,07AQCPB1094R1ZM,110058,DELHI,DELHI,"COMMUNITY CENTRE , JANAK PLACE",LAKSHAY,9267958659,,786420,GOLAGHAT,GOLAGHAT,GOLAGHAT,prepaid,20,,,,,,
809,,,,GOTOGO POST,8076536923,,07AQCPB1094R1ZM,110058,DELHI,DELHI,"COMMUNITY CENTRE , JANAK PLACE",LAKSHAY,9267958659,,786421,GOLAGHAT,GOLAGHAT,GOLAGHAT,prepaid,20,,,,,,
810,,,,GOTOGO POST,8076536923,,07AQCPB1094R1ZM,110058,DELHI,DELHI,"COMMUNITY CENTRE , JANAK PLACE",LAKSHAY,9267958659,,786422,GOLAGHAT,GOLAGHAT,GOLAGHAT,prepaid,20,,,,,,
811,,,,GOTOGO POST,8076536923,,07AQCPB1094R1ZM,110058,DELHI,DELHI,"COMMUNITY CENTRE , JANAK PLACE",LAKSHAY,9267958659,,786423,GOLAGHAT,GOLAGHAT,GOLAGHAT,prepaid,20,,,,,,
812,,,,GOTOGO POST,8076536923,,07AQCPB1094R1ZM,110058,DELHI,DELHI,"COMMUNITY CENTRE , JANAK PLACE",LAKSHAY,9267958659,,786424,GOLAGHAT,GOLAGHAT,GOLAGHAT,prepaid,20,,,,,,
813,,,,GOTOGO POST,8076536923,,07AQCPB1094R1ZM,110058,DELHI,DELHI,"COMMUNITY CENTRE , JANAK PLACE",LAKSHAY,9267958659,,786425,GOLAGHAT,GOLAGHAT,GOLAGHAT,prepaid,20,,,,,,
814,,,,GOTOGO POST,8076536923,,07AQCPB1094R1ZM,110058,DELHI,DELHI,"COMMUNITY CENTRE , JANAK PLACE",LAKSHAY,9267958659,,786426,GOLAGHAT,GOLAGHAT,GOLAGHAT,prepaid,20,,,,,,
815,,,,GOTOGO POST,8076536923,,07AQCPB1094R1ZM,110058,DELHI,DELHI,"COMMUNITY CENTRE , JANAK PLACE",LAKSHAY,9267958659,,786427,GOLAGHAT,GOLAGHAT,GOLAGHAT,prepaid,20,,,,,,
816,,,,GOTOGO POST,8076536923,,07AQCPB1094R1ZM,110058,DELHI,DELHI,"COMMUNITY CENTRE , JANAK PLACE",LAKSHAY,9267958659,,786428,GOLAGHAT,GOLAGHAT,GOLAGHAT,prepaid,20,,,,,,
817,,,,GOTOGO POST,8076536923,,07AQCPB1094R1ZM,110058,DELHI,DELHI,"COMMUNITY CENTRE , JANAK PLACE",LAKSHAY,9267958659,,786429,GOLAGHAT,GOLAGHAT,GOLAGHAT,prepaid,20,,,,,,
818,,,,GOTOGO POST,8076536923,,07AQCPB1094R1ZM,110058,DELHI,DELHI,"COMMUNITY CENTRE , JANAK PLACE",LAKSHAY,9267958659,,786430,GOLAGHAT,GOLAGHAT,GOLAGHAT,prepaid,20,,,,,,
819,,,,GOTOGO POST,8076536923,,07AQCPB1094R1ZM,110058,DELHI,DELHI,"COMMUNITY CENTRE , JANAK PLACE",LAKSHAY,9267958659,,786431,GOLAGHAT,GOLAGHAT,GOLAGHAT,prepaid,20,,,,,,
820,,,,GOTOGO POST,8076536923,,07AQCPB1094R1ZM,110058,DELHI,DELHI,"COMMUNITY CENTRE , JANAK PLACE",LAKSHAY,9267958659,,786432,GOLAGHAT,GOLAGHAT,GOLAGHAT,prepaid,20,,,,,,
821,,,,GOTOGO POST,8076536923,,07AQCPB1094R1ZM,110058,DELHI,DELHI,"COMMUNITY CENTRE , JANAK PLACE",LAKSHAY,9267958659,,786433,GOLAGHAT,GOLAGHAT,GOLAGHAT,prepaid,20,,,,,,
822,,,,GOTOGO POST,8076536923,,07AQCPB1094R1ZM,110058,DELHI,DELHI,"COMMUNITY CENTRE , JANAK PLACE",LAKSHAY,9267958659,,786434,GOLAGHAT,GOLAGHAT,GOLAGHAT,prepaid,20,,,,,,
823,,,,GOTOGO POST,8076536923,,07AQCPB1094R1ZM,110058,DELHI,DELHI,"COMMUNITY CENTRE , JANAK PLACE",LAKSHAY,9267958659,,786435,GOLAGHAT,GOLAGHAT,GOLAGHAT,prepaid,20,,,,,,
824,,,,GOTOGO POST,8076536923,,07AQCPB1094R1ZM,110058,DELHI,DELHI,"COMMUNITY CENTRE , JANAK PLACE",LAKSHAY,9267958659,,786436,GOLAGHAT,GOLAGHAT,GOLAGHAT,prepaid,20,,,,,,
825,,,,GOTOGO POST,8076536923,,07AQCPB1094R1ZM,110058,DELHI,DELHI,"COMMUNITY CENTRE , JANAK PLACE",LAKSHAY,9267958659,,786437,GOLAGHAT,GOLAGHAT,GOLAGHAT,prepaid,20,,,,,,
826,,,,GOTOGO POST,8076536923,,07AQCPB1094R1ZM,110058,DELHI,DELHI,"COMMUNITY CENTRE , JANAK PLACE",LAKSHAY,9267958659,,786438,GOLAGHAT,GOLAGHAT,GOLAGHAT,prepaid,20,,,,,,
827,,,,GOTOGO POST,8076536923,,07AQCPB1094R1ZM,110058,DELHI,DELHI,"COMMUNITY CENTRE , JANAK PLACE",LAKSHAY,9267958659,,786439,GOLAGHAT,GOLAGHAT,GOLAGHAT,prepaid,20,,,,,,
828,,,,GOTOGO POST,8076536923,,07AQCPB1094R1ZM,110058,DELHI,DELHI,"COMMUNITY CENTRE , JANAK PLACE",LAKSHAY,9267958659,,786440,GOLAGHAT,GOLAGHAT,GOLAGHAT,prepaid,20,,,,,,
829,,,,GOTOGO POST,8076536923,,07AQCPB1094R1ZM,110058,DELHI,DELHI,"COMMUNITY CENTRE , JANAK PLACE",LAKSHAY,9267958659,,786441,GOLAGHAT,GOLAGHAT,GOLAGHAT,prepaid,20,,,,,,
830,,,,GOTOGO POST,8076536923,,07AQCPB1094R1ZM,110058,DELHI,DELHI,"COMMUNITY CENTRE , JANAK PLACE",LAKSHAY,9267958659,,786442,GOLAGHAT,GOLAGHAT,GOLAGHAT,prepaid,20,,,,,,
831,,,,GOTOGO POST,8076536923,,07AQCPB1094R1ZM,110058,DELHI,DELHI,"COMMUNITY CENTRE , JANAK PLACE",LAKSHAY,9267958659,,786443,GOLAGHAT,GOLAGHAT,GOLAGHAT,prepaid,20,,,,,,
832,,,,GOTOGO POST,8076536923,,07AQCPB1094R1ZM,110058,DELHI,DELHI,"COMMUNITY CENTRE , JANAK PLACE",LAKSHAY,9267958659,,786444,GOLAGHAT,GOLAGHAT,GOLAGHAT,prepaid,20,,,,,,
833,,,,GOTOGO POST,8076536923,,07AQCPB1094R1ZM,110058,DELHI,DELHI,"COMMUNITY CENTRE , JANAK PLACE",LAKSHAY,9267958659,,786445,GOLAGHAT,GOLAGHAT,GOLAGHAT,prepaid,20,,,,,,
834,,,,GOTOGO POST,8076536923,,07AQCPB1094R1ZM,110058,DELHI,DELHI,"COMMUNITY CENTRE , JANAK PLACE",LAKSHAY,9267958659,,786446,GOLAGHAT,GOLAGHAT,GOLAGHAT,prepaid,20,,,,,,
835,,,,GOTOGO POST,8076536923,,07AQCPB1094R1ZM,110058,DELHI,DELHI,"COMMUNITY CENTRE , JANAK PLACE",LAKSHAY,9267958659,,786447,GOLAGHAT,GOLAGHAT,GOLAGHAT,prepaid,20,,,,,,
836,,,,GOTOGO POST,8076536923,,07AQCPB1094R1ZM,110058,DELHI,DELHI,"COMMUNITY CENTRE , JANAK PLACE",LAKSHAY,9267958659,,786448,GOLAGHAT,GOLAGHAT,GOLAGHAT,prepaid,20,,,,,,
837,,,,GOTOGO POST,8076536923,,07AQCPB1094R1ZM,110058,DELHI,DELHI,"COMMUNITY CENTRE , JANAK PLACE",LAKSHAY,9267958659,,786449,GOLAGHAT,GOLAGHAT,GOLAGHAT,prepaid,20,,,,,,
838,,,,GOTOGO POST,8076536923,,07AQCPB1094R1ZM,110058,DELHI,DELHI,"COMMUNITY CENTRE , JANAK PLACE",LAKSHAY,9267958659,,786450,GOLAGHAT,GOLAGHAT,GOLAGHAT,prepaid,20,,,,,,
839,,,,GOTOGO POST,8076536923,,07AQCPB1094R1ZM,110058,DELHI,DELHI,"COMMUNITY CENTRE , JANAK PLACE",LAKSHAY,9267958659,,786451,GOLAGHAT,GOLAGHAT,GOLAGHAT,prepaid,20,,,,,,
840,,,,GOTOGO POST,8076536923,,07AQCPB1094R1ZM,110058,DELHI,DELHI,"COMMUNITY CENTRE , JANAK PLACE",LAKSHAY,9267958659,,786452,GOLAGHAT,GOLAGHAT,GOLAGHAT,prepaid,20,,,,,,
841,,,,GOTOGO POST,8076536923,,07AQCPB1094R1ZM,110058,DELHI,DELHI,"COMMUNITY CENTRE , JANAK PLACE",LAKSHAY,9267958659,,786453,GOLAGHAT,GOLAGHAT,GOLAGHAT,prepaid,20,,,,,,
842,,,,GOTOGO POST,8076536923,,07AQCPB1094R1ZM,110058,DELHI,DELHI,"COMMUNITY CENTRE , JANAK PLACE",LAKSHAY,9267958659,,786454,GOLAGHAT,GOLAGHAT,GOLAGHAT,prepaid,20,,,,,,
843,,,,GOTOGO POST,8076536923,,07AQCPB1094R1ZM,110058,DELHI,DELHI,"COMMUNITY CENTRE , JANAK PLACE",LAKSHAY,9267958659,,786455,GOLAGHAT,GOLAGHAT,GOLAGHAT,prepaid,20,,,,,,
844,,,,GOTOGO POST,8076536923,,07AQCPB1094R1ZM,110058,DELHI,DELHI,"COMMUNITY CENTRE , JANAK PLACE",LAKSHAY,9267958659,,786456,GOLAGHAT,GOLAGHAT,GOLAGHAT,prepaid,20,,,,,,
845,,,,GOTOGO POST,8076536923,,07AQCPB1094R1ZM,110058,DELHI,DELHI,"COMMUNITY CENTRE , JANAK PLACE",LAKSHAY,9267958659,,786457,GOLAGHAT,GOLAGHAT,GOLAGHAT,prepaid,20,,,,,,
846,,,,GOTOGO POST,8076536923,,07AQCPB1094R1ZM,110058,DELHI,DELHI,"COMMUNITY CENTRE , JANAK PLACE",LAKSHAY,9267958659,,786458,GOLAGHAT,GOLAGHAT,GOLAGHAT,prepaid,20,,,,,,
847,,,,GOTOGO POST,8076536923,,07AQCPB1094R1ZM,110058,DELHI,DELHI,"COMMUNITY CENTRE , JANAK PLACE",LAKSHAY,9267958659,,786459,GOLAGHAT,GOLAGHAT,GOLAGHAT,prepaid,20,,,,,,
848,,,,GOTOGO POST,8076536923,,07AQCPB1094R1ZM,110058,DELHI,DELHI,"COMMUNITY CENTRE , JANAK PLACE",LAKSHAY,9267958659,,786460,GOLAGHAT,GOLAGHAT,GOLAGHAT,prepaid,20,,,,,,
849,,,,GOTOGO POST,8076536923,,07AQCPB1094R1ZM,110058,DELHI,DELHI,"COMMUNITY CENTRE , JANAK PLACE",LAKSHAY,9267958659,,786461,GOLAGHAT,GOLAGHAT,GOLAGHAT,prepaid,20,,,,,,
850,,,,GOTOGO POST,8076536923,,07AQCPB1094R1ZM,110058,DELHI,DELHI,"COMMUNITY CENTRE , JANAK PLACE",LAKSHAY,9267958659,,786462,GOLAGHAT,GOLAGHAT,GOLAGHAT,prepaid,20,,,,,,
851,,,,GOTOGO POST,8076536923,,07AQCPB1094R1ZM,110058,DELHI,DELHI,"COMMUNITY CENTRE , JANAK PLACE",LAKSHAY,9267958659,,786463,GOLAGHAT,GOLAGHAT,GOLAGHAT,prepaid,20,,,,,,
852,,,,GOTOGO POST,8076536923,,07AQCPB1094R1ZM,110058,DELHI,DELHI,"COMMUNITY CENTRE , JANAK PLACE",LAKSHAY,9267958659,,786464,GOLAGHAT,GOLAGHAT,GOLAGHAT,prepaid,20,,,,,,
853,,,,GOTOGO POST,8076536923,,07AQCPB1094R1ZM,110058,DELHI,DELHI,"COMMUNITY CENTRE , JANAK PLACE",LAKSHAY,9267958659,,786465,GOLAGHAT,GOLAGHAT,GOLAGHAT,prepaid,20,,,,,,
854,,,,GOTOGO POST,8076536923,,07AQCPB1094R1ZM,110058,DELHI,DELHI,"COMMUNITY CENTRE , JANAK PLACE",LAKSHAY,9267958659,,786466,GOLAGHAT,GOLAGHAT,GOLAGHAT,prepaid,20,,,,,,
855,,,,GOTOGO POST,8076536923,,07AQCPB1094R1ZM,110058,DELHI,DELHI,"COMMUNITY CENTRE , JANAK PLACE",LAKSHAY,9267958659,,786467,GOLAGHAT,GOLAGHAT,GOLAGHAT,prepaid,20,,,,,,
856,,,,GOTOGO POST,8076536923,,07AQCPB1094R1ZM,110058,DELHI,DELHI,"COMMUNITY CENTRE , JANAK PLACE",LAKSHAY,9267958659,,786468,GOLAGHAT,GOLAGHAT,GOLAGHAT,prepaid,20,,,,,,
857,,,,GOTOGO POST,8076536923,,07AQCPB1094R1ZM,110058,DELHI,DELHI,"COMMUNITY CENTRE , JANAK PLACE",LAKSHAY,9267958659,,786469,GOLAGHAT,GOLAGHAT,GOLAGHAT,prepaid,20,,,,,,
858,,,,GOTOGO POST,8076536923,,07AQCPB1094R1ZM,110058,DELHI,DELHI,"COMMUNITY CENTRE , JANAK PLACE",LAKSHAY,9267958659,,786470,GOLAGHAT,GOLAGHAT,GOLAGHAT,prepaid,20,,,,,,
859,,,,GOTOGO POST,8076536923,,07AQCPB1094R1ZM,110058,DELHI,DELHI,"COMMUNITY CENTRE , JANAK PLACE",LAKSHAY,9267958659,,786471,GOLAGHAT,GOLAGHAT,GOLAGHAT,prepaid,20,,,,,,
860,,,,GOTOGO POST,8076536923,,07AQCPB1094R1ZM,110058,DELHI,DELHI,"COMMUNITY CENTRE , JANAK PLACE",LAKSHAY,9267958659,,786472,GOLAGHAT,GOLAGHAT,GOLAGHAT,prepaid,20,,,,,,
861,,,,GOTOGO POST,8076536923,,07AQCPB1094R1ZM,110058,DELHI,DELHI,"COMMUNITY CENTRE , JANAK PLACE",LAKSHAY,9267958659,,786473,GOLAGHAT,GOLAGHAT,GOLAGHAT,prepaid,20,,,,,,
862,,,,GOTOGO POST,8076536923,,07AQCPB1094R1ZM,110058,DELHI,DELHI,"COMMUNITY CENTRE , JANAK PLACE",LAKSHAY,9267958659,,786474,GOLAGHAT,GOLAGHAT,GOLAGHAT,prepaid,20,,,,,,
863,,,,GOTOGO POST,8076536923,,07AQCPB1094R1ZM,110058,DELHI,DELHI,"COMMUNITY CENTRE , JANAK PLACE",LAKSHAY,9267958659,,786475,GOLAGHAT,GOLAGHAT,GOLAGHAT,prepaid,20,,,,,,
864,,,,GOTOGO POST,8076536923,,07AQCPB1094R1ZM,110058,DELHI,DELHI,"COMMUNITY CENTRE , JANAK PLACE",LAKSHAY,9267958659,,786476,GOLAGHAT,GOLAGHAT,GOLAGHAT,prepaid,20,,,,,,
865,,,,GOTOGO POST,8076536923,,07AQCPB1094R1ZM,110058,DELHI,DELHI,"COMMUNITY CENTRE , JANAK PLACE",LAKSHAY,9267958659,,786477,GOLAGHAT,GOLAGHAT,GOLAGHAT,prepaid,20,,,,,,
866,,,,GOTOGO POST,8076536923,,07AQCPB1094R1ZM,110058,DELHI,DELHI,"COMMUNITY CENTRE , JANAK PLACE",LAKSHAY,9267958659,,786478,GOLAGHAT,GOLAGHAT,GOLAGHAT,prepaid,20,,,,,,
867,,,,GOTOGO POST,8076536923,,07AQCPB1094R1ZM,110058,DELHI,DELHI,"COMMUNITY CENTRE , JANAK PLACE",LAKSHAY,9267958659,,786479,GOLAGHAT,GOLAGHAT,GOLAGHAT,prepaid,20,,,,,,
868,,,,GOTOGO POST,8076536923,,07AQCPB1094R1ZM,110058,DELHI,DELHI,"COMMUNITY CENTRE , JANAK PLACE",LAKSHAY,9267958659,,786480,GOLAGHAT,GOLAGHAT,GOLAGHAT,prepaid,20,,,,,,
869,,,,GOTOGO POST,8076536923,,07AQCPB1094R1ZM,110058,DELHI,DELHI,"COMMUNITY CENTRE , JANAK PLACE",LAKSHAY,9267958659,,786481,GOLAGHAT,GOLAGHAT,GOLAGHAT,prepaid,20,,,,,,
870,,,,GOTOGO POST,8076536923,,07AQCPB1094R1ZM,110058,DELHI,DELHI,"COMMUNITY CENTRE , JANAK PLACE",LAKSHAY,9267958659,,786482,GOLAGHAT,GOLAGHAT,GOLAGHAT,prepaid,20,,,,,,
871,,,,GOTOGO POST,8076536923,,07AQCPB1094R1ZM,110058,DELHI,DELHI,"COMMUNITY CENTRE , JANAK PLACE",LAKSHAY,9267958659,,786483,GOLAGHAT,GOLAGHAT,GOLAGHAT,prepaid,20,,,,,,
872,,,,GOTOGO POST,8076536923,,07AQCPB1094R1ZM,110058,DELHI,DELHI,"COMMUNITY CENTRE , JANAK PLACE",LAKSHAY,9267958659,,786484,GOLAGHAT,GOLAGHAT,GOLAGHAT,prepaid,20,,,,,,
873,,,,GOTOGO POST,8076536923,,07AQCPB1094R1ZM,110058,DELHI,DELHI,"COMMUNITY CENTRE , JANAK PLACE",LAKSHAY,9267958659,,786485,GOLAGHAT,GOLAGHAT,GOLAGHAT,prepaid,20,,,,,,
874,,,,GOTOGO POST,8076536923,,07AQCPB1094R1ZM,110058,DELHI,DELHI,"COMMUNITY CENTRE , JANAK PLACE",LAKSHAY,9267958659,,786486,GOLAGHAT,GOLAGHAT,GOLAGHAT,prepaid,20,,,,,,
875,,,,GOTOGO POST,8076536923,,07AQCPB1094R1ZM,110058,DELHI,DELHI,"COMMUNITY CENTRE , JANAK PLACE",LAKSHAY,9267958659,,786487,GOLAGHAT,GOLAGHAT,GOLAGHAT,prepaid,20,,,,,,
876,,,,GOTOGO POST,8076536923,,07AQCPB1094R1ZM,110058,DELHI,DELHI,"COMMUNITY CENTRE , JANAK PLACE",LAKSHAY,9267958659,,786488,GOLAGHAT,GOLAGHAT,GOLAGHAT,prepaid,20,,,,,,
877,,,,GOTOGO POST,8076536923,,07AQCPB1094R1ZM,110058,DELHI,DELHI,"COMMUNITY CENTRE , JANAK PLACE",LAKSHAY,9267958659,,786489,GOLAGHAT,GOLAGHAT,GOLAGHAT,prepaid,20,,,,,,
878,,,,GOTOGO POST,8076536923,,07AQCPB1094R1ZM,110058,DELHI,DELHI,"COMMUNITY CENTRE , JANAK PLACE",LAKSHAY,9267958659,,786490,GOLAGHAT,GOLAGHAT,GOLAGHAT,prepaid,20,,,,,,
879,,,,GOTOGO POST,8076536923,,07AQCPB1094R1ZM,110058,DELHI,DELHI,"COMMUNITY CENTRE , JANAK PLACE",LAKSHAY,9267958659,,786491,GOLAGHAT,GOLAGHAT,GOLAGHAT,prepaid,20,,,,,,
880,,,,GOTOGO POST,8076536923,,07AQCPB1094R1ZM,110058,DELHI,DELHI,"COMMUNITY CENTRE , JANAK PLACE",LAKSHAY,9267958659,,786492,GOLAGHAT,GOLAGHAT,GOLAGHAT,prepaid,20,,,,,,
881,,,,GOTOGO POST,8076536923,,07AQCPB1094R1ZM,110058,DELHI,DELHI,"COMMUNITY CENTRE , JANAK PLACE",LAKSHAY,9267958659,,786493,GOLAGHAT,GOLAGHAT,GOLAGHAT,prepaid,20,,,,,,
882,,,,GOTOGO POST,8076536923,,07AQCPB1094R1ZM,110058,DELHI,DELHI,"COMMUNITY CENTRE , JANAK PLACE",LAKSHAY,9267958659,,786494,GOLAGHAT,GOLAGHAT,GOLAGHAT,prepaid,20,,,,,,
883,,,,GOTOGO POST,8076536923,,07AQCPB1094R1ZM,110058,DELHI,DELHI,"COMMUNITY CENTRE , JANAK PLACE",LAKSHAY,9267958659,,786495,GOLAGHAT,GOLAGHAT,GOLAGHAT,prepaid,20,,,,,,
884,,,,GOTOGO POST,8076536923,,07AQCPB1094R1ZM,110058,DELHI,DELHI,"COMMUNITY CENTRE , JANAK PLACE",LAKSHAY,9267958659,,786496,GOLAGHAT,GOLAGHAT,GOLAGHAT,prepaid,20,,,,,,
885,,,,GOTOGO POST,8076536923,,07AQCPB1094R1ZM,110058,DELHI,DELHI,"COMMUNITY CENTRE , JANAK PLACE",LAKSHAY,9267958659,,786497,GOLAGHAT,GOLAGHAT,GOLAGHAT,prepaid,20,,,,,,
886,,,,GOTOGO POST,8076536923,,07AQCPB1094R1ZM,110058,DELHI,DELHI,"COMMUNITY CENTRE , JANAK PLACE",LAKSHAY,9267958659,,786498,GOLAGHAT,GOLAGHAT,GOLAGHAT,prepaid,20,,,,,,
887,,,,GOTOGO POST,8076536923,,07AQCPB1094R1ZM,110058,DELHI,DELHI,"COMMUNITY CENTRE , JANAK PLACE",LAKSHAY,9267958659,,786499,GOLAGHAT,GOLAGHAT,GOLAGHAT,prepaid,20,,,,,,
888,,,,GOTOGO POST,8076536923,,07AQCPB1094R1ZM,110058,DELHI,DELHI,"COMMUNITY CENTRE , JANAK PLACE",LAKSHAY,9267958659,,786500,GOLAGHAT,GOLAGHAT,GOLAGHAT,prepaid,20,,,,,,
889,,,,GOTOGO POST,8076536923,,07AQCPB1094R1ZM,110058,DELHI,DELHI,"COMMUNITY CENTRE , JANAK PLACE",LAKSHAY,9267958659,,786501,GOLAGHAT,GOLAGHAT,GOLAGHAT,prepaid,20,,,,,,
890,,,,GOTOGO POST,8076536923,,07AQCPB1094R1ZM,110058,DELHI,DELHI,"COMMUNITY CENTRE , JANAK PLACE",LAKSHAY,9267958659,,786502,GOLAGHAT,GOLAGHAT,GOLAGHAT,prepaid,20,,,,,,
891,,,,GOTOGO POST,8076536923,,07AQCPB1094R1ZM,110058,DELHI,DELHI,"COMMUNITY CENTRE , JANAK PLACE",LAKSHAY,9267958659,,786503,GOLAGHAT,GOLAGHAT,GOLAGHAT,prepaid,20,,,,,,
892,,,,GOTOGO POST,8076536923,,07AQCPB1094R1ZM,110058,DELHI,DELHI,"COMMUNITY CENTRE , JANAK PLACE",LAKSHAY,9267958659,,786504,GOLAGHAT,GOLAGHAT,GOLAGHAT,prepaid,20,,,,,,
893,,,,GOTOGO POST,8076536923,,07AQCPB1094R1ZM,110058,DELHI,DELHI,"COMMUNITY CENTRE , JANAK PLACE",LAKSHAY,9267958659,,786505,GOLAGHAT,GOLAGHAT,GOLAGHAT,prepaid,20,,,,,,
894,,,,GOTOGO POST,8076536923,,07AQCPB1094R1ZM,110058,DELHI,DELHI,"COMMUNITY CENTRE , JANAK PLACE",LAKSHAY,9267958659,,786506,GOLAGHAT,GOLAGHAT,GOLAGHAT,prepaid,20,,,,,,
895,,,,GOTOGO POST,8076536923,,07AQCPB1094R1ZM,110058,DELHI,DELHI,"COMMUNITY CENTRE , JANAK PLACE",LAKSHAY,9267958659,,786507,GOLAGHAT,GOLAGHAT,GOLAGHAT,prepaid,20,,,,,,
896,,,,GOTOGO POST,8076536923,,07AQCPB1094R1ZM,110058,DELHI,DELHI,"COMMUNITY CENTRE , JANAK PLACE",LAKSHAY,9267958659,,786508,GOLAGHAT,GOLAGHAT,GOLAGHAT,prepaid,20,,,,,,
897,,,,GOTOGO POST,8076536923,,07AQCPB1094R1ZM,110058,DELHI,DELHI,"COMMUNITY CENTRE , JANAK PLACE",LAKSHAY,9267958659,,786509,GOLAGHAT,GOLAGHAT,GOLAGHAT,prepaid,20,,,,,,
898,,,,GOTOGO POST,8076536923,,07AQCPB1094R1ZM,110058,DELHI,DELHI,"COMMUNITY CENTRE , JANAK PLACE",LAKSHAY,9267958659,,786510,GOLAGHAT,GOLAGHAT,GOLAGHAT,prepaid,20,,,,,,
899,,,,GOTOGO POST,8076536923,,07AQCPB1094R1ZM,110058,DELHI,DELHI,"COMMUNITY CENTRE , JANAK PLACE",LAKSHAY,9267958659,,786511,GOLAGHAT,GOLAGHAT,GOLAGHAT,prepaid,20,,,,,,
900,,,,GOTOGO POST,8076536923,,07AQCPB1094R1ZM,110058,DELHI,DELHI,"COMMUNITY CENTRE , JANAK PLACE",LAKSHAY,9267958659,,786512,GOLAGHAT,GOLAGHAT,GOLAGHAT,prepaid,20,,,,,,
901,,,,GOTOGO POST,8076536923,,07AQCPB1094R1ZM,110058,DELHI,DELHI,"COMMUNITY CENTRE , JANAK PLACE",LAKSHAY,9267958659,,786513,GOLAGHAT,GOLAGHAT,GOLAGHAT,prepaid,20,,,,,,
902,,,,GOTOGO POST,8076536923,,07AQCPB1094R1ZM,110058,DELHI,DELHI,"COMMUNITY CENTRE , JANAK PLACE",LAKSHAY,9267958659,,786514,GOLAGHAT,GOLAGHAT,GOLAGHAT,prepaid,20,,,,,,
903,,,,GOTOGO POST,8076536923,,07AQCPB1094R1ZM,110058,DELHI,DELHI,"COMMUNITY CENTRE , JANAK PLACE",LAKSHAY,9267958659,,786515,GOLAGHAT,GOLAGHAT,GOLAGHAT,prepaid,20,,,,,,
904,,,,GOTOGO POST,8076536923,,07AQCPB1094R1ZM,110058,DELHI,DELHI,"COMMUNITY CENTRE , JANAK PLACE",LAKSHAY,9267958659,,786516,GOLAGHAT,GOLAGHAT,GOLAGHAT,prepaid,20,,,,,,
905,,,,GOTOGO POST,8076536923,,07AQCPB1094R1ZM,110058,DELHI,DELHI,"COMMUNITY CENTRE , JANAK PLACE",LAKSHAY,9267958659,,786517,GOLAGHAT,GOLAGHAT,GOLAGHAT,prepaid,20,,,,,,
906,,,,GOTOGO POST,8076536923,,07AQCPB1094R1ZM,110058,DELHI,DELHI,"COMMUNITY CENTRE , JANAK PLACE",LAKSHAY,9267958659,,786518,GOLAGHAT,GOLAGHAT,GOLAGHAT,prepaid,20,,,,,,
907,,,,GOTOGO POST,8076536923,,07AQCPB1094R1ZM,110058,DELHI,DELHI,"COMMUNITY CENTRE , JANAK PLACE",LAKSHAY,9267958659,,786519,GOLAGHAT,GOLAGHAT,GOLAGHAT,prepaid,20,,,,,,
908,,,,GOTOGO POST,8076536923,,07AQCPB1094R1ZM,110058,DELHI,DELHI,"COMMUNITY CENTRE , JANAK PLACE",LAKSHAY,9267958659,,786520,GOLAGHAT,GOLAGHAT,GOLAGHAT,prepaid,20,,,,,,
909,,,,GOTOGO POST,8076536923,,07AQCPB1094R1ZM,110058,DELHI,DELHI,"COMMUNITY CENTRE , JANAK PLACE",LAKSHAY,9267958659,,786521,GOLAGHAT,GOLAGHAT,GOLAGHAT,prepaid,20,,,,,,
910,,,,GOTOGO POST,8076536923,,07AQCPB1094R1ZM,110058,DELHI,DELHI,"COMMUNITY CENTRE , JANAK PLACE",LAKSHAY,9267958659,,786522,GOLAGHAT,GOLAGHAT,GOLAGHAT,prepaid,20,,,,,,
911,,,,GOTOGO POST,8076536923,,07AQCPB1094R1ZM,110058,DELHI,DELHI,"COMMUNITY CENTRE , JANAK PLACE",LAKSHAY,9267958659,,786523,GOLAGHAT,GOLAGHAT,GOLAGHAT,prepaid,20,,,,,,
912,,,,GOTOGO POST,8076536923,,07AQCPB1094R1ZM,110058,DELHI,DELHI,"COMMUNITY CENTRE , JANAK PLACE",LAKSHAY,9267958659,,786524,GOLAGHAT,GOLAGHAT,GOLAGHAT,prepaid,20,,,,,,
913,,,,GOTOGO POST,8076536923,,07AQCPB1094R1ZM,110058,DELHI,DELHI,"COMMUNITY CENTRE , JANAK PLACE",LAKSHAY,9267958659,,786525,GOLAGHAT,GOLAGHAT,GOLAGHAT,prepaid,20,,,,,,
914,,,,GOTOGO POST,8076536923,,07AQCPB1094R1ZM,110058,DELHI,DELHI,"COMMUNITY CENTRE , JANAK PLACE",LAKSHAY,9267958659,,786526,GOLAGHAT,GOLAGHAT,GOLAGHAT,prepaid,20,,,,,,
915,,,,GOTOGO POST,8076536923,,07AQCPB1094R1ZM,110058,DELHI,DELHI,"COMMUNITY CENTRE , JANAK PLACE",LAKSHAY,9267958659,,786527,GOLAGHAT,GOLAGHAT,GOLAGHAT,prepaid,20,,,,,,
916,,,,GOTOGO POST,8076536923,,07AQCPB1094R1ZM,110058,DELHI,DELHI,"COMMUNITY CENTRE , JANAK PLACE",LAKSHAY,9267958659,,786528,GOLAGHAT,GOLAGHAT,GOLAGHAT,prepaid,20,,,,,,
917,,,,GOTOGO POST,8076536923,,07AQCPB1094R1ZM,110058,DELHI,DELHI,"COMMUNITY CENTRE , JANAK PLACE",LAKSHAY,9267958659,,786529,GOLAGHAT,GOLAGHAT,GOLAGHAT,prepaid,20,,,,,,
918,,,,GOTOGO POST,8076536923,,07AQCPB1094R1ZM,110058,DELHI,DELHI,"COMMUNITY CENTRE , JANAK PLACE",LAKSHAY,9267958659,,786530,GOLAGHAT,GOLAGHAT,GOLAGHAT,prepaid,20,,,,,,
919,,,,GOTOGO POST,8076536923,,07AQCPB1094R1ZM,110058,DELHI,DELHI,"COMMUNITY CENTRE , JANAK PLACE",LAKSHAY,9267958659,,786531,GOLAGHAT,GOLAGHAT,GOLAGHAT,prepaid,20,,,,,,
920,,,,GOTOGO POST,8076536923,,07AQCPB1094R1ZM,110058,DELHI,DELHI,"COMMUNITY CENTRE , JANAK PLACE",LAKSHAY,9267958659,,786532,GOLAGHAT,GOLAGHAT,GOLAGHAT,prepaid,20,,,,,,
921,,,,GOTOGO POST,8076536923,,07AQCPB1094R1ZM,110058,DELHI,DELHI,"COMMUNITY CENTRE , JANAK PLACE",LAKSHAY,9267958659,,786533,GOLAGHAT,GOLAGHAT,GOLAGHAT,prepaid,20,,,,,,
922,,,,GOTOGO POST,8076536923,,07AQCPB1094R1ZM,110058,DELHI,DELHI,"COMMUNITY CENTRE , JANAK PLACE",LAKSHAY,9267958659,,786534,GOLAGHAT,GOLAGHAT,GOLAGHAT,prepaid,20,,,,,,
923,,,,GOTOGO POST,8076536923,,07AQCPB1094R1ZM,110058,DELHI,DELHI,"COMMUNITY CENTRE , JANAK PLACE",LAKSHAY,9267958659,,786535,GOLAGHAT,GOLAGHAT,GOLAGHAT,prepaid,20,,,,,,
924,,,,GOTOGO POST,8076536923,,07AQCPB1094R1ZM,110058,DELHI,DELHI,"COMMUNITY CENTRE , JANAK PLACE",LAKSHAY,9267958659,,786536,GOLAGHAT,GOLAGHAT,GOLAGHAT,prepaid,20,,,,,,
925,,,,GOTOGO POST,8076536923,,07AQCPB1094R1ZM,110058,DELHI,DELHI,"COMMUNITY CENTRE , JANAK PLACE",LAKSHAY,9267958659,,786537,GOLAGHAT,GOLAGHAT,GOLAGHAT,prepaid,20,,,,,,
926,,,,GOTOGO POST,8076536923,,07AQCPB1094R1ZM,110058,DELHI,DELHI,"COMMUNITY CENTRE , JANAK PLACE",LAKSHAY,9267958659,,786538,GOLAGHAT,GOLAGHAT,GOLAGHAT,prepaid,20,,,,,,
927,,,,GOTOGO POST,8076536923,,07AQCPB1094R1ZM,110058,DELHI,DELHI,"COMMUNITY CENTRE , JANAK PLACE",LAKSHAY,9267958659,,786539,GOLAGHAT,GOLAGHAT,GOLAGHAT,prepaid,20,,,,,,
928,,,,GOTOGO POST,8076536923,,07AQCPB1094R1ZM,110058,DELHI,DELHI,"COMMUNITY CENTRE , JANAK PLACE",LAKSHAY,9267958659,,786540,GOLAGHAT,GOLAGHAT,GOLAGHAT,prepaid,20,,,,,,
929,,,,GOTOGO POST,8076536923,,07AQCPB1094R1ZM,110058,DELHI,DELHI,"COMMUNITY CENTRE , JANAK PLACE",LAKSHAY,9267958659,,786541,GOLAGHAT,GOLAGHAT,GOLAGHAT,prepaid,20,,,,,,
930,,,,GOTOGO POST,8076536923,,07AQCPB1094R1ZM,110058,DELHI,DELHI,"COMMUNITY CENTRE , JANAK PLACE",LAKSHAY,9267958659,,786542,GOLAGHAT,GOLAGHAT,GOLAGHAT,prepaid,20,,,,,,
931,,,,GOTOGO POST,8076536923,,07AQCPB1094R1ZM,110058,DELHI,DELHI,"COMMUNITY CENTRE , JANAK PLACE",LAKSHAY,9267958659,,786543,GOLAGHAT,GOLAGHAT,GOLAGHAT,prepaid,20,,,,,,
932,,,,GOTOGO POST,8076536923,,07AQCPB1094R1ZM,110058,DELHI,DELHI,"COMMUNITY CENTRE , JANAK PLACE",LAKSHAY,9267958659,,786544,GOLAGHAT,GOLAGHAT,GOLAGHAT,prepaid,20,,,,,,
933,,,,GOTOGO POST,8076536923,,07AQCPB1094R1ZM,110058,DELHI,DELHI,"COMMUNITY CENTRE , JANAK PLACE",LAKSHAY,9267958659,,786545,GOLAGHAT,GOLAGHAT,GOLAGHAT,prepaid,20,,,,,,
934,,,,GOTOGO POST,8076536923,,07AQCPB1094R1ZM,110058,DELHI,DELHI,"COMMUNITY CENTRE , JANAK PLACE",LAKSHAY,9267958659,,786546,GOLAGHAT,GOLAGHAT,GOLAGHAT,prepaid,20,,,,,,
935,,,,GOTOGO POST,8076536923,,07AQCPB1094R1ZM,110058,DELHI,DELHI,"COMMUNITY CENTRE , JANAK PLACE",LAKSHAY,9267958659,,786547,GOLAGHAT,GOLAGHAT,GOLAGHAT,prepaid,20,,,,,,
936,,,,GOTOGO POST,8076536923,,07AQCPB1094R1ZM,110058,DELHI,DELHI,"COMMUNITY CENTRE , JANAK PLACE",LAKSHAY,9267958659,,786548,GOLAGHAT,GOLAGHAT,GOLAGHAT,prepaid,20,,,,,,
937,,,,GOTOGO POST,8076536923,,07AQCPB1094R1ZM,110058,DELHI,DELHI,"COMMUNITY CENTRE , JANAK PLACE",LAKSHAY,9267958659,,786549,GOLAGHAT,GOLAGHAT,GOLAGHAT,prepaid,20,,,,,,
938,,,,GOTOGO POST,8076536923,,07AQCPB1094R1ZM,110058,DELHI,DELHI,"COMMUNITY CENTRE , JANAK PLACE",LAKSHAY,9267958659,,786550,GOLAGHAT,GOLAGHAT,GOLAGHAT,prepaid,20,,,,,,
939,,,,GOTOGO POST,8076536923,,07AQCPB1094R1ZM,110058,DELHI,DELHI,"COMMUNITY CENTRE , JANAK PLACE",LAKSHAY,9267958659,,786551,GOLAGHAT,GOLAGHAT,GOLAGHAT,prepaid,20,,,,,,
940,,,,GOTOGO POST,8076536923,,07AQCPB1094R1ZM,110058,DELHI,DELHI,"COMMUNITY CENTRE , JANAK PLACE",LAKSHAY,9267958659,,786552,GOLAGHAT,GOLAGHAT,GOLAGHAT,prepaid,20,,,,,,
941,,,,GOTOGO POST,8076536923,,07AQCPB1094R1ZM,110058,DELHI,DELHI,"COMMUNITY CENTRE , JANAK PLACE",LAKSHAY,9267958659,,786553,GOLAGHAT,GOLAGHAT,GOLAGHAT,prepaid,20,,,,,,
942,,,,GOTOGO POST,8076536923,,07AQCPB1094R1ZM,110058,DELHI,DELHI,"COMMUNITY CENTRE , JANAK PLACE",LAKSHAY,9267958659,,786554,GOLAGHAT,GOLAGHAT,GOLAGHAT,prepaid,20,,,,,,
943,,,,GOTOGO POST,8076536923,,07AQCPB1094R1ZM,110058,DELHI,DELHI,"COMMUNITY CENTRE , JANAK PLACE",LAKSHAY,9267958659,,786555,GOLAGHAT,GOLAGHAT,GOLAGHAT,prepaid,20,,,,,,
944,,,,GOTOGO POST,8076536923,,07AQCPB1094R1ZM,110058,DELHI,DELHI,"COMMUNITY CENTRE , JANAK PLACE",LAKSHAY,9267958659,,786556,GOLAGHAT,GOLAGHAT,GOLAGHAT,prepaid,20,,,,,,
945,,,,GOTOGO POST,8076536923,,07AQCPB1094R1ZM,110058,DELHI,DELHI,"COMMUNITY CENTRE , JANAK PLACE",LAKSHAY,9267958659,,786557,GOLAGHAT,GOLAGHAT,GOLAGHAT,prepaid,20,,,,,,
946,,,,GOTOGO POST,8076536923,,07AQCPB1094R1ZM,110058,DELHI,DELHI,"COMMUNITY CENTRE , JANAK PLACE",LAKSHAY,9267958659,,786558,GOLAGHAT,GOLAGHAT,GOLAGHAT,prepaid,20,,,,,,
947,,,,GOTOGO POST,8076536923,,07AQCPB1094R1ZM,110058,DELHI,DELHI,"COMMUNITY CENTRE , JANAK PLACE",LAKSHAY,9267958659,,786559,GOLAGHAT,GOLAGHAT,GOLAGHAT,prepaid,20,,,,,,
948,,,,GOTOGO POST,8076536923,,07AQCPB1094R1ZM,110058,DELHI,DELHI,"COMMUNITY CENTRE , JANAK PLACE",LAKSHAY,9267958659,,786560,GOLAGHAT,GOLAGHAT,GOLAGHAT,prepaid,20,,,,,,
949,,,,GOTOGO POST,8076536923,,07AQCPB1094R1ZM,110058,DELHI,DELHI,"COMMUNITY CENTRE , JANAK PLACE",LAKSHAY,9267958659,,786561,GOLAGHAT,GOLAGHAT,GOLAGHAT,prepaid,20,,,,,,
950,,,,GOTOGO POST,8076536923,,07AQCPB1094R1ZM,110058,DELHI,DELHI,"COMMUNITY CENTRE , JANAK PLACE",LAKSHAY,9267958659,,786562,GOLAGHAT,GOLAGHAT,GOLAGHAT,prepaid,20,,,,,,
951,,,,GOTOGO POST,8076536923,,07AQCPB1094R1ZM,110058,DELHI,DELHI,"COMMUNITY CENTRE , JANAK PLACE",LAKSHAY,9267958659,,786563,GOLAGHAT,GOLAGHAT,GOLAGHAT,prepaid,20,,,,,,
952,,,,GOTOGO POST,8076536923,,07AQCPB1094R1ZM,110058,DELHI,DELHI,"COMMUNITY CENTRE , JANAK PLACE",LAKSHAY,9267958659,,786564,GOLAGHAT,GOLAGHAT,GOLAGHAT,prepaid,20,,,,,,
953,,,,GOTOGO POST,8076536923,,07AQCPB1094R1ZM,110058,DELHI,DELHI,"COMMUNITY CENTRE , JANAK PLACE",LAKSHAY,9267958659,,786565,GOLAGHAT,GOLAGHAT,GOLAGHAT,prepaid,20,,,,,,
954,,,,GOTOGO POST,8076536923,,07AQCPB1094R1ZM,110058,DELHI,DELHI,"COMMUNITY CENTRE , JANAK PLACE",LAKSHAY,9267958659,,786566,GOLAGHAT,GOLAGHAT,GOLAGHAT,prepaid,20,,,,,,
955,,,,GOTOGO POST,8076536923,,07AQCPB1094R1ZM,110058,DELHI,DELHI,"COMMUNITY CENTRE , JANAK PLACE",LAKSHAY,9267958659,,786567,GOLAGHAT,GOLAGHAT,GOLAGHAT,prepaid,20,,,,,,
956,,,,GOTOGO POST,8076536923,,07AQCPB1094R1ZM,110058,DELHI,DELHI,"COMMUNITY CENTRE , JANAK PLACE",LAKSHAY,9267958659,,786568,GOLAGHAT,GOLAGHAT,GOLAGHAT,prepaid,20,,,,,,
957,,,,GOTOGO POST,8076536923,,07AQCPB1094R1ZM,110058,DELHI,DELHI,"COMMUNITY CENTRE , JANAK PLACE",LAKSHAY,9267958659,,786569,GOLAGHAT,GOLAGHAT,GOLAGHAT,prepaid,20,,,,,,
958,,,,GOTOGO POST,8076536923,,07AQCPB1094R1ZM,110058,DELHI,DELHI,"COMMUNITY CENTRE , JANAK PLACE",LAKSHAY,9267958659,,786570,GOLAGHAT,GOLAGHAT,GOLAGHAT,prepaid,20,,,,,,
959,,,,GOTOGO POST,8076536923,,07AQCPB1094R1ZM,110058,DELHI,DELHI,"COMMUNITY CENTRE , JANAK PLACE",LAKSHAY,9267958659,,786571,GOLAGHAT,GOLAGHAT,GOLAGHAT,prepaid,20,,,,,,
960,,,,GOTOGO POST,8076536923,,07AQCPB1094R1ZM,110058,DELHI,DELHI,"COMMUNITY CENTRE , JANAK PLACE",LAKSHAY,9267958659,,786572,GOLAGHAT,GOLAGHAT,GOLAGHAT,prepaid,20,,,,,,
961,,,,GOTOGO POST,8076536923,,07AQCPB1094R1ZM,110058,DELHI,DELHI,"COMMUNITY CENTRE , JANAK PLACE",LAKSHAY,9267958659,,786573,GOLAGHAT,GOLAGHAT,GOLAGHAT,prepaid,20,,,,,,
962,,,,GOTOGO POST,8076536923,,07AQCPB1094R1ZM,110058,DELHI,DELHI,"COMMUNITY CENTRE , JANAK PLACE",LAKSHAY,9267958659,,786574,GOLAGHAT,GOLAGHAT,GOLAGHAT,prepaid,20,,,,,,
963,,,,GOTOGO POST,8076536923,,07AQCPB1094R1ZM,110058,DELHI,DELHI,"COMMUNITY CENTRE , JANAK PLACE",LAKSHAY,9267958659,,786575,GOLAGHAT,GOLAGHAT,GOLAGHAT,prepaid,20,,,,,,
964,,,,GOTOGO POST,8076536923,,07AQCPB1094R1ZM,110058,DELHI,DELHI,"COMMUNITY CENTRE , JANAK PLACE",LAKSHAY,9267958659,,786576,GOLAGHAT,GOLAGHAT,GOLAGHAT,prepaid,20,,,,,,
965,,,,GOTOGO POST,8076536923,,07AQCPB1094R1ZM,110058,DELHI,DELHI,"COMMUNITY CENTRE , JANAK PLACE",LAKSHAY,9267958659,,786577,GOLAGHAT,GOLAGHAT,GOLAGHAT,prepaid,20,,,,,,
966,,,,GOTOGO POST,8076536923,,07AQCPB1094R1ZM,110058,DELHI,DELHI,"COMMUNITY CENTRE , JANAK PLACE",LAKSHAY,9267958659,,786578,GOLAGHAT,GOLAGHAT,GOLAGHAT,prepaid,20,,,,,,
967,,,,GOTOGO POST,8076536923,,07AQCPB1094R1ZM,110058,DELHI,DELHI,"COMMUNITY CENTRE , JANAK PLACE",LAKSHAY,9267958659,,786579,GOLAGHAT,GOLAGHAT,GOLAGHAT,prepaid,20,,,,,,
968,,,,GOTOGO POST,8076536923,,07AQCPB1094R1ZM,110058,DELHI,DELHI,"COMMUNITY CENTRE , JANAK PLACE",LAKSHAY,9267958659,,786580,GOLAGHAT,GOLAGHAT,GOLAGHAT,prepaid,20,,,,,,
969,,,,GOTOGO POST,8076536923,,07AQCPB1094R1ZM,110058,DELHI,DELHI,"COMMUNITY CENTRE , JANAK PLACE",LAKSHAY,9267958659,,786581,GOLAGHAT,GOLAGHAT,GOLAGHAT,prepaid,20,,,,,,
970,,,,GOTOGO POST,8076536923,,07AQCPB1094R1ZM,110058,DELHI,DELHI,"COMMUNITY CENTRE , JANAK PLACE",LAKSHAY,9267958659,,786582,GOLAGHAT,GOLAGHAT,GOLAGHAT,prepaid,20,,,,,,
971,,,,GOTOGO POST,8076536923,,07AQCPB1094R1ZM,110058,DELHI,DELHI,"COMMUNITY CENTRE , JANAK PLACE",LAKSHAY,9267958659,,786583,GOLAGHAT,GOLAGHAT,GOLAGHAT,prepaid,20,,,,,,
972,,,,GOTOGO POST,8076536923,,07AQCPB1094R1ZM,110058,DELHI,DELHI,"COMMUNITY CENTRE , JANAK PLACE",LAKSHAY,9267958659,,786584,GOLAGHAT,GOLAGHAT,GOLAGHAT,prepaid,20,,,,,,
973,,,,GOTOGO POST,8076536923,,07AQCPB1094R1ZM,110058,DELHI,DELHI,"COMMUNITY CENTRE , JANAK PLACE",LAKSHAY,9267958659,,786585,GOLAGHAT,GOLAGHAT,GOLAGHAT,prepaid,20,,,,,,
974,,,,GOTOGO POST,8076536923,,07AQCPB1094R1ZM,110058,DELHI,DELHI,"COMMUNITY CENTRE , JANAK PLACE",LAKSHAY,9267958659,,786586,GOLAGHAT,GOLAGHAT,GOLAGHAT,prepaid,20,,,,,,
975,,,,GOTOGO POST,8076536923,,07AQCPB1094R1ZM,110058,DELHI,DELHI,"COMMUNITY CENTRE , JANAK PLACE",LAKSHAY,9267958659,,786587,GOLAGHAT,GOLAGHAT,GOLAGHAT,prepaid,20,,,,,,
976,,,,GOTOGO POST,8076536923,,07AQCPB1094R1ZM,110058,DELHI,DELHI,"COMMUNITY CENTRE , JANAK PLACE",LAKSHAY,9267958659,,786588,GOLAGHAT,GOLAGHAT,GOLAGHAT,prepaid,20,,,,,,
977,,,,GOTOGO POST,8076536923,,07AQCPB1094R1ZM,110058,DELHI,DELHI,"COMMUNITY CENTRE , JANAK PLACE",LAKSHAY,9267958659,,786589,GOLAGHAT,GOLAGHAT,GOLAGHAT,prepaid,20,,,,,,
978,,,,GOTOGO POST,8076536923,,07AQCPB1094R1ZM,110058,DELHI,DELHI,"COMMUNITY CENTRE , JANAK PLACE",LAKSHAY,9267958659,,786590,GOLAGHAT,GOLAGHAT,GOLAGHAT,prepaid,20,,,,,,
979,,,,GOTOGO POST,8076536923,,07AQCPB1094R1ZM,110058,DELHI,DELHI,"COMMUNITY CENTRE , JANAK PLACE",LAKSHAY,9267958659,,786591,GOLAGHAT,GOLAGHAT,GOLAGHAT,prepaid,20,,,,,,
980,,,,GOTOGO POST,8076536923,,07AQCPB1094R1ZM,110058,DELHI,DELHI,"COMMUNITY CENTRE , JANAK PLACE",LAKSHAY,9267958659,,786592,GOLAGHAT,GOLAGHAT,GOLAGHAT,prepaid,20,,,,,,
981,,,,GOTOGO POST,8076536923,,07AQCPB1094R1ZM,110058,DELHI,DELHI,"COMMUNITY CENTRE , JANAK PLACE",LAKSHAY,9267958659,,786593,GOLAGHAT,GOLAGHAT,GOLAGHAT,prepaid,20,,,,,,
982,,,,GOTOGO POST,8076536923,,07AQCPB1094R1ZM,110058,DELHI,DELHI,"COMMUNITY CENTRE , JANAK PLACE",LAKSHAY,9267958659,,786594,GOLAGHAT,GOLAGHAT,GOLAGHAT,prepaid,20,,,,,,
983,,,,GOTOGO POST,8076536923,,07AQCPB1094R1ZM,110058,DELHI,DELHI,"COMMUNITY CENTRE , JANAK PLACE",LAKSHAY,9267958659,,786595,GOLAGHAT,GOLAGHAT,GOLAGHAT,prepaid,20,,,,,,
984,,,,GOTOGO POST,8076536923,,07AQCPB1094R1ZM,110058,DELHI,DELHI,"COMMUNITY CENTRE , JANAK PLACE",LAKSHAY,9267958659,,786596,GOLAGHAT,GOLAGHAT,GOLAGHAT,prepaid,20,,,,,,
985,,,,GOTOGO POST,8076536923,,07AQCPB1094R1ZM,110058,DELHI,DELHI,"COMMUNITY CENTRE , JANAK PLACE",LAKSHAY,9267958659,,786597,GOLAGHAT,GOLAGHAT,GOLAGHAT,prepaid,20,,,,,,
986,,,,GOTOGO POST,8076536923,,07AQCPB1094R1ZM,110058,DELHI,DELHI,"COMMUNITY CENTRE , JANAK PLACE",LAKSHAY,9267958659,,786598,GOLAGHAT,GOLAGHAT,GOLAGHAT,prepaid,20,,,,,,
987,,,,GOTOGO POST,8076536923,,07AQCPB1094R1ZM,110058,DELHI,DELHI,"COMMUNITY CENTRE , JANAK PLACE",LAKSHAY,9267958659,,786599,GOLAGHAT,GOLAGHAT,GOLAGHAT,prepaid,20,,,,,,
988,,,,GOTOGO POST,8076536923,,07AQCPB1094R1ZM,110058,DELHI,DELHI,"COMMUNITY CENTRE , JANAK PLACE",LAKSHAY,9267958659,,786600,GOLAGHAT,GOLAGHAT,GOLAGHAT,prepaid,20,,,,,,
989,,,,GOTOGO POST,8076536923,,07AQCPB1094R1ZM,110058,DELHI,DELHI,"COMMUNITY CENTRE , JANAK PLACE",LAKSHAY,9267958659,,786601,GOLAGHAT,GOLAGHAT,GOLAGHAT,prepaid,20,,,,,,
990,,,,GOTOGO POST,8076536923,,07AQCPB1094R1ZM,110058,DELHI,DELHI,"COMMUNITY CENTRE , JANAK PLACE",LAKSHAY,9267958659,,786602,GOLAGHAT,GOLAGHAT,GOLAGHAT,prepaid,20,,,,,,
991,,,,GOTOGO POST,8076536923,,07AQCPB1094R1ZM,110058,DELHI,DELHI,"COMMUNITY CENTRE , JANAK PLACE",LAKSHAY,9267958659,,786603,GOLAGHAT,GOLAGHAT,GOLAGHAT,prepaid,20,,,,,,
992,,,,GOTOGO POST,8076536923,,07AQCPB1094R1ZM,110058,DELHI,DELHI,"COMMUNITY CENTRE , JANAK PLACE",LAKSHAY,9267958659,,786604,GOLAGHAT,GOLAGHAT,GOLAGHAT,prepaid,20,,,,,,
993,,,,GOTOGO POST,8076536923,,07AQCPB1094R1ZM,110058,DELHI,DELHI,"COMMUNITY CENTRE , JANAK PLACE",LAKSHAY,9267958659,,786605,GOLAGHAT,GOLAGHAT,GOLAGHAT,prepaid,20,,,,,,
994,,,,GOTOGO POST,8076536923,,07AQCPB1094R1ZM,110058,DELHI,DELHI,"COMMUNITY CENTRE , JANAK PLACE",LAKSHAY,9267958659,,786606,GOLAGHAT,GOLAGHAT,GOLAGHAT,prepaid,20,,,,,,
995,,,,GOTOGO POST,8076536923,,07AQCPB1094R1ZM,110058,DELHI,DELHI,"COMMUNITY CENTRE , JANAK PLACE",LAKSHAY,9267958659,,786607,GOLAGHAT,GOLAGHAT,GOLAGHAT,prepaid,20,,,,,,
996,,,,GOTOGO POST,8076536923,,07AQCPB1094R1ZM,110058,DELHI,DELHI,"COMMUNITY CENTRE , JANAK PLACE",LAKSHAY,9267958659,,786608,GOLAGHAT,GOLAGHAT,GOLAGHAT,prepaid,20,,,,,,
997,,,,GOTOGO POST,8076536923,,07AQCPB1094R1ZM,110058,DELHI,DELHI,"COMMUNITY CENTRE , JANAK PLACE",LAKSHAY,9267958659,,786609,GOLAGHAT,GOLAGHAT,GOLAGHAT,prepaid,20,,,,,,
998,,,,GOTOGO POST,8076536923,,07AQCPB1094R1ZM,110058,DELHI,DELHI,"COMMUNITY CENTRE , JANAK PLACE",LAKSHAY,9267958659,,786610,GOLAGHAT,GOLAGHAT,GOLAGHAT,prepaid,20,,,,,,
999,,,,GOTOGO POST,8076536923,,07AQCPB1094R1ZM,110058,DELHI,DELHI,"COMMUNITY CENTRE , JANAK PLACE",LAKSHAY,9267958659,,786611,GOLAGHAT,GOLAGHAT,GOLAGHAT,prepaid,20,,,,,,