sr no,Barcode,Market Manager _id,Pickup Boy_id,Pickup Name,Pickup Phone,Pickup Email,Pickup gst,Pickup Pincode,Pickup City,Pickup State,Pickup Address,Consignee Name,Consignee Phone,Consignee Email,Consignee Pincode,Consignee City,Consignee State,Consignee Address,Payment Method,Package Weight,Package Length,Package Width,Package Height,Fuel Charge,Pickup Charge,Other service Charge
1,,,,GOTOGO POST,8076536923,,07AQCPB1094R1ZM,110058,DELHI,DELHI,"COMMUNITY CENTRE , JANAK PLACE",LAKSHAY,9267958659,,782446,LANKA,LANKA,LANKA,prepaid,20,0,0,0,0,0,0
2,,,,GOTOGO POST,8076536923,,07AQCPB1094R1ZM,110058,DELHI,DELHI,"COMMUNITY CENTRE , JANAK PLACE",LAKSHAY,9267958659,,785614,GOLAGHAT,GOLAGHAT,GOLAGHAT,prepaid,20,0,0,0,0,0,0
3,,,,GOTOGO POST,8076536923,,07AQCPB1094R1ZM,110058,DELHI,DELHI,"COMMUNITY CENTRE , JANAK PLACE",LAKSHAY,9267958659,,,,,,,,,,,,,
4,,,,GOTOGO POST,8076536923,,07AQCPB1094R1ZM,110058,DELHI,DELHI,"COMMUNITY CENTRE , JANAK PLACE",LAKSHAY,9267958659,,,,,,,,,,,,,
5,,,,GOTOGO POST,8076536923,,07AQCPB1094R1ZM,110058,DELHI,DELHI,"COMMUNITY CENTRE , JANAK PLACE",LAKSHAY,9267958659,,,,,,,,,,,,,
6,,,,GOTOGO POST,8076536923,,07AQCPB1094R1ZM,110058,DELHI,DELHI,"COMMUNITY CENTRE , JANAK PLACE",LAKSHAY,9267958659,,,,,,,,,,,,,
7,,,,GOTOGO POST,8076536923,,07AQCPB1094R1ZM,110058,DELHI,DELHI,"COMMUNITY CENTRE , JANAK PLACE",LAKSHAY,9267958659,,,,,,,,,,,,,
8,,,,GOTOGO POST,8076536923,,07AQCPB1094R1ZM,110058,DELHI,DELHI,"COMMUNITY CENTRE , JANAK PLACE",LAKSHAY,9267958659,,,,,,,,,,,,,
9,,,,GOTOGO POST,8076536923,,07AQCPB1094R1ZM,110058,DELHI,DELHI,"COMMUNITY CENTRE , JANAK PLACE",LAKSHAY,9267958659,,,,,,,,,,,,,
10,,,,GOTOGO POST,8076536923,,07AQCPB1094R1ZM,110058,DELHI,DELHI,"COMMUNITY CENTRE , JANAK PLACE",LAKSHAY,9267958659,,,,,,,,,,,,,
11,,,,GOTOGO POST,8076536923,,07AQCPB1094R1ZM,110058,DELHI,DELHI,"COMMUNITY CENTRE , JANAK PLACE",LAKSHAY,9267958659,,,,,,,,,,,,,
12,,,,GOTOGO POST,8076536923,,07AQCPB1094R1ZM,110058,DELHI,DELHI,"COMMUNITY CENTRE , JANAK PLACE",LAKSHAY,9267958659,,,,,,,,,,,,,
13,,,,GOTOGO POST,8076536923,,07AQCPB1094R1ZM,110058,DELHI,DELHI,"COMMUNITY CENTRE , JANAK PLACE",LAKSHAY,9267958659,,,,,,,,,,,,,
14,,,,GOTOGO POST,8076536923,,07AQCPB1094R1ZM,110058,DELHI,DELHI,"COMMUNITY CENTRE , JANAK PLACE",LAKSHAY,9267958659,,,,,,,,,,,,,
15,,,,GOTOGO POST,8076536923,,07AQCPB1094R1ZM,110058,DELHI,DELHI,"COMMUNITY CENTRE , JANAK PLACE",LAKSHAY,9267958659,,,,,,,,,,,,,
16,,,,GOTOGO POST,8076536923,,07AQCPB1094R1ZM,110058,DELHI,DELHI,"COMMUNITY CENTRE , JANAK PLACE",LAKSHAY,9267958659,,,,,,,,,,,,,
17,,,,GOTOGO POST,8076536923,,07AQCPB1094R1ZM,110058,DELHI,DELHI,"COMMUNITY CENTRE , JANAK PLACE",LAKSHAY,9267958659,,,,,,,,,,,,,
18,,,,GOTOGO POST,8076536923,,07AQCPB1094R1ZM,110058,DELHI,DELHI,"COMMUNITY CENTRE , JANAK PLACE",LAKSHAY,9267958659,,,,,,,,,,,,,
19,,,,GOTOGO POST,8076536923,,07AQCPB1094R1ZM,110058,DELHI,DELHI,"COMMUNITY CENTRE , JANAK PLACE",LAKSHAY,9267958659,,,,,,,,,,,,,
20,,,,GOTOGO POST,8076536923,,07AQCPB1094R1ZM,110058,DELHI,DELHI,"COMMUNITY CENTRE , JANAK PLACE",LAKSHAY,9267958659,,,,,,,,,,,,,
21,,,,GOTOGO POST,8076536923,,07AQCPB1094R1ZM,110058,DELHI,DELHI,"COMMUNITY CENTRE , JANAK PLACE",LAKSHAY,9267958659,,,,,,,,,,,,,
22,,,,GOTOGO POST,8076536923,,07AQCPB1094R1ZM,110058,DELHI,DELHI,"COMMUNITY CENTRE , JANAK PLACE",LAKSHAY,9267958659,,,,,,,,,,,,,
23,,,,GOTOGO POST,8076536923,,07AQCPB1094R1ZM,110058,DELHI,DELHI,"COMMUNITY CENTRE , JANAK PLACE",LAKSHAY,9267958659,,,,,,,,,,,,,
24,,,,GOTOGO POST,8076536923,,07AQCPB1094R1ZM,110058,DELHI,DELHI,"COMMUNITY CENTRE , JANAK PLACE",LAKSHAY,9267958659,,,,,,,,,,,,,
25,,,,GOTOGO POST,8076536923,,07AQCPB1094R1ZM,110058,DELHI,DELHI,"COMMUNITY CENTRE , JANAK PLACE",LAKSHAY,9267958659,,,,,,,,,,,,,
26,,,,GOTOGO POST,8076536923,,07AQCPB1094R1ZM,110058,DELHI,DELHI,"COMMUNITY CENTRE , JANAK PLACE",LAKSHAY,9267958659,,,,,,,,,,,,,
27,,,,GOTOGO POST,8076536923,,07AQCPB1094R1ZM,110058,DELHI,DELHI,"COMMUNITY CENTRE , JANAK PLACE",LAKSHAY,9267958659,,,,,,,,,,,,,
28,,,,GOTOGO POST,8076536923,,07AQCPB1094R1ZM,110058,DELHI,DELHI,"COMMUNITY CENTRE , JANAK PLACE",LAKSHAY,9267958659,,,,,,,,,,,,,
29,,,,GOTOGO POST,8076536923,,07AQCPB1094R1ZM,110058,DELHI,DELHI,"COMMUNITY CENTRE , JANAK PLACE",LAKSHAY,9267958659,,,,,,,,,,,,,
30,,,,GOTOGO POST,8076536923,,07AQCPB1094R1ZM,110058,DELHI,DELHI,"COMMUNITY CENTRE , JANAK PLACE",LAKSHAY,9267958659,,,,,,,,,,,,,
31,,,,GOTOGO POST,8076536923,,07AQCPB1094R1ZM,110058,DELHI,DELHI,"COMMUNITY CENTRE , JANAK PLACE",LAKSHAY,9267958659,,,,,,,,,,,,,
32,,,,GOTOGO POST,8076536923,,07AQCPB1094R1ZM,110058,DELHI,DELHI,"COMMUNITY CENTRE , JANAK PLACE",LAKSHAY,9267958659,,,,,,,,,,,,,
33,,,,GOTOGO POST,8076536923,,07AQCPB1094R1ZM,110058,DELHI,DELHI,"COMMUNITY CENTRE , JANAK PLACE",LAKSHAY,9267958659,,,,,,,,,,,,,
34,,,,GOTOGO POST,8076536923,,07AQCPB1094R1ZM,110058,DELHI,DELHI,"COMMUNITY CENTRE , JANAK PLACE",LAKSHAY,9267958659,,,,,,,,,,,,,
35,,,,GOTOGO POST,8076536923,,07AQCPB1094R1ZM,110058,DELHI,DELHI,"COMMUNITY CENTRE , JANAK PLACE",LAKSHAY,9267958659,,,,,,,,,,,,,
36,,,,GOTOGO POST,8076536923,,07AQCPB1094R1ZM,110058,DELHI,DELHI,"COMMUNITY CENTRE , JANAK PLACE",LAKSHAY,9267958659,,,,,,,,,,,,,
37,,,,GOTOGO POST,8076536923,,07AQCPB1094R1ZM,110058,DELHI,DELHI,"COMMUNITY CENTRE , JANAK PLACE",LAKSHAY,9267958659,,,,,,,,,,,,,
38,,,,GOTOGO POST,8076536923,,07AQCPB1094R1ZM,110058,DELHI,DELHI,"COMMUNITY CENTRE , JANAK PLACE",LAKSHAY,9267958659,,,,,,,,,,,,,
39,,,,GOTOGO POST,8076536923,,07AQCPB1094R1ZM,110058,DELHI,DELHI,"COMMUNITY CENTRE , JANAK PLACE",LAKSHAY,9267958659,,,,,,,,,,,,,
40,,,,GOTOGO POST,8076536923,,07AQCPB1094R1ZM,110058,DELHI,DELHI,"COMMUNITY CENTRE , JANAK PLACE",LAKSHAY,9267958659,,,,,,,,,,,,,
41,,,,GOTOGO POST,8076536923,,07AQCPB1094R1ZM,110058,DELHI,DELHI,"COMMUNITY CENTRE , JANAK PLACE",LAKSHAY,9267958659,,,,,,,,,,,,,
42,,,,GOTOGO POST,8076536923,,07AQCPB1094R1ZM,110058,DELHI,DELHI,"COMMUNITY CENTRE , JANAK PLACE",LAKSHAY,9267958659,,,,,,,,,,,,,
43,,,,GOTOGO POST,8076536923,,07AQCPB1094R1ZM,110058,DELHI,DELHI,"COMMUNITY CENTRE , JANAK PLACE",LAKSHAY,9267958659,,,,,,,,,,,,,
44,,,,GOTOGO POST,8076536923,,07AQCPB1094R1ZM,110058,DELHI,DELHI,"COMMUNITY CENTRE , JANAK PLACE",LAKSHAY,9267958659,,,,,,,,,,,,,
45,,,,GOTOGO POST,8076536923,,07AQCPB1094R1ZM,110058,DELHI,DELHI,"COMMUNITY CENTRE , JANAK PLACE",LAKSHAY,9267958659,,,,,,,,,,,,,
46,,,,GOTOGO POST,8076536923,,07AQCPB1094R1ZM,110058,DELHI,DELHI,"COMMUNITY CENTRE , JANAK PLACE",LAKSHAY,9267958659,,,,,,,,,,,,,
47,,,,GOTOGO POST,8076536923,,07AQCPB1094R1ZM,110058,DELHI,DELHI,"COMMUNITY CENTRE , JANAK PLACE",LAKSHAY,9267958659,,,,,,,,,,,,,
48,,,,GOTOGO POST,8076536923,,07AQCPB1094R1ZM,110058,DELHI,DELHI,"COMMUNITY CENTRE , JANAK PLACE",LAKSHAY,9267958659,,,,,,,,,,,,,
49,,,,GOTOGO POST,8076536923,,07AQCPB1094R1ZM,110058,DELHI,DELHI,"COMMUNITY CENTRE , JANAK PLACE",LAKSHAY,9267958659,,,,,,,,,,,,,
50,,,,GOTOGO POST,8076536923,,07AQCPB1094R1ZM,110058,DELHI,DELHI,"COMMUNITY CENTRE , JANAK PLACE",LAKSHAY,9267958659,,,,,,,,,,,,,
51,,,,GOTOGO POST,8076536923,,07AQCPB1094R1ZM,110058,DELHI,DELHI,"COMMUNITY CENTRE , JANAK PLACE",LAKSHAY,9267958659,,,,,,,,,,,,,
52,,,,GOTOGO POST,8076536923,,07AQCPB1094R1ZM,110058,DELHI,DELHI,"COMMUNITY CENTRE , JANAK PLACE",LAKSHAY,9267958659,,,,,,,,,,,,,
53,,,,GOTOGO POST,8076536923,,07AQCPB1094R1ZM,110058,DELHI,DELHI,"COMMUNITY CENTRE , JANAK PLACE",LAKSHAY,9267958659,,,,,,,,,,,,,
54,,,,GOTOGO POST,8076536923,,07AQCPB1094R1ZM,110058,DELHI,DELHI,"COMMUNITY CENTRE , JANAK PLACE",LAKSHAY,9267958659,,,,,,,,,,,,,
55,,,,GOTOGO POST,8076536923,,07AQCPB1094R1ZM,110058,DELHI,DELHI,"COMMUNITY CENTRE , JANAK PLACE",LAKSHAY,9267958659,,,,,,,,,,,,,
56,,,,GOTOGO POST,8076536923,,07AQCPB1094R1ZM,110058,DELHI,DELHI,"COMMUNITY CENTRE , JANAK PLACE",LAKSHAY,9267958659,,,,,,,,,,,,,
57,,,,GOTOGO POST,8076536923,,07AQCPB1094R1ZM,110058,DELHI,DELHI,"COMMUNITY CENTRE , JANAK PLACE",LAKSHAY,9267958659,,,,,,,,,,,,,
58,,,,GOTOGO POST,8076536923,,07AQCPB1094R1ZM,110058,DELHI,DELHI,"COMMUNITY CENTRE , JANAK PLACE",LAKSHAY,9267958659,,,,,,,,,,,,,
59,,,,GOTOGO POST,8076536923,,07AQCPB1094R1ZM,110058,DELHI,DELHI,"COMMUNITY CENTRE , JANAK PLACE",LAKSHAY,9267958659,,,,,,,,,,,,,
60,,,,GOTOGO POST,8076536923,,07AQCPB1094R1ZM,110058,DELHI,DELHI,"COMMUNITY CENTRE , JANAK PLACE",LAKSHAY,9267958659,,,,,,,,,,,,,
61,,,,GOTOGO POST,8076536923,,07AQCPB1094R1ZM,110058,DELHI,DELHI,"COMMUNITY CENTRE , JANAK PLACE",LAKSHAY,9267958659,,,,,,,,,,,,,
62,,,,GOTOGO POST,8076536923,,07AQCPB1094R1ZM,110058,DELHI,DELHI,"COMMUNITY CENTRE , JANAK PLACE",LAKSHAY,9267958659,,,,,,,,,,,,,
63,,,,GOTOGO POST,8076536923,,07AQCPB1094R1ZM,110058,DELHI,DELHI,"COMMUNITY CENTRE , JANAK PLACE",LAKSHAY,9267958659,,,,,,,,,,,,,
64,,,,GOTOGO POST,8076536923,,07AQCPB1094R1ZM,110058,DELHI,DELHI,"COMMUNITY CENTRE , JANAK PLACE",LAKSHAY,9267958659,,,,,,,,,,,,,
65,,,,GOTOGO POST,8076536923,,07AQCPB1094R1ZM,110058,DELHI,DELHI,"COMMUNITY CENTRE , JANAK PLACE",LAKSHAY,9267958659,,,,,,,,,,,,,
66,,,,GOTOGO POST,8076536923,,07AQCPB1094R1ZM,110058,DELHI,DELHI,"COMMUNITY CENTRE , JANAK PLACE",LAKSHAY,9267958659,,,,,,,,,,,,,
67,,,,GOTOGO POST,8076536923,,07AQCPB1094R1ZM,110058,DELHI,DELHI,"COMMUNITY CENTRE , JANAK PLACE",LAKSHAY,9267958659,,,,,,,,,,,,,
68,,,,GOTOGO POST,8076536923,,07AQCPB1094R1ZM,110058,DELHI,DELHI,"COMMUNITY CENTRE , JANAK PLACE",LAKSHAY,9267958659,,,,,,,,,,,,,
69,,,,GOTOGO POST,8076536923,,07AQCPB1094R1ZM,110058,DELHI,DELHI,"COMMUNITY CENTRE , JANAK PLACE",LAKSHAY,9267958659,,,,,,,,,,,,,
70,,,,GOTOGO POST,8076536923,,07AQCPB1094R1ZM,110058,DELHI,DELHI,"COMMUNITY CENTRE , JANAK PLACE",LAKSHAY,9267958659,,,,,,,,,,,,,
71,,,,GOTOGO POST,8076536923,,07AQCPB1094R1ZM,110058,DELHI,DELHI,"COMMUNITY CENTRE , JANAK PLACE",LAKSHAY,9267958659,,,,,,,,,,,,,
72,,,,GOTOGO POST,8076536923,,07AQCPB1094R1ZM,110058,DELHI,DELHI,"COMMUNITY CENTRE , JANAK PLACE",LAKSHAY,9267958659,,,,,,,,,,,,,
73,,,,GOTOGO POST,8076536923,,07AQCPB1094R1ZM,110058,DELHI,DELHI,"COMMUNITY CENTRE , JANAK PLACE",LAKSHAY,9267958659,,,,,,,,,,,,,
74,,,,GOTOGO POST,8076536923,,07AQCPB1094R1ZM,110058,DELHI,DELHI,"COMMUNITY CENTRE , JANAK PLACE",LAKSHAY,9267958659,,,,,,,,,,,,,
75,,,,GOTOGO POST,8076536923,,07AQCPB1094R1ZM,110058,DELHI,DELHI,"COMMUNITY CENTRE , JANAK PLACE",LAKSHAY,9267958659,,,,,,,,,,,,,
76,,,,GOTOGO POST,8076536923,,07AQCPB1094R1ZM,110058,DELHI,DELHI,"COMMUNITY CENTRE , JANAK PLACE",LAKSHAY,9267958659,,,,,,,,,,,,,
77,,,,GOTOGO POST,8076536923,,07AQCPB1094R1ZM,110058,DELHI,DELHI,"COMMUNITY CENTRE , JANAK PLACE",LAKSHAY,9267958659,,,,,,,,,,,,,
78,,,,GOTOGO POST,8076536923,,07AQCPB1094R1ZM,110058,DELHI,DELHI,"COMMUNITY CENTRE , JANAK PLACE",LAKSHAY,9267958659,,,,,,,,,,,,,
79,,,,GOTOGO POST,8076536923,,07AQCPB1094R1ZM,110058,DELHI,DELHI,"COMMUNITY CENTRE , JANAK PLACE",LAKSHAY,9267958659,,,,,,,,,,,,,
80,,,,GOTOGO POST,8076536923,,07AQCPB1094R1ZM,110058,DELHI,DELHI,"COMMUNITY CENTRE , JANAK PLACE",LAKSHAY,9267958659,,,,,,,,,,,,,
81,,,,GOTOGO POST,8076536923,,07AQCPB1094R1ZM,110058,DELHI,DELHI,"COMMUNITY CENTRE , JANAK PLACE",LAKSHAY,9267958659,,,,,,,,,,,,,
82,,,,GOTOGO POST,8076536923,,07AQCPB1094R1ZM,110058,DELHI,DELHI,"COMMUNITY CENTRE , JANAK PLACE",LAKSHAY,9267958659,,,,,,,,,,,,,
83,,,,GOTOGO POST,8076536923,,07AQCPB1094R1ZM,110058,DELHI,DELHI,"COMMUNITY CENTRE , JANAK PLACE",LAKSHAY,9267958659,,,,,,,,,,,,,
84,,,,GOTOGO POST,8076536923,,07AQCPB1094R1ZM,110058,DELHI,DELHI,"COMMUNITY CENTRE , JANAK PLACE",LAKSHAY,9267958659,,,,,,,,,,,,,
85,,,,GOTOGO POST,8076536923,,07AQCPB1094R1ZM,110058,DELHI,DELHI,"COMMUNITY CENTRE , JANAK PLACE",LAKSHAY,9267958659,,,,,,,,,,,,,
86,,,,GOTOGO POST,8076536923,,07AQCPB1094R1ZM,110058,DELHI,DELHI,"COMMUNITY CENTRE , JANAK PLACE",LAKSHAY,9267958659,,,,,,,,,,,,,
87,,,,GOTOGO POST,8076536923,,07AQCPB1094R1ZM,110058,DELHI,DELHI,"COMMUNITY CENTRE , JANAK PLACE",LAKSHAY,9267958659,,,,,,,,,,,,,
88,,,,GOTOGO POST,8076536923,,07AQCPB1094R1ZM,110058,DELHI,DELHI,"COMMUNITY CENTRE , JANAK PLACE",LAKSHAY,9267958659,,,,,,,,,,,,,
89,,,,GOTOGO POST,8076536923,,07AQCPB1094R1ZM,110058,DELHI,DELHI,"COMMUNITY CENTRE , JANAK PLACE",LAKSHAY,9267958659,,,,,,,,,,,,,
90,,,,GOTOGO POST,8076536923,,07AQCPB1094R1ZM,110058,DELHI,DELHI,"COMMUNITY CENTRE , JANAK PLACE",LAKSHAY,9267958659,,,,,,,,,,,,,
91,,,,GOTOGO POST,8076536923,,07AQCPB1094R1ZM,110058,DELHI,DELHI,"COMMUNITY CENTRE , JANAK PLACE",LAKSHAY,9267958659,,,,,,,,,,,,,
92,,,,GOTOGO POST,8076536923,,07AQCPB1094R1ZM,110058,DELHI,DELHI,"COMMUNITY CENTRE , JANAK PLACE",LAKSHAY,9267958659,,,,,,,,,,,,,
93,,,,GOTOGO POST,8076536923,,07AQCPB1094R1ZM,110058,DELHI,DELHI,"COMMUNITY CENTRE , JANAK PLACE",LAKSHAY,9267958659,,,,,,,,,,,,,
94,,,,GOTOGO POST,8076536923,,07AQCPB1094R1ZM,110058,DELHI,DELHI,"COMMUNITY CENTRE , JANAK PLACE",LAKSHAY,9267958659,,,,,,,,,,,,,
95,,,,GOTOGO POST,8076536923,,07AQCPB1094R1ZM,110058,DELHI,DELHI,"COMMUNITY CENTRE , JANAK PLACE",LAKSHAY,9267958659,,,,,,,,,,,,,
96,,,,GOTOGO POST,8076536923,,07AQCPB1094R1ZM,110058,DELHI,DELHI,"COMMUNITY CENTRE , JANAK PLACE",LAKSHAY,9267958659,,,,,,,,,,,,,
97,,,,GOTOGO POST,8076536923,,07AQCPB1094R1ZM,110058,DELHI,DELHI,"COMMUNITY CENTRE , JANAK PLACE",LAKSHAY,9267958659,,,,,,,,,,,,,
98,,,,GOTOGO POST,8076536923,,07AQCPB1094R1ZM,110058,DELHI,DELHI,"COMMUNITY CENTRE , JANAK PLACE",LAKSHAY,9267958659,,,,,,,,,,,,,
99,,,,GOTOGO POST,8076536923,,07AQCPB1094R1ZM,110058,DELHI,DELHI,"COMMUNITY CENTRE , JANAK PLACE",LAKSHAY,9267958659,,,,,,,,,,,,,
100,,,,GOTOGO POST,8076536923,,07AQCPB1094R1ZM,110058,DELHI,DELHI,"COMMUNITY CENTRE , JANAK PLACE",LAKSHAY,9267958659,,,,,,,,,,,,,
101,,,,GOTOGO POST,8076536923,,07AQCPB1094R1ZM,110058,DELHI,DELHI,"COMMUNITY CENTRE , JANAK PLACE",LAKSHAY,9267958659,,,,,,,,,,,,,
102,,,,GOTOGO POST,8076536923,,07AQCPB1094R1ZM,110058,DELHI,DELHI,"COMMUNITY CENTRE , JANAK PLACE",LAKSHAY,9267958659,,,,,,,,,,,,,
103,,,,GOTOGO POST,8076536923,,07AQCPB1094R1ZM,110058,DELHI,DELHI,"COMMUNITY CENTRE , JANAK PLACE",LAKSHAY,9267958659,,,,,,,,,,,,,
104,,,,GOTOGO POST,8076536923,,07AQCPB1094R1ZM,110058,DELHI,DELHI,"COMMUNITY CENTRE , JANAK PLACE",LAKSHAY,9267958659,,,,,,,,,,,,,
105,,,,GOTOGO POST,8076536923,,07AQCPB1094R1ZM,110058,DELHI,DELHI,"COMMUNITY CENTRE , JANAK PLACE",LAKSHAY,9267958659,,,,,,,,,,,,,
106,,,,GOTOGO POST,8076536923,,07AQCPB1094R1ZM,110058,DELHI,DELHI,"COMMUNITY CENTRE , JANAK PLACE",LAKSHAY,9267958659,,,,,,,,,,,,,
107,,,,GOTOGO POST,8076536923,,07AQCPB1094R1ZM,110058,DELHI,DELHI,"COMMUNITY CENTRE , JANAK PLACE",LAKSHAY,9267958659,,,,,,,,,,,,,
108,,,,GOTOGO POST,8076536923,,07AQCPB1094R1ZM,110058,DELHI,DELHI,"COMMUNITY CENTRE , JANAK PLACE",LAKSHAY,9267958659,,,,,,,,,,,,,
109,,,,GOTOGO POST,8076536923,,07AQCPB1094R1ZM,110058,DELHI,DELHI,"COMMUNITY CENTRE , JANAK PLACE",LAKSHAY,9267958659,,,,,,,,,,,,,
110,,,,GOTOGO POST,8076536923,,07AQCPB1094R1ZM,110058,DELHI,DELHI,"COMMUNITY CENTRE , JANAK PLACE",LAKSHAY,9267958659,,,,,,,,,,,,,
111,,,,GOTOGO POST,8076536923,,07AQCPB1094R1ZM,110058,DELHI,DELHI,"COMMUNITY CENTRE , JANAK PLACE",LAKSHAY,9267958659,,,,,,,,,,,,,
112,,,,GOTOGO POST,8076536923,,07AQCPB1094R1ZM,110058,DELHI,DELHI,"COMMUNITY CENTRE , JANAK PLACE",LAKSHAY,9267958659,,,,,,,,,,,,,
113,,,,GOTOGO POST,8076536923,,07AQCPB1094R1ZM,110058,DELHI,DELHI,"COMMUNITY CENTRE , JANAK PLACE",LAKSHAY,9267958659,,,,,,,,,,,,,
114,,,,GOTOGO POST,8076536923,,07AQCPB1094R1ZM,110058,DELHI,DELHI,"COMMUNITY CENTRE , JANAK PLACE",LAKSHAY,9267958659,,,,,,,,,,,,,
115,,,,GOTOGO POST,8076536923,,07AQCPB1094R1ZM,110058,DELHI,DELHI,"COMMUNITY CENTRE , JANAK PLACE",LAKSHAY,9267958659,,,,,,,,,,,,,
116,,,,GOTOGO POST,8076536923,,07AQCPB1094R1ZM,110058,DELHI,DELHI,"COMMUNITY CENTRE , JANAK PLACE",LAKSHAY,9267958659,,,,,,,,,,,,,
117,,,,GOTOGO POST,8076536923,,07AQCPB1094R1ZM,110058,DELHI,DELHI,"COMMUNITY CENTRE , JANAK PLACE",LAKSHAY,9267958659,,,,,,,,,,,,,
118,,,,GOTOGO POST,8076536923,,07AQCPB1094R1ZM,110058,DELHI,DELHI,"COMMUNITY CENTRE , JANAK PLACE",LAKSHAY,9267958659,,,,,,,,,,,,,
119,,,,GOTOGO POST,8076536923,,07AQCPB1094R1ZM,110058,DELHI,DELHI,"COMMUNITY CENTRE , JANAK PLACE",LAKSHAY,9267958659,,,,,,,,,,,,,
120,,,,GOTOGO POST,8076536923,,07AQCPB1094R1ZM,110058,DELHI,DELHI,"COMMUNITY CENTRE , JANAK PLACE",LAKSHAY,9267958659,,,,,,,,,,,,,
121,,,,GOTOGO POST,8076536923,,07AQCPB1094R1ZM,110058,DELHI,DELHI,"COMMUNITY CENTRE , JANAK PLACE",LAKSHAY,9267958659,,,,,,,,,,,,,
122,,,,GOTOGO POST,8076536923,,07AQCPB1094R1ZM,110058,DELHI,DELHI,"COMMUNITY CENTRE , JANAK PLACE",LAKSHAY,9267958659,,,,,,,,,,,,,
123,,,,GOTOGO POST,8076536923,,07AQCPB1094R1ZM,110058,DELHI,DELHI,"COMMUNITY CENTRE , JANAK PLACE",LAKSHAY,9267958659,,,,,,,,,,,,,
124,,,,GOTOGO POST,8076536923,,07AQCPB1094R1ZM,110058,DELHI,DELHI,"COMMUNITY CENTRE , JANAK PLACE",LAKSHAY,9267958659,,,,,,,,,,,,,
125,,,,GOTOGO POST,8076536923,,07AQCPB1094R1ZM,110058,DELHI,DELHI,"COMMUNITY CENTRE , JANAK PLACE",LAKSHAY,9267958659,,,,,,,,,,,,,
126,,,,GOTOGO POST,8076536923,,07AQCPB1094R1ZM,110058,DELHI,DELHI,"COMMUNITY CENTRE , JANAK PLACE",LAKSHAY,9267958659,,,,,,,,,,,,,
127,,,,GOTOGO POST,8076536923,,07AQCPB1094R1ZM,110058,DELHI,DELHI,"COMMUNITY CENTRE , JANAK PLACE",LAKSHAY,9267958659,,,,,,,,,,,,,
128,,,,GOTOGO POST,8076536923,,07AQCPB1094R1ZM,110058,DELHI,DELHI,"COMMUNITY CENTRE , JANAK PLACE",LAKSHAY,9267958659,,,,,,,,,,,,,
129,,,,GOTOGO POST,8076536923,,07AQCPB1094R1ZM,110058,DELHI,DELHI,"COMMUNITY CENTRE , JANAK PLACE",LAKSHAY,9267958659,,,,,,,,,,,,,
130,,,,GOTOGO POST,8076536923,,07AQCPB1094R1ZM,110058,DELHI,DELHI,"COMMUNITY CENTRE , JANAK PLACE",LAKSHAY,9267958659,,,,,,,,,,,,,
131,,,,GOTOGO POST,8076536923,,07AQCPB1094R1ZM,110058,DELHI,DELHI,"COMMUNITY CENTRE , JANAK PLACE",LAKSHAY,9267958659,,,,,,,,,,,,,
132,,,,GOTOGO POST,8076536923,,07AQCPB1094R1ZM,110058,DELHI,DELHI,"COMMUNITY CENTRE , JANAK PLACE",LAKSHAY,9267958659,,,,,,,,,,,,,
133,,,,GOTOGO POST,8076536923,,07AQCPB1094R1ZM,110058,DELHI,DELHI,"COMMUNITY CENTRE , JANAK PLACE",LAKSHAY,9267958659,,,,,,,,,,,,,
134,,,,GOTOGO POST,8076536923,,07AQCPB1094R1ZM,110058,DELHI,DELHI,"COMMUNITY CENTRE , JANAK PLACE",LAKSHAY,9267958659,,,,,,,,,,,,,
135,,,,GOTOGO POST,8076536923,,07AQCPB1094R1ZM,110058,DELHI,DELHI,"COMMUNITY CENTRE , JANAK PLACE",LAKSHAY,9267958659,,,,,,,,,,,,,
136,,,,GOTOGO POST,8076536923,,07AQCPB1094R1ZM,110058,DELHI,DELHI,"COMMUNITY CENTRE , JANAK PLACE",LAKSHAY,9267958659,,,,,,,,,,,,,
137,,,,GOTOGO POST,8076536923,,07AQCPB1094R1ZM,110058,DELHI,DELHI,"COMMUNITY CENTRE , JANAK PLACE",LAKSHAY,9267958659,,,,,,,,,,,,,
138,,,,GOTOGO POST,8076536923,,07AQCPB1094R1ZM,110058,DELHI,DELHI,"COMMUNITY CENTRE , JANAK PLACE",LAKSHAY,9267958659,,,,,,,,,,,,,
139,,,,GOTOGO POST,8076536923,,07AQCPB1094R1ZM,110058,DELHI,DELHI,"COMMUNITY CENTRE , JANAK PLACE",LAKSHAY,9267958659,,,,,,,,,,,,,
140,,,,GOTOGO POST,8076536923,,07AQCPB1094R1ZM,110058,DELHI,DELHI,"COMMUNITY CENTRE , JANAK PLACE",LAKSHAY,9267958659,,,,,,,,,,,,,
141,,,,GOTOGO POST,8076536923,,07AQCPB1094R1ZM,110058,DELHI,DELHI,"COMMUNITY CENTRE , JANAK PLACE",LAKSHAY,9267958659,,,,,,,,,,,,,
142,,,,GOTOGO POST,8076536923,,07AQCPB1094R1ZM,110058,DELHI,DELHI,"COMMUNITY CENTRE , JANAK PLACE",LAKSHAY,9267958659,,,,,,,,,,,,,
143,,,,GOTOGO POST,8076536923,,07AQCPB1094R1ZM,110058,DELHI,DELHI,"COMMUNITY CENTRE , JANAK PLACE",LAKSHAY,9267958659,,,,,,,,,,,,,
144,,,,GOTOGO POST,8076536923,,07AQCPB1094R1ZM,110058,DELHI,DELHI,"COMMUNITY CENTRE , JANAK PLACE",LAKSHAY,9267958659,,,,,,,,,,,,,
145,,,,GOTOGO POST,8076536923,,07AQCPB1094R1ZM,110058,DELHI,DELHI,"COMMUNITY CENTRE , JANAK PLACE",LAKSHAY,9267958659,,,,,,,,,,,,,
146,,,,GOTOGO POST,8076536923,,07AQCPB1094R1ZM,110058,DELHI,DELHI,"COMMUNITY CENTRE , JANAK PLACE",LAKSHAY,9267958659,,,,,,,,,,,,,
147,,,,GOTOGO POST,8076536923,,07AQCPB1094R1ZM,110058,DELHI,DELHI,"COMMUNITY CENTRE , JANAK PLACE",LAKSHAY,9267958659,,,,,,,,,,,,,
148,,,,GOTOGO POST,8076536923,,07AQCPB1094R1ZM,110058,DELHI,DELHI,"COMMUNITY CENTRE , JANAK PLACE",LAKSHAY,9267958659,,,,,,,,,,,,,
149,,,,GOTOGO POST,8076536923,,07AQCPB1094R1ZM,110058,DELHI,DELHI,"COMMUNITY CENTRE , JANAK PLACE",LAKSHAY,9267958659,,,,,,,,,,,,,
150,,,,GOTOGO POST,8076536923,,07AQCPB1094R1ZM,110058,DELHI,DELHI,"COMMUNITY CENTRE , JANAK PLACE",LAKSHAY,9267958659,,,,,,,,,,,,,
151,,,,GOTOGO POST,8076536923,,07AQCPB1094R1ZM,110058,DELHI,DELHI,"COMMUNITY CENTRE , JANAK PLACE",LAKSHAY,9267958659,,,,,,,,,,,,,
152,,,,GOTOGO POST,8076536923,,07AQCPB1094R1ZM,110058,DELHI,DELHI,"COMMUNITY CENTRE , JANAK PLACE",LAKSHAY,9267958659,,,,,,,,,,,,,
153,,,,GOTOGO POST,8076536923,,07AQCPB1094R1ZM,110058,DELHI,DELHI,"COMMUNITY CENTRE , JANAK PLACE",LAKSHAY,9267958659,,,,,,,,,,,,,
154,,,,GOTOGO POST,8076536923,,07AQCPB1094R1ZM,110058,DELHI,DELHI,"COMMUNITY CENTRE , JANAK PLACE",LAKSHAY,9267958659,,,,,,,,,,,,,
155,,,,GOTOGO POST,8076536923,,07AQCPB1094R1ZM,110058,DELHI,DELHI,"COMMUNITY CENTRE , JANAK PLACE",LAKSHAY,9267958659,,,,,,,,,,,,,
156,,,,GOTOGO POST,8076536923,,07AQCPB1094R1ZM,110058,DELHI,DELHI,"COMMUNITY CENTRE , JANAK PLACE",LAKSHAY,9267958659,,,,,,,,,,,,,
157,,,,GOTOGO POST,8076536923,,07AQCPB1094R1ZM,110058,DELHI,DELHI,"COMMUNITY CENTRE , JANAK PLACE",LAKSHAY,9267958659,,,,,,,,,,,,,
158,,,,GOTOGO POST,8076536923,,07AQCPB1094R1ZM,110058,DELHI,DELHI,"COMMUNITY CENTRE , JANAK PLACE",LAKSHAY,9267958659,,,,,,,,,,,,,
159,,,,GOTOGO POST,8076536923,,07AQCPB1094R1ZM,110058,DELHI,DELHI,"COMMUNITY CENTRE , JANAK PLACE",LAKSHAY,9267958659,,,,,,,,,,,,,
160,,,,GOTOGO POST,8076536923,,07AQCPB1094R1ZM,110058,DELHI,DELHI,"COMMUNITY CENTRE , JANAK PLACE",LAKSHAY,9267958659,,,,,,,,,,,,,
161,,,,GOTOGO POST,8076536923,,07AQCPB1094R1ZM,110058,DELHI,DELHI,"COMMUNITY CENTRE , JANAK PLACE",LAKSHAY,9267958659,,,,,,,,,,,,,
162,,,,GOTOGO POST,8076536923,,07AQCPB1094R1ZM,110058,DELHI,DELHI,"COMMUNITY CENTRE , JANAK PLACE",LAKSHAY,9267958659,,,,,,,,,,,,,
163,,,,GOTOGO POST,8076536923,,07AQCPB1094R1ZM,110058,DELHI,DELHI,"COMMUNITY CENTRE , JANAK PLACE",LAKSHAY,9267958659,,,,,,,,,,,,,
164,,,,GOTOGO POST,8076536923,,07AQCPB1094R1ZM,110058,DELHI,DELHI,"COMMUNITY CENTRE , JANAK PLACE",LAKSHAY,9267958659,,,,,,,,,,,,,
165,,,,GOTOGO POST,8076536923,,07AQCPB1094R1ZM,110058,DELHI,DELHI,"COMMUNITY CENTRE , JANAK PLACE",LAKSHAY,9267958659,,,,,,,,,,,,,
166,,,,GOTOGO POST,8076536923,,07AQCPB1094R1ZM,110058,DELHI,DELHI,"COMMUNITY CENTRE , JANAK PLACE",LAKSHAY,9267958659,,,,,,,,,,,,,
167,,,,GOTOGO POST,8076536923,,07AQCPB1094R1ZM,110058,DELHI,DELHI,"COMMUNITY CENTRE , JANAK PLACE",LAKSHAY,9267958659,,,,,,,,,,,,,
168,,,,GOTOGO POST,8076536923,,07AQCPB1094R1ZM,110058,DELHI,DELHI,"COMMUNITY CENTRE , JANAK PLACE",LAKSHAY,9267958659,,,,,,,,,,,,,
169,,,,GOTOGO POST,8076536923,,07AQCPB1094R1ZM,110058,DELHI,DELHI,"COMMUNITY CENTRE , JANAK PLACE",LAKSHAY,9267958659,,,,,,,,,,,,,
170,,,,GOTOGO POST,8076536923,,07AQCPB1094R1ZM,110058,DELHI,DELHI,"COMMUNITY CENTRE , JANAK PLACE",LAKSHAY,9267958659,,,,,,,,,,,,,
171,,,,GOTOGO POST,8076536923,,07AQCPB1094R1ZM,110058,DELHI,DELHI,"COMMUNITY CENTRE , JANAK PLACE",LAKSHAY,9267958659,,,,,,,,,,,,,
172,,,,GOTOGO POST,8076536923,,07AQCPB1094R1ZM,110058,DELHI,DELHI,"COMMUNITY CENTRE , JANAK PLACE",LAKSHAY,9267958659,,,,,,,,,,,,,
173,,,,GOTOGO POST,8076536923,,07AQCPB1094R1ZM,110058,DELHI,DELHI,"COMMUNITY CENTRE , JANAK PLACE",LAKSHAY,9267958659,,,,,,,,,,,,,
174,,,,GOTOGO POST,8076536923,,07AQCPB1094R1ZM,110058,DELHI,DELHI,"COMMUNITY CENTRE , JANAK PLACE",LAKSHAY,9267958659,,,,,,,,,,,,,
175,,,,GOTOGO POST,8076536923,,07AQCPB1094R1ZM,110058,DELHI,DELHI,"COMMUNITY CENTRE , JANAK PLACE",LAKSHAY,9267958659,,,,,,,,,,,,,
176,,,,GOTOGO POST,8076536923,,07AQCPB1094R1ZM,110058,DELHI,DELHI,"COMMUNITY CENTRE , JANAK PLACE",LAKSHAY,9267958659,,,,,,,,,,,,,
177,,,,GOTOGO POST,8076536923,,07AQCPB1094R1ZM,110058,DELHI,DELHI,"COMMUNITY CENTRE , JANAK PLACE",LAKSHAY,9267958659,,,,,,,,,,,,,
178,,,,GOTOGO POST,8076536923,,07AQCPB1094R1ZM,110058,DELHI,DELHI,"COMMUNITY CENTRE , JANAK PLACE",LAKSHAY,9267958659,,,,,,,,,,,,,
179,,,,GOTOGO POST,8076536923,,07AQCPB1094R1ZM,110058,DELHI,DELHI,"COMMUNITY CENTRE , JANAK PLACE",LAKSHAY,9267958659,,,,,,,,,,,,,
180,,,,GOTOGO POST,8076536923,,07AQCPB1094R1ZM,110058,DELHI,DELHI,"COMMUNITY CENTRE , JANAK PLACE",LAKSHAY,9267958659,,,,,,,,,,,,,
181,,,,GOTOGO POST,8076536923,,07AQCPB1094R1ZM,110058,DELHI,DELHI,"COMMUNITY CENTRE , JANAK PLACE",LAKSHAY,9267958659,,,,,,,,,,,,,
182,,,,GOTOGO POST,8076536923,,07AQCPB1094R1ZM,110058,DELHI,DELHI,"COMMUNITY CENTRE , JANAK PLACE",LAKSHAY,9267958659,,,,,,,,,,,,,
183,,,,GOTOGO POST,8076536923,,07AQCPB1094R1ZM,110058,DELHI,DELHI,"COMMUNITY CENTRE , JANAK PLACE",LAKSHAY,9267958659,,,,,,,,,,,,,
184,,,,GOTOGO POST,8076536923,,07AQCPB1094R1ZM,110058,DELHI,DELHI,"COMMUNITY CENTRE , JANAK PLACE",LAKSHAY,9267958659,,,,,,,,,,,,,
185,,,,GOTOGO POST,8076536923,,07AQCPB1094R1ZM,110058,DELHI,DELHI,"COMMUNITY CENTRE , JANAK PLACE",LAKSHAY,9267958659,,,,,,,,,,,,,
186,,,,GOTOGO POST,8076536923,,07AQCPB1094R1ZM,110058,DELHI,DELHI,"COMMUNITY CENTRE , JANAK PLACE",LAKSHAY,9267958659,,,,,,,,,,,,,
187,,,,GOTOGO POST,8076536923,,07AQCPB1094R1ZM,110058,DELHI,DELHI,"COMMUNITY CENTRE , JANAK PLACE",LAKSHAY,9267958659,,,,,,,,,,,,,
188,,,,GOTOGO POST,8076536923,,07AQCPB1094R1ZM,110058,DELHI,DELHI,"COMMUNITY CENTRE , JANAK PLACE",LAKSHAY,9267958659,,,,,,,,,,,,,
189,,,,GOTOGO POST,8076536923,,07AQCPB1094R1ZM,110058,DELHI,DELHI,"COMMUNITY CENTRE , JANAK PLACE",LAKSHAY,9267958659,,,,,,,,,,,,,
190,,,,GOTOGO POST,8076536923,,07AQCPB1094R1ZM,110058,DELHI,DELHI,"COMMUNITY CENTRE , JANAK PLACE",LAKSHAY,9267958659,,,,,,,,,,,,,
191,,,,GOTOGO POST,8076536923,,07AQCPB1094R1ZM,110058,DELHI,DELHI,"COMMUNITY CENTRE , JANAK PLACE",LAKSHAY,9267958659,,,,,,,,,,,,,
192,,,,GOTOGO POST,8076536923,,07AQCPB1094R1ZM,110058,DELHI,DELHI,"COMMUNITY CENTRE , JANAK PLACE",LAKSHAY,9267958659,,,,,,,,,,,,,
193,,,,GOTOGO POST,8076536923,,07AQCPB1094R1ZM,110058,DELHI,DELHI,"COMMUNITY CENTRE , JANAK PLACE",LAKSHAY,9267958659,,,,,,,,,,,,,
194,,,,GOTOGO POST,8076536923,,07AQCPB1094R1ZM,110058,DELHI,DELHI,"COMMUNITY CENTRE , JANAK PLACE",LAKSHAY,9267958659,,,,,,,,,,,,,
195,,,,GOTOGO POST,8076536923,,07AQCPB1094R1ZM,110058,DELHI,DELHI,"COMMUNITY CENTRE , JANAK PLACE",LAKSHAY,9267958659,,,,,,,,,,,,,
196,,,,GOTOGO POST,8076536923,,07AQCPB1094R1ZM,110058,DELHI,DELHI,"COMMUNITY CENTRE , JANAK PLACE",LAKSHAY,9267958659,,,,,,,,,,,,,
197,,,,GOTOGO POST,8076536923,,07AQCPB1094R1ZM,110058,DELHI,DELHI,"COMMUNITY CENTRE , JANAK PLACE",LAKSHAY,9267958659,,,,,,,,,,,,,
198,,,,GOTOGO POST,8076536923,,07AQCPB1094R1ZM,110058,DELHI,DELHI,"COMMUNITY CENTRE , JANAK PLACE",LAKSHAY,9267958659,,,,,,,,,,,,,
199,,,,GOTOGO POST,8076536923,,07AQCPB1094R1ZM,110058,DELHI,DELHI,"COMMUNITY CENTRE , JANAK PLACE",LAKSHAY,9267958659,,,,,,,,,,,,,
200,,,,GOTOGO POST,8076536923,,07AQCPB1094R1ZM,110058,DELHI,DELHI,"COMMUNITY CENTRE , JANAK PLACE",LAKSHAY,9267958659,,,,,,,,,,,,,
201,,,,GOTOGO POST,8076536923,,07AQCPB1094R1ZM,110058,DELHI,DELHI,"COMMUNITY CENTRE , JANAK PLACE",LAKSHAY,9267958659,,,,,,,,,,,,,
202,,,,GOTOGO POST,8076536923,,07AQCPB1094R1ZM,110058,DELHI,DELHI,"COMMUNITY CENTRE , JANAK PLACE",LAKSHAY,9267958659,,,,,,,,,,,,,
203,,,,GOTOGO POST,8076536923,,07AQCPB1094R1ZM,110058,DELHI,DELHI,"COMMUNITY CENTRE , JANAK PLACE",LAKSHAY,9267958659,,,,,,,,,,,,,
204,,,,GOTOGO POST,8076536923,,07AQCPB1094R1ZM,110058,DELHI,DELHI,"COMMUNITY CENTRE , JANAK PLACE",LAKSHAY,9267958659,,,,,,,,,,,,,
205,,,,GOTOGO POST,8076536923,,07AQCPB1094R1ZM,110058,DELHI,DELHI,"COMMUNITY CENTRE , JANAK PLACE",LAKSHAY,9267958659,,,,,,,,,,,,,
206,,,,GOTOGO POST,8076536923,,07AQCPB1094R1ZM,110058,DELHI,DELHI,"COMMUNITY CENTRE , JANAK PLACE",LAKSHAY,9267958659,,,,,,,,,,,,,
207,,,,GOTOGO POST,8076536923,,07AQCPB1094R1ZM,110058,DELHI,DELHI,"COMMUNITY CENTRE , JANAK PLACE",LAKSHAY,9267958659,,,,,,,,,,,,,
208,,,,GOTOGO POST,8076536923,,07AQCPB1094R1ZM,110058,DELHI,DELHI,"COMMUNITY CENTRE , JANAK PLACE",LAKSHAY,9267958659,,,,,,,,,,,,,
209,,,,GOTOGO POST,8076536923,,07AQCPB1094R1ZM,110058,DELHI,DELHI,"COMMUNITY CENTRE , JANAK PLACE",LAKSHAY,9267958659,,,,,,,,,,,,,
210,,,,GOTOGO POST,8076536923,,07AQCPB1094R1ZM,110058,DELHI,DELHI,"COMMUNITY CENTRE , JANAK PLACE",LAKSHAY,9267958659,,,,,,,,,,,,,
211,,,,GOTOGO POST,8076536923,,07AQCPB1094R1ZM,110058,DELHI,DELHI,"COMMUNITY CENTRE , JANAK PLACE",LAKSHAY,9267958659,,,,,,,,,,,,,
212,,,,GOTOGO POST,8076536923,,07AQCPB1094R1ZM,110058,DELHI,DELHI,"COMMUNITY CENTRE , JANAK PLACE",LAKSHAY,9267958659,,,,,,,,,,,,,
213,,,,GOTOGO POST,8076536923,,07AQCPB1094R1ZM,110058,DELHI,DELHI,"COMMUNITY CENTRE , JANAK PLACE",LAKSHAY,9267958659,,,,,,,,,,,,,
214,,,,GOTOGO POST,8076536923,,07AQCPB1094R1ZM,110058,DELHI,DELHI,"COMMUNITY CENTRE , JANAK PLACE",LAKSHAY,9267958659,,,,,,,,,,,,,
215,,,,GOTOGO POST,8076536923,,07AQCPB1094R1ZM,110058,DELHI,DELHI,"COMMUNITY CENTRE , JANAK PLACE",LAKSHAY,9267958659,,,,,,,,,,,,,
216,,,,GOTOGO POST,8076536923,,07AQCPB1094R1ZM,110058,DELHI,DELHI,"COMMUNITY CENTRE , JANAK PLACE",LAKSHAY,9267958659,,,,,,,,,,,,,
217,,,,GOTOGO POST,8076536923,,07AQCPB1094R1ZM,110058,DELHI,DELHI,"COMMUNITY CENTRE , JANAK PLACE",LAKSHAY,9267958659,,,,,,,,,,,,,
218,,,,GOTOGO POST,8076536923,,07AQCPB1094R1ZM,110058,DELHI,DELHI,"COMMUNITY CENTRE , JANAK PLACE",LAKSHAY,9267958659,,,,,,,,,,,,,
219,,,,GOTOGO POST,8076536923,,07AQCPB1094R1ZM,110058,DELHI,DELHI,"COMMUNITY CENTRE , JANAK PLACE",LAKSHAY,9267958659,,,,,,,,,,,,,
220,,,,GOTOGO POST,8076536923,,07AQCPB1094R1ZM,110058,DELHI,DELHI,"COMMUNITY CENTRE , JANAK PLACE",LAKSHAY,9267958659,,,,,,,,,,,,,
221,,,,GOTOGO POST,8076536923,,07AQCPB1094R1ZM,110058,DELHI,DELHI,"COMMUNITY CENTRE , JANAK PLACE",LAKSHAY,9267958659,,,,,,,,,,,,,
222,,,,GOTOGO POST,8076536923,,07AQCPB1094R1ZM,110058,DELHI,DELHI,"COMMUNITY CENTRE , JANAK PLACE",LAKSHAY,9267958659,,,,,,,,,,,,,
223,,,,GOTOGO POST,8076536923,,07AQCPB1094R1ZM,110058,DELHI,DELHI,"COMMUNITY CENTRE , JANAK PLACE",LAKSHAY,9267958659,,,,,,,,,,,,,
224,,,,GOTOGO POST,8076536923,,07AQCPB1094R1ZM,110058,DELHI,DELHI,"COMMUNITY CENTRE , JANAK PLACE",LAKSHAY,9267958659,,,,,,,,,,,,,
225,,,,GOTOGO POST,8076536923,,07AQCPB1094R1ZM,110058,DELHI,DELHI,"COMMUNITY CENTRE , JANAK PLACE",LAKSHAY,9267958659,,,,,,,,,,,,,
226,,,,GOTOGO POST,8076536923,,07AQCPB1094R1ZM,110058,DELHI,DELHI,"COMMUNITY CENTRE , JANAK PLACE",LAKSHAY,9267958659,,,,,,,,,,,,,
227,,,,GOTOGO POST,8076536923,,07AQCPB1094R1ZM,110058,DELHI,DELHI,"COMMUNITY CENTRE , JANAK PLACE",LAKSHAY,9267958659,,,,,,,,,,,,,
228,,,,GOTOGO POST,8076536923,,07AQCPB1094R1ZM,110058,DELHI,DELHI,"COMMUNITY CENTRE , JANAK PLACE",LAKSHAY,9267958659,,,,,,,,,,,,,
229,,,,GOTOGO POST,8076536923,,07AQCPB1094R1ZM,110058,DELHI,DELHI,"COMMUNITY CENTRE , JANAK PLACE",LAKSHAY,9267958659,,,,,,,,,,,,,
230,,,,GOTOGO POST,8076536923,,07AQCPB1094R1ZM,110058,DELHI,DELHI,"COMMUNITY CENTRE , JANAK PLACE",LAKSHAY,9267958659,,,,,,,,,,,,,
231,,,,GOTOGO POST,8076536923,,07AQCPB1094R1ZM,110058,DELHI,DELHI,"COMMUNITY CENTRE , JANAK PLACE",LAKSHAY,9267958659,,,,,,,,,,,,,
232,,,,GOTOGO POST,8076536923,,07AQCPB1094R1ZM,110058,DELHI,DELHI,"COMMUNITY CENTRE , JANAK PLACE",LAKSHAY,9267958659,,,,,,,,,,,,,
233,,,,GOTOGO POST,8076536923,,07AQCPB1094R1ZM,110058,DELHI,DELHI,"COMMUNITY CENTRE , JANAK PLACE",LAKSHAY,9267958659,,,,,,,,,,,,,
234,,,,GOTOGO POST,8076536923,,07AQCPB1094R1ZM,110058,DELHI,DELHI,"COMMUNITY CENTRE , JANAK PLACE",LAKSHAY,9267958659,,,,,,,,,,,,,
235,,,,GOTOGO POST,8076536923,,07AQCPB1094R1ZM,110058,DELHI,DELHI,"COMMUNITY CENTRE , JANAK PLACE",LAKSHAY,9267958659,,,,,,,,,,,,,
236,,,,GOTOGO POST,8076536923,,07AQCPB1094R1ZM,110058,DELHI,DELHI,"COMMUNITY CENTRE , JANAK PLACE",LAKSHAY,9267958659,,,,,,,,,,,,,
237,,,,GOTOGO POST,8076536923,,07AQCPB1094R1ZM,110058,DELHI,DELHI,"COMMUNITY CENTRE , JANAK PLACE",LAKSHAY,9267958659,,,,,,,,,,,,,
238,,,,GOTOGO POST,8076536923,,07AQCPB1094R1ZM,110058,DELHI,DELHI,"COMMUNITY CENTRE , JANAK PLACE",LAKSHAY,9267958659,,,,,,,,,,,,,
239,,,,GOTOGO POST,8076536923,,07AQCPB1094R1ZM,110058,DELHI,DELHI,"COMMUNITY CENTRE , JANAK PLACE",LAKSHAY,9267958659,,,,,,,,,,,,,
240,,,,GOTOGO POST,8076536923,,07AQCPB1094R1ZM,110058,DELHI,DELHI,"COMMUNITY CENTRE , JANAK PLACE",LAKSHAY,9267958659,,,,,,,,,,,,,
241,,,,GOTOGO POST,8076536923,,07AQCPB1094R1ZM,110058,DELHI,DELHI,"COMMUNITY CENTRE , JANAK PLACE",LAKSHAY,9267958659,,,,,,,,,,,,,
242,,,,GOTOGO POST,8076536923,,07AQCPB1094R1ZM,110058,DELHI,DELHI,"COMMUNITY CENTRE , JANAK PLACE",LAKSHAY,9267958659,,,,,,,,,,,,,
243,,,,GOTOGO POST,8076536923,,07AQCPB1094R1ZM,110058,DELHI,DELHI,"COMMUNITY CENTRE , JANAK PLACE",LAKSHAY,9267958659,,,,,,,,,,,,,
244,,,,GOTOGO POST,8076536923,,07AQCPB1094R1ZM,110058,DELHI,DELHI,"COMMUNITY CENTRE , JANAK PLACE",LAKSHAY,9267958659,,,,,,,,,,,,,
245,,,,GOTOGO POST,8076536923,,07AQCPB1094R1ZM,110058,DELHI,DELHI,"COMMUNITY CENTRE , JANAK PLACE",LAKSHAY,9267958659,,,,,,,,,,,,,
246,,,,GOTOGO POST,8076536923,,07AQCPB1094R1ZM,110058,DELHI,DELHI,"COMMUNITY CENTRE , JANAK PLACE",LAKSHAY,9267958659,,,,,,,,,,,,,
247,,,,GOTOGO POST,8076536923,,07AQCPB1094R1ZM,110058,DELHI,DELHI,"COMMUNITY CENTRE , JANAK PLACE",LAKSHAY,9267958659,,,,,,,,,,,,,
248,,,,GOTOGO POST,8076536923,,07AQCPB1094R1ZM,110058,DELHI,DELHI,"COMMUNITY CENTRE , JANAK PLACE",LAKSHAY,9267958659,,,,,,,,,,,,,
249,,,,GOTOGO POST,8076536923,,07AQCPB1094R1ZM,110058,DELHI,DELHI,"COMMUNITY CENTRE , JANAK PLACE",LAKSHAY,9267958659,,,,,,,,,,,,,
250,,,,GOTOGO POST,8076536923,,07AQCPB1094R1ZM,110058,DELHI,DELHI,"COMMUNITY CENTRE , JANAK PLACE",LAKSHAY,9267958659,,,,,,,,,,,,,
251,,,,GOTOGO POST,8076536923,,07AQCPB1094R1ZM,110058,DELHI,DELHI,"COMMUNITY CENTRE , JANAK PLACE",LAKSHAY,9267958659,,,,,,,,,,,,,
252,,,,GOTOGO POST,8076536923,,07AQCPB1094R1ZM,110058,DELHI,DELHI,"COMMUNITY CENTRE , JANAK PLACE",LAKSHAY,9267958659,,,,,,,,,,,,,
253,,,,GOTOGO POST,8076536923,,07AQCPB1094R1ZM,110058,DELHI,DELHI,"COMMUNITY CENTRE , JANAK PLACE",LAKSHAY,9267958659,,,,,,,,,,,,,
254,,,,GOTOGO POST,8076536923,,07AQCPB1094R1ZM,110058,DELHI,DELHI,"COMMUNITY CENTRE , JANAK PLACE",LAKSHAY,9267958659,,,,,,,,,,,,,
255,,,,GOTOGO POST,8076536923,,07AQCPB1094R1ZM,110058,DELHI,DELHI,"COMMUNITY CENTRE , JANAK PLACE",LAKSHAY,9267958659,,,,,,,,,,,,,
256,,,,GOTOGO POST,8076536923,,07AQCPB1094R1ZM,110058,DELHI,DELHI,"COMMUNITY CENTRE , JANAK PLACE",LAKSHAY,9267958659,,,,,,,,,,,,,
257,,,,GOTOGO POST,8076536923,,07AQCPB1094R1ZM,110058,DELHI,DELHI,"COMMUNITY CENTRE , JANAK PLACE",LAKSHAY,9267958659,,,,,,,,,,,,,
258,,,,GOTOGO POST,8076536923,,07AQCPB1094R1ZM,110058,DELHI,DELHI,"COMMUNITY CENTRE , JANAK PLACE",LAKSHAY,9267958659,,,,,,,,,,,,,
259,,,,GOTOGO POST,8076536923,,07AQCPB1094R1ZM,110058,DELHI,DELHI,"COMMUNITY CENTRE , JANAK PLACE",LAKSHAY,9267958659,,,,,,,,,,,,,
260,,,,GOTOGO POST,8076536923,,07AQCPB1094R1ZM,110058,DELHI,DELHI,"COMMUNITY CENTRE , JANAK PLACE",LAKSHAY,9267958659,,,,,,,,,,,,,
261,,,,GOTOGO POST,8076536923,,07AQCPB1094R1ZM,110058,DELHI,DELHI,"COMMUNITY CENTRE , JANAK PLACE",LAKSHAY,9267958659,,,,,,,,,,,,,
262,,,,GOTOGO POST,8076536923,,07AQCPB1094R1ZM,110058,DELHI,DELHI,"COMMUNITY CENTRE , JANAK PLACE",LAKSHAY,9267958659,,,,,,,,,,,,,
263,,,,GOTOGO POST,8076536923,,07AQCPB1094R1ZM,110058,DELHI,DELHI,"COMMUNITY CENTRE , JANAK PLACE",LAKSHAY,9267958659,,,,,,,,,,,,,
264,,,,GOTOGO POST,8076536923,,07AQCPB1094R1ZM,110058,DELHI,DELHI,"COMMUNITY CENTRE , JANAK PLACE",LAKSHAY,9267958659,,,,,,,,,,,,,
265,,,,GOTOGO POST,8076536923,,07AQCPB1094R1ZM,110058,DELHI,DELHI,"COMMUNITY CENTRE , JANAK PLACE",LAKSHAY,9267958659,,,,,,,,,,,,,
266,,,,GOTOGO POST,8076536923,,07AQCPB1094R1ZM,110058,DELHI,DELHI,"COMMUNITY CENTRE , JANAK PLACE",LAKSHAY,9267958659,,,,,,,,,,,,,
267,,,,GOTOGO POST,8076536923,,07AQCPB1094R1ZM,110058,DELHI,DELHI,"COMMUNITY CENTRE , JANAK PLACE",LAKSHAY,9267958659,,,,,,,,,,,,,
268,,,,GOTOGO POST,8076536923,,07AQCPB1094R1ZM,110058,DELHI,DELHI,"COMMUNITY CENTRE , JANAK PLACE",LAKSHAY,9267958659,,,,,,,,,,,,,
269,,,,GOTOGO POST,8076536923,,07AQCPB1094R1ZM,110058,DELHI,DELHI,"COMMUNITY CENTRE , JANAK PLACE",LAKSHAY,9267958659,,,,,,,,,,,,,
270,,,,GOTOGO POST,8076536923,,07AQCPB1094R1ZM,110058,DELHI,DELHI,"COMMUNITY CENTRE , JANAK PLACE",LAKSHAY,9267958659,,,,,,,,,,,,,
271,,,,GOTOGO POST,8076536923,,07AQCPB1094R1ZM,110058,DELHI,DELHI,"COMMUNITY CENTRE , JANAK PLACE",LAKSHAY,9267958659,,,,,,,,,,,,,
272,,,,GOTOGO POST,8076536923,,07AQCPB1094R1ZM,110058,DELHI,DELHI,"COMMUNITY CENTRE , JANAK PLACE",LAKSHAY,9267958659,,,,,,,,,,,,,
273,,,,GOTOGO POST,8076536923,,07AQCPB1094R1ZM,110058,DELHI,DELHI,"COMMUNITY CENTRE , JANAK PLACE",LAKSHAY,9267958659,,,,,,,,,,,,,
274,,,,GOTOGO POST,8076536923,,07AQCPB1094R1ZM,110058,DELHI,DELHI,"COMMUNITY CENTRE , JANAK PLACE",LAKSHAY,9267958659,,,,,,,,,,,,,
275,,,,GOTOGO POST,8076536923,,07AQCPB1094R1ZM,110058,DELHI,DELHI,"COMMUNITY CENTRE , JANAK PLACE",LAKSHAY,9267958659,,,,,,,,,,,,,
276,,,,GOTOGO POST,8076536923,,07AQCPB1094R1ZM,110058,DELHI,DELHI,"COMMUNITY CENTRE , JANAK PLACE",LAKSHAY,9267958659,,,,,,,,,,,,,
277,,,,GOTOGO POST,8076536923,,07AQCPB1094R1ZM,110058,DELHI,DELHI,"COMMUNITY CENTRE , JANAK PLACE",LAKSHAY,9267958659,,,,,,,,,,,,,
278,,,,GOTOGO POST,8076536923,,07AQCPB1094R1ZM,110058,DELHI,DELHI,"COMMUNITY CENTRE , JANAK PLACE",LAKSHAY,9267958659,,,,,,,,,,,,,
279,,,,GOTOGO POST,8076536923,,07AQCPB1094R1ZM,110058,DELHI,DELHI,"COMMUNITY CENTRE , JANAK PLACE",LAKSHAY,9267958659,,,,,,,,,,,,,
280,,,,GOTOGO POST,8076536923,,07AQCPB1094R1ZM,110058,DELHI,DELHI,"COMMUNITY CENTRE , JANAK PLACE",LAKSHAY,9267958659,,,,,,,,,,,,,
281,,,,GOTOGO POST,8076536923,,07AQCPB1094R1ZM,110058,DELHI,DELHI,"COMMUNITY CENTRE , JANAK PLACE",LAKSHAY,9267958659,,,,,,,,,,,,,
282,,,,GOTOGO POST,8076536923,,07AQCPB1094R1ZM,110058,DELHI,DELHI,"COMMUNITY CENTRE , JANAK PLACE",LAKSHAY,9267958659,,,,,,,,,,,,,
283,,,,GOTOGO POST,8076536923,,07AQCPB1094R1ZM,110058,DELHI,DELHI,"COMMUNITY CENTRE , JANAK PLACE",LAKSHAY,9267958659,,,,,,,,,,,,,
284,,,,GOTOGO POST,8076536923,,07AQCPB1094R1ZM,110058,DELHI,DELHI,"COMMUNITY CENTRE , JANAK PLACE",LAKSHAY,9267958659,,,,,,,,,,,,,
285,,,,GOTOGO POST,8076536923,,07AQCPB1094R1ZM,110058,DELHI,DELHI,"COMMUNITY CENTRE , JANAK PLACE",LAKSHAY,9267958659,,,,,,,,,,,,,
286,,,,GOTOGO POST,8076536923,,07AQCPB1094R1ZM,110058,DELHI,DELHI,"COMMUNITY CENTRE , JANAK PLACE",LAKSHAY,9267958659,,,,,,,,,,,,,
287,,,,GOTOGO POST,8076536923,,07AQCPB1094R1ZM,110058,DELHI,DELHI,"COMMUNITY CENTRE , JANAK PLACE",LAKSHAY,9267958659,,,,,,,,,,,,,
288,,,,GOTOGO POST,8076536923,,07AQCPB1094R1ZM,110058,DELHI,DELHI,"COMMUNITY CENTRE , JANAK PLACE",LAKSHAY,9267958659,,,,,,,,,,,,,
289,,,,GOTOGO POST,8076536923,,07AQCPB1094R1ZM,110058,DELHI,DELHI,"COMMUNITY CENTRE , JANAK PLACE",LAKSHAY,9267958659,,,,,,,,,,,,,
290,,,,GOTOGO POST,8076536923,,07AQCPB1094R1ZM,110058,DELHI,DELHI,"COMMUNITY CENTRE , JANAK PLACE",LAKSHAY,9267958659,,,,,,,,,,,,,
291,,,,GOTOGO POST,8076536923,,07AQCPB1094R1ZM,110058,DELHI,DELHI,"COMMUNITY CENTRE , JANAK PLACE",LAKSHAY,9267958659,,,,,,,,,,,,,
292,,,,GOTOGO POST,8076536923,,07AQCPB1094R1ZM,110058,DELHI,DELHI,"COMMUNITY CENTRE , JANAK PLACE",LAKSHAY,9267958659,,,,,,,,,,,,,
293,,,,GOTOGO POST,8076536923,,07AQCPB1094R1ZM,110058,DELHI,DELHI,"COMMUNITY CENTRE , JANAK PLACE",LAKSHAY,9267958659,,,,,,,,,,,,,
294,,,,GOTOGO POST,8076536923,,07AQCPB1094R1ZM,110058,DELHI,DELHI,"COMMUNITY CENTRE , JANAK PLACE",LAKSHAY,9267958659,,,,,,,,,,,,,
295,,,,GOTOGO POST,8076536923,,07AQCPB1094R1ZM,110058,DELHI,DELHI,"COMMUNITY CENTRE , JANAK PLACE",LAKSHAY,9267958659,,,,,,,,,,,,,
296,,,,GOTOGO POST,8076536923,,07AQCPB1094R1ZM,110058,DELHI,DELHI,"COMMUNITY CENTRE , JANAK PLACE",LAKSHAY,9267958659,,,,,,,,,,,,,
297,,,,GOTOGO POST,8076536923,,07AQCPB1094R1ZM,110058,DELHI,DELHI,"COMMUNITY CENTRE , JANAK PLACE",LAKSHAY,9267958659,,,,,,,,,,,,,
298,,,,GOTOGO POST,8076536923,,07AQCPB1094R1ZM,110058,DELHI,DELHI,"COMMUNITY CENTRE , JANAK PLACE",LAKSHAY,9267958659,,,,,,,,,,,,,
299,,,,GOTOGO POST,8076536923,,07AQCPB1094R1ZM,110058,DELHI,DELHI,"COMMUNITY CENTRE , JANAK PLACE",LAKSHAY,9267958659,,,,,,,,,,,,,
300,,,,GOTOGO POST,8076536923,,07AQCPB1094R1ZM,110058,DELHI,DELHI,"COMMUNITY CENTRE , JANAK PLACE",LAKSHAY,9267958659,,,,,,,,,,,,,
301,,,,GOTOGO POST,8076536923,,07AQCPB1094R1ZM,110058,DELHI,DELHI,"COMMUNITY CENTRE , JANAK PLACE",LAKSHAY,9267958659,,,,,,,,,,,,,
302,,,,GOTOGO POST,8076536923,,07AQCPB1094R1ZM,110058,DELHI,DELHI,"COMMUNITY CENTRE , JANAK PLACE",LAKSHAY,9267958659,,,,,,,,,,,,,
303,,,,GOTOGO POST,8076536923,,07AQCPB1094R1ZM,110058,DELHI,DELHI,"COMMUNITY CENTRE , JANAK PLACE",LAKSHAY,9267958659,,,,,,,,,,,,,
304,,,,GOTOGO POST,8076536923,,07AQCPB1094R1ZM,110058,DELHI,DELHI,"COMMUNITY CENTRE , JANAK PLACE",LAKSHAY,9267958659,,,,,,,,,,,,,
305,,,,GOTOGO POST,8076536923,,07AQCPB1094R1ZM,110058,DELHI,DELHI,"COMMUNITY CENTRE , JANAK PLACE",LAKSHAY,9267958659,,,,,,,,,,,,,
306,,,,GOTOGO POST,8076536923,,07AQCPB1094R1ZM,110058,DELHI,DELHI,"COMMUNITY CENTRE , JANAK PLACE",LAKSHAY,9267958659,,,,,,,,,,,,,
307,,,,GOTOGO POST,8076536923,,07AQCPB1094R1ZM,110058,DELHI,DELHI,"COMMUNITY CENTRE , JANAK PLACE",LAKSHAY,9267958659,,,,,,,,,,,,,
308,,,,GOTOGO POST,8076536923,,07AQCPB1094R1ZM,110058,DELHI,DELHI,"COMMUNITY CENTRE , JANAK PLACE",LAKSHAY,9267958659,,,,,,,,,,,,,
309,,,,GOTOGO POST,8076536923,,07AQCPB1094R1ZM,110058,DELHI,DELHI,"COMMUNITY CENTRE , JANAK PLACE",LAKSHAY,9267958659,,,,,,,,,,,,,
310,,,,GOTOGO POST,8076536923,,07AQCPB1094R1ZM,110058,DELHI,DELHI,"COMMUNITY CENTRE , JANAK PLACE",LAKSHAY,9267958659,,,,,,,,,,,,,
311,,,,GOTOGO POST,8076536923,,07AQCPB1094R1ZM,110058,DELHI,DELHI,"COMMUNITY CENTRE , JANAK PLACE",LAKSHAY,9267958659,,,,,,,,,,,,,
312,,,,GOTOGO POST,8076536923,,07AQCPB1094R1ZM,110058,DELHI,DELHI,"COMMUNITY CENTRE , JANAK PLACE",LAKSHAY,9267958659,,,,,,,,,,,,,
313,,,,GOTOGO POST,8076536923,,07AQCPB1094R1ZM,110058,DELHI,DELHI,"COMMUNITY CENTRE , JANAK PLACE",LAKSHAY,9267958659,,,,,,,,,,,,,
314,,,,GOTOGO POST,8076536923,,07AQCPB1094R1ZM,110058,DELHI,DELHI,"COMMUNITY CENTRE , JANAK PLACE",LAKSHAY,9267958659,,,,,,,,,,,,,
315,,,,GOTOGO POST,8076536923,,07AQCPB1094R1ZM,110058,DELHI,DELHI,"COMMUNITY CENTRE , JANAK PLACE",LAKSHAY,9267958659,,,,,,,,,,,,,
316,,,,GOTOGO POST,8076536923,,07AQCPB1094R1ZM,110058,DELHI,DELHI,"COMMUNITY CENTRE , JANAK PLACE",LAKSHAY,9267958659,,,,,,,,,,,,,
317,,,,GOTOGO POST,8076536923,,07AQCPB1094R1ZM,110058,DELHI,DELHI,"COMMUNITY CENTRE , JANAK PLACE",LAKSHAY,9267958659,,,,,,,,,,,,,
318,,,,GOTOGO POST,8076536923,,07AQCPB1094R1ZM,110058,DELHI,DELHI,"COMMUNITY CENTRE , JANAK PLACE",LAKSHAY,9267958659,,,,,,,,,,,,,
319,,,,GOTOGO POST,8076536923,,07AQCPB1094R1ZM,110058,DELHI,DELHI,"COMMUNITY CENTRE , JANAK PLACE",LAKSHAY,9267958659,,,,,,,,,,,,,
320,,,,GOTOGO POST,8076536923,,07AQCPB1094R1ZM,110058,DELHI,DELHI,"COMMUNITY CENTRE , JANAK PLACE",LAKSHAY,9267958659,,,,,,,,,,,,,
321,,,,GOTOGO POST,8076536923,,07AQCPB1094R1ZM,110058,DELHI,DELHI,"COMMUNITY CENTRE , JANAK PLACE",LAKSHAY,9267958659,,,,,,,,,,,,,
322,,,,GOTOGO POST,8076536923,,07AQCPB1094R1ZM,110058,DELHI,DELHI,"COMMUNITY CENTRE , JANAK PLACE",LAKSHAY,9267958659,,,,,,,,,,,,,
323,,,,GOTOGO POST,8076536923,,07AQCPB1094R1ZM,110058,DELHI,DELHI,"COMMUNITY CENTRE , JANAK PLACE",LAKSHAY,9267958659,,,,,,,,,,,,,
324,,,,GOTOGO POST,8076536923,,07AQCPB1094R1ZM,110058,DELHI,DELHI,"COMMUNITY CENTRE , JANAK PLACE",LAKSHAY,9267958659,,,,,,,,,,,,,
325,,,,GOTOGO POST,8076536923,,07AQCPB1094R1ZM,110058,DELHI,DELHI,"COMMUNITY CENTRE , JANAK PLACE",LAKSHAY,9267958659,,,,,,,,,,,,,
326,,,,GOTOGO POST,8076536923,,07AQCPB1094R1ZM,110058,DELHI,DELHI,"COMMUNITY CENTRE , JANAK PLACE",LAKSHAY,9267958659,,,,,,,,,,,,,
327,,,,GOTOGO POST,8076536923,,07AQCPB1094R1ZM,110058,DELHI,DELHI,"COMMUNITY CENTRE , JANAK PLACE",LAKSHAY,9267958659,,,,,,,,,,,,,
328,,,,GOTOGO POST,8076536923,,07AQCPB1094R1ZM,110058,DELHI,DELHI,"COMMUNITY CENTRE , JANAK PLACE",LAKSHAY,9267958659,,,,,,,,,,,,,
329,,,,GOTOGO POST,8076536923,,07AQCPB1094R1ZM,110058,DELHI,DELHI,"COMMUNITY CENTRE , JANAK PLACE",LAKSHAY,9267958659,,,,,,,,,,,,,
330,,,,GOTOGO POST,8076536923,,07AQCPB1094R1ZM,110058,DELHI,DELHI,"COMMUNITY CENTRE , JANAK PLACE",LAKSHAY,9267958659,,,,,,,,,,,,,
331,,,,GOTOGO POST,8076536923,,07AQCPB1094R1ZM,110058,DELHI,DELHI,"COMMUNITY CENTRE , JANAK PLACE",LAKSHAY,9267958659,,,,,,,,,,,,,
332,,,,GOTOGO POST,8076536923,,07AQCPB1094R1ZM,110058,DELHI,DELHI,"COMMUNITY CENTRE , JANAK PLACE",LAKSHAY,9267958659,,,,,,,,,,,,,
333,,,,GOTOGO POST,8076536923,,07AQCPB1094R1ZM,110058,DELHI,DELHI,"COMMUNITY CENTRE , JANAK PLACE",LAKSHAY,9267958659,,,,,,,,,,,,,
334,,,,GOTOGO POST,8076536923,,07AQCPB1094R1ZM,110058,DELHI,DELHI,"COMMUNITY CENTRE , JANAK PLACE",LAKSHAY,9267958659,,,,,,,,,,,,,
335,,,,GOTOGO POST,8076536923,,07AQCPB1094R1ZM,110058,DELHI,DELHI,"COMMUNITY CENTRE , JANAK PLACE",LAKSHAY,9267958659,,,,,,,,,,,,,
336,,,,GOTOGO POST,8076536923,,07AQCPB1094R1ZM,110058,DELHI,DELHI,"COMMUNITY CENTRE , JANAK PLACE",LAKSHAY,9267958659,,,,,,,,,,,,,
337,,,,GOTOGO POST,8076536923,,07AQCPB1094R1ZM,110058,DELHI,DELHI,"COMMUNITY CENTRE , JANAK PLACE",LAKSHAY,9267958659,,,,,,,,,,,,,
338,,,,GOTOGO POST,8076536923,,07AQCPB1094R1ZM,110058,DELHI,DELHI,"COMMUNITY CENTRE , JANAK PLACE",LAKSHAY,9267958659,,,,,,,,,,,,,
339,,,,GOTOGO POST,8076536923,,07AQCPB1094R1ZM,110058,DELHI,DELHI,"COMMUNITY CENTRE , JANAK PLACE",LAKSHAY,9267958659,,,,,,,,,,,,,
340,,,,GOTOGO POST,8076536923,,07AQCPB1094R1ZM,110058,DELHI,DELHI,"COMMUNITY CENTRE , JANAK PLACE",LAKSHAY,9267958659,,,,,,,,,,,,,
341,,,,GOTOGO POST,8076536923,,07AQCPB1094R1ZM,110058,DELHI,DELHI,"COMMUNITY CENTRE , JANAK PLACE",LAKSHAY,9267958659,,,,,,,,,,,,,
342,,,,GOTOGO POST,8076536923,,07AQCPB1094R1ZM,110058,DELHI,DELHI,"COMMUNITY CENTRE , JANAK PLACE",LAKSHAY,9267958659,,,,,,,,,,,,,
343,,,,GOTOGO POST,8076536923,,07AQCPB1094R1ZM,110058,DELHI,DELHI,"COMMUNITY CENTRE , JANAK PLACE",LAKSHAY,9267958659,,,,,,,,,,,,,
344,,,,GOTOGO POST,8076536923,,07AQCPB1094R1ZM,110058,DELHI,DELHI,"COMMUNITY CENTRE , JANAK PLACE",LAKSHAY,9267958659,,,,,,,,,,,,,
345,,,,GOTOGO POST,8076536923,,07AQCPB1094R1ZM,110058,DELHI,DELHI,"COMMUNITY CENTRE , JANAK PLACE",LAKSHAY,9267958659,,,,,,,,,,,,,
346,,,,GOTOGO POST,8076536923,,07AQCPB1094R1ZM,110058,DELHI,DELHI,"COMMUNITY CENTRE , JANAK PLACE",LAKSHAY,9267958659,,,,,,,,,,,,,
347,,,,GOTOGO POST,8076536923,,07AQCPB1094R1ZM,110058,DELHI,DELHI,"COMMUNITY CENTRE , JANAK PLACE",LAKSHAY,9267958659,,,,,,,,,,,,,
348,,,,GOTOGO POST,8076536923,,07AQCPB1094R1ZM,110058,DELHI,DELHI,"COMMUNITY CENTRE , JANAK PLACE",LAKSHAY,9267958659,,,,,,,,,,,,,
349,,,,GOTOGO POST,8076536923,,07AQCPB1094R1ZM,110058,DELHI,DELHI,"COMMUNITY CENTRE , JANAK PLACE",LAKSHAY,9267958659,,,,,,,,,,,,,
350,,,,GOTOGO POST,8076536923,,07AQCPB1094R1ZM,110058,DELHI,DELHI,"COMMUNITY CENTRE , JANAK PLACE",LAKSHAY,9267958659,,,,,,,,,,,,,
351,,,,GOTOGO POST,8076536923,,07AQCPB1094R1ZM,110058,DELHI,DELHI,"COMMUNITY CENTRE , JANAK PLACE",LAKSHAY,9267958659,,,,,,,,,,,,,
352,,,,GOTOGO POST,8076536923,,07AQCPB1094R1ZM,110058,DELHI,DELHI,"COMMUNITY CENTRE , JANAK PLACE",LAKSHAY,9267958659,,,,,,,,,,,,,
353,,,,GOTOGO POST,8076536923,,07AQCPB1094R1ZM,110058,DELHI,DELHI,"COMMUNITY CENTRE , JANAK PLACE",LAKSHAY,9267958659,,,,,,,,,,,,,
354,,,,GOTOGO POST,8076536923,,07AQCPB1094R1ZM,110058,DELHI,DELHI,"COMMUNITY CENTRE , JANAK PLACE",LAKSHAY,9267958659,,,,,,,,,,,,,
355,,,,GOTOGO POST,8076536923,,07AQCPB1094R1ZM,110058,DELHI,DELHI,"COMMUNITY CENTRE , JANAK PLACE",LAKSHAY,9267958659,,,,,,,,,,,,,
356,,,,GOTOGO POST,8076536923,,07AQCPB1094R1ZM,110058,DELHI,DELHI,"COMMUNITY CENTRE , JANAK PLACE",LAKSHAY,9267958659,,,,,,,,,,,,,
357,,,,GOTOGO POST,8076536923,,07AQCPB1094R1ZM,110058,DELHI,DELHI,"COMMUNITY CENTRE , JANAK PLACE",LAKSHAY,9267958659,,,,,,,,,,,,,
358,,,,GOTOGO POST,8076536923,,07AQCPB1094R1ZM,110058,DELHI,DELHI,"COMMUNITY CENTRE , JANAK PLACE",LAKSHAY,9267958659,,,,,,,,,,,,,
359,,,,GOTOGO POST,8076536923,,07AQCPB1094R1ZM,110058,DELHI,DELHI,"COMMUNITY CENTRE , JANAK PLACE",LAKSHAY,9267958659,,,,,,,,,,,,,
360,,,,GOTOGO POST,8076536923,,07AQCPB1094R1ZM,110058,DELHI,DELHI,"COMMUNITY CENTRE , JANAK PLACE",LAKSHAY,9267958659,,,,,,,,,,,,,
361,,,,GOTOGO POST,8076536923,,07AQCPB1094R1ZM,110058,DELHI,DELHI,"COMMUNITY CENTRE , JANAK PLACE",LAKSHAY,9267958659,,,,,,,,,,,,,
362,,,,GOTOGO POST,8076536923,,07AQCPB1094R1ZM,110058,DELHI,DELHI,"COMMUNITY CENTRE , JANAK PLACE",LAKSHAY,9267958659,,,,,,,,,,,,,
363,,,,GOTOGO POST,8076536923,,07AQCPB1094R1ZM,110058,DELHI,DELHI,"COMMUNITY CENTRE , JANAK PLACE",LAKSHAY,9267958659,,,,,,,,,,,,,
364,,,,GOTOGO POST,8076536923,,07AQCPB1094R1ZM,110058,DELHI,DELHI,"COMMUNITY CENTRE , JANAK PLACE",LAKSHAY,9267958659,,,,,,,,,,,,,
365,,,,GOTOGO POST,8076536923,,07AQCPB1094R1ZM,110058,DELHI,DELHI,"COMMUNITY CENTRE , JANAK PLACE",LAKSHAY,9267958659,,,,,,,,,,,,,
366,,,,GOTOGO POST,8076536923,,07AQCPB1094R1ZM,110058,DELHI,DELHI,"COMMUNITY CENTRE , JANAK PLACE",LAKSHAY,9267958659,,,,,,,,,,,,,
367,,,,GOTOGO POST,8076536923,,07AQCPB1094R1ZM,110058,DELHI,DELHI,"COMMUNITY CENTRE , JANAK PLACE",LAKSHAY,9267958659,,,,,,,,,,,,,
368,,,,GOTOGO POST,8076536923,,07AQCPB1094R1ZM,110058,DELHI,DELHI,"COMMUNITY CENTRE , JANAK PLACE",LAKSHAY,9267958659,,,,,,,,,,,,,
369,,,,GOTOGO POST,8076536923,,07AQCPB1094R1ZM,110058,DELHI,DELHI,"COMMUNITY CENTRE , JANAK PLACE",LAKSHAY,9267958659,,,,,,,,,,,,,
370,,,,GOTOGO POST,8076536923,,07AQCPB1094R1ZM,110058,DELHI,DELHI,"COMMUNITY CENTRE , JANAK PLACE",LAKSHAY,9267958659,,,,,,,,,,,,,
371,,,,GOTOGO POST,8076536923,,07AQCPB1094R1ZM,110058,DELHI,DELHI,"COMMUNITY CENTRE , JANAK PLACE",LAKSHAY,9267958659,,,,,,,,,,,,,
372,,,,GOTOGO POST,8076536923,,07AQCPB1094R1ZM,110058,DELHI,DELHI,"COMMUNITY CENTRE , JANAK PLACE",LAKSHAY,9267958659,,,,,,,,,,,,,
373,,,,GOTOGO POST,8076536923,,07AQCPB1094R1ZM,110058,DELHI,DELHI,"COMMUNITY CENTRE , JANAK PLACE",LAKSHAY,9267958659,,,,,,,,,,,,,
374,,,,GOTOGO POST,8076536923,,07AQCPB1094R1ZM,110058,DELHI,DELHI,"COMMUNITY CENTRE , JANAK PLACE",LAKSHAY,9267958659,,,,,,,,,,,,,
375,,,,GOTOGO POST,8076536923,,07AQCPB1094R1ZM,110058,DELHI,DELHI,"COMMUNITY CENTRE , JANAK PLACE",LAKSHAY,9267958659,,,,,,,,,,,,,
376,,,,GOTOGO POST,8076536923,,07AQCPB1094R1ZM,110058,DELHI,DELHI,"COMMUNITY CENTRE , JANAK PLACE",LAKSHAY,9267958659,,,,,,,,,,,,,
377,,,,GOTOGO POST,8076536923,,07AQCPB1094R1ZM,110058,DELHI,DELHI,"COMMUNITY CENTRE , JANAK PLACE",LAKSHAY,9267958659,,,,,,,,,,,,,
378,,,,GOTOGO POST,8076536923,,07AQCPB1094R1ZM,110058,DELHI,DELHI,"COMMUNITY CENTRE , JANAK PLACE",LAKSHAY,9267958659,,,,,,,,,,,,,
379,,,,GOTOGO POST,8076536923,,07AQCPB1094R1ZM,110058,DELHI,DELHI,"COMMUNITY CENTRE , JANAK PLACE",LAKSHAY,9267958659,,,,,,,,,,,,,
380,,,,GOTOGO POST,8076536923,,07AQCPB1094R1ZM,110058,DELHI,DELHI,"COMMUNITY CENTRE , JANAK PLACE",LAKSHAY,9267958659,,,,,,,,,,,,,
381,,,,GOTOGO POST,8076536923,,07AQCPB1094R1ZM,110058,DELHI,DELHI,"COMMUNITY CENTRE , JANAK PLACE",LAKSHAY,9267958659,,,,,,,,,,,,,
382,,,,GOTOGO POST,8076536923,,07AQCPB1094R1ZM,110058,DELHI,DELHI,"COMMUNITY CENTRE , JANAK PLACE",LAKSHAY,9267958659,,,,,,,,,,,,,
383,,,,GOTOGO POST,8076536923,,07AQCPB1094R1ZM,110058,DELHI,DELHI,"COMMUNITY CENTRE , JANAK PLACE",LAKSHAY,9267958659,,,,,,,,,,,,,
384,,,,GOTOGO POST,8076536923,,07AQCPB1094R1ZM,110058,DELHI,DELHI,"COMMUNITY CENTRE , JANAK PLACE",LAKSHAY,9267958659,,,,,,,,,,,,,
385,,,,GOTOGO POST,8076536923,,07AQCPB1094R1ZM,110058,DELHI,DELHI,"COMMUNITY CENTRE , JANAK PLACE",LAKSHAY,9267958659,,,,,,,,,,,,,
386,,,,GOTOGO POST,8076536923,,07AQCPB1094R1ZM,110058,DELHI,DELHI,"COMMUNITY CENTRE , JANAK PLACE",LAKSHAY,9267958659,,,,,,,,,,,,,
387,,,,GOTOGO POST,8076536923,,07AQCPB1094R1ZM,110058,DELHI,DELHI,"COMMUNITY CENTRE , JANAK PLACE",LAKSHAY,9267958659,,,,,,,,,,,,,
388,,,,GOTOGO POST,8076536923,,07AQCPB1094R1ZM,110058,DELHI,DELHI,"COMMUNITY CENTRE , JANAK PLACE",LAKSHAY,9267958659,,,,,,,,,,,,,
389,,,,GOTOGO POST,8076536923,,07AQCPB1094R1ZM,110058,DELHI,DELHI,"COMMUNITY CENTRE , JANAK PLACE",LAKSHAY,9267958659,,,,,,,,,,,,,
390,,,,GOTOGO POST,8076536923,,07AQCPB1094R1ZM,110058,DELHI,DELHI,"COMMUNITY CENTRE , JANAK PLACE",LAKSHAY,9267958659,,,,,,,,,,,,,
391,,,,GOTOGO POST,8076536923,,07AQCPB1094R1ZM,110058,DELHI,DELHI,"COMMUNITY CENTRE , JANAK PLACE",LAKSHAY,9267958659,,,,,,,,,,,,,
392,,,,GOTOGO POST,8076536923,,07AQCPB1094R1ZM,110058,DELHI,DELHI,"COMMUNITY CENTRE , JANAK PLACE",LAKSHAY,9267958659,,,,,,,,,,,,,
393,,,,GOTOGO POST,8076536923,,07AQCPB1094R1ZM,110058,DELHI,DELHI,"COMMUNITY CENTRE , JANAK PLACE",LAKSHAY,9267958659,,,,,,,,,,,,,
394,,,,GOTOGO POST,8076536923,,07AQCPB1094R1ZM,110058,DELHI,DELHI,"COMMUNITY CENTRE , JANAK PLACE",LAKSHAY,9267958659,,,,,,,,,,,,,
395,,,,GOTOGO POST,8076536923,,07AQCPB1094R1ZM,110058,DELHI,DELHI,"COMMUNITY CENTRE , JANAK PLACE",LAKSHAY,9267958659,,,,,,,,,,,,,
396,,,,GOTOGO POST,8076536923,,07AQCPB1094R1ZM,110058,DELHI,DELHI,"COMMUNITY CENTRE , JANAK PLACE",LAKSHAY,9267958659,,,,,,,,,,,,,
397,,,,GOTOGO POST,8076536923,,07AQCPB1094R1ZM,110058,DELHI,DELHI,"COMMUNITY CENTRE , JANAK PLACE",LAKSHAY,9267958659,,,,,,,,,,,,,
398,,,,GOTOGO POST,8076536923,,07AQCPB1094R1ZM,110058,DELHI,DELHI,"COMMUNITY CENTRE , JANAK PLACE",LAKSHAY,9267958659,,,,,,,,,,,,,
399,,,,GOTOGO POST,8076536923,,07AQCPB1094R1ZM,110058,DELHI,DELHI,"COMMUNITY CENTRE , JANAK PLACE",LAKSHAY,9267958659,,,,,,,,,,,,,
400,,,,GOTOGO POST,8076536923,,07AQCPB1094R1ZM,110058,DELHI,DELHI,"COMMUNITY CENTRE , JANAK PLACE",LAKSHAY,9267958659,,,,,,,,,,,,,
401,,,,GOTOGO POST,8076536923,,07AQCPB1094R1ZM,110058,DELHI,DELHI,"COMMUNITY CENTRE , JANAK PLACE",LAKSHAY,9267958659,,,,,,,,,,,,,
402,,,,GOTOGO POST,8076536923,,07AQCPB1094R1ZM,110058,DELHI,DELHI,"COMMUNITY CENTRE , JANAK PLACE",LAKSHAY,9267958659,,,,,,,,,,,,,
403,,,,GOTOGO POST,8076536923,,07AQCPB1094R1ZM,110058,DELHI,DELHI,"COMMUNITY CENTRE , JANAK PLACE",LAKSHAY,9267958659,,,,,,,,,,,,,
404,,,,GOTOGO POST,8076536923,,07AQCPB1094R1ZM,110058,DELHI,DELHI,"COMMUNITY CENTRE , JANAK PLACE",LAKSHAY,9267958659,,,,,,,,,,,,,
405,,,,GOTOGO POST,8076536923,,07AQCPB1094R1ZM,110058,DELHI,DELHI,"COMMUNITY CENTRE , JANAK PLACE",LAKSHAY,9267958659,,,,,,,,,,,,,
406,,,,GOTOGO POST,8076536923,,07AQCPB1094R1ZM,110058,DELHI,DELHI,"COMMUNITY CENTRE , JANAK PLACE",LAKSHAY,9267958659,,,,,,,,,,,,,
407,,,,GOTOGO POST,8076536923,,07AQCPB1094R1ZM,110058,DELHI,DELHI,"COMMUNITY CENTRE , JANAK PLACE",LAKSHAY,9267958659,,,,,,,,,,,,,
408,,,,GOTOGO POST,8076536923,,07AQCPB1094R1ZM,110058,DELHI,DELHI,"COMMUNITY CENTRE , JANAK PLACE",LAKSHAY,9267958659,,,,,,,,,,,,,
409,,,,GOTOGO POST,8076536923,,07AQCPB1094R1ZM,110058,DELHI,DELHI,"COMMUNITY CENTRE , JANAK PLACE",LAKSHAY,9267958659,,,,,,,,,,,,,
410,,,,GOTOGO POST,8076536923,,07AQCPB1094R1ZM,110058,DELHI,DELHI,"COMMUNITY CENTRE , JANAK PLACE",LAKSHAY,9267958659,,,,,,,,,,,,,
411,,,,GOTOGO POST,8076536923,,07AQCPB1094R1ZM,110058,DELHI,DELHI,"COMMUNITY CENTRE , JANAK PLACE",LAKSHAY,9267958659,,,,,,,,,,,,,
412,,,,GOTOGO POST,8076536923,,07AQCPB1094R1ZM,110058,DELHI,DELHI,"COMMUNITY CENTRE , JANAK PLACE",LAKSHAY,9267958659,,,,,,,,,,,,,
413,,,,GOTOGO POST,8076536923,,07AQCPB1094R1ZM,110058,DELHI,DELHI,"COMMUNITY CENTRE , JANAK PLACE",LAKSHAY,9267958659,,,,,,,,,,,,,
414,,,,GOTOGO POST,8076536923,,07AQCPB1094R1ZM,110058,DELHI,DELHI,"COMMUNITY CENTRE , JANAK PLACE",LAKSHAY,9267958659,,,,,,,,,,,,,
415,,,,GOTOGO POST,8076536923,,07AQCPB1094R1ZM,110058,DELHI,DELHI,"COMMUNITY CENTRE , JANAK PLACE",LAKSHAY,9267958659,,,,,,,,,,,,,
416,,,,GOTOGO POST,8076536923,,07AQCPB1094R1ZM,110058,DELHI,DELHI,"COMMUNITY CENTRE , JANAK PLACE",LAKSHAY,9267958659,,,,,,,,,,,,,
417,,,,GOTOGO POST,8076536923,,07AQCPB1094R1ZM,110058,DELHI,DELHI,"COMMUNITY CENTRE , JANAK PLACE",LAKSHAY,9267958659,,,,,,,,,,,,,
418,,,,GOTOGO POST,8076536923,,07AQCPB1094R1ZM,110058,DELHI,DELHI,"COMMUNITY CENTRE , JANAK PLACE",LAKSHAY,9267958659,,,,,,,,,,,,,
419,,,,GOTOGO POST,8076536923,,07AQCPB1094R1ZM,110058,DELHI,DELHI,"COMMUNITY CENTRE , JANAK PLACE",LAKSHAY,9267958659,,,,,,,,,,,,,
420,,,,GOTOGO POST,8076536923,,07AQCPB1094R1ZM,110058,DELHI,DELHI,"COMMUNITY CENTRE , JANAK PLACE",LAKSHAY,9267958659,,,,,,,,,,,,,
421,,,,GOTOGO POST,8076536923,,07AQCPB1094R1ZM,110058,DELHI,DELHI,"COMMUNITY CENTRE , JANAK PLACE",LAKSHAY,9267958659,,,,,,,,,,,,,
422,,,,GOTOGO POST,8076536923,,07AQCPB1094R1ZM,110058,DELHI,DELHI,"COMMUNITY CENTRE , JANAK PLACE",LAKSHAY,9267958659,,,,,,,,,,,,,
423,,,,GOTOGO POST,8076536923,,07AQCPB1094R1ZM,110058,DELHI,DELHI,"COMMUNITY CENTRE , JANAK PLACE",LAKSHAY,9267958659,,,,,,,,,,,,,
424,,,,GOTOGO POST,8076536923,,07AQCPB1094R1ZM,110058,DELHI,DELHI,"COMMUNITY CENTRE , JANAK PLACE",LAKSHAY,9267958659,,,,,,,,,,,,,
425,,,,GOTOGO POST,8076536923,,07AQCPB1094R1ZM,110058,DELHI,DELHI,"COMMUNITY CENTRE , JANAK PLACE",LAKSHAY,9267958659,,,,,,,,,,,,,
426,,,,GOTOGO POST,8076536923,,07AQCPB1094R1ZM,110058,DELHI,DELHI,"COMMUNITY CENTRE , JANAK PLACE",LAKSHAY,9267958659,,,,,,,,,,,,,
427,,,,GOTOGO POST,8076536923,,07AQCPB1094R1ZM,110058,DELHI,DELHI,"COMMUNITY CENTRE , JANAK PLACE",LAKSHAY,9267958659,,,,,,,,,,,,,
428,,,,GOTOGO POST,8076536923,,07AQCPB1094R1ZM,110058,DELHI,DELHI,"COMMUNITY CENTRE , JANAK PLACE",LAKSHAY,9267958659,,,,,,,,,,,,,
429,,,,GOTOGO POST,8076536923,,07AQCPB1094R1ZM,110058,DELHI,DELHI,"COMMUNITY CENTRE , JANAK PLACE",LAKSHAY,9267958659,,,,,,,,,,,,,
430,,,,GOTOGO POST,8076536923,,07AQCPB1094R1ZM,110058,DELHI,DELHI,"COMMUNITY CENTRE , JANAK PLACE",LAKSHAY,9267958659,,,,,,,,,,,,,
431,,,,GOTOGO POST,8076536923,,07AQCPB1094R1ZM,110058,DELHI,DELHI,"COMMUNITY CENTRE , JANAK PLACE",LAKSHAY,9267958659,,,,,,,,,,,,,
432,,,,GOTOGO POST,8076536923,,07AQCPB1094R1ZM,110058,DELHI,DELHI,"COMMUNITY CENTRE , JANAK PLACE",LAKSHAY,9267958659,,,,,,,,,,,,,
433,,,,GOTOGO POST,8076536923,,07AQCPB1094R1ZM,110058,DELHI,DELHI,"COMMUNITY CENTRE , JANAK PLACE",LAKSHAY,9267958659,,,,,,,,,,,,,
434,,,,GOTOGO POST,8076536923,,07AQCPB1094R1ZM,110058,DELHI,DELHI,"COMMUNITY CENTRE , JANAK PLACE",LAKSHAY,9267958659,,,,,,,,,,,,,
435,,,,GOTOGO POST,8076536923,,07AQCPB1094R1ZM,110058,DELHI,DELHI,"COMMUNITY CENTRE , JANAK PLACE",LAKSHAY,9267958659,,,,,,,,,,,,,
436,,,,GOTOGO POST,8076536923,,07AQCPB1094R1ZM,110058,DELHI,DELHI,"COMMUNITY CENTRE , JANAK PLACE",LAKSHAY,9267958659,,,,,,,,,,,,,
437,,,,GOTOGO POST,8076536923,,07AQCPB1094R1ZM,110058,DELHI,DELHI,"COMMUNITY CENTRE , JANAK PLACE",LAKSHAY,9267958659,,,,,,,,,,,,,
438,,,,GOTOGO POST,8076536923,,07AQCPB1094R1ZM,110058,DELHI,DELHI,"COMMUNITY CENTRE , JANAK PLACE",LAKSHAY,9267958659,,,,,,,,,,,,,
439,,,,GOTOGO POST,8076536923,,07AQCPB1094R1ZM,110058,DELHI,DELHI,"COMMUNITY CENTRE , JANAK PLACE",LAKSHAY,9267958659,,,,,,,,,,,,,
440,,,,GOTOGO POST,8076536923,,07AQCPB1094R1ZM,110058,DELHI,DELHI,"COMMUNITY CENTRE , JANAK PLACE",LAKSHAY,9267958659,,,,,,,,,,,,,
441,,,,GOTOGO POST,8076536923,,07AQCPB1094R1ZM,110058,DELHI,DELHI,"COMMUNITY CENTRE , JANAK PLACE",LAKSHAY,9267958659,,,,,,,,,,,,,
442,,,,GOTOGO POST,8076536923,,07AQCPB1094R1ZM,110058,DELHI,DELHI,"COMMUNITY CENTRE , JANAK PLACE",LAKSHAY,9267958659,,,,,,,,,,,,,
443,,,,GOTOGO POST,8076536923,,07AQCPB1094R1ZM,110058,DELHI,DELHI,"COMMUNITY CENTRE , JANAK PLACE",LAKSHAY,9267958659,,,,,,,,,,,,,
444,,,,GOTOGO POST,8076536923,,07AQCPB1094R1ZM,110058,DELHI,DELHI,"COMMUNITY CENTRE , JANAK PLACE",LAKSHAY,9267958659,,,,,,,,,,,,,
445,,,,GOTOGO POST,8076536923,,07AQCPB1094R1ZM,110058,DELHI,DELHI,"COMMUNITY CENTRE , JANAK PLACE",LAKSHAY,9267958659,,,,,,,,,,,,,
446,,,,GOTOGO POST,8076536923,,07AQCPB1094R1ZM,110058,DELHI,DELHI,"COMMUNITY CENTRE , JANAK PLACE",LAKSHAY,9267958659,,,,,,,,,,,,,
447,,,,GOTOGO POST,8076536923,,07AQCPB1094R1ZM,110058,DELHI,DELHI,"COMMUNITY CENTRE , JANAK PLACE",LAKSHAY,9267958659,,,,,,,,,,,,,
448,,,,GOTOGO POST,8076536923,,07AQCPB1094R1ZM,110058,DELHI,DELHI,"COMMUNITY CENTRE , JANAK PLACE",LAKSHAY,9267958659,,,,,,,,,,,,,
449,,,,GOTOGO POST,8076536923,,07AQCPB1094R1ZM,110058,DELHI,DELHI,"COMMUNITY CENTRE , JANAK PLACE",LAKSHAY,9267958659,,,,,,,,,,,,,
450,,,,GOTOGO POST,8076536923,,07AQCPB1094R1ZM,110058,DELHI,DELHI,"COMMUNITY CENTRE , JANAK PLACE",LAKSHAY,9267958659,,,,,,,,,,,,,
451,,,,GOTOGO POST,8076536923,,07AQCPB1094R1ZM,110058,DELHI,DELHI,"COMMUNITY CENTRE , JANAK PLACE",LAKSHAY,9267958659,,,,,,,,,,,,,
452,,,,GOTOGO POST,8076536923,,07AQCPB1094R1ZM,110058,DELHI,DELHI,"COMMUNITY CENTRE , JANAK PLACE",LAKSHAY,9267958659,,,,,,,,,,,,,
453,,,,GOTOGO POST,8076536923,,07AQCPB1094R1ZM,110058,DELHI,DELHI,"COMMUNITY CENTRE , JANAK PLACE",LAKSHAY,9267958659,,,,,,,,,,,,,
454,,,,GOTOGO POST,8076536923,,07AQCPB1094R1ZM,110058,DELHI,DELHI,"COMMUNITY CENTRE , JANAK PLACE",LAKSHAY,9267958659,,,,,,,,,,,,,
455,,,,GOTOGO POST,8076536923,,07AQCPB1094R1ZM,110058,DELHI,DELHI,"COMMUNITY CENTRE , JANAK PLACE",LAKSHAY,9267958659,,,,,,,,,,,,,
456,,,,GOTOGO POST,8076536923,,07AQCPB1094R1ZM,110058,DELHI,DELHI,"COMMUNITY CENTRE , JANAK PLACE",LAKSHAY,9267958659,,,,,,,,,,,,,
457,,,,GOTOGO POST,8076536923,,07AQCPB1094R1ZM,110058,DELHI,DELHI,"COMMUNITY CENTRE , JANAK PLACE",LAKSHAY,9267958659,,,,,,,,,,,,,
458,,,,GOTOGO POST,8076536923,,07AQCPB1094R1ZM,110058,DELHI,DELHI,"COMMUNITY CENTRE , JANAK PLACE",LAKSHAY,9267958659,,,,,,,,,,,,,
459,,,,GOTOGO POST,8076536923,,07AQCPB1094R1ZM,110058,DELHI,DELHI,"COMMUNITY CENTRE , JANAK PLACE",LAKSHAY,9267958659,,,,,,,,,,,,,
460,,,,GOTOGO POST,8076536923,,07AQCPB1094R1ZM,110058,DELHI,DELHI,"COMMUNITY CENTRE , JANAK PLACE",LAKSHAY,9267958659,,,,,,,,,,,,,
461,,,,GOTOGO POST,8076536923,,07AQCPB1094R1ZM,110058,DELHI,DELHI,"COMMUNITY CENTRE , JANAK PLACE",LAKSHAY,9267958659,,,,,,,,,,,,,
462,,,,GOTOGO POST,8076536923,,07AQCPB1094R1ZM,110058,DELHI,DELHI,"COMMUNITY CENTRE , JANAK PLACE",LAKSHAY,9267958659,,,,,,,,,,,,,
463,,,,GOTOGO POST,8076536923,,07AQCPB1094R1ZM,110058,DELHI,DELHI,"COMMUNITY CENTRE , JANAK PLACE",LAKSHAY,9267958659,,,,,,,,,,,,,
464,,,,GOTOGO POST,8076536923,,07AQCPB1094R1ZM,110058,DELHI,DELHI,"COMMUNITY CENTRE , JANAK PLACE",LAKSHAY,9267958659,,,,,,,,,,,,,
465,,,,GOTOGO POST,8076536923,,07AQCPB1094R1ZM,110058,DELHI,DELHI,"COMMUNITY CENTRE , JANAK PLACE",LAKSHAY,9267958659,,,,,,,,,,,,,
466,,,,GOTOGO POST,8076536923,,07AQCPB1094R1ZM,110058,DELHI,DELHI,"COMMUNITY CENTRE , JANAK PLACE",LAKSHAY,9267958659,,,,,,,,,,,,,
467,,,,GOTOGO POST,8076536923,,07AQCPB1094R1ZM,110058,DELHI,DELHI,"COMMUNITY CENTRE , JANAK PLACE",LAKSHAY,9267958659,,,,,,,,,,,,,
468,,,,GOTOGO POST,8076536923,,07AQCPB1094R1ZM,110058,DELHI,DELHI,"COMMUNITY CENTRE , JANAK PLACE",LAKSHAY,9267958659,,,,,,,,,,,,,
469,,,,GOTOGO POST,8076536923,,07AQCPB1094R1ZM,110058,DELHI,DELHI,"COMMUNITY CENTRE , JANAK PLACE",LAKSHAY,9267958659,,,,,,,,,,,,,
470,,,,GOTOGO POST,8076536923,,07AQCPB1094R1ZM,110058,DELHI,DELHI,"COMMUNITY CENTRE , JANAK PLACE",LAKSHAY,9267958659,,,,,,,,,,,,,
471,,,,GOTOGO POST,8076536923,,07AQCPB1094R1ZM,110058,DELHI,DELHI,"COMMUNITY CENTRE , JANAK PLACE",LAKSHAY,9267958659,,,,,,,,,,,,,
472,,,,GOTOGO POST,8076536923,,07AQCPB1094R1ZM,110058,DELHI,DELHI,"COMMUNITY CENTRE , JANAK PLACE",LAKSHAY,9267958659,,,,,,,,,,,,,
473,,,,GOTOGO POST,8076536923,,07AQCPB1094R1ZM,110058,DELHI,DELHI,"COMMUNITY CENTRE , JANAK PLACE",LAKSHAY,9267958659,,,,,,,,,,,,,
474,,,,GOTOGO POST,8076536923,,07AQCPB1094R1ZM,110058,DELHI,DELHI,"COMMUNITY CENTRE , JANAK PLACE",LAKSHAY,9267958659,,,,,,,,,,,,,
475,,,,GOTOGO POST,8076536923,,07AQCPB1094R1ZM,110058,DELHI,DELHI,"COMMUNITY CENTRE , JANAK PLACE",LAKSHAY,9267958659,,,,,,,,,,,,,
476,,,,GOTOGO POST,8076536923,,07AQCPB1094R1ZM,110058,DELHI,DELHI,"COMMUNITY CENTRE , JANAK PLACE",LAKSHAY,9267958659,,,,,,,,,,,,,
477,,,,GOTOGO POST,8076536923,,07AQCPB1094R1ZM,110058,DELHI,DELHI,"COMMUNITY CENTRE , JANAK PLACE",LAKSHAY,9267958659,,,,,,,,,,,,,
478,,,,GOTOGO POST,8076536923,,07AQCPB1094R1ZM,110058,DELHI,DELHI,"COMMUNITY CENTRE , JANAK PLACE",LAKSHAY,9267958659,,,,,,,,,,,,,
479,,,,GOTOGO POST,8076536923,,07AQCPB1094R1ZM,110058,DELHI,DELHI,"COMMUNITY CENTRE , JANAK PLACE",LAKSHAY,9267958659,,,,,,,,,,,,,
480,,,,GOTOGO POST,8076536923,,07AQCPB1094R1ZM,110058,DELHI,DELHI,"COMMUNITY CENTRE , JANAK PLACE",LAKSHAY,9267958659,,,,,,,,,,,,,
481,,,,GOTOGO POST,8076536923,,07AQCPB1094R1ZM,110058,DELHI,DELHI,"COMMUNITY CENTRE , JANAK PLACE",LAKSHAY,9267958659,,,,,,,,,,,,,
482,,,,GOTOGO POST,8076536923,,07AQCPB1094R1ZM,110058,DELHI,DELHI,"COMMUNITY CENTRE , JANAK PLACE",LAKSHAY,9267958659,,,,,,,,,,,,,
483,,,,GOTOGO POST,8076536923,,07AQCPB1094R1ZM,110058,DELHI,DELHI,"COMMUNITY CENTRE , JANAK PLACE",LAKSHAY,9267958659,,,,,,,,,,,,,
484,,,,GOTOGO POST,8076536923,,07AQCPB1094R1ZM,110058,DELHI,DELHI,"COMMUNITY CENTRE , JANAK PLACE",LAKSHAY,9267958659,,,,,,,,,,,,,
485,,,,GOTOGO POST,8076536923,,07AQCPB1094R1ZM,110058,DELHI,DELHI,"COMMUNITY CENTRE , JANAK PLACE",LAKSHAY,9267958659,,,,,,,,,,,,,
486,,,,GOTOGO POST,8076536923,,07AQCPB1094R1ZM,110058,DELHI,DELHI,"COMMUNITY CENTRE , JANAK PLACE",LAKSHAY,9267958659,,,,,,,,,,,,,
487,,,,GOTOGO POST,8076536923,,07AQCPB1094R1ZM,110058,DELHI,DELHI,"COMMUNITY CENTRE , JANAK PLACE",LAKSHAY,9267958659,,,,,,,,,,,,,
488,,,,GOTOGO POST,8076536923,,07AQCPB1094R1ZM,110058,DELHI,DELHI,"COMMUNITY CENTRE , JANAK PLACE",LAKSHAY,9267958659,,,,,,,,,,,,,
489,,,,GOTOGO POST,8076536923,,07AQCPB1094R1ZM,110058,DELHI,DELHI,"COMMUNITY CENTRE , JANAK PLACE",LAKSHAY,9267958659,,,,,,,,,,,,,
490,,,,GOTOGO POST,8076536923,,07AQCPB1094R1ZM,110058,DELHI,DELHI,"COMMUNITY CENTRE , JANAK PLACE",LAKSHAY,9267958659,,,,,,,,,,,,,
491,,,,GOTOGO POST,8076536923,,07AQCPB1094R1ZM,110058,DELHI,DELHI,"COMMUNITY CENTRE , JANAK PLACE",LAKSHAY,9267958659,,,,,,,,,,,,,
492,,,,GOTOGO POST,8076536923,,07AQCPB1094R1ZM,110058,DELHI,DELHI,"COMMUNITY CENTRE , JANAK PLACE",LAKSHAY,9267958659,,,,,,,,,,,,,
493,,,,GOTOGO POST,8076536923,,07AQCPB1094R1ZM,110058,DELHI,DELHI,"COMMUNITY CENTRE , JANAK PLACE",LAKSHAY,9267958659,,,,,,,,,,,,,
494,,,,GOTOGO POST,8076536923,,07AQCPB1094R1ZM,110058,DELHI,DELHI,"COMMUNITY CENTRE , JANAK PLACE",LAKSHAY,9267958659,,,,,,,,,,,,,
495,,,,GOTOGO POST,8076536923,,07AQCPB1094R1ZM,110058,DELHI,DELHI,"COMMUNITY CENTRE , JANAK PLACE",LAKSHAY,9267958659,,,,,,,,,,,,,
496,,,,GOTOGO POST,8076536923,,07AQCPB1094R1ZM,110058,DELHI,DELHI,"COMMUNITY CENTRE , JANAK PLACE",LAKSHAY,9267958659,,,,,,,,,,,,,
497,,,,GOTOGO POST,8076536923,,07AQCPB1094R1ZM,110058,DELHI,DELHI,"COMMUNITY CENTRE , JANAK PLACE",LAKSHAY,9267958659,,,,,,,,,,,,,
498,,,,GOTOGO POST,8076536923,,07AQCPB1094R1ZM,110058,DELHI,DELHI,"COMMUNITY CENTRE , JANAK PLACE",LAKSHAY,9267958659,,,,,,,,,,,,,
499,,,,GOTOGO POST,8076536923,,07AQCPB1094R1ZM,110058,DELHI,DELHI,"COMMUNITY CENTRE , JANAK PLACE",LAKSHAY,9267958659,,,,,,,,,,,,,
500,,,,GOTOGO POST,8076536923,,07AQCPB1094R1ZM,110058,DELHI,DELHI,"COMMUNITY CENTRE , JANAK PLACE",LAKSHAY,9267958659,,,,,,,,,,,,,
501,,,,GOTOGO POST,8076536923,,07AQCPB1094R1ZM,110058,DELHI,DELHI,"COMMUNITY CENTRE , JANAK PLACE",LAKSHAY,9267958659,,,,,,,,,,,,,
502,,,,GOTOGO POST,8076536923,,07AQCPB1094R1ZM,110058,DELHI,DELHI,"COMMUNITY CENTRE , JANAK PLACE",LAKSHAY,9267958659,,,,,,,,,,,,,
503,,,,GOTOGO POST,8076536923,,07AQCPB1094R1ZM,110058,DELHI,DELHI,"COMMUNITY CENTRE , JANAK PLACE",LAKSHAY,9267958659,,,,,,,,,,,,,
504,,,,GOTOGO POST,8076536923,,07AQCPB1094R1ZM,110058,DELHI,DELHI,"COMMUNITY CENTRE , JANAK PLACE",LAKSHAY,9267958659,,,,,,,,,,,,,
505,,,,GOTOGO POST,8076536923,,07AQCPB1094R1ZM,110058,DELHI,DELHI,"COMMUNITY CENTRE , JANAK PLACE",LAKSHAY,9267958659,,,,,,,,,,,,,
506,,,,GOTOGO POST,8076536923,,07AQCPB1094R1ZM,110058,DELHI,DELHI,"COMMUNITY CENTRE , JANAK PLACE",LAKSHAY,9267958659,,,,,,,,,,,,,
507,,,,GOTOGO POST,8076536923,,07AQCPB1094R1ZM,110058,DELHI,DELHI,"COMMUNITY CENTRE , JANAK PLACE",LAKSHAY,9267958659,,,,,,,,,,,,,
508,,,,GOTOGO POST,8076536923,,07AQCPB1094R1ZM,110058,DELHI,DELHI,"COMMUNITY CENTRE , JANAK PLACE",LAKSHAY,9267958659,,,,,,,,,,,,,
509,,,,GOTOGO POST,8076536923,,07AQCPB1094R1ZM,110058,DELHI,DELHI,"COMMUNITY CENTRE , JANAK PLACE",LAKSHAY,9267958659,,,,,,,,,,,,,
510,,,,GOTOGO POST,8076536923,,07AQCPB1094R1ZM,110058,DELHI,DELHI,"COMMUNITY CENTRE , JANAK PLACE",LAKSHAY,9267958659,,,,,,,,,,,,,
511,,,,GOTOGO POST,8076536923,,07AQCPB1094R1ZM,110058,DELHI,DELHI,"COMMUNITY CENTRE , JANAK PLACE",LAKSHAY,9267958659,,,,,,,,,,,,,
512,,,,GOTOGO POST,8076536923,,07AQCPB1094R1ZM,110058,DELHI,DELHI,"COMMUNITY CENTRE , JANAK PLACE",LAKSHAY,9267958659,,,,,,,,,,,,,
513,,,,GOTOGO POST,8076536923,,07AQCPB1094R1ZM,110058,DELHI,DELHI,"COMMUNITY CENTRE , JANAK PLACE",LAKSHAY,9267958659,,,,,,,,,,,,,
514,,,,GOTOGO POST,8076536923,,07AQCPB1094R1ZM,110058,DELHI,DELHI,"COMMUNITY CENTRE , JANAK PLACE",LAKSHAY,9267958659,,,,,,,,,,,,,
515,,,,GOTOGO POST,8076536923,,07AQCPB1094R1ZM,110058,DELHI,DELHI,"COMMUNITY CENTRE , JANAK PLACE",LAKSHAY,9267958659,,,,,,,,,,,,,
516,,,,GOTOGO POST,8076536923,,07AQCPB1094R1ZM,110058,DELHI,DELHI,"COMMUNITY CENTRE , JANAK PLACE",LAKSHAY,9267958659,,,,,,,,,,,,,
517,,,,GOTOGO POST,8076536923,,07AQCPB1094R1ZM,110058,DELHI,DELHI,"COMMUNITY CENTRE , JANAK PLACE",LAKSHAY,9267958659,,,,,,,,,,,,,
518,,,,GOTOGO POST,8076536923,,07AQCPB1094R1ZM,110058,DELHI,DELHI,"COMMUNITY CENTRE , JANAK PLACE",LAKSHAY,9267958659,,,,,,,,,,,,,
519,,,,GOTOGO POST,8076536923,,07AQCPB1094R1ZM,110058,DELHI,DELHI,"COMMUNITY CENTRE , JANAK PLACE",LAKSHAY,9267958659,,,,,,,,,,,,,
520,,,,GOTOGO POST,8076536923,,07AQCPB1094R1ZM,110058,DELHI,DELHI,"COMMUNITY CENTRE , JANAK PLACE",LAKSHAY,9267958659,,,,,,,,,,,,,
521,,,,GOTOGO POST,8076536923,,07AQCPB1094R1ZM,110058,DELHI,DELHI,"COMMUNITY CENTRE , JANAK PLACE",LAKSHAY,9267958659,,,,,,,,,,,,,
522,,,,GOTOGO POST,8076536923,,07AQCPB1094R1ZM,110058,DELHI,DELHI,"COMMUNITY CENTRE , JANAK PLACE",LAKSHAY,9267958659,,,,,,,,,,,,,
523,,,,GOTOGO POST,8076536923,,07AQCPB1094R1ZM,110058,DELHI,DELHI,"COMMUNITY CENTRE , JANAK PLACE",LAKSHAY,9267958659,,,,,,,,,,,,,
524,,,,GOTOGO POST,8076536923,,07AQCPB1094R1ZM,110058,DELHI,DELHI,"COMMUNITY CENTRE , JANAK PLACE",LAKSHAY,9267958659,,,,,,,,,,,,,
525,,,,GOTOGO POST,8076536923,,07AQCPB1094R1ZM,110058,DELHI,DELHI,"COMMUNITY CENTRE , JANAK PLACE",LAKSHAY,9267958659,,,,,,,,,,,,,
526,,,,GOTOGO POST,8076536923,,07AQCPB1094R1ZM,110058,DELHI,DELHI,"COMMUNITY CENTRE , JANAK PLACE",LAKSHAY,9267958659,,,,,,,,,,,,,
527,,,,GOTOGO POST,8076536923,,07AQCPB1094R1ZM,110058,DELHI,DELHI,"COMMUNITY CENTRE , JANAK PLACE",LAKSHAY,9267958659,,,,,,,,,,,,,
528,,,,GOTOGO POST,8076536923,,07AQCPB1094R1ZM,110058,DELHI,DELHI,"COMMUNITY CENTRE , JANAK PLACE",LAKSHAY,9267958659,,,,,,,,,,,,,
529,,,,GOTOGO POST,8076536923,,07AQCPB1094R1ZM,110058,DELHI,DELHI,"COMMUNITY CENTRE , JANAK PLACE",LAKSHAY,9267958659,,,,,,,,,,,,,
530,,,,GOTOGO POST,8076536923,,07AQCPB1094R1ZM,110058,DELHI,DELHI,"COMMUNITY CENTRE , JANAK PLACE",LAKSHAY,9267958659,,,,,,,,,,,,,
531,,,,GOTOGO POST,8076536923,,07AQCPB1094R1ZM,110058,DELHI,DELHI,"COMMUNITY CENTRE , JANAK PLACE",LAKSHAY,9267958659,,,,,,,,,,,,,
532,,,,GOTOGO POST,8076536923,,07AQCPB1094R1ZM,110058,DELHI,DELHI,"COMMUNITY CENTRE , JANAK PLACE",LAKSHAY,9267958659,,,,,,,,,,,,,
533,,,,GOTOGO POST,8076536923,,07AQCPB1094R1ZM,110058,DELHI,DELHI,"COMMUNITY CENTRE , JANAK PLACE",LAKSHAY,9267958659,,,,,,,,,,,,,
534,,,,GOTOGO POST,8076536923,,07AQCPB1094R1ZM,110058,DELHI,DELHI,"COMMUNITY CENTRE , JANAK PLACE",LAKSHAY,9267958659,,,,,,,,,,,,,
535,,,,GOTOGO POST,8076536923,,07AQCPB1094R1ZM,110058,DELHI,DELHI,"COMMUNITY CENTRE , JANAK PLACE",LAKSHAY,9267958659,,,,,,,,,,,,,
536,,,,GOTOGO POST,8076536923,,07AQCPB1094R1ZM,110058,DELHI,DELHI,"COMMUNITY CENTRE , JANAK PLACE",LAKSHAY,9267958659,,,,,,,,,,,,,
537,,,,GOTOGO POST,8076536923,,07AQCPB1094R1ZM,110058,DELHI,DELHI,"COMMUNITY CENTRE , JANAK PLACE",LAKSHAY,9267958659,,,,,,,,,,,,,
538,,,,GOTOGO POST,8076536923,,07AQCPB1094R1ZM,110058,DELHI,DELHI,"COMMUNITY CENTRE , JANAK PLACE",LAKSHAY,9267958659,,,,,,,,,,,,,
539,,,,GOTOGO POST,8076536923,,07AQCPB1094R1ZM,110058,DELHI,DELHI,"COMMUNITY CENTRE , JANAK PLACE",LAKSHAY,9267958659,,,,,,,,,,,,,
540,,,,GOTOGO POST,8076536923,,07AQCPB1094R1ZM,110058,DELHI,DELHI,"COMMUNITY CENTRE , JANAK PLACE",LAKSHAY,9267958659,,,,,,,,,,,,,
541,,,,GOTOGO POST,8076536923,,07AQCPB1094R1ZM,110058,DELHI,DELHI,"COMMUNITY CENTRE , JANAK PLACE",LAKSHAY,9267958659,,,,,,,,,,,,,
542,,,,GOTOGO POST,8076536923,,07AQCPB1094R1ZM,110058,DELHI,DELHI,"COMMUNITY CENTRE , JANAK PLACE",LAKSHAY,9267958659,,,,,,,,,,,,,
543,,,,GOTOGO POST,8076536923,,07AQCPB1094R1ZM,110058,DELHI,DELHI,"COMMUNITY CENTRE , JANAK PLACE",LAKSHAY,9267958659,,,,,,,,,,,,,
544,,,,GOTOGO POST,8076536923,,07AQCPB1094R1ZM,110058,DELHI,DELHI,"COMMUNITY CENTRE , JANAK PLACE",LAKSHAY,9267958659,,,,,,,,,,,,,
545,,,,GOTOGO POST,8076536923,,07AQCPB1094R1ZM,110058,DELHI,DELHI,"COMMUNITY CENTRE , JANAK PLACE",LAKSHAY,9267958659,,,,,,,,,,,,,
546,,,,GOTOGO POST,8076536923,,07AQCPB1094R1ZM,110058,DELHI,DELHI,"COMMUNITY CENTRE , JANAK PLACE",LAKSHAY,9267958659,,,,,,,,,,,,,
547,,,,GOTOGO POST,8076536923,,07AQCPB1094R1ZM,110058,DELHI,DELHI,"COMMUNITY CENTRE , JANAK PLACE",LAKSHAY,9267958659,,,,,,,,,,,,,
548,,,,GOTOGO POST,8076536923,,07AQCPB1094R1ZM,110058,DELHI,DELHI,"COMMUNITY CENTRE , JANAK PLACE",LAKSHAY,9267958659,,,,,,,,,,,,,
549,,,,GOTOGO POST,8076536923,,07AQCPB1094R1ZM,110058,DELHI,DELHI,"COMMUNITY CENTRE , JANAK PLACE",LAKSHAY,9267958659,,,,,,,,,,,,,
550,,,,GOTOGO POST,8076536923,,07AQCPB1094R1ZM,110058,DELHI,DELHI,"COMMUNITY CENTRE , JANAK PLACE",LAKSHAY,9267958659,,,,,,,,,,,,,
551,,,,GOTOGO POST,8076536923,,07AQCPB1094R1ZM,110058,DELHI,DELHI,"COMMUNITY CENTRE , JANAK PLACE",LAKSHAY,9267958659,,,,,,,,,,,,,
552,,,,GOTOGO POST,8076536923,,07AQCPB1094R1ZM,110058,DELHI,DELHI,"COMMUNITY CENTRE , JANAK PLACE",LAKSHAY,9267958659,,,,,,,,,,,,,
553,,,,GOTOGO POST,8076536923,,07AQCPB1094R1ZM,110058,DELHI,DELHI,"COMMUNITY CENTRE , JANAK PLACE",LAKSHAY,9267958659,,,,,,,,,,,,,
554,,,,GOTOGO POST,8076536923,,07AQCPB1094R1ZM,110058,DELHI,DELHI,"COMMUNITY CENTRE , JANAK PLACE",LAKSHAY,9267958659,,,,,,,,,,,,,
555,,,,GOTOGO POST,8076536923,,07AQCPB1094R1ZM,110058,DELHI,DELHI,"COMMUNITY CENTRE , JANAK PLACE",LAKSHAY,9267958659,,,,,,,,,,,,,
556,,,,GOTOGO POST,8076536923,,07AQCPB1094R1ZM,110058,DELHI,DELHI,"COMMUNITY CENTRE , JANAK PLACE",LAKSHAY,9267958659,,,,,,,,,,,,,
557,,,,GOTOGO POST,8076536923,,07AQCPB1094R1ZM,110058,DELHI,DELHI,"COMMUNITY CENTRE , JANAK PLACE",LAKSHAY,9267958659,,,,,,,,,,,,,
558,,,,GOTOGO POST,8076536923,,07AQCPB1094R1ZM,110058,DELHI,DELHI,"COMMUNITY CENTRE , JANAK PLACE",LAKSHAY,9267958659,,,,,,,,,,,,,
559,,,,GOTOGO POST,8076536923,,07AQCPB1094R1ZM,110058,DELHI,DELHI,"COMMUNITY CENTRE , JANAK PLACE",LAKSHAY,9267958659,,,,,,,,,,,,,
560,,,,GOTOGO POST,8076536923,,07AQCPB1094R1ZM,110058,DELHI,DELHI,"COMMUNITY CENTRE , JANAK PLACE",LAKSHAY,9267958659,,,,,,,,,,,,,
561,,,,GOTOGO POST,8076536923,,07AQCPB1094R1ZM,110058,DELHI,DELHI,"COMMUNITY CENTRE , JANAK PLACE",LAKSHAY,9267958659,,,,,,,,,,,,,
562,,,,GOTOGO POST,8076536923,,07AQCPB1094R1ZM,110058,DELHI,DELHI,"COMMUNITY CENTRE , JANAK PLACE",LAKSHAY,9267958659,,,,,,,,,,,,,
563,,,,GOTOGO POST,8076536923,,07AQCPB1094R1ZM,110058,DELHI,DELHI,"COMMUNITY CENTRE , JANAK PLACE",LAKSHAY,9267958659,,,,,,,,,,,,,
564,,,,GOTOGO POST,8076536923,,07AQCPB1094R1ZM,110058,DELHI,DELHI,"COMMUNITY CENTRE , JANAK PLACE",LAKSHAY,9267958659,,,,,,,,,,,,,
565,,,,GOTOGO POST,8076536923,,07AQCPB1094R1ZM,110058,DELHI,DELHI,"COMMUNITY CENTRE , JANAK PLACE",LAKSHAY,9267958659,,,,,,,,,,,,,
566,,,,GOTOGO POST,8076536923,,07AQCPB1094R1ZM,110058,DELHI,DELHI,"COMMUNITY CENTRE , JANAK PLACE",LAKSHAY,9267958659,,,,,,,,,,,,,
567,,,,GOTOGO POST,8076536923,,07AQCPB1094R1ZM,110058,DELHI,DELHI,"COMMUNITY CENTRE , JANAK PLACE",LAKSHAY,9267958659,,,,,,,,,,,,,
568,,,,GOTOGO POST,8076536923,,07AQCPB1094R1ZM,110058,DELHI,DELHI,"COMMUNITY CENTRE , JANAK PLACE",LAKSHAY,9267958659,,,,,,,,,,,,,
569,,,,GOTOGO POST,8076536923,,07AQCPB1094R1ZM,110058,DELHI,DELHI,"COMMUNITY CENTRE , JANAK PLACE",LAKSHAY,9267958659,,,,,,,,,,,,,
570,,,,GOTOGO POST,8076536923,,07AQCPB1094R1ZM,110058,DELHI,DELHI,"COMMUNITY CENTRE , JANAK PLACE",LAKSHAY,9267958659,,,,,,,,,,,,,
571,,,,GOTOGO POST,8076536923,,07AQCPB1094R1ZM,110058,DELHI,DELHI,"COMMUNITY CENTRE , JANAK PLACE",LAKSHAY,9267958659,,,,,,,,,,,,,
572,,,,GOTOGO POST,8076536923,,07AQCPB1094R1ZM,110058,DELHI,DELHI,"COMMUNITY CENTRE , JANAK PLACE",LAKSHAY,9267958659,,,,,,,,,,,,,
573,,,,GOTOGO POST,8076536923,,07AQCPB1094R1ZM,110058,DELHI,DELHI,"COMMUNITY CENTRE , JANAK PLACE",LAKSHAY,9267958659,,,,,,,,,,,,,
574,,,,GOTOGO POST,8076536923,,07AQCPB1094R1ZM,110058,DELHI,DELHI,"COMMUNITY CENTRE , JANAK PLACE",LAKSHAY,9267958659,,,,,,,,,,,,,
575,,,,GOTOGO POST,8076536923,,07AQCPB1094R1ZM,110058,DELHI,DELHI,"COMMUNITY CENTRE , JANAK PLACE",LAKSHAY,9267958659,,,,,,,,,,,,,
576,,,,GOTOGO POST,8076536923,,07AQCPB1094R1ZM,110058,DELHI,DELHI,"COMMUNITY CENTRE , JANAK PLACE",LAKSHAY,9267958659,,,,,,,,,,,,,
577,,,,GOTOGO POST,8076536923,,07AQCPB1094R1ZM,110058,DELHI,DELHI,"COMMUNITY CENTRE , JANAK PLACE",LAKSHAY,9267958659,,,,,,,,,,,,,
578,,,,GOTOGO POST,8076536923,,07AQCPB1094R1ZM,110058,DELHI,DELHI,"COMMUNITY CENTRE , JANAK PLACE",LAKSHAY,9267958659,,,,,,,,,,,,,
579,,,,GOTOGO POST,8076536923,,07AQCPB1094R1ZM,110058,DELHI,DELHI,"COMMUNITY CENTRE , JANAK PLACE",LAKSHAY,9267958659,,,,,,,,,,,,,
580,,,,GOTOGO POST,8076536923,,07AQCPB1094R1ZM,110058,DELHI,DELHI,"COMMUNITY CENTRE , JANAK PLACE",LAKSHAY,9267958659,,,,,,,,,,,,,
581,,,,GOTOGO POST,8076536923,,07AQCPB1094R1ZM,110058,DELHI,DELHI,"COMMUNITY CENTRE , JANAK PLACE",LAKSHAY,9267958659,,,,,,,,,,,,,
582,,,,GOTOGO POST,8076536923,,07AQCPB1094R1ZM,110058,DELHI,DELHI,"COMMUNITY CENTRE , JANAK PLACE",LAKSHAY,9267958659,,,,,,,,,,,,,
583,,,,GOTOGO POST,8076536923,,07AQCPB1094R1ZM,110058,DELHI,DELHI,"COMMUNITY CENTRE , JANAK PLACE",LAKSHAY,9267958659,,,,,,,,,,,,,
584,,,,GOTOGO POST,8076536923,,07AQCPB1094R1ZM,110058,DELHI,DELHI,"COMMUNITY CENTRE , JANAK PLACE",LAKSHAY,9267958659,,,,,,,,,,,,,
585,,,,GOTOGO POST,8076536923,,07AQCPB1094R1ZM,110058,DELHI,DELHI,"COMMUNITY CENTRE , JANAK PLACE",LAKSHAY,9267958659,,,,,,,,,,,,,
586,,,,GOTOGO POST,8076536923,,07AQCPB1094R1ZM,110058,DELHI,DELHI,"COMMUNITY CENTRE , JANAK PLACE",LAKSHAY,9267958659,,,,,,,,,,,,,
587,,,,GOTOGO POST,8076536923,,07AQCPB1094R1ZM,110058,DELHI,DELHI,"COMMUNITY CENTRE , JANAK PLACE",LAKSHAY,9267958659,,,,,,,,,,,,,
588,,,,GOTOGO POST,8076536923,,07AQCPB1094R1ZM,110058,DELHI,DELHI,"COMMUNITY CENTRE , JANAK PLACE",LAKSHAY,9267958659,,,,,,,,,,,,,
589,,,,GOTOGO POST,8076536923,,07AQCPB1094R1ZM,110058,DELHI,DELHI,"COMMUNITY CENTRE , JANAK PLACE",LAKSHAY,9267958659,,,,,,,,,,,,,
590,,,,GOTOGO POST,8076536923,,07AQCPB1094R1ZM,110058,DELHI,DELHI,"COMMUNITY CENTRE , JANAK PLACE",LAKSHAY,9267958659,,,,,,,,,,,,,
591,,,,GOTOGO POST,8076536923,,07AQCPB1094R1ZM,110058,DELHI,DELHI,"COMMUNITY CENTRE , JANAK PLACE",LAKSHAY,9267958659,,,,,,,,,,,,,
592,,,,GOTOGO POST,8076536923,,07AQCPB1094R1ZM,110058,DELHI,DELHI,"COMMUNITY CENTRE , JANAK PLACE",LAKSHAY,9267958659,,,,,,,,,,,,,
593,,,,GOTOGO POST,8076536923,,07AQCPB1094R1ZM,110058,DELHI,DELHI,"COMMUNITY CENTRE , JANAK PLACE",LAKSHAY,9267958659,,,,,,,,,,,,,
594,,,,GOTOGO POST,8076536923,,07AQCPB1094R1ZM,110058,DELHI,DELHI,"COMMUNITY CENTRE , JANAK PLACE",LAKSHAY,9267958659,,,,,,,,,,,,,
595,,,,GOTOGO POST,8076536923,,07AQCPB1094R1ZM,110058,DELHI,DELHI,"COMMUNITY CENTRE , JANAK PLACE",LAKSHAY,9267958659,,,,,,,,,,,,,
596,,,,GOTOGO POST,8076536923,,07AQCPB1094R1ZM,110058,DELHI,DELHI,"COMMUNITY CENTRE , JANAK PLACE",LAKSHAY,9267958659,,,,,,,,,,,,,
597,,,,GOTOGO POST,8076536923,,07AQCPB1094R1ZM,110058,DELHI,DELHI,"COMMUNITY CENTRE , JANAK PLACE",LAKSHAY,9267958659,,,,,,,,,,,,,
598,,,,GOTOGO POST,8076536923,,07AQCPB1094R1ZM,110058,DELHI,DELHI,"COMMUNITY CENTRE , JANAK PLACE",LAKSHAY,9267958659,,,,,,,,,,,,,
599,,,,GOTOGO POST,8076536923,,07AQCPB1094R1ZM,110058,DELHI,DELHI,"COMMUNITY CENTRE , JANAK PLACE",LAKSHAY,9267958659,,,,,,,,,,,,,
600,,,,GOTOGO POST,8076536923,,07AQCPB1094R1ZM,110058,DELHI,DELHI,"COMMUNITY CENTRE , JANAK PLACE",LAKSHAY,9267958659,,,,,,,,,,,,,
601,,,,GOTOGO POST,8076536923,,07AQCPB1094R1ZM,110058,DELHI,DELHI,"COMMUNITY CENTRE , JANAK PLACE",LAKSHAY,9267958659,,,,,,,,,,,,,
602,,,,GOTOGO POST,8076536923,,07AQCPB1094R1ZM,110058,DELHI,DELHI,"COMMUNITY CENTRE , JANAK PLACE",LAKSHAY,9267958659,,,,,,,,,,,,,
603,,,,GOTOGO POST,8076536923,,07AQCPB1094R1ZM,110058,DELHI,DELHI,"COMMUNITY CENTRE , JANAK PLACE",LAKSHAY,9267958659,,,,,,,,,,,,,
604,,,,GOTOGO POST,8076536923,,07AQCPB1094R1ZM,110058,DELHI,DELHI,"COMMUNITY CENTRE , JANAK PLACE",LAKSHAY,9267958659,,,,,,,,,,,,,
605,,,,GOTOGO POST,8076536923,,07AQCPB1094R1ZM,110058,DELHI,DELHI,"COMMUNITY CENTRE , JANAK PLACE",LAKSHAY,9267958659,,,,,,,,,,,,,
606,,,,GOTOGO POST,8076536923,,07AQCPB1094R1ZM,110058,DELHI,DELHI,"COMMUNITY CENTRE , JANAK PLACE",LAKSHAY,9267958659,,,,,,,,,,,,,
607,,,,GOTOGO POST,8076536923,,07AQCPB1094R1ZM,110058,DELHI,DELHI,"COMMUNITY CENTRE , JANAK PLACE",LAKSHAY,9267958659,,,,,,,,,,,,,
608,,,,GOTOGO POST,8076536923,,07AQCPB1094R1ZM,110058,DELHI,DELHI,"COMMUNITY CENTRE , JANAK PLACE",LAKSHAY,9267958659,,,,,,,,,,,,,
609,,,,GOTOGO POST,8076536923,,07AQCPB1094R1ZM,110058,DELHI,DELHI,"COMMUNITY CENTRE , JANAK PLACE",LAKSHAY,9267958659,,,,,,,,,,,,,
610,,,,GOTOGO POST,8076536923,,07AQCPB1094R1ZM,110058,DELHI,DELHI,"COMMUNITY CENTRE , JANAK PLACE",LAKSHAY,9267958659,,,,,,,,,,,,,
611,,,,GOTOGO POST,8076536923,,07AQCPB1094R1ZM,110058,DELHI,DELHI,"COMMUNITY CENTRE , JANAK PLACE",LAKSHAY,9267958659,,,,,,,,,,,,,
612,,,,GOTOGO POST,8076536923,,07AQCPB1094R1ZM,110058,DELHI,DELHI,"COMMUNITY CENTRE , JANAK PLACE",LAKSHAY,9267958659,,,,,,,,,,,,,
613,,,,GOTOGO POST,8076536923,,07AQCPB1094R1ZM,110058,DELHI,DELHI,"COMMUNITY CENTRE , JANAK PLACE",LAKSHAY,9267958659,,,,,,,,,,,,,
614,,,,GOTOGO POST,8076536923,,07AQCPB1094R1ZM,110058,DELHI,DELHI,"COMMUNITY CENTRE , JANAK PLACE",LAKSHAY,9267958659,,,,,,,,,,,,,
615,,,,GOTOGO POST,8076536923,,07AQCPB1094R1ZM,110058,DELHI,DELHI,"COMMUNITY CENTRE , JANAK PLACE",LAKSHAY,9267958659,,,,,,,,,,,,,
616,,,,GOTOGO POST,8076536923,,07AQCPB1094R1ZM,110058,DELHI,DELHI,"COMMUNITY CENTRE , JANAK PLACE",LAKSHAY,9267958659,,,,,,,,,,,,,
617,,,,GOTOGO POST,8076536923,,07AQCPB1094R1ZM,110058,DELHI,DELHI,"COMMUNITY CENTRE , JANAK PLACE",LAKSHAY,9267958659,,,,,,,,,,,,,
618,,,,GOTOGO POST,8076536923,,07AQCPB1094R1ZM,110058,DELHI,DELHI,"COMMUNITY CENTRE , JANAK PLACE",LAKSHAY,9267958659,,,,,,,,,,,,,
619,,,,GOTOGO POST,8076536923,,07AQCPB1094R1ZM,110058,DELHI,DELHI,"COMMUNITY CENTRE , JANAK PLACE",LAKSHAY,9267958659,,,,,,,,,,,,,
620,,,,GOTOGO POST,8076536923,,07AQCPB1094R1ZM,110058,DELHI,DELHI,"COMMUNITY CENTRE , JANAK PLACE",LAKSHAY,9267958659,,,,,,,,,,,,,
621,,,,GOTOGO POST,8076536923,,07AQCPB1094R1ZM,110058,DELHI,DELHI,"COMMUNITY CENTRE , JANAK PLACE",LAKSHAY,9267958659,,,,,,,,,,,,,
622,,,,GOTOGO POST,8076536923,,07AQCPB1094R1ZM,110058,DELHI,DELHI,"COMMUNITY CENTRE , JANAK PLACE",LAKSHAY,9267958659,,,,,,,,,,,,,
623,,,,GOTOGO POST,8076536923,,07AQCPB1094R1ZM,110058,DELHI,DELHI,"COMMUNITY CENTRE , JANAK PLACE",LAKSHAY,9267958659,,,,,,,,,,,,,
624,,,,GOTOGO POST,8076536923,,07AQCPB1094R1ZM,110058,DELHI,DELHI,"COMMUNITY CENTRE , JANAK PLACE",LAKSHAY,9267958659,,,,,,,,,,,,,
625,,,,GOTOGO POST,8076536923,,07AQCPB1094R1ZM,110058,DELHI,DELHI,"COMMUNITY CENTRE , JANAK PLACE",LAKSHAY,9267958659,,,,,,,,,,,,,
626,,,,GOTOGO POST,8076536923,,07AQCPB1094R1ZM,110058,DELHI,DELHI,"COMMUNITY CENTRE , JANAK PLACE",LAKSHAY,9267958659,,,,,,,,,,,,,
627,,,,GOTOGO POST,8076536923,,07AQCPB1094R1ZM,110058,DELHI,DELHI,"COMMUNITY CENTRE , JANAK PLACE",LAKSHAY,9267958659,,,,,,,,,,,,,
628,,,,GOTOGO POST,8076536923,,07AQCPB1094R1ZM,110058,DELHI,DELHI,"COMMUNITY CENTRE , JANAK PLACE",LAKSHAY,9267958659,,,,,,,,,,,,,
629,,,,GOTOGO POST,8076536923,,07AQCPB1094R1ZM,110058,DELHI,DELHI,"COMMUNITY CENTRE , JANAK PLACE",LAKSHAY,9267958659,,,,,,,,,,,,,
630,,,,GOTOGO POST,8076536923,,07AQCPB1094R1ZM,110058,DELHI,DELHI,"COMMUNITY CENTRE , JANAK PLACE",LAKSHAY,9267958659,,,,,,,,,,,,,
631,,,,GOTOGO POST,8076536923,,07AQCPB1094R1ZM,110058,DELHI,DELHI,"COMMUNITY CENTRE , JANAK PLACE",LAKSHAY,9267958659,,,,,,,,,,,,,
632,,,,GOTOGO POST,8076536923,,07AQCPB1094R1ZM,110058,DELHI,DELHI,"COMMUNITY CENTRE , JANAK PLACE",LAKSHAY,9267958659,,,,,,,,,,,,,
633,,,,GOTOGO POST,8076536923,,07AQCPB1094R1ZM,110058,DELHI,DELHI,"COMMUNITY CENTRE , JANAK PLACE",LAKSHAY,9267958659,,,,,,,,,,,,,
634,,,,GOTOGO POST,8076536923,,07AQCPB1094R1ZM,110058,DELHI,DELHI,"COMMUNITY CENTRE , JANAK PLACE",LAKSHAY,9267958659,,,,,,,,,,,,,
635,,,,GOTOGO POST,8076536923,,07AQCPB1094R1ZM,110058,DELHI,DELHI,"COMMUNITY CENTRE , JANAK PLACE",LAKSHAY,9267958659,,,,,,,,,,,,,
636,,,,GOTOGO POST,8076536923,,07AQCPB1094R1ZM,110058,DELHI,DELHI,"COMMUNITY CENTRE , JANAK PLACE",LAKSHAY,9267958659,,,,,,,,,,,,,
637,,,,GOTOGO POST,8076536923,,07AQCPB1094R1ZM,110058,DELHI,DELHI,"COMMUNITY CENTRE , JANAK PLACE",LAKSHAY,9267958659,,,,,,,,,,,,,
638,,,,GOTOGO POST,8076536923,,07AQCPB1094R1ZM,110058,DELHI,DELHI,"COMMUNITY CENTRE , JANAK PLACE",LAKSHAY,9267958659,,,,,,,,,,,,,
639,,,,GOTOGO POST,8076536923,,07AQCPB1094R1ZM,110058,DELHI,DELHI,"COMMUNITY CENTRE , JANAK PLACE",LAKSHAY,9267958659,,,,,,,,,,,,,
640,,,,GOTOGO POST,8076536923,,07AQCPB1094R1ZM,110058,DELHI,DELHI,"COMMUNITY CENTRE , JANAK PLACE",LAKSHAY,9267958659,,,,,,,,,,,,,
641,,,,GOTOGO POST,8076536923,,07AQCPB1094R1ZM,110058,DELHI,DELHI,"COMMUNITY CENTRE , JANAK PLACE",LAKSHAY,9267958659,,,,,,,,,,,,,
642,,,,GOTOGO POST,8076536923,,07AQCPB1094R1ZM,110058,DELHI,DELHI,"COMMUNITY CENTRE , JANAK PLACE",LAKSHAY,9267958659,,,,,,,,,,,,,
643,,,,GOTOGO POST,8076536923,,07AQCPB1094R1ZM,110058,DELHI,DELHI,"COMMUNITY CENTRE , JANAK PLACE",LAKSHAY,9267958659,,,,,,,,,,,,,
644,,,,GOTOGO POST,8076536923,,07AQCPB1094R1ZM,110058,DELHI,DELHI,"COMMUNITY CENTRE , JANAK PLACE",LAKSHAY,9267958659,,,,,,,,,,,,,
645,,,,GOTOGO POST,8076536923,,07AQCPB1094R1ZM,110058,DELHI,DELHI,"COMMUNITY CENTRE , JANAK PLACE",LAKSHAY,9267958659,,,,,,,,,,,,,
646,,,,GOTOGO POST,8076536923,,07AQCPB1094R1ZM,110058,DELHI,DELHI,"COMMUNITY CENTRE , JANAK PLACE",LAKSHAY,9267958659,,,,,,,,,,,,,
647,,,,GOTOGO POST,8076536923,,07AQCPB1094R1ZM,110058,DELHI,DELHI,"COMMUNITY CENTRE , JANAK PLACE",LAKSHAY,9267958659,,,,,,,,,,,,,
648,,,,GOTOGO POST,8076536923,,07AQCPB1094R1ZM,110058,DELHI,DELHI,"COMMUNITY CENTRE , JANAK PLACE",LAKSHAY,9267958659,,,,,,,,,,,,,
649,,,,GOTOGO POST,8076536923,,07AQCPB1094R1ZM,110058,DELHI,DELHI,"COMMUNITY CENTRE , JANAK PLACE",LAKSHAY,9267958659,,,,,,,,,,,,,
650,,,,GOTOGO POST,8076536923,,07AQCPB1094R1ZM,110058,DELHI,DELHI,"COMMUNITY CENTRE , JANAK PLACE",LAKSHAY,9267958659,,,,,,,,,,,,,
651,,,,GOTOGO POST,8076536923,,07AQCPB1094R1ZM,110058,DELHI,DELHI,"COMMUNITY CENTRE , JANAK PLACE",LAKSHAY,9267958659,,,,,,,,,,,,,
652,,,,GOTOGO POST,8076536923,,07AQCPB1094R1ZM,110058,DELHI,DELHI,"COMMUNITY CENTRE , JANAK PLACE",LAKSHAY,9267958659,,,,,,,,,,,,,
653,,,,GOTOGO POST,8076536923,,07AQCPB1094R1ZM,110058,DELHI,DELHI,"COMMUNITY CENTRE , JANAK PLACE",LAKSHAY,9267958659,,,,,,,,,,,,,
654,,,,GOTOGO POST,8076536923,,07AQCPB1094R1ZM,110058,DELHI,DELHI,"COMMUNITY CENTRE , JANAK PLACE",LAKSHAY,9267958659,,,,,,,,,,,,,
655,,,,GOTOGO POST,8076536923,,07AQCPB1094R1ZM,110058,DELHI,DELHI,"COMMUNITY CENTRE , JANAK PLACE",LAKSHAY,9267958659,,,,,,,,,,,,,
656,,,,GOTOGO POST,8076536923,,07AQCPB1094R1ZM,110058,DELHI,DELHI,"COMMUNITY CENTRE , JANAK PLACE",LAKSHAY,9267958659,,,,,,,,,,,,,
657,,,,GOTOGO POST,8076536923,,07AQCPB1094R1ZM,110058,DELHI,DELHI,"COMMUNITY CENTRE , JANAK PLACE",LAKSHAY,9267958659,,,,,,,,,,,,,
658,,,,GOTOGO POST,8076536923,,07AQCPB1094R1ZM,110058,DELHI,DELHI,"COMMUNITY CENTRE , JANAK PLACE",LAKSHAY,9267958659,,,,,,,,,,,,,
659,,,,GOTOGO POST,8076536923,,07AQCPB1094R1ZM,110058,DELHI,DELHI,"COMMUNITY CENTRE , JANAK PLACE",LAKSHAY,9267958659,,,,,,,,,,,,,
660,,,,GOTOGO POST,8076536923,,07AQCPB1094R1ZM,110058,DELHI,DELHI,"COMMUNITY CENTRE , JANAK PLACE",LAKSHAY,9267958659,,,,,,,,,,,,,
661,,,,GOTOGO POST,8076536923,,07AQCPB1094R1ZM,110058,DELHI,DELHI,"COMMUNITY CENTRE , JANAK PLACE",LAKSHAY,9267958659,,,,,,,,,,,,,
662,,,,GOTOGO POST,8076536923,,07AQCPB1094R1ZM,110058,DELHI,DELHI,"COMMUNITY CENTRE , JANAK PLACE",LAKSHAY,9267958659,,,,,,,,,,,,,
663,,,,GOTOGO POST,8076536923,,07AQCPB1094R1ZM,110058,DELHI,DELHI,"COMMUNITY CENTRE , JANAK PLACE",LAKSHAY,9267958659,,,,,,,,,,,,,
664,,,,GOTOGO POST,8076536923,,07AQCPB1094R1ZM,110058,DELHI,DELHI,"COMMUNITY CENTRE , JANAK PLACE",LAKSHAY,9267958659,,,,,,,,,,,,,
665,,,,GOTOGO POST,8076536923,,07AQCPB1094R1ZM,110058,DELHI,DELHI,"COMMUNITY CENTRE , JANAK PLACE",LAKSHAY,9267958659,,,,,,,,,,,,,
666,,,,GOTOGO POST,8076536923,,07AQCPB1094R1ZM,110058,DELHI,DELHI,"COMMUNITY CENTRE , JANAK PLACE",LAKSHAY,9267958659,,,,,,,,,,,,,
667,,,,GOTOGO POST,8076536923,,07AQCPB1094R1ZM,110058,DELHI,DELHI,"COMMUNITY CENTRE , JANAK PLACE",LAKSHAY,9267958659,,,,,,,,,,,,,
668,,,,GOTOGO POST,8076536923,,07AQCPB1094R1ZM,110058,DELHI,DELHI,"COMMUNITY CENTRE , JANAK PLACE",LAKSHAY,9267958659,,,,,,,,,,,,,
669,,,,GOTOGO POST,8076536923,,07AQCPB1094R1ZM,110058,DELHI,DELHI,"COMMUNITY CENTRE , JANAK PLACE",LAKSHAY,9267958659,,,,,,,,,,,,,
670,,,,GOTOGO POST,8076536923,,07AQCPB1094R1ZM,110058,DELHI,DELHI,"COMMUNITY CENTRE , JANAK PLACE",LAKSHAY,9267958659,,,,,,,,,,,,,
671,,,,GOTOGO POST,8076536923,,07AQCPB1094R1ZM,110058,DELHI,DELHI,"COMMUNITY CENTRE , JANAK PLACE",LAKSHAY,9267958659,,,,,,,,,,,,,
672,,,,GOTOGO POST,8076536923,,07AQCPB1094R1ZM,110058,DELHI,DELHI,"COMMUNITY CENTRE , JANAK PLACE",LAKSHAY,9267958659,,,,,,,,,,,,,
673,,,,GOTOGO POST,8076536923,,07AQCPB1094R1ZM,110058,DELHI,DELHI,"COMMUNITY CENTRE , JANAK PLACE",LAKSHAY,9267958659,,,,,,,,,,,,,
674,,,,GOTOGO POST,8076536923,,07AQCPB1094R1ZM,110058,DELHI,DELHI,"COMMUNITY CENTRE , JANAK PLACE",LAKSHAY,9267958659,,,,,,,,,,,,,
675,,,,GOTOGO POST,8076536923,,07AQCPB1094R1ZM,110058,DELHI,DELHI,"COMMUNITY CENTRE , JANAK PLACE",LAKSHAY,9267958659,,,,,,,,,,,,,
676,,,,GOTOGO POST,8076536923,,07AQCPB1094R1ZM,110058,DELHI,DELHI,"COMMUNITY CENTRE , JANAK PLACE",LAKSHAY,9267958659,,,,,,,,,,,,,
677,,,,GOTOGO POST,8076536923,,07AQCPB1094R1ZM,110058,DELHI,DELHI,"COMMUNITY CENTRE , JANAK PLACE",LAKSHAY,9267958659,,,,,,,,,,,,,
678,,,,GOTOGO POST,8076536923,,07AQCPB1094R1ZM,110058,DELHI,DELHI,"COMMUNITY CENTRE , JANAK PLACE",LAKSHAY,9267958659,,,,,,,,,,,,,
679,,,,GOTOGO POST,8076536923,,07AQCPB1094R1ZM,110058,DELHI,DELHI,"COMMUNITY CENTRE , JANAK PLACE",LAKSHAY,9267958659,,,,,,,,,,,,,
680,,,,GOTOGO POST,8076536923,,07AQCPB1094R1ZM,110058,DELHI,DELHI,"COMMUNITY CENTRE , JANAK PLACE",LAKSHAY,9267958659,,,,,,,,,,,,,
681,,,,GOTOGO POST,8076536923,,07AQCPB1094R1ZM,110058,DELHI,DELHI,"COMMUNITY CENTRE , JANAK PLACE",LAKSHAY,9267958659,,,,,,,,,,,,,
682,,,,GOTOGO POST,8076536923,,07AQCPB1094R1ZM,110058,DELHI,DELHI,"COMMUNITY CENTRE , JANAK PLACE",LAKSHAY,9267958659,,,,,,,,,,,,,
683,,,,GOTOGO POST,8076536923,,07AQCPB1094R1ZM,110058,DELHI,DELHI,"COMMUNITY CENTRE , JANAK PLACE",LAKSHAY,9267958659,,,,,,,,,,,,,
684,,,,GOTOGO POST,8076536923,,07AQCPB1094R1ZM,110058,DELHI,DELHI,"COMMUNITY CENTRE , JANAK PLACE",LAKSHAY,9267958659,,,,,,,,,,,,,
685,,,,GOTOGO POST,8076536923,,07AQCPB1094R1ZM,110058,DELHI,DELHI,"COMMUNITY CENTRE , JANAK PLACE",LAKSHAY,9267958659,,,,,,,,,,,,,
686,,,,GOTOGO POST,8076536923,,07AQCPB1094R1ZM,110058,DELHI,DELHI,"COMMUNITY CENTRE , JANAK PLACE",LAKSHAY,9267958659,,,,,,,,,,,,,
687,,,,GOTOGO POST,8076536923,,07AQCPB1094R1ZM,110058,DELHI,DELHI,"COMMUNITY CENTRE , JANAK PLACE",LAKSHAY,9267958659,,,,,,,,,,,,,
688,,,,GOTOGO POST,8076536923,,07AQCPB1094R1ZM,110058,DELHI,DELHI,"COMMUNITY CENTRE , JANAK PLACE",LAKSHAY,9267958659,,,,,,,,,,,,,
689,,,,GOTOGO POST,8076536923,,07AQCPB1094R1ZM,110058,DELHI,DELHI,"COMMUNITY CENTRE , JANAK PLACE",LAKSHAY,9267958659,,,,,,,,,,,,,
690,,,,GOTOGO POST,8076536923,,07AQCPB1094R1ZM,110058,DELHI,DELHI,"COMMUNITY CENTRE , JANAK PLACE",LAKSHAY,9267958659,,,,,,,,,,,,,
691,,,,GOTOGO POST,8076536923,,07AQCPB1094R1ZM,110058,DELHI,DELHI,"COMMUNITY CENTRE , JANAK PLACE",LAKSHAY,9267958659,,,,,,,,,,,,,
692,,,,GOTOGO POST,8076536923,,07AQCPB1094R1ZM,110058,DELHI,DELHI,"COMMUNITY CENTRE , JANAK PLACE",LAKSHAY,9267958659,,,,,,,,,,,,,
693,,,,GOTOGO POST,8076536923,,07AQCPB1094R1ZM,110058,DELHI,DELHI,"COMMUNITY CENTRE , JANAK PLACE",LAKSHAY,9267958659,,,,,,,,,,,,,
694,,,,GOTOGO POST,8076536923,,07AQCPB1094R1ZM,110058,DELHI,DELHI,"COMMUNITY CENTRE , JANAK PLACE",LAKSHAY,9267958659,,,,,,,,,,,,,
695,,,,GOTOGO POST,8076536923,,07AQCPB1094R1ZM,110058,DELHI,DELHI,"COMMUNITY CENTRE , JANAK PLACE",LAKSHAY,9267958659,,,,,,,,,,,,,
696,,,,GOTOGO POST,8076536923,,07AQCPB1094R1ZM,110058,DELHI,DELHI,"COMMUNITY CENTRE , JANAK PLACE",LAKSHAY,9267958659,,,,,,,,,,,,,
697,,,,GOTOGO POST,8076536923,,07AQCPB1094R1ZM,110058,DELHI,DELHI,"COMMUNITY CENTRE , JANAK PLACE",LAKSHAY,9267958659,,,,,,,,,,,,,
698,,,,GOTOGO POST,8076536923,,07AQCPB1094R1ZM,110058,DELHI,DELHI,"COMMUNITY CENTRE , JANAK PLACE",LAKSHAY,9267958659,,,,,,,,,,,,,
699,,,,GOTOGO POST,8076536923,,07AQCPB1094R1ZM,110058,DELHI,DELHI,"COMMUNITY CENTRE , JANAK PLACE",LAKSHAY,9267958659,,,,,,,,,,,,,
700,,,,GOTOGO POST,8076536923,,07AQCPB1094R1ZM,110058,DELHI,DELHI,"COMMUNITY CENTRE , JANAK PLACE",LAKSHAY,9267958659,,,,,,,,,,,,,
701,,,,GOTOGO POST,8076536923,,07AQCPB1094R1ZM,110058,DELHI,DELHI,"COMMUNITY CENTRE , JANAK PLACE",LAKSHAY,9267958659,,,,,,,,,,,,,
702,,,,GOTOGO POST,8076536923,,07AQCPB1094R1ZM,110058,DELHI,DELHI,"COMMUNITY CENTRE , JANAK PLACE",LAKSHAY,9267958659,,,,,,,,,,,,,
703,,,,GOTOGO POST,8076536923,,07AQCPB1094R1ZM,110058,DELHI,DELHI,"COMMUNITY CENTRE , JANAK PLACE",LAKSHAY,9267958659,,,,,,,,,,,,,
704,,,,GOTOGO POST,8076536923,,07AQCPB1094R1ZM,110058,DELHI,DELHI,"COMMUNITY CENTRE , JANAK PLACE",LAKSHAY,9267958659,,,,,,,,,,,,,
705,,,,GOTOGO POST,8076536923,,07AQCPB1094R1ZM,110058,DELHI,DELHI,"COMMUNITY CENTRE , JANAK PLACE",LAKSHAY,9267958659,,,,,,,,,,,,,
706,,,,GOTOGO POST,8076536923,,07AQCPB1094R1ZM,110058,DELHI,DELHI,"COMMUNITY CENTRE , JANAK PLACE",LAKSHAY,9267958659,,,,,,,,,,,,,
707,,,,GOTOGO POST,8076536923,,07AQCPB1094R1ZM,110058,DELHI,DELHI,"COMMUNITY CENTRE , JANAK PLACE",LAKSHAY,9267958659,,,,,,,,,,,,,
708,,,,GOTOGO POST,8076536923,,07AQCPB1094R1ZM,110058,DELHI,DELHI,"COMMUNITY CENTRE , JANAK PLACE",LAKSHAY,9267958659,,,,,,,,,,,,,
709,,,,GOTOGO POST,8076536923,,07AQCPB1094R1ZM,110058,DELHI,DELHI,"COMMUNITY CENTRE , JANAK PLACE",LAKSHAY,9267958659,,,,,,,,,,,,,
710,,,,GOTOGO POST,8076536923,,07AQCPB1094R1ZM,110058,DELHI,DELHI,"COMMUNITY CENTRE , JANAK PLACE",LAKSHAY,9267958659,,,,,,,,,,,,,
711,,,,GOTOGO POST,8076536923,,07AQCPB1094R1ZM,110058,DELHI,DELHI,"COMMUNITY CENTRE , JANAK PLACE",LAKSHAY,9267958659,,,,,,,,,,,,,
712,,,,GOTOGO POST,8076536923,,07AQCPB1094R1ZM,110058,DELHI,DELHI,"COMMUNITY CENTRE , JANAK PLACE",LAKSHAY,9267958659,,,,,,,,,,,,,
713,,,,GOTOGO POST,8076536923,,07AQCPB1094R1ZM,110058,DELHI,DELHI,"COMMUNITY CENTRE , JANAK PLACE",LAKSHAY,9267958659,,,,,,,,,,,,,
714,,,,GOTOGO POST,8076536923,,07AQCPB1094R1ZM,110058,DELHI,DELHI,"COMMUNITY CENTRE , JANAK PLACE",LAKSHAY,9267958659,,,,,,,,,,,,,
715,,,,GOTOGO POST,8076536923,,07AQCPB1094R1ZM,110058,DELHI,DELHI,"COMMUNITY CENTRE , JANAK PLACE",LAKSHAY,9267958659,,,,,,,,,,,,,
716,,,,GOTOGO POST,8076536923,,07AQCPB1094R1ZM,110058,DELHI,DELHI,"COMMUNITY CENTRE , JANAK PLACE",LAKSHAY,9267958659,,,,,,,,,,,,,
717,,,,GOTOGO POST,8076536923,,07AQCPB1094R1ZM,110058,DELHI,DELHI,"COMMUNITY CENTRE , JANAK PLACE",LAKSHAY,9267958659,,,,,,,,,,,,,
718,,,,GOTOGO POST,8076536923,,07AQCPB1094R1ZM,110058,DELHI,DELHI,"COMMUNITY CENTRE , JANAK PLACE",LAKSHAY,9267958659,,,,,,,,,,,,,
719,,,,GOTOGO POST,8076536923,,07AQCPB1094R1ZM,110058,DELHI,DELHI,"COMMUNITY CENTRE , JANAK PLACE",LAKSHAY,9267958659,,,,,,,,,,,,,
720,,,,GOTOGO POST,8076536923,,07AQCPB1094R1ZM,110058,DELHI,DELHI,"COMMUNITY CENTRE , JANAK PLACE",LAKSHAY,9267958659,,,,,,,,,,,,,
721,,,,GOTOGO POST,8076536923,,07AQCPB1094R1ZM,110058,DELHI,DELHI,"COMMUNITY CENTRE , JANAK PLACE",LAKSHAY,9267958659,,,,,,,,,,,,,
722,,,,GOTOGO POST,8076536923,,07AQCPB1094R1ZM,110058,DELHI,DELHI,"COMMUNITY CENTRE , JANAK PLACE",LAKSHAY,9267958659,,,,,,,,,,,,,
723,,,,GOTOGO POST,8076536923,,07AQCPB1094R1ZM,110058,DELHI,DELHI,"COMMUNITY CENTRE , JANAK PLACE",LAKSHAY,9267958659,,,,,,,,,,,,,
724,,,,GOTOGO POST,8076536923,,07AQCPB1094R1ZM,110058,DELHI,DELHI,"COMMUNITY CENTRE , JANAK PLACE",LAKSHAY,9267958659,,,,,,,,,,,,,
725,,,,GOTOGO POST,8076536923,,07AQCPB1094R1ZM,110058,DELHI,DELHI,"COMMUNITY CENTRE , JANAK PLACE",LAKSHAY,9267958659,,,,,,,,,,,,,
726,,,,GOTOGO POST,8076536923,,07AQCPB1094R1ZM,110058,DELHI,DELHI,"COMMUNITY CENTRE , JANAK PLACE",LAKSHAY,9267958659,,,,,,,,,,,,,
727,,,,GOTOGO POST,8076536923,,07AQCPB1094R1ZM,110058,DELHI,DELHI,"COMMUNITY CENTRE , JANAK PLACE",LAKSHAY,9267958659,,,,,,,,,,,,,
728,,,,GOTOGO POST,8076536923,,07AQCPB1094R1ZM,110058,DELHI,DELHI,"COMMUNITY CENTRE , JANAK PLACE",LAKSHAY,9267958659,,,,,,,,,,,,,
729,,,,GOTOGO POST,8076536923,,07AQCPB1094R1ZM,110058,DELHI,DELHI,"COMMUNITY CENTRE , JANAK PLACE",LAKSHAY,9267958659,,,,,,,,,,,,,
730,,,,GOTOGO POST,8076536923,,07AQCPB1094R1ZM,110058,DELHI,DELHI,"COMMUNITY CENTRE , JANAK PLACE",LAKSHAY,9267958659,,,,,,,,,,,,,
731,,,,GOTOGO POST,8076536923,,07AQCPB1094R1ZM,110058,DELHI,DELHI,"COMMUNITY CENTRE , JANAK PLACE",LAKSHAY,9267958659,,,,,,,,,,,,,
732,,,,GOTOGO POST,8076536923,,07AQCPB1094R1ZM,110058,DELHI,DELHI,"COMMUNITY CENTRE , JANAK PLACE",LAKSHAY,9267958659,,,,,,,,,,,,,
733,,,,GOTOGO POST,8076536923,,07AQCPB1094R1ZM,110058,DELHI,DELHI,"COMMUNITY CENTRE , JANAK PLACE",LAKSHAY,9267958659,,,,,,,,,,,,,
734,,,,GOTOGO POST,8076536923,,07AQCPB1094R1ZM,110058,DELHI,DELHI,"COMMUNITY CENTRE , JANAK PLACE",LAKSHAY,9267958659,,,,,,,,,,,,,
735,,,,GOTOGO POST,8076536923,,07AQCPB1094R1ZM,110058,DELHI,DELHI,"COMMUNITY CENTRE , JANAK PLACE",LAKSHAY,9267958659,,,,,,,,,,,,,
736,,,,GOTOGO POST,8076536923,,07AQCPB1094R1ZM,110058,DELHI,DELHI,"COMMUNITY CENTRE , JANAK PLACE",LAKSHAY,9267958659,,,,,,,,,,,,,
737,,,,GOTOGO POST,8076536923,,07AQCPB1094R1ZM,110058,DELHI,DELHI,"COMMUNITY CENTRE , JANAK PLACE",LAKSHAY,9267958659,,,,,,,,,,,,,
738,,,,GOTOGO POST,8076536923,,07AQCPB1094R1ZM,110058,DELHI,DELHI,"COMMUNITY CENTRE , JANAK PLACE",LAKSHAY,9267958659,,,,,,,,,,,,,
739,,,,GOTOGO POST,8076536923,,07AQCPB1094R1ZM,110058,DELHI,DELHI,"COMMUNITY CENTRE , JANAK PLACE",LAKSHAY,9267958659,,,,,,,,,,,,,
740,,,,GOTOGO POST,8076536923,,07AQCPB1094R1ZM,110058,DELHI,DELHI,"COMMUNITY CENTRE , JANAK PLACE",LAKSHAY,9267958659,,,,,,,,,,,,,
741,,,,GOTOGO POST,8076536923,,07AQCPB1094R1ZM,110058,DELHI,DELHI,"COMMUNITY CENTRE , JANAK PLACE",LAKSHAY,9267958659,,,,,,,,,,,,,
742,,,,GOTOGO POST,8076536923,,07AQCPB1094R1ZM,110058,DELHI,DELHI,"COMMUNITY CENTRE , JANAK PLACE",LAKSHAY,9267958659,,,,,,,,,,,,,
743,,,,GOTOGO POST,8076536923,,07AQCPB1094R1ZM,110058,DELHI,DELHI,"COMMUNITY CENTRE , JANAK PLACE",LAKSHAY,9267958659,,,,,,,,,,,,,
744,,,,GOTOGO POST,8076536923,,07AQCPB1094R1ZM,110058,DELHI,DELHI,"COMMUNITY CENTRE , JANAK PLACE",LAKSHAY,9267958659,,,,,,,,,,,,,
745,,,,GOTOGO POST,8076536923,,07AQCPB1094R1ZM,110058,DELHI,DELHI,"COMMUNITY CENTRE , JANAK PLACE",LAKSHAY,9267958659,,,,,,,,,,,,,
746,,,,GOTOGO POST,8076536923,,07AQCPB1094R1ZM,110058,DELHI,DELHI,"COMMUNITY CENTRE , JANAK PLACE",LAKSHAY,9267958659,,,,,,,,,,,,,
747,,,,GOTOGO POST,8076536923,,07AQCPB1094R1ZM,110058,DELHI,DELHI,"COMMUNITY CENTRE , JANAK PLACE",LAKSHAY,9267958659,,,,,,,,,,,,,
748,,,,GOTOGO POST,8076536923,,07AQCPB1094R1ZM,110058,DELHI,DELHI,"COMMUNITY CENTRE , JANAK PLACE",LAKSHAY,9267958659,,,,,,,,,,,,,
749,,,,GOTOGO POST,8076536923,,07AQCPB1094R1ZM,110058,DELHI,DELHI,"COMMUNITY CENTRE , JANAK PLACE",LAKSHAY,9267958659,,,,,,,,,,,,,
750,,,,GOTOGO POST,8076536923,,07AQCPB1094R1ZM,110058,DELHI,DELHI,"COMMUNITY CENTRE , JANAK PLACE",LAKSHAY,9267958659,,,,,,,,,,,,,
751,,,,GOTOGO POST,8076536923,,07AQCPB1094R1ZM,110058,DELHI,DELHI,"COMMUNITY CENTRE , JANAK PLACE",LAKSHAY,9267958659,,,,,,,,,,,,,
752,,,,GOTOGO POST,8076536923,,07AQCPB1094R1ZM,110058,DELHI,DELHI,"COMMUNITY CENTRE , JANAK PLACE",LAKSHAY,9267958659,,,,,,,,,,,,,
753,,,,GOTOGO POST,8076536923,,07AQCPB1094R1ZM,110058,DELHI,DELHI,"COMMUNITY CENTRE , JANAK PLACE",LAKSHAY,9267958659,,,,,,,,,,,,,
754,,,,GOTOGO POST,8076536923,,07AQCPB1094R1ZM,110058,DELHI,DELHI,"COMMUNITY CENTRE , JANAK PLACE",LAKSHAY,9267958659,,,,,,,,,,,,,
755,,,,GOTOGO POST,8076536923,,07AQCPB1094R1ZM,110058,DELHI,DELHI,"COMMUNITY CENTRE , JANAK PLACE",LAKSHAY,9267958659,,,,,,,,,,,,,
756,,,,GOTOGO POST,8076536923,,07AQCPB1094R1ZM,110058,DELHI,DELHI,"COMMUNITY CENTRE , JANAK PLACE",LAKSHAY,9267958659,,,,,,,,,,,,,
757,,,,GOTOGO POST,8076536923,,07AQCPB1094R1ZM,110058,DELHI,DELHI,"COMMUNITY CENTRE , JANAK PLACE",LAKSHAY,9267958659,,,,,,,,,,,,,
758,,,,GOTOGO POST,8076536923,,07AQCPB1094R1ZM,110058,DELHI,DELHI,"COMMUNITY CENTRE , JANAK PLACE",LAKSHAY,9267958659,,,,,,,,,,,,,
759,,,,GOTOGO POST,8076536923,,07AQCPB1094R1ZM,110058,DELHI,DELHI,"COMMUNITY CENTRE , JANAK PLACE",LAKSHAY,9267958659,,,,,,,,,,,,,
760,,,,GOTOGO POST,8076536923,,07AQCPB1094R1ZM,110058,DELHI,DELHI,"COMMUNITY CENTRE , JANAK PLACE",LAKSHAY,9267958659,,,,,,,,,,,,,
761,,,,GOTOGO POST,8076536923,,07AQCPB1094R1ZM,110058,DELHI,DELHI,"COMMUNITY CENTRE , JANAK PLACE",LAKSHAY,9267958659,,,,,,,,,,,,,
762,,,,GOTOGO POST,8076536923,,07AQCPB1094R1ZM,110058,DELHI,DELHI,"COMMUNITY CENTRE , JANAK PLACE",LAKSHAY,9267958659,,,,,,,,,,,,,
763,,,,GOTOGO POST,8076536923,,07AQCPB1094R1ZM,110058,DELHI,DELHI,"COMMUNITY CENTRE , JANAK PLACE",LAKSHAY,9267958659,,,,,,,,,,,,,
764,,,,GOTOGO POST,8076536923,,07AQCPB1094R1ZM,110058,DELHI,DELHI,"COMMUNITY CENTRE , JANAK PLACE",LAKSHAY,9267958659,,,,,,,,,,,,,
765,,,,GOTOGO POST,8076536923,,07AQCPB1094R1ZM,110058,DELHI,DELHI,"COMMUNITY CENTRE , JANAK PLACE",LAKSHAY,9267958659,,,,,,,,,,,,,
766,,,,GOTOGO POST,8076536923,,07AQCPB1094R1ZM,110058,DELHI,DELHI,"COMMUNITY CENTRE , JANAK PLACE",LAKSHAY,9267958659,,,,,,,,,,,,,
767,,,,GOTOGO POST,8076536923,,07AQCPB1094R1ZM,110058,DELHI,DELHI,"COMMUNITY CENTRE , JANAK PLACE",LAKSHAY,9267958659,,,,,,,,,,,,,
768,,,,GOTOGO POST,8076536923,,07AQCPB1094R1ZM,110058,DELHI,DELHI,"COMMUNITY CENTRE , JANAK PLACE",LAKSHAY,9267958659,,,,,,,,,,,,,
769,,,,GOTOGO POST,8076536923,,07AQCPB1094R1ZM,110058,DELHI,DELHI,"COMMUNITY CENTRE , JANAK PLACE",LAKSHAY,9267958659,,,,,,,,,,,,,
770,,,,GOTOGO POST,8076536923,,07AQCPB1094R1ZM,110058,DELHI,DELHI,"COMMUNITY CENTRE , JANAK PLACE",LAKSHAY,9267958659,,,,,,,,,,,,,
771,,,,GOTOGO POST,8076536923,,07AQCPB1094R1ZM,110058,DELHI,DELHI,"COMMUNITY CENTRE , JANAK PLACE",LAKSHAY,9267958659,,,,,,,,,,,,,
772,,,,GOTOGO POST,8076536923,,07AQCPB1094R1ZM,110058,DELHI,DELHI,"COMMUNITY CENTRE , JANAK PLACE",LAKSHAY,9267958659,,,,,,,,,,,,,
773,,,,GOTOGO POST,8076536923,,07AQCPB1094R1ZM,110058,DELHI,DELHI,"COMMUNITY CENTRE , JANAK PLACE",LAKSHAY,9267958659,,,,,,,,,,,,,
774,,,,GOTOGO POST,8076536923,,07AQCPB1094R1ZM,110058,DELHI,DELHI,"COMMUNITY CENTRE , JANAK PLACE",LAKSHAY,9267958659,,,,,,,,,,,,,
775,,,,GOTOGO POST,8076536923,,07AQCPB1094R1ZM,110058,DELHI,DELHI,"COMMUNITY CENTRE , JANAK PLACE",LAKSHAY,9267958659,,,,,,,,,,,,,
776,,,,GOTOGO POST,8076536923,,07AQCPB1094R1ZM,110058,DELHI,DELHI,"COMMUNITY CENTRE , JANAK PLACE",LAKSHAY,9267958659,,,,,,,,,,,,,
777,,,,GOTOGO POST,8076536923,,07AQCPB1094R1ZM,110058,DELHI,DELHI,"COMMUNITY CENTRE , JANAK PLACE",LAKSHAY,9267958659,,,,,,,,,,,,,
778,,,,GOTOGO POST,8076536923,,07AQCPB1094R1ZM,110058,DELHI,DELHI,"COMMUNITY CENTRE , JANAK PLACE",LAKSHAY,9267958659,,,,,,,,,,,,,
779,,,,GOTOGO POST,8076536923,,07AQCPB1094R1ZM,110058,DELHI,DELHI,"COMMUNITY CENTRE , JANAK PLACE",LAKSHAY,9267958659,,,,,,,,,,,,,
780,,,,GOTOGO POST,8076536923,,07AQCPB1094R1ZM,110058,DELHI,DELHI,"COMMUNITY CENTRE , JANAK PLACE",LAKSHAY,9267958659,,,,,,,,,,,,,
781,,,,GOTOGO POST,8076536923,,07AQCPB1094R1ZM,110058,DELHI,DELHI,"COMMUNITY CENTRE , JANAK PLACE",LAKSHAY,9267958659,,,,,,,,,,,,,
782,,,,GOTOGO POST,8076536923,,07AQCPB1094R1ZM,110058,DELHI,DELHI,"COMMUNITY CENTRE , JANAK PLACE",LAKSHAY,9267958659,,,,,,,,,,,,,
783,,,,GOTOGO POST,8076536923,,07AQCPB1094R1ZM,110058,DELHI,DELHI,"COMMUNITY CENTRE , JANAK PLACE",LAKSHAY,9267958659,,,,,,,,,,,,,
784,,,,GOTOGO POST,8076536923,,07AQCPB1094R1ZM,110058,DELHI,DELHI,"COMMUNITY CENTRE , JANAK PLACE",LAKSHAY,9267958659,,,,,,,,,,,,,
785,,,,GOTOGO POST,8076536923,,07AQCPB1094R1ZM,110058,DELHI,DELHI,"COMMUNITY CENTRE , JANAK PLACE",LAKSHAY,9267958659,,,,,,,,,,,,,
786,,,,GOTOGO POST,8076536923,,07AQCPB1094R1ZM,110058,DELHI,DELHI,"COMMUNITY CENTRE , JANAK PLACE",LAKSHAY,9267958659,,,,,,,,,,,,,
787,,,,GOTOGO POST,8076536923,,07AQCPB1094R1ZM,110058,DELHI,DELHI,"COMMUNITY CENTRE , JANAK PLACE",LAKSHAY,9267958659,,,,,,,,,,,,,
788,,,,GOTOGO POST,8076536923,,07AQCPB1094R1ZM,110058,DELHI,DELHI,"COMMUNITY CENTRE , JANAK PLACE",LAKSHAY,9267958659,,,,,,,,,,,,,
789,,,,GOTOGO POST,8076536923,,07AQCPB1094R1ZM,110058,DELHI,DELHI,"COMMUNITY CENTRE , JANAK PLACE",LAKSHAY,9267958659,,,,,,,,,,,,,
790,,,,GOTOGO POST,8076536923,,07AQCPB1094R1ZM,110058,DELHI,DELHI,"COMMUNITY CENTRE , JANAK PLACE",LAKSHAY,9267958659,,,,,,,,,,,,,
791,,,,GOTOGO POST,8076536923,,07AQCPB1094R1ZM,110058,DELHI,DELHI,"COMMUNITY CENTRE , JANAK PLACE",LAKSHAY,9267958659,,,,,,,,,,,,,
792,,,,GOTOGO POST,8076536923,,07AQCPB1094R1ZM,110058,DELHI,DELHI,"COMMUNITY CENTRE , JANAK PLACE",LAKSHAY,9267958659,,,,,,,,,,,,,
793,,,,GOTOGO POST,8076536923,,07AQCPB1094R1ZM,110058,DELHI,DELHI,"COMMUNITY CENTRE , JANAK PLACE",LAKSHAY,9267958659,,,,,,,,,,,,,
794,,,,GOTOGO POST,8076536923,,07AQCPB1094R1ZM,110058,DELHI,DELHI,"COMMUNITY CENTRE , JANAK PLACE",LAKSHAY,9267958659,,,,,,,,,,,,,
795,,,,GOTOGO POST,8076536923,,07AQCPB1094R1ZM,110058,DELHI,DELHI,"COMMUNITY CENTRE , JANAK PLACE",LAKSHAY,9267958659,,,,,,,,,,,,,
796,,,,GOTOGO POST,8076536923,,07AQCPB1094R1ZM,110058,DELHI,DELHI,"COMMUNITY CENTRE , JANAK PLACE",LAKSHAY,9267958659,,,,,,,,,,,,,
797,,,,GOTOGO POST,8076536923,,07AQCPB1094R1ZM,110058,DELHI,DELHI,"COMMUNITY CENTRE , JANAK PLACE",LAKSHAY,9267958659,,,,,,,,,,,,,
798,,,,GOTOGO POST,8076536923,,07AQCPB1094R1ZM,110058,DELHI,DELHI,"COMMUNITY CENTRE , JANAK PLACE",LAKSHAY,9267958659,,,,,,,,,,,,,
799,,,,GOTOGO POST,8076536923,,07AQCPB1094R1ZM,110058,DELHI,DELHI,"COMMUNITY CENTRE , JANAK PLACE",LAKSHAY,9267958659,,,,,,,,,,,,,
800,,,,GOTOGO POST,8076536923,,07AQCPB1094R1ZM,110058,DELHI,DELHI,"COMMUNITY CENTRE , JANAK PLACE",LAKSHAY,9267958659,,,,,,,,,,,,,
801,,,,GOTOGO POST,8076536923,,07AQCPB1094R1ZM,110058,DELHI,DELHI,"COMMUNITY CENTRE , JANAK PLACE",LAKSHAY,9267958659,,,,,,,,,,,,,
802,,,,GOTOGO POST,8076536923,,07AQCPB1094R1ZM,110058,DELHI,DELHI,"COMMUNITY CENTRE , JANAK PLACE",LAKSHAY,9267958659,,,,,,,,,,,,,
803,,,,GOTOGO POST,8076536923,,07AQCPB1094R1ZM,110058,DELHI,DELHI,"COMMUNITY CENTRE , JANAK PLACE",LAKSHAY,9267958659,,,,,,,,,,,,,
804,,,,GOTOGO POST,8076536923,,07AQCPB1094R1ZM,110058,DELHI,DELHI,"COMMUNITY CENTRE , JANAK PLACE",LAKSHAY,9267958659,,,,,,,,,,,,,
805,,,,GOTOGO POST,8076536923,,07AQCPB1094R1ZM,110058,DELHI,DELHI,"COMMUNITY CENTRE , JANAK PLACE",LAKSHAY,9267958659,,,,,,,,,,,,,
806,,,,GOTOGO POST,8076536923,,07AQCPB1094R1ZM,110058,DELHI,DELHI,"COMMUNITY CENTRE , JANAK PLACE",LAKSHAY,9267958659,,,,,,,,,,,,,
807,,,,GOTOGO POST,8076536923,,07AQCPB1094R1ZM,110058,DELHI,DELHI,"COMMUNITY CENTRE , JANAK PLACE",LAKSHAY,9267958659,,,,,,,,,,,,,
808,,,,GOTOGO POST,8076536923,,07AQCPB1094R1ZM,110058,DELHI,DELHI,"COMMUNITY CENTRE , JANAK PLACE",LAKSHAY,9267958659,,,,,,,,,,,,,
809,,,,GOTOGO POST,8076536923,,07AQCPB1094R1ZM,110058,DELHI,DELHI,"COMMUNITY CENTRE , JANAK PLACE",LAKSHAY,9267958659,,,,,,,,,,,,,
810,,,,GOTOGO POST,8076536923,,07AQCPB1094R1ZM,110058,DELHI,DELHI,"COMMUNITY CENTRE , JANAK PLACE",LAKSHAY,9267958659,,,,,,,,,,,,,
811,,,,GOTOGO POST,8076536923,,07AQCPB1094R1ZM,110058,DELHI,DELHI,"COMMUNITY CENTRE , JANAK PLACE",LAKSHAY,9267958659,,,,,,,,,,,,,
812,,,,GOTOGO POST,8076536923,,07AQCPB1094R1ZM,110058,DELHI,DELHI,"COMMUNITY CENTRE , JANAK PLACE",LAKSHAY,9267958659,,,,,,,,,,,,,
813,,,,GOTOGO POST,8076536923,,07AQCPB1094R1ZM,110058,DELHI,DELHI,"COMMUNITY CENTRE , JANAK PLACE",LAKSHAY,9267958659,,,,,,,,,,,,,
814,,,,GOTOGO POST,8076536923,,07AQCPB1094R1ZM,110058,DELHI,DELHI,"COMMUNITY CENTRE , JANAK PLACE",LAKSHAY,9267958659,,,,,,,,,,,,,
815,,,,GOTOGO POST,8076536923,,07AQCPB1094R1ZM,110058,DELHI,DELHI,"COMMUNITY CENTRE , JANAK PLACE",LAKSHAY,9267958659,,,,,,,,,,,,,
816,,,,GOTOGO POST,8076536923,,07AQCPB1094R1ZM,110058,DELHI,DELHI,"COMMUNITY CENTRE , JANAK PLACE",LAKSHAY,9267958659,,,,,,,,,,,,,
817,,,,GOTOGO POST,8076536923,,07AQCPB1094R1ZM,110058,DELHI,DELHI,"COMMUNITY CENTRE , JANAK PLACE",LAKSHAY,9267958659,,,,,,,,,,,,,
818,,,,GOTOGO POST,8076536923,,07AQCPB1094R1ZM,110058,DELHI,DELHI,"COMMUNITY CENTRE , JANAK PLACE",LAKSHAY,9267958659,,,,,,,,,,,,,
819,,,,GOTOGO POST,8076536923,,07AQCPB1094R1ZM,110058,DELHI,DELHI,"COMMUNITY CENTRE , JANAK PLACE",LAKSHAY,9267958659,,,,,,,,,,,,,
820,,,,GOTOGO POST,8076536923,,07AQCPB1094R1ZM,110058,DELHI,DELHI,"COMMUNITY CENTRE , JANAK PLACE",LAKSHAY,9267958659,,,,,,,,,,,,,
821,,,,GOTOGO POST,8076536923,,07AQCPB1094R1ZM,110058,DELHI,DELHI,"COMMUNITY CENTRE , JANAK PLACE",LAKSHAY,9267958659,,,,,,,,,,,,,
822,,,,GOTOGO POST,8076536923,,07AQCPB1094R1ZM,110058,DELHI,DELHI,"COMMUNITY CENTRE , JANAK PLACE",LAKSHAY,9267958659,,,,,,,,,,,,,
823,,,,GOTOGO POST,8076536923,,07AQCPB1094R1ZM,110058,DELHI,DELHI,"COMMUNITY CENTRE , JANAK PLACE",LAKSHAY,9267958659,,,,,,,,,,,,,
824,,,,GOTOGO POST,8076536923,,07AQCPB1094R1ZM,110058,DELHI,DELHI,"COMMUNITY CENTRE , JANAK PLACE",LAKSHAY,9267958659,,,,,,,,,,,,,
825,,,,GOTOGO POST,8076536923,,07AQCPB1094R1ZM,110058,DELHI,DELHI,"COMMUNITY CENTRE , JANAK PLACE",LAKSHAY,9267958659,,,,,,,,,,,,,
826,,,,GOTOGO POST,8076536923,,07AQCPB1094R1ZM,110058,DELHI,DELHI,"COMMUNITY CENTRE , JANAK PLACE",LAKSHAY,9267958659,,,,,,,,,,,,,
827,,,,GOTOGO POST,8076536923,,07AQCPB1094R1ZM,110058,DELHI,DELHI,"COMMUNITY CENTRE , JANAK PLACE",LAKSHAY,9267958659,,,,,,,,,,,,,
828,,,,GOTOGO POST,8076536923,,07AQCPB1094R1ZM,110058,DELHI,DELHI,"COMMUNITY CENTRE , JANAK PLACE",LAKSHAY,9267958659,,,,,,,,,,,,,
829,,,,GOTOGO POST,8076536923,,07AQCPB1094R1ZM,110058,DELHI,DELHI,"COMMUNITY CENTRE , JANAK PLACE",LAKSHAY,9267958659,,,,,,,,,,,,,
830,,,,GOTOGO POST,8076536923,,07AQCPB1094R1ZM,110058,DELHI,DELHI,"COMMUNITY CENTRE , JANAK PLACE",LAKSHAY,9267958659,,,,,,,,,,,,,
831,,,,GOTOGO POST,8076536923,,07AQCPB1094R1ZM,110058,DELHI,DELHI,"COMMUNITY CENTRE , JANAK PLACE",LAKSHAY,9267958659,,,,,,,,,,,,,
832,,,,GOTOGO POST,8076536923,,07AQCPB1094R1ZM,110058,DELHI,DELHI,"COMMUNITY CENTRE , JANAK PLACE",LAKSHAY,9267958659,,,,,,,,,,,,,
833,,,,GOTOGO POST,8076536923,,07AQCPB1094R1ZM,110058,DELHI,DELHI,"COMMUNITY CENTRE , JANAK PLACE",LAKSHAY,9267958659,,,,,,,,,,,,,
834,,,,GOTOGO POST,8076536923,,07AQCPB1094R1ZM,110058,DELHI,DELHI,"COMMUNITY CENTRE , JANAK PLACE",LAKSHAY,9267958659,,,,,,,,,,,,,
835,,,,GOTOGO POST,8076536923,,07AQCPB1094R1ZM,110058,DELHI,DELHI,"COMMUNITY CENTRE , JANAK PLACE",LAKSHAY,9267958659,,,,,,,,,,,,,
836,,,,GOTOGO POST,8076536923,,07AQCPB1094R1ZM,110058,DELHI,DELHI,"COMMUNITY CENTRE , JANAK PLACE",LAKSHAY,9267958659,,,,,,,,,,,,,
837,,,,GOTOGO POST,8076536923,,07AQCPB1094R1ZM,110058,DELHI,DELHI,"COMMUNITY CENTRE , JANAK PLACE",LAKSHAY,9267958659,,,,,,,,,,,,,
838,,,,GOTOGO POST,8076536923,,07AQCPB1094R1ZM,110058,DELHI,DELHI,"COMMUNITY CENTRE , JANAK PLACE",LAKSHAY,9267958659,,,,,,,,,,,,,
839,,,,GOTOGO POST,8076536923,,07AQCPB1094R1ZM,110058,DELHI,DELHI,"COMMUNITY CENTRE , JANAK PLACE",LAKSHAY,9267958659,,,,,,,,,,,,,
840,,,,GOTOGO POST,8076536923,,07AQCPB1094R1ZM,110058,DELHI,DELHI,"COMMUNITY CENTRE , JANAK PLACE",LAKSHAY,9267958659,,,,,,,,,,,,,
841,,,,GOTOGO POST,8076536923,,07AQCPB1094R1ZM,110058,DELHI,DELHI,"COMMUNITY CENTRE , JANAK PLACE",LAKSHAY,9267958659,,,,,,,,,,,,,
842,,,,GOTOGO POST,8076536923,,07AQCPB1094R1ZM,110058,DELHI,DELHI,"COMMUNITY CENTRE , JANAK PLACE",LAKSHAY,9267958659,,,,,,,,,,,,,
843,,,,GOTOGO POST,8076536923,,07AQCPB1094R1ZM,110058,DELHI,DELHI,"COMMUNITY CENTRE , JANAK PLACE",LAKSHAY,9267958659,,,,,,,,,,,,,
844,,,,GOTOGO POST,8076536923,,07AQCPB1094R1ZM,110058,DELHI,DELHI,"COMMUNITY CENTRE , JANAK PLACE",LAKSHAY,9267958659,,,,,,,,,,,,,
845,,,,GOTOGO POST,8076536923,,07AQCPB1094R1ZM,110058,DELHI,DELHI,"COMMUNITY CENTRE , JANAK PLACE",LAKSHAY,9267958659,,,,,,,,,,,,,
846,,,,GOTOGO POST,8076536923,,07AQCPB1094R1ZM,110058,DELHI,DELHI,"COMMUNITY CENTRE , JANAK PLACE",LAKSHAY,9267958659,,,,,,,,,,,,,
847,,,,GOTOGO POST,8076536923,,07AQCPB1094R1ZM,110058,DELHI,DELHI,"COMMUNITY CENTRE , JANAK PLACE",LAKSHAY,9267958659,,,,,,,,,,,,,
848,,,,GOTOGO POST,8076536923,,07AQCPB1094R1ZM,110058,DELHI,DELHI,"COMMUNITY CENTRE , JANAK PLACE",LAKSHAY,9267958659,,,,,,,,,,,,,
849,,,,GOTOGO POST,8076536923,,07AQCPB1094R1ZM,110058,DELHI,DELHI,"COMMUNITY CENTRE , JANAK PLACE",LAKSHAY,9267958659,,,,,,,,,,,,,
850,,,,GOTOGO POST,8076536923,,07AQCPB1094R1ZM,110058,DELHI,DELHI,"COMMUNITY CENTRE , JANAK PLACE",LAKSHAY,9267958659,,,,,,,,,,,,,
851,,,,GOTOGO POST,8076536923,,07AQCPB1094R1ZM,110058,DELHI,DELHI,"COMMUNITY CENTRE , JANAK PLACE",LAKSHAY,9267958659,,,,,,,,,,,,,
852,,,,GOTOGO POST,8076536923,,07AQCPB1094R1ZM,110058,DELHI,DELHI,"COMMUNITY CENTRE , JANAK PLACE",LAKSHAY,9267958659,,,,,,,,,,,,,
853,,,,GOTOGO POST,8076536923,,07AQCPB1094R1ZM,110058,DELHI,DELHI,"COMMUNITY CENTRE , JANAK PLACE",LAKSHAY,9267958659,,,,,,,,,,,,,
854,,,,GOTOGO POST,8076536923,,07AQCPB1094R1ZM,110058,DELHI,DELHI,"COMMUNITY CENTRE , JANAK PLACE",LAKSHAY,9267958659,,,,,,,,,,,,,
855,,,,GOTOGO POST,8076536923,,07AQCPB1094R1ZM,110058,DELHI,DELHI,"COMMUNITY CENTRE , JANAK PLACE",LAKSHAY,9267958659,,,,,,,,,,,,,
856,,,,GOTOGO POST,8076536923,,07AQCPB1094R1ZM,110058,DELHI,DELHI,"COMMUNITY CENTRE , JANAK PLACE",LAKSHAY,9267958659,,,,,,,,,,,,,
857,,,,GOTOGO POST,8076536923,,07AQCPB1094R1ZM,110058,DELHI,DELHI,"COMMUNITY CENTRE , JANAK PLACE",LAKSHAY,9267958659,,,,,,,,,,,,,
858,,,,GOTOGO POST,8076536923,,07AQCPB1094R1ZM,110058,DELHI,DELHI,"COMMUNITY CENTRE , JANAK PLACE",LAKSHAY,9267958659,,,,,,,,,,,,,
859,,,,GOTOGO POST,8076536923,,07AQCPB1094R1ZM,110058,DELHI,DELHI,"COMMUNITY CENTRE , JANAK PLACE",LAKSHAY,9267958659,,,,,,,,,,,,,
860,,,,GOTOGO POST,8076536923,,07AQCPB1094R1ZM,110058,DELHI,DELHI,"COMMUNITY CENTRE , JANAK PLACE",LAKSHAY,9267958659,,,,,,,,,,,,,
861,,,,GOTOGO POST,8076536923,,07AQCPB1094R1ZM,110058,DELHI,DELHI,"COMMUNITY CENTRE , JANAK PLACE",LAKSHAY,9267958659,,,,,,,,,,,,,
862,,,,GOTOGO POST,8076536923,,07AQCPB1094R1ZM,110058,DELHI,DELHI,"COMMUNITY CENTRE , JANAK PLACE",LAKSHAY,9267958659,,,,,,,,,,,,,
863,,,,GOTOGO POST,8076536923,,07AQCPB1094R1ZM,110058,DELHI,DELHI,"COMMUNITY CENTRE , JANAK PLACE",LAKSHAY,9267958659,,,,,,,,,,,,,
864,,,,GOTOGO POST,8076536923,,07AQCPB1094R1ZM,110058,DELHI,DELHI,"COMMUNITY CENTRE , JANAK PLACE",LAKSHAY,9267958659,,,,,,,,,,,,,
865,,,,GOTOGO POST,8076536923,,07AQCPB1094R1ZM,110058,DELHI,DELHI,"COMMUNITY CENTRE , JANAK PLACE",LAKSHAY,9267958659,,,,,,,,,,,,,
866,,,,GOTOGO POST,8076536923,,07AQCPB1094R1ZM,110058,DELHI,DELHI,"COMMUNITY CENTRE , JANAK PLACE",LAKSHAY,9267958659,,,,,,,,,,,,,
867,,,,GOTOGO POST,8076536923,,07AQCPB1094R1ZM,110058,DELHI,DELHI,"COMMUNITY CENTRE , JANAK PLACE",LAKSHAY,9267958659,,,,,,,,,,,,,
868,,,,GOTOGO POST,8076536923,,07AQCPB1094R1ZM,110058,DELHI,DELHI,"COMMUNITY CENTRE , JANAK PLACE",LAKSHAY,9267958659,,,,,,,,,,,,,
869,,,,GOTOGO POST,8076536923,,07AQCPB1094R1ZM,110058,DELHI,DELHI,"COMMUNITY CENTRE , JANAK PLACE",LAKSHAY,9267958659,,,,,,,,,,,,,
870,,,,GOTOGO POST,8076536923,,07AQCPB1094R1ZM,110058,DELHI,DELHI,"COMMUNITY CENTRE , JANAK PLACE",LAKSHAY,9267958659,,,,,,,,,,,,,
871,,,,GOTOGO POST,8076536923,,07AQCPB1094R1ZM,110058,DELHI,DELHI,"COMMUNITY CENTRE , JANAK PLACE",LAKSHAY,9267958659,,,,,,,,,,,,,
872,,,,GOTOGO POST,8076536923,,07AQCPB1094R1ZM,110058,DELHI,DELHI,"COMMUNITY CENTRE , JANAK PLACE",LAKSHAY,9267958659,,,,,,,,,,,,,
873,,,,GOTOGO POST,8076536923,,07AQCPB1094R1ZM,110058,DELHI,DELHI,"COMMUNITY CENTRE , JANAK PLACE",LAKSHAY,9267958659,,,,,,,,,,,,,
874,,,,GOTOGO POST,8076536923,,07AQCPB1094R1ZM,110058,DELHI,DELHI,"COMMUNITY CENTRE , JANAK PLACE",LAKSHAY,9267958659,,,,,,,,,,,,,
875,,,,GOTOGO POST,8076536923,,07AQCPB1094R1ZM,110058,DELHI,DELHI,"COMMUNITY CENTRE , JANAK PLACE",LAKSHAY,9267958659,,,,,,,,,,,,,
876,,,,GOTOGO POST,8076536923,,07AQCPB1094R1ZM,110058,DELHI,DELHI,"COMMUNITY CENTRE , JANAK PLACE",LAKSHAY,9267958659,,,,,,,,,,,,,
877,,,,GOTOGO POST,8076536923,,07AQCPB1094R1ZM,110058,DELHI,DELHI,"COMMUNITY CENTRE , JANAK PLACE",LAKSHAY,9267958659,,,,,,,,,,,,,
878,,,,GOTOGO POST,8076536923,,07AQCPB1094R1ZM,110058,DELHI,DELHI,"COMMUNITY CENTRE , JANAK PLACE",LAKSHAY,9267958659,,,,,,,,,,,,,
879,,,,GOTOGO POST,8076536923,,07AQCPB1094R1ZM,110058,DELHI,DELHI,"COMMUNITY CENTRE , JANAK PLACE",LAKSHAY,9267958659,,,,,,,,,,,,,
880,,,,GOTOGO POST,8076536923,,07AQCPB1094R1ZM,110058,DELHI,DELHI,"COMMUNITY CENTRE , JANAK PLACE",LAKSHAY,9267958659,,,,,,,,,,,,,
881,,,,GOTOGO POST,8076536923,,07AQCPB1094R1ZM,110058,DELHI,DELHI,"COMMUNITY CENTRE , JANAK PLACE",LAKSHAY,9267958659,,,,,,,,,,,,,
882,,,,GOTOGO POST,8076536923,,07AQCPB1094R1ZM,110058,DELHI,DELHI,"COMMUNITY CENTRE , JANAK PLACE",LAKSHAY,9267958659,,,,,,,,,,,,,
883,,,,GOTOGO POST,8076536923,,07AQCPB1094R1ZM,110058,DELHI,DELHI,"COMMUNITY CENTRE , JANAK PLACE",LAKSHAY,9267958659,,,,,,,,,,,,,
884,,,,GOTOGO POST,8076536923,,07AQCPB1094R1ZM,110058,DELHI,DELHI,"COMMUNITY CENTRE , JANAK PLACE",LAKSHAY,9267958659,,,,,,,,,,,,,
885,,,,GOTOGO POST,8076536923,,07AQCPB1094R1ZM,110058,DELHI,DELHI,"COMMUNITY CENTRE , JANAK PLACE",LAKSHAY,9267958659,,,,,,,,,,,,,
886,,,,GOTOGO POST,8076536923,,07AQCPB1094R1ZM,110058,DELHI,DELHI,"COMMUNITY CENTRE , JANAK PLACE",LAKSHAY,9267958659,,,,,,,,,,,,,
887,,,,GOTOGO POST,8076536923,,07AQCPB1094R1ZM,110058,DELHI,DELHI,"COMMUNITY CENTRE , JANAK PLACE",LAKSHAY,9267958659,,,,,,,,,,,,,
888,,,,GOTOGO POST,8076536923,,07AQCPB1094R1ZM,110058,DELHI,DELHI,"COMMUNITY CENTRE , JANAK PLACE",LAKSHAY,9267958659,,,,,,,,,,,,,
889,,,,GOTOGO POST,8076536923,,07AQCPB1094R1ZM,110058,DELHI,DELHI,"COMMUNITY CENTRE , JANAK PLACE",LAKSHAY,9267958659,,,,,,,,,,,,,
890,,,,GOTOGO POST,8076536923,,07AQCPB1094R1ZM,110058,DELHI,DELHI,"COMMUNITY CENTRE , JANAK PLACE",LAKSHAY,9267958659,,,,,,,,,,,,,
891,,,,GOTOGO POST,8076536923,,07AQCPB1094R1ZM,110058,DELHI,DELHI,"COMMUNITY CENTRE , JANAK PLACE",LAKSHAY,9267958659,,,,,,,,,,,,,
892,,,,GOTOGO POST,8076536923,,07AQCPB1094R1ZM,110058,DELHI,DELHI,"COMMUNITY CENTRE , JANAK PLACE",LAKSHAY,9267958659,,,,,,,,,,,,,
893,,,,GOTOGO POST,8076536923,,07AQCPB1094R1ZM,110058,DELHI,DELHI,"COMMUNITY CENTRE , JANAK PLACE",LAKSHAY,9267958659,,,,,,,,,,,,,
894,,,,GOTOGO POST,8076536923,,07AQCPB1094R1ZM,110058,DELHI,DELHI,"COMMUNITY CENTRE , JANAK PLACE",LAKSHAY,9267958659,,,,,,,,,,,,,
895,,,,GOTOGO POST,8076536923,,07AQCPB1094R1ZM,110058,DELHI,DELHI,"COMMUNITY CENTRE , JANAK PLACE",LAKSHAY,9267958659,,,,,,,,,,,,,
896,,,,GOTOGO POST,8076536923,,07AQCPB1094R1ZM,110058,DELHI,DELHI,"COMMUNITY CENTRE , JANAK PLACE",LAKSHAY,9267958659,,,,,,,,,,,,,
897,,,,GOTOGO POST,8076536923,,07AQCPB1094R1ZM,110058,DELHI,DELHI,"COMMUNITY CENTRE , JANAK PLACE",LAKSHAY,9267958659,,,,,,,,,,,,,
898,,,,GOTOGO POST,8076536923,,07AQCPB1094R1ZM,110058,DELHI,DELHI,"COMMUNITY CENTRE , JANAK PLACE",LAKSHAY,9267958659,,,,,,,,,,,,,
899,,,,GOTOGO POST,8076536923,,07AQCPB1094R1ZM,110058,DELHI,DELHI,"COMMUNITY CENTRE , JANAK PLACE",LAKSHAY,9267958659,,,,,,,,,,,,,
900,,,,GOTOGO POST,8076536923,,07AQCPB1094R1ZM,110058,DELHI,DELHI,"COMMUNITY CENTRE , JANAK PLACE",LAKSHAY,9267958659,,,,,,,,,,,,,
901,,,,GOTOGO POST,8076536923,,07AQCPB1094R1ZM,110058,DELHI,DELHI,"COMMUNITY CENTRE , JANAK PLACE",LAKSHAY,9267958659,,,,,,,,,,,,,
902,,,,GOTOGO POST,8076536923,,07AQCPB1094R1ZM,110058,DELHI,DELHI,"COMMUNITY CENTRE , JANAK PLACE",LAKSHAY,9267958659,,,,,,,,,,,,,
903,,,,GOTOGO POST,8076536923,,07AQCPB1094R1ZM,110058,DELHI,DELHI,"COMMUNITY CENTRE , JANAK PLACE",LAKSHAY,9267958659,,,,,,,,,,,,,
904,,,,GOTOGO POST,8076536923,,07AQCPB1094R1ZM,110058,DELHI,DELHI,"COMMUNITY CENTRE , JANAK PLACE",LAKSHAY,9267958659,,,,,,,,,,,,,
905,,,,GOTOGO POST,8076536923,,07AQCPB1094R1ZM,110058,DELHI,DELHI,"COMMUNITY CENTRE , JANAK PLACE",LAKSHAY,9267958659,,,,,,,,,,,,,
906,,,,GOTOGO POST,8076536923,,07AQCPB1094R1ZM,110058,DELHI,DELHI,"COMMUNITY CENTRE , JANAK PLACE",LAKSHAY,9267958659,,,,,,,,,,,,,
907,,,,GOTOGO POST,8076536923,,07AQCPB1094R1ZM,110058,DELHI,DELHI,"COMMUNITY CENTRE , JANAK PLACE",LAKSHAY,9267958659,,,,,,,,,,,,,
908,,,,GOTOGO POST,8076536923,,07AQCPB1094R1ZM,110058,DELHI,DELHI,"COMMUNITY CENTRE , JANAK PLACE",LAKSHAY,9267958659,,,,,,,,,,,,,
909,,,,GOTOGO POST,8076536923,,07AQCPB1094R1ZM,110058,DELHI,DELHI,"COMMUNITY CENTRE , JANAK PLACE",LAKSHAY,9267958659,,,,,,,,,,,,,
910,,,,GOTOGO POST,8076536923,,07AQCPB1094R1ZM,110058,DELHI,DELHI,"COMMUNITY CENTRE , JANAK PLACE",LAKSHAY,9267958659,,,,,,,,,,,,,
911,,,,GOTOGO POST,8076536923,,07AQCPB1094R1ZM,110058,DELHI,DELHI,"COMMUNITY CENTRE , JANAK PLACE",LAKSHAY,9267958659,,,,,,,,,,,,,
912,,,,GOTOGO POST,8076536923,,07AQCPB1094R1ZM,110058,DELHI,DELHI,"COMMUNITY CENTRE , JANAK PLACE",LAKSHAY,9267958659,,,,,,,,,,,,,
913,,,,GOTOGO POST,8076536923,,07AQCPB1094R1ZM,110058,DELHI,DELHI,"COMMUNITY CENTRE , JANAK PLACE",LAKSHAY,9267958659,,,,,,,,,,,,,
914,,,,GOTOGO POST,8076536923,,07AQCPB1094R1ZM,110058,DELHI,DELHI,"COMMUNITY CENTRE , JANAK PLACE",LAKSHAY,9267958659,,,,,,,,,,,,,
915,,,,GOTOGO POST,8076536923,,07AQCPB1094R1ZM,110058,DELHI,DELHI,"COMMUNITY CENTRE , JANAK PLACE",LAKSHAY,9267958659,,,,,,,,,,,,,
916,,,,GOTOGO POST,8076536923,,07AQCPB1094R1ZM,110058,DELHI,DELHI,"COMMUNITY CENTRE , JANAK PLACE",LAKSHAY,9267958659,,,,,,,,,,,,,
917,,,,GOTOGO POST,8076536923,,07AQCPB1094R1ZM,110058,DELHI,DELHI,"COMMUNITY CENTRE , JANAK PLACE",LAKSHAY,9267958659,,,,,,,,,,,,,
918,,,,GOTOGO POST,8076536923,,07AQCPB1094R1ZM,110058,DELHI,DELHI,"COMMUNITY CENTRE , JANAK PLACE",LAKSHAY,9267958659,,,,,,,,,,,,,
919,,,,GOTOGO POST,8076536923,,07AQCPB1094R1ZM,110058,DELHI,DELHI,"COMMUNITY CENTRE , JANAK PLACE",LAKSHAY,9267958659,,,,,,,,,,,,,
920,,,,GOTOGO POST,8076536923,,07AQCPB1094R1ZM,110058,DELHI,DELHI,"COMMUNITY CENTRE , JANAK PLACE",LAKSHAY,9267958659,,,,,,,,,,,,,
921,,,,GOTOGO POST,8076536923,,07AQCPB1094R1ZM,110058,DELHI,DELHI,"COMMUNITY CENTRE , JANAK PLACE",LAKSHAY,9267958659,,,,,,,,,,,,,
922,,,,GOTOGO POST,8076536923,,07AQCPB1094R1ZM,110058,DELHI,DELHI,"COMMUNITY CENTRE , JANAK PLACE",LAKSHAY,9267958659,,,,,,,,,,,,,
923,,,,GOTOGO POST,8076536923,,07AQCPB1094R1ZM,110058,DELHI,DELHI,"COMMUNITY CENTRE , JANAK PLACE",LAKSHAY,9267958659,,,,,,,,,,,,,
924,,,,GOTOGO POST,8076536923,,07AQCPB1094R1ZM,110058,DELHI,DELHI,"COMMUNITY CENTRE , JANAK PLACE",LAKSHAY,9267958659,,,,,,,,,,,,,
925,,,,GOTOGO POST,8076536923,,07AQCPB1094R1ZM,110058,DELHI,DELHI,"COMMUNITY CENTRE , JANAK PLACE",LAKSHAY,9267958659,,,,,,,,,,,,,
926,,,,GOTOGO POST,8076536923,,07AQCPB1094R1ZM,110058,DELHI,DELHI,"COMMUNITY CENTRE , JANAK PLACE",LAKSHAY,9267958659,,,,,,,,,,,,,
927,,,,GOTOGO POST,8076536923,,07AQCPB1094R1ZM,110058,DELHI,DELHI,"COMMUNITY CENTRE , JANAK PLACE",LAKSHAY,9267958659,,,,,,,,,,,,,
928,,,,GOTOGO POST,8076536923,,07AQCPB1094R1ZM,110058,DELHI,DELHI,"COMMUNITY CENTRE , JANAK PLACE",LAKSHAY,9267958659,,,,,,,,,,,,,
929,,,,GOTOGO POST,8076536923,,07AQCPB1094R1ZM,110058,DELHI,DELHI,"COMMUNITY CENTRE , JANAK PLACE",LAKSHAY,9267958659,,,,,,,,,,,,,
930,,,,GOTOGO POST,8076536923,,07AQCPB1094R1ZM,110058,DELHI,DELHI,"COMMUNITY CENTRE , JANAK PLACE",LAKSHAY,9267958659,,,,,,,,,,,,,
931,,,,GOTOGO POST,8076536923,,07AQCPB1094R1ZM,110058,DELHI,DELHI,"COMMUNITY CENTRE , JANAK PLACE",LAKSHAY,9267958659,,,,,,,,,,,,,
932,,,,GOTOGO POST,8076536923,,07AQCPB1094R1ZM,110058,DELHI,DELHI,"COMMUNITY CENTRE , JANAK PLACE",LAKSHAY,9267958659,,,,,,,,,,,,,
933,,,,GOTOGO POST,8076536923,,07AQCPB1094R1ZM,110058,DELHI,DELHI,"COMMUNITY CENTRE , JANAK PLACE",LAKSHAY,9267958659,,,,,,,,,,,,,
934,,,,GOTOGO POST,8076536923,,07AQCPB1094R1ZM,110058,DELHI,DELHI,"COMMUNITY CENTRE , JANAK PLACE",LAKSHAY,9267958659,,,,,,,,,,,,,
935,,,,GOTOGO POST,8076536923,,07AQCPB1094R1ZM,110058,DELHI,DELHI,"COMMUNITY CENTRE , JANAK PLACE",LAKSHAY,9267958659,,,,,,,,,,,,,
936,,,,GOTOGO POST,8076536923,,07AQCPB1094R1ZM,110058,DELHI,DELHI,"COMMUNITY CENTRE , JANAK PLACE",LAKSHAY,9267958659,,,,,,,,,,,,,
937,,,,GOTOGO POST,8076536923,,07AQCPB1094R1ZM,110058,DELHI,DELHI,"COMMUNITY CENTRE , JANAK PLACE",LAKSHAY,9267958659,,,,,,,,,,,,,
938,,,,GOTOGO POST,8076536923,,07AQCPB1094R1ZM,110058,DELHI,DELHI,"COMMUNITY CENTRE , JANAK PLACE",LAKSHAY,9267958659,,,,,,,,,,,,,
939,,,,GOTOGO POST,8076536923,,07AQCPB1094R1ZM,110058,DELHI,DELHI,"COMMUNITY CENTRE , JANAK PLACE",LAKSHAY,9267958659,,,,,,,,,,,,,
940,,,,GOTOGO POST,8076536923,,07AQCPB1094R1ZM,110058,DELHI,DELHI,"COMMUNITY CENTRE , JANAK PLACE",LAKSHAY,9267958659,,,,,,,,,,,,,
941,,,,GOTOGO POST,8076536923,,07AQCPB1094R1ZM,110058,DELHI,DELHI,"COMMUNITY CENTRE , JANAK PLACE",LAKSHAY,9267958659,,,,,,,,,,,,,
942,,,,GOTOGO POST,8076536923,,07AQCPB1094R1ZM,110058,DELHI,DELHI,"COMMUNITY CENTRE , JANAK PLACE",LAKSHAY,9267958659,,,,,,,,,,,,,
943,,,,GOTOGO POST,8076536923,,07AQCPB1094R1ZM,110058,DELHI,DELHI,"COMMUNITY CENTRE , JANAK PLACE",LAKSHAY,9267958659,,,,,,,,,,,,,
944,,,,GOTOGO POST,8076536923,,07AQCPB1094R1ZM,110058,DELHI,DELHI,"COMMUNITY CENTRE , JANAK PLACE",LAKSHAY,9267958659,,,,,,,,,,,,,
945,,,,GOTOGO POST,8076536923,,07AQCPB1094R1ZM,110058,DELHI,DELHI,"COMMUNITY CENTRE , JANAK PLACE",LAKSHAY,9267958659,,,,,,,,,,,,,
946,,,,GOTOGO POST,8076536923,,07AQCPB1094R1ZM,110058,DELHI,DELHI,"COMMUNITY CENTRE , JANAK PLACE",LAKSHAY,9267958659,,,,,,,,,,,,,
947,,,,GOTOGO POST,8076536923,,07AQCPB1094R1ZM,110058,DELHI,DELHI,"COMMUNITY CENTRE , JANAK PLACE",LAKSHAY,9267958659,,,,,,,,,,,,,
948,,,,GOTOGO POST,8076536923,,07AQCPB1094R1ZM,110058,DELHI,DELHI,"COMMUNITY CENTRE , JANAK PLACE",LAKSHAY,9267958659,,,,,,,,,,,,,
949,,,,GOTOGO POST,8076536923,,07AQCPB1094R1ZM,110058,DELHI,DELHI,"COMMUNITY CENTRE , JANAK PLACE",LAKSHAY,9267958659,,,,,,,,,,,,,
950,,,,GOTOGO POST,8076536923,,07AQCPB1094R1ZM,110058,DELHI,DELHI,"COMMUNITY CENTRE , JANAK PLACE",LAKSHAY,9267958659,,,,,,,,,,,,,
951,,,,GOTOGO POST,8076536923,,07AQCPB1094R1ZM,110058,DELHI,DELHI,"COMMUNITY CENTRE , JANAK PLACE",LAKSHAY,9267958659,,,,,,,,,,,,,
952,,,,GOTOGO POST,8076536923,,07AQCPB1094R1ZM,110058,DELHI,DELHI,"COMMUNITY CENTRE , JANAK PLACE",LAKSHAY,9267958659,,,,,,,,,,,,,
953,,,,GOTOGO POST,8076536923,,07AQCPB1094R1ZM,110058,DELHI,DELHI,"COMMUNITY CENTRE , JANAK PLACE",LAKSHAY,9267958659,,,,,,,,,,,,,
954,,,,GOTOGO POST,8076536923,,07AQCPB1094R1ZM,110058,DELHI,DELHI,"COMMUNITY CENTRE , JANAK PLACE",LAKSHAY,9267958659,,,,,,,,,,,,,
955,,,,GOTOGO POST,8076536923,,07AQCPB1094R1ZM,110058,DELHI,DELHI,"COMMUNITY CENTRE , JANAK PLACE",LAKSHAY,9267958659,,,,,,,,,,,,,
956,,,,GOTOGO POST,8076536923,,07AQCPB1094R1ZM,110058,DELHI,DELHI,"COMMUNITY CENTRE , JANAK PLACE",LAKSHAY,9267958659,,,,,,,,,,,,,
957,,,,GOTOGO POST,8076536923,,07AQCPB1094R1ZM,110058,DELHI,DELHI,"COMMUNITY CENTRE , JANAK PLACE",LAKSHAY,9267958659,,,,,,,,,,,,,
958,,,,GOTOGO POST,8076536923,,07AQCPB1094R1ZM,110058,DELHI,DELHI,"COMMUNITY CENTRE , JANAK PLACE",LAKSHAY,9267958659,,,,,,,,,,,,,
959,,,,GOTOGO POST,8076536923,,07AQCPB1094R1ZM,110058,DELHI,DELHI,"COMMUNITY CENTRE , JANAK PLACE",LAKSHAY,9267958659,,,,,,,,,,,,,
960,,,,GOTOGO POST,8076536923,,07AQCPB1094R1ZM,110058,DELHI,DELHI,"COMMUNITY CENTRE , JANAK PLACE",LAKSHAY,9267958659,,,,,,,,,,,,,
961,,,,GOTOGO POST,8076536923,,07AQCPB1094R1ZM,110058,DELHI,DELHI,"COMMUNITY CENTRE , JANAK PLACE",LAKSHAY,9267958659,,,,,,,,,,,,,
962,,,,GOTOGO POST,8076536923,,07AQCPB1094R1ZM,110058,DELHI,DELHI,"COMMUNITY CENTRE , JANAK PLACE",LAKSHAY,9267958659,,,,,,,,,,,,,
963,,,,GOTOGO POST,8076536923,,07AQCPB1094R1ZM,110058,DELHI,DELHI,"COMMUNITY CENTRE , JANAK PLACE",LAKSHAY,9267958659,,,,,,,,,,,,,
964,,,,GOTOGO POST,8076536923,,07AQCPB1094R1ZM,110058,DELHI,DELHI,"COMMUNITY CENTRE , JANAK PLACE",LAKSHAY,9267958659,,,,,,,,,,,,,
965,,,,GOTOGO POST,8076536923,,07AQCPB1094R1ZM,110058,DELHI,DELHI,"COMMUNITY CENTRE , JANAK PLACE",LAKSHAY,9267958659,,,,,,,,,,,,,
966,,,,GOTOGO POST,8076536923,,07AQCPB1094R1ZM,110058,DELHI,DELHI,"COMMUNITY CENTRE , JANAK PLACE",LAKSHAY,9267958659,,,,,,,,,,,,,
967,,,,GOTOGO POST,8076536923,,07AQCPB1094R1ZM,110058,DELHI,DELHI,"COMMUNITY CENTRE , JANAK PLACE",LAKSHAY,9267958659,,,,,,,,,,,,,
968,,,,GOTOGO POST,8076536923,,07AQCPB1094R1ZM,110058,DELHI,DELHI,"COMMUNITY CENTRE , JANAK PLACE",LAKSHAY,9267958659,,,,,,,,,,,,,
969,,,,GOTOGO POST,8076536923,,07AQCPB1094R1ZM,110058,DELHI,DELHI,"COMMUNITY CENTRE , JANAK PLACE",LAKSHAY,9267958659,,,,,,,,,,,,,
970,,,,GOTOGO POST,8076536923,,07AQCPB1094R1ZM,110058,DELHI,DELHI,"COMMUNITY CENTRE , JANAK PLACE",LAKSHAY,9267958659,,,,,,,,,,,,,
971,,,,GOTOGO POST,8076536923,,07AQCPB1094R1ZM,110058,DELHI,DELHI,"COMMUNITY CENTRE , JANAK PLACE",LAKSHAY,9267958659,,,,,,,,,,,,,
972,,,,GOTOGO POST,8076536923,,07AQCPB1094R1ZM,110058,DELHI,DELHI,"COMMUNITY CENTRE , JANAK PLACE",LAKSHAY,9267958659,,,,,,,,,,,,,
973,,,,GOTOGO POST,8076536923,,07AQCPB1094R1ZM,110058,DELHI,DELHI,"COMMUNITY CENTRE , JANAK PLACE",LAKSHAY,9267958659,,,,,,,,,,,,,
974,,,,GOTOGO POST,8076536923,,07AQCPB1094R1ZM,110058,DELHI,DELHI,"COMMUNITY CENTRE , JANAK PLACE",LAKSHAY,9267958659,,,,,,,,,,,,,
975,,,,GOTOGO POST,8076536923,,07AQCPB1094R1ZM,110058,DELHI,DELHI,"COMMUNITY CENTRE , JANAK PLACE",LAKSHAY,9267958659,,,,,,,,,,,,,
976,,,,GOTOGO POST,8076536923,,07AQCPB1094R1ZM,110058,DELHI,DELHI,"COMMUNITY CENTRE , JANAK PLACE",LAKSHAY,9267958659,,,,,,,,,,,,,
977,,,,GOTOGO POST,8076536923,,07AQCPB1094R1ZM,110058,DELHI,DELHI,"COMMUNITY CENTRE , JANAK PLACE",LAKSHAY,9267958659,,,,,,,,,,,,,
978,,,,GOTOGO POST,8076536923,,07AQCPB1094R1ZM,110058,DELHI,DELHI,"COMMUNITY CENTRE , JANAK PLACE",LAKSHAY,9267958659,,,,,,,,,,,,,
979,,,,GOTOGO POST,8076536923,,07AQCPB1094R1ZM,110058,DELHI,DELHI,"COMMUNITY CENTRE , JANAK PLACE",LAKSHAY,9267958659,,,,,,,,,,,,,
980,,,,GOTOGO POST,8076536923,,07AQCPB1094R1ZM,110058,DELHI,DELHI,"COMMUNITY CENTRE , JANAK PLACE",LAKSHAY,9267958659,,,,,,,,,,,,,
981,,,,GOTOGO POST,8076536923,,07AQCPB1094R1ZM,110058,DELHI,DELHI,"COMMUNITY CENTRE , JANAK PLACE",LAKSHAY,9267958659,,,,,,,,,,,,,
982,,,,GOTOGO POST,8076536923,,07AQCPB1094R1ZM,110058,DELHI,DELHI,"COMMUNITY CENTRE , JANAK PLACE",LAKSHAY,9267958659,,,,,,,,,,,,,
983,,,,GOTOGO POST,8076536923,,07AQCPB1094R1ZM,110058,DELHI,DELHI,"COMMUNITY CENTRE , JANAK PLACE",LAKSHAY,9267958659,,,,,,,,,,,,,
984,,,,GOTOGO POST,8076536923,,07AQCPB1094R1ZM,110058,DELHI,DELHI,"COMMUNITY CENTRE , JANAK PLACE",LAKSHAY,9267958659,,,,,,,,,,,,,
985,,,,GOTOGO POST,8076536923,,07AQCPB1094R1ZM,110058,DELHI,DELHI,"COMMUNITY CENTRE , JANAK PLACE",LAKSHAY,9267958659,,,,,,,,,,,,,
986,,,,GOTOGO POST,8076536923,,07AQCPB1094R1ZM,110058,DELHI,DELHI,"COMMUNITY CENTRE , JANAK PLACE",LAKSHAY,9267958659,,,,,,,,,,,,,
987,,,,GOTOGO POST,8076536923,,07AQCPB1094R1ZM,110058,DELHI,DELHI,"COMMUNITY CENTRE , JANAK PLACE",LAKSHAY,9267958659,,,,,,,,,,,,,
988,,,,GOTOGO POST,8076536923,,07AQCPB1094R1ZM,110058,DELHI,DELHI,"COMMUNITY CENTRE , JANAK PLACE",LAKSHAY,9267958659,,,,,,,,,,,,,
989,,,,GOTOGO POST,8076536923,,07AQCPB1094R1ZM,110058,DELHI,DELHI,"COMMUNITY CENTRE , JANAK PLACE",LAKSHAY,9267958659,,,,,,,,,,,,,
990,,,,GOTOGO POST,8076536923,,07AQCPB1094R1ZM,110058,DELHI,DELHI,"COMMUNITY CENTRE , JANAK PLACE",LAKSHAY,9267958659,,,,,,,,,,,,,
991,,,,GOTOGO POST,8076536923,,07AQCPB1094R1ZM,110058,DELHI,DELHI,"COMMUNITY CENTRE , JANAK PLACE",LAKSHAY,9267958659,,,,,,,,,,,,,
992,,,,GOTOGO POST,8076536923,,07AQCPB1094R1ZM,110058,DELHI,DELHI,"COMMUNITY CENTRE , JANAK PLACE",LAKSHAY,9267958659,,,,,,,,,,,,,
993,,,,GOTOGO POST,8076536923,,07AQCPB1094R1ZM,110058,DELHI,DELHI,"COMMUNITY CENTRE , JANAK PLACE",LAKSHAY,9267958659,,,,,,,,,,,,,
994,,,,GOTOGO POST,8076536923,,07AQCPB1094R1ZM,110058,DELHI,DELHI,"COMMUNITY CENTRE , JANAK PLACE",LAKSHAY,9267958659,,,,,,,,,,,,,
995,,,,GOTOGO POST,8076536923,,07AQCPB1094R1ZM,110058,DELHI,DELHI,"COMMUNITY CENTRE , JANAK PLACE",LAKSHAY,9267958659,,,,,,,,,,,,,
996,,,,GOTOGO POST,8076536923,,07AQCPB1094R1ZM,110058,DELHI,DELHI,"COMMUNITY CENTRE , JANAK PLACE",LAKSHAY,9267958659,,,,,,,,,,,,,
997,,,,GOTOGO POST,8076536923,,07AQCPB1094R1ZM,110058,DELHI,DELHI,"COMMUNITY CENTRE , JANAK PLACE",LAKSHAY,9267958659,,,,,,,,,,,,,
998,,,,GOTOGO POST,8076536923,,07AQCPB1094R1ZM,110058,DELHI,DELHI,"COMMUNITY CENTRE , JANAK PLACE",LAKSHAY,9267958659,,,,,,,,,,,,,
999,,,,GOTOGO POST,8076536923,,07AQCPB1094R1ZM,110058,DELHI,DELHI,"COMMUNITY CENTRE , JANAK PLACE",LAKSHAY,9267958659,,,,,,,,,,,,,