sr no,Barcode,Market Manager _id,Pickup Boy_id,Pickup Name,Pickup Phone,Pickup Email,Pickup gst,Pickup Pincode,Pickup City,Pickup State,Pickup Address,Consignee Name,Consignee Phone,Consignee Email,Consignee Pincode,Consignee City,Consignee State,Consignee Address,Payment Method,Package Weight,Package Length,Package Width,Package Height,Fuel Charge,Pickup Charge,Other service Charge
1,,,,LEX DIGITAL,123456789,,,110053,BHAJANPURA,DELHI,BHAJANPURA,NALLA SATYA RAMA MOHANA RAVITEJA,123456789,,533262,ANDHRA PRADESH,ANDHRA PRADESH,2-94 NALLA VARI STREET KAJULURU MANDALAM JAGANNATHAGIRI JAGANNADHAGIRI NEAR SIVALAYAM TEMPLE KAKINADA ANDHRA PRADESH 533262,PREPAID,20,,,,,,
2,,,,LEX DIGITAL,123456789,,,110053,BHAJANPURA,DELHI,BHAJANPURA,GIRIDHAR SAI KUMAR YASAWI DEVARAKONDA,123456789,,520011,ANDHRA PRADESH,ANDHRA PRADESH,SRWA-371 2ND FLOOR VIJAYA PALASE 3RD LINE SRI NAGAR OPP SUKHIBHAVA HOSPITAL VIJAYAWADA URBAN KRISHNA ANDHRA PRADESH 520011,PREPAID,20,,,,,,
3,,,,LEX DIGITAL,123456789,,,110053,BHAJANPURA,DELHI,BHAJANPURA,JAGADEESH GUDLA,123456789,,521301,ANDHRA PRADESH,ANDHRA PRADESH,1976 KRISHNA ANDHRA PRADESH 521301,PREPAID,20,,,,,,
4,,,,LEX DIGITAL,123456789,,,110053,BHAJANPURA,DELHI,BHAJANPURA,SHAIK ALLAUDDIN,123456789,,522603,ANDHRA PRADESH,ANDHRA PRADESH,"2156,RICE MILL STREET,NEAR RICE GUNTUR ANDHRA PRADESH 522603",PREPAID,20,,,,,,
5,,,,LEX DIGITAL,123456789,,,110053,BHAJANPURA,DELHI,BHAJANPURA,K SREENIVASULU,123456789,,517644,ANDHRA PRADESH,ANDHRA PRADESH,"1429,IMAM,NEAR RTC BUS STAND CHITTOOR ANDHRA PRADESH 517644",PREPAID,20,,,,,,
6,,,,LEX DIGITAL,123456789,,,110053,BHAJANPURA,DELHI,BHAJANPURA,MANGENA KRISHNA JYOTHI,123456789,,534447,ANDHRA PRADESH,ANDHRA PRADESH,"F 2 BALAJI TOWERS,LAKSHMI HOSPITAL OPP WEST GODAVARI ANDHRA PRADESH 534447",PREPAID,20,,,,,,
7,,,,LEX DIGITAL,123456789,,,110053,BHAJANPURA,DELHI,BHAJANPURA,BHAGAM MOUNICA,123456789,,521137,ANDHRA PRADESH,ANDHRA PRADESH,"12-175 PORANKI ,RURALAVANIGADDA,, KRISHNA ANDHRA PRADESH 521137",PREPAID,20,,,,,,
8,,,,LEX DIGITAL,123456789,,,110053,BHAJANPURA,DELHI,BHAJANPURA,SASIDHAR REDDY UDUMULA,123456789,,201301,UTTAR PRADESH,UTTAR PRADESH,B 236 KENDRIYA VIHAR SECTOR 51 NOIDA GAUTAM BUDDHA NAGAR UTTAR PRADESH 201301,PREPAID,20,,,,,,
9,,,,LEX DIGITAL,123456789,,,110053,BHAJANPURA,DELHI,BHAJANPURA,PALLPU MADHAVARAO,123456789,,524201,ANDHRA PRADESH,ANDHRA PRADESH,"00 BC COLONY VADDI PALEM MUSUNURU KAVALI BIT -II (RURAL) NELLORE ANDHRA PRADESH KAVALI, ELLORE, 524201",PREPAID,20,,,,,,
10,,,,LEX DIGITAL,123456789,,,110053,BHAJANPURA,DELHI,BHAJANPURA,CHITTAMREDDY YUGANDHAR REDDY,123456789,,515001,ANDHRA PRADESH,ANDHRA PRADESH,HOUSING BOARD ANANTAPUR ANDHRA PRADESH 515001,PREPAID,20,,,,,,
11,,,,LEX DIGITAL,123456789,,,110053,BHAJANPURA,DELHI,BHAJANPURA,VENKATA VIKRAM DARISI,123456789,,524003,ANDHRA PRADESH,ANDHRA PRADESH,4BRAMALINGAPURAM NELLORE ANDHRA PRADESH 524003,PREPAID,20,,,,,,
12,,,,LEX DIGITAL,123456789,,,110053,BHAJANPURA,DELHI,BHAJANPURA,MATTA PRIYANKA,123456789,,521456,ANDHRA PRADESH,ANDHRA PRADESH,24-99 PRASAD NAGAR IBRAHIMPATNAM KRISHNA ANDHRA PRADESH 521456,PREPAID,20,,,,,,
13,,,,LEX DIGITAL,123456789,,,110053,BHAJANPURA,DELHI,BHAJANPURA,KUMAR MITHILESH,123456789,,530047,ANDHRA PRADESH,ANDHRA PRADESH,"S4 NADUTHOTA VISAKHAPATNAM,SAI NAGER VISHAKHAPATNAM ANDHRA PRADESH 530047",PREPAID,20,,,,,,
14,,,,LEX DIGITAL,123456789,,,110053,BHAJANPURA,DELHI,BHAJANPURA,PATHIPUTTURU BALAKRISHNA,123456789,,517501,ANDHRA PRADESH,ANDHRA PRADESH,"DNO-1,THOTL MALAPALLE, PATHIPUTHURU,VADAMALAPETA, CHITTOOR ANDHRA PRADESH 517501",PREPAID,20,,,,,,
15,,,,LEX DIGITAL,123456789,,,110053,BHAJANPURA,DELHI,BHAJANPURA,CHEPURI NATRAJ,123456789,,533001,ANDHRA PRADESH,ANDHRA PRADESH,16-23-633D 2ND LANENEAR SAI BABA TEMPLE PALLAMRAJUNAG AR KAKINADA EAST GODAVARI ANDHRA PRADESH 533001,PREPAID,20,,,,,,
16,,,,LEX DIGITAL,123456789,,,110053,BHAJANPURA,DELHI,BHAJANPURA,K SUKANYA,123456789,,515671,ANDHRA PRADESH,ANDHRA PRADESH,SHIVANAGAR 4-1260-4 DHARMAVARAM ANANTAPUR ANDHRA PRADESH 515671,PREPAID,20,,,,,,
17,,,,LEX DIGITAL,123456789,,,110053,BHAJANPURA,DELHI,BHAJANPURA,MANDALAPARTHI SUJATHA,123456789,,520015,ANDHRA PRADESH,ANDHRA PRADESH,"43-107/1-14,POOJITHA RESIDENCE ,PIPULA ROAD ,AJITH SING H NAGAR, VIJAYAWADA KRISHNA ANDHRA PRADESH 520015",PREPAID,20,,,,,,
18,,,,LEX DIGITAL,123456789,,,110053,BHAJANPURA,DELHI,BHAJANPURA,RAVI KUMAR GANAPAVARAPU,123456789,,522616,ANDHRA PRADESH,ANDHRA PRADESH,4-105CHILAKALURIPET GUNTUR ANDHRA PRADESH 522616,PREPAID,20,,,,,,
19,,,,LEX DIGITAL,123456789,,,110053,BHAJANPURA,DELHI,BHAJANPURA,MAHAMMADH BASHA,123456789,,521162,ANDHRA PRADESH,ANDHRA PRADESH,"MALLAVOLU, GUDURU MANDAL ,KRISHAN DRSTIC AP,LADIES TAIL OR KRISHNA ANDHRA PRADESH 521162",PREPAID,20,,,,,,
20,,,,LEX DIGITAL,123456789,,,110053,BHAJANPURA,DELHI,BHAJANPURA,DARAVATHU SIREESHA,123456789,,521190,ANDHRA PRADESH,ANDHRA PRADESH,"2-58,JPT ROAD,NEAR AYYAPPA TEMPLE KRISHNA ANDHRA PRADESH 521190",PREPAID,20,,,,,,
21,,,,LEX DIGITAL,123456789,,,110053,BHAJANPURA,DELHI,BHAJANPURA,VEGURU SREENIVASA RAO,123456789,,524121,ANDHRA PRADESH,ANDHRA PRADESH,D2-221 PULICAT NAGARSULLURPET NELLORE ANDHRA PRADESH 524121,PREPAID,20,,,,,,
22,,,,LEX DIGITAL,123456789,,,110053,BHAJANPURA,DELHI,BHAJANPURA,RAMESHBABU NEELISETTY,123456789,,530026,ANDHRA PRADESH,ANDHRA PRADESH,12-23-11/2 SEETARAM NAGAR GAJUWAKA VISAKHAPATNAM ANDHRA PRADESH 530026,PREPAID,20,,,,,,
23,,,,LEX DIGITAL,123456789,,,110053,BHAJANPURA,DELHI,BHAJANPURA,A NAVEEN KUMAR,123456789,,517501,ANDHRA PRADESH,ANDHRA PRADESH,7-5/A SAI NAGAR KESAVAYANAGUNTA TIRUPATI URBAN ANDHRA PRADESH 517501,PREPAID,20,,,,,,
24,,,,LEX DIGITAL,123456789,,,110053,BHAJANPURA,DELHI,BHAJANPURA,KOMARAPU GOVINDAMMA,123456789,,532460,ANDHRA PRADESH,ANDHRA PRADESH,"MAIN VEEDHI 0-00 , CHIDIMI,CHIDIMI,SRIKAKULAM SRIKAKULAM ANDHRA PRADESH 532460",PREPAID,20,,,,,,
25,,,,LEX DIGITAL,123456789,,,110053,BHAJANPURA,DELHI,BHAJANPURA,VEGI VEERABABU,123456789,,530026,ANDHRA PRADESH,ANDHRA PRADESH,"27-7-93, NEAR RAMILAYAM ARCH , SRINAGAR, VISHAKAPATNAM, GAJUWAKA, VISHAKAPATNAM 530026 VISAKHAPATNAM ANDHRA PRADESH",PREPAID,20,,,,,,
26,,,,LEX DIGITAL,123456789,,,110053,BHAJANPURA,DELHI,BHAJANPURA,RAMBABU SIDDHA,123456789,,533101,ANDHRA PRADESH,ANDHRA PRADESH,"45-36-8, AMBEDHKAR NAGAR EAST GODAVARI ANDHRA PRADESH 533101",PREPAID,20,,,,,,
27,,,,LEX DIGITAL,123456789,,,110053,BHAJANPURA,DELHI,BHAJANPURA,SURADA LAVANYA,123456789,,530001,ANDHRA PRADESH,ANDHRA PRADESH,DNO-25-14-21 PATHA SALI PETA KURPA MARKET VISAKHAPATNAM ANDHRA PRADESH 530001,PREPAID,20,,,,,,
28,,,,LEX DIGITAL,123456789,,,110053,BHAJANPURA,DELHI,BHAJANPURA,DEVARAPALLI DIVYA LAKSHMI SARANYA,123456789,,516309,ANDHRA PRADESH,ANDHRA PRADESH,"2/131,THUMMALA PALLE YERRAGUNTLA THUMMALAPALLE CUDDAPAH ANDHRA PRADESH 516309",PREPAID,20,,,,,,
29,,,,LEX DIGITAL,123456789,,,110053,BHAJANPURA,DELHI,BHAJANPURA,VADLAMUDI RAJA,123456789,,520002,ANDHRA PRADESH,ANDHRA PRADESH,28/1/71 ELURU ROAD VIJAYAWADA URBAN BUCKINGHAMPET BESIDE RAJU GHEE SWEETS KRISHNA ANDHRA PRADESH 520002,PREPAID,20,,,,,,
30,,,,LEX DIGITAL,123456789,,,110053,BHAJANPURA,DELHI,BHAJANPURA,PILLI SANTHI,123456789,,521212,ANDHRA PRADESH,ANDHRA PRADESH,"D NO 9-53 AGIRIPALLI AADIVINEKALAM,VIJAYAWADA KRISHNA ANDHRA PRADESH 521212",PREPAID,20,,,,,,
31,,,,LEX DIGITAL,123456789,,,110053,BHAJANPURA,DELHI,BHAJANPURA,SAIPRASAD S VASAMSETTY,123456789,,533210,ANDHRA PRADESH,ANDHRA PRADESH,"7-150, SIVALAYAM VEEDHI, KOMARAGIRIPATNAM, ALLAVARAM, EAST GODAVARI, ANDHRA PRADESH, GODAVARI PRADESH 533210",PREPAID,20,,,,,,
32,,,,LEX DIGITAL,123456789,,,110053,BHAJANPURA,DELHI,BHAJANPURA,BOTTA SUBRAHMANAYAM,123456789,,521212,ANDHRA PRADESH,ANDHRA PRADESH,2-60 VIJAYAWADA RURAL NUNNA KRISHNA ANDHRA PRADESH 521212,PREPAID,20,,,,,,
33,,,,LEX DIGITAL,123456789,,,110053,BHAJANPURA,DELHI,BHAJANPURA,ANAND KUMAR GURRAM,123456789,,522201,ANDHRA PRADESH,ANDHRA PRADESH,"15-14-25, UPPU BAZAR SUBBARAO STREET, TENALI GUNTUR ANDHRA PRADESH 522201",PREPAID,20,,,,,,
34,,,,LEX DIGITAL,123456789,,,110053,BHAJANPURA,DELHI,BHAJANPURA,SHAIK MASTAN,123456789,,521001,ANDHRA PRADESH,ANDHRA PRADESH,15/323-9 MACHAVARAM MACHILIPATNAM KRISHNA ANDHRA PRADESH 521001,PREPAID,20,,,,,,
35,,,,LEX DIGITAL,123456789,,,110053,BHAJANPURA,DELHI,BHAJANPURA,PAPPU NAGA SUBRAHMANYA CHAKRADHAR,123456789,,533286,ANDHRA PRADESH,ANDHRA PRADESH,6-162/A GANGABHAVANI NAGAR RAMPA YERRAMPALEM NEAR DEVIGUDI EAST GODAVARI ANDHRA PRADESH 533286,PREPAID,20,,,,,,
36,,,,LEX DIGITAL,123456789,,,110053,BHAJANPURA,DELHI,BHAJANPURA,SHAIK SYED BASHA,123456789,,518502,ANDHRA PRADESH,ANDHRA PRADESH,"HNO-2/150 AYYALUR NANDYALA MANDALAM,AYYALUR,KURNOOL KURNOOL ANDHRA PRADESH 518502",PREPAID,20,,,,,,
37,,,,LEX DIGITAL,123456789,,,110053,BHAJANPURA,DELHI,BHAJANPURA,SAYYAPUREDDI V V SATYANARAYANA,123456789,,533440,ANDHRA PRADESH,ANDHRA PRADESH,"18-12-62, SAI NAGAR, NAGAR SAMARLAKOTA, EAST GODAVARI ANDHRA PRADESH 533440",PREPAID,20,,,,,,
38,,,,LEX DIGITAL,123456789,,,110053,BHAJANPURA,DELHI,BHAJANPURA,KOTAKONDA PRAKASH,123456789,,517583,ANDHRA PRADESH,ANDHRA PRADESH,"1-95A,CHERLOPALLI PUTTUR CHITTOOR ANDHRA PRADESH 517583",PREPAID,20,,,,,,
39,,,,LEX DIGITAL,123456789,,,110053,BHAJANPURA,DELHI,BHAJANPURA,PARAALA RUSHENDRA BABU,123456789,,517590,ANDHRA PRADESH,ANDHRA PRADESH,2-56 SHETTIGUNTA TADUKUPETA VENKATANARASIMHA -RAJUVARIPET CHITTOOR ANDHRA PRADESH 517590,PREPAID,20,,,,,,
40,,,,LEX DIGITAL,123456789,,,110053,BHAJANPURA,DELHI,BHAJANPURA,VENKATA RAMBABU YATIRAJAM,123456789,,534001,ANDHRA PRADESH,ANDHRA PRADESH,"15-114,VENKATAPURAM PANCHAYITHI ELURU WEST GODAVARI ANDHRA PRADESH 534001",PREPAID,20,,,,,,
41,,,,LEX DIGITAL,123456789,,,110053,BHAJANPURA,DELHI,BHAJANPURA,GANGARAJULA KUPPUSWAMI,123456789,,534301,ANDHRA PRADESH,ANDHRA PRADESH,"13-24-284 N.T.R COLONY, NIDADAVOLE WEST GODAVARI ANDHRA PRADESH 534301",PREPAID,20,,,,,,
42,,,,LEX DIGITAL,123456789,,,110053,BHAJANPURA,DELHI,BHAJANPURA,BANOTHU SRINIVASBABU,123456789,,530032,ANDHRA PRADESH,ANDHRA PRADESH,"304/B,SECTOR 8 PEDAGANTYADA SECTOR VISHAKHAPATNAM ANDHRA PRADESH 530032",PREPAID,20,,,,,,
43,,,,LEX DIGITAL,123456789,,,110053,BHAJANPURA,DELHI,BHAJANPURA,JAYAKRISHNA RAGALA,123456789,,524314,ANDHRA PRADESH,ANDHRA PRADESH,5-16SAMBAN STREET PALLIPADU VILLAGE NELLORE ANDHRA PRADESH 524314,PREPAID,20,,,,,,
44,,,,LEX DIGITAL,123456789,,,110053,BHAJANPURA,DELHI,BHAJANPURA,KODURU SRINIVASULU,123456789,,524123,ANDHRA PRADESH,ANDHRA PRADESH,"00, CHINNA ULASAPADAVA, SULLURUPETA MANDAL MANNEMUTHERI NELLORE ANDHRA PRADESH 524123",PREPAID,20,,,,,,
45,,,,LEX DIGITAL,123456789,,,110053,BHAJANPURA,DELHI,BHAJANPURA,DHANARAJ GOVINDHA RAJ,123456789,,517001,ANDHRA PRADESH,ANDHRA PRADESH,2-1118ALNCOLONY ROAD CHITTOOR ANDHRA PRADESH 517001,PREPAID,20,,,,,,
46,,,,LEX DIGITAL,123456789,,,110053,BHAJANPURA,DELHI,BHAJANPURA,TEJASWINI TRIPURAMALLU,123456789,,522002,ANDHRA PRADESH,ANDHRA PRADESH,COBELTPETA 4 TH LINE 5-59-32 GUNTUR ANDHRA PRADESH 522002,PREPAID,20,,,,,,
47,,,,LEX DIGITAL,123456789,,,110053,BHAJANPURA,DELHI,BHAJANPURA,MACHHAPPA GARI RAVI TEJA,123456789,,515261,ANDHRA PRADESH,ANDHRA PRADESH,"1-10-2, VITTAAPALLI, S C COLONY, VITTAPALLE, ANANTAPUR 1-10-2 VITTAPALLI SC COLONY VITTAPALLE ANDHRA PRADESH 515261",PREPAID,20,,,,,,
48,,,,LEX DIGITAL,123456789,,,110053,BHAJANPURA,DELHI,BHAJANPURA,NANDYALA RAMBABU,123456789,,533213,ANDHRA PRADESH,ANDHRA PRADESH,"3-50 CHERUVU GATTU THANDAVAPALLI, AMALAPURAM MANDALM EAST GODAVARI ANDHRA PRADESH 533213",PREPAID,20,,,,,,
49,,,,LEX DIGITAL,123456789,,,110053,BHAJANPURA,DELHI,BHAJANPURA,PATTAN ABDUL RAZAK,123456789,,524004,ANDHRA PRADESH,ANDHRA PRADESH,A1/532 SIVAJI COLONY BUJA NELLORE RURAL ANDHRA PRADESH 524004,PREPAID,20,,,,,,
50,,,,LEX DIGITAL,123456789,,,110053,BHAJANPURA,DELHI,BHAJANPURA,LAKSHMI NARAYANA PAPISHETTY,123456789,,518501,ANDHRA PRADESH,ANDHRA PRADESH,4-62AKRANTHI NAGAR KURNOOL ANDHRA PRADESH 518501,PREPAID,20,,,,,,
51,,,,LEX DIGITAL,123456789,,,110053,BHAJANPURA,DELHI,BHAJANPURA,RAJOLI VIJAYA LAKSHMI,123456789,,518003,ANDHRA PRADESH,ANDHRA PRADESH,"H NO 76-97/380/9, NTR NAGAR, KALLUR KURNOOL ANDHRA PRADESH 518003",PREPAID,20,,,,,,
52,,,,LEX DIGITAL,123456789,,,110053,BHAJANPURA,DELHI,BHAJANPURA,PERUMALLAPALLI MANI RAJU,123456789,,521301,ANDHRA PRADESH,ANDHRA PRADESH,5-79 DRIVER NAGAR GUDIVADA KRISHNA ANDHRA PRADESH 521301,PREPAID,20,,,,,,
53,,,,LEX DIGITAL,123456789,,,110053,BHAJANPURA,DELHI,BHAJANPURA,AVANIGADDA SATISH KUMAR,123456789,,534235,ANDHRA PRADESH,ANDHRA PRADESH,H-N-1-120 AKIVIDU WEST GODAVARI ANDHRA PRADESH 534235,PREPAID,20,,,,,,
54,,,,LEX DIGITAL,123456789,,,110053,BHAJANPURA,DELHI,BHAJANPURA,KOLIPARA NAGARAJU,123456789,,534002,ANDHRA PRADESH,ANDHRA PRADESH,H NO 27-1-30/1 AMEENA PETA ELURU WEST GODAVARI ANDHRA PRADESH 534002,PREPAID,20,,,,,,
55,,,,LEX DIGITAL,123456789,,,110053,BHAJANPURA,DELHI,BHAJANPURA,PALANI MANIKYAMBA,123456789,,533468,ANDHRA PRADESH,ANDHRA PRADESH,4-290/1 BASAVESWARA GUDI VEEDI GORRIPUDI KARAPA MANDALAM EAST GODAVARI ANDHRA PRADESH 533468,PREPAID,20,,,,,,
56,,,,LEX DIGITAL,123456789,,,110053,BHAJANPURA,DELHI,BHAJANPURA,RAVI PRAKASH NAMABATHULA,123456789,,533235,ANDHRA PRADESH,ANDHRA PRADESH,HARJANA PETE YADIPUDI ATREYAPURAMEAST GODARI AP 5332 35 EAST GODAVARI ANDHRA PRADESH 533235,PREPAID,20,,,,,,
57,,,,LEX DIGITAL,123456789,,,110053,BHAJANPURA,DELHI,BHAJANPURA,KONDRUPATI VAMSI BABU,123456789,,521201,ANDHRA PRADESH,ANDHRA PRADESH,4-4-445 NUZVID MANDALAM MUKKOLLUPADU KRISHNA ANDHRA PRADESH 521201,PREPAID,20,,,,,,
58,,,,LEX DIGITAL,123456789,,,110053,BHAJANPURA,DELHI,BHAJANPURA,MARISETTI RAVITEJA,123456789,,534456,ANDHRA PRADESH,ANDHRA PRADESH,1-97 APPALARAJUGUDOM RAMALAYAM BACKSIDE NARASAPURA MANDALAM WEST GODAVARI ANDHRA PRADESH 534456,PREPAID,20,,,,,,
59,,,,LEX DIGITAL,123456789,,,110053,BHAJANPURA,DELHI,BHAJANPURA,GADAM LALITHA,123456789,,521105,ANDHRA PRADESH,ANDHRA PRADESH,4-150 HARIJANAVADA BAPULAPADU KRISHNA ANDHRA PRADESH 521105,PREPAID,20,,,,,,
60,,,,LEX DIGITAL,123456789,,,110053,BHAJANPURA,DELHI,BHAJANPURA,DAS S,123456789,,517128,ANDHRA PRADESH,ANDHRA PRADESH,D.NO-26-452 IRUVARAM CHITTOOR ANDHRA PRADESH 517128,PREPAID,20,,,,,,
61,,,,LEX DIGITAL,123456789,,,110053,BHAJANPURA,DELHI,BHAJANPURA,DASARI RADHA,123456789,,516001,ANDHRA PRADESH,ANDHRA PRADESH,"D.NO-43/3-1,PRAKASH NAGAR CUDDAPAH ANDHRA PRADESH 516001",PREPAID,20,,,,,,
62,,,,LEX DIGITAL,123456789,,,110053,BHAJANPURA,DELHI,BHAJANPURA,SHAREEF SHAIK,123456789,,524004,ANDHRA PRADESH,ANDHRA PRADESH,"SO SHAIK MASTHAN 484 10TH STREET RAM NAGAR BUJA N,ENELLORE NELLORE RURAL ANDHRA PRADESH 524004",PREPAID,20,,,,,,
63,,,,LEX DIGITAL,123456789,,,110053,BHAJANPURA,DELHI,BHAJANPURA,JAI VENKATA NAGA DURGA KUMAR GURAJA,123456789,,520015,ANDHRA PRADESH,ANDHRA PRADESH,"S/O VENKATA MALLIKARJUNA RAO 43-115-7A, P AND T COLONY AJITH SINGH NAGAR, VIJAYAWADA URBAN KRISHNA ANDHRA PRADESH 520015",PREPAID,20,,,,,,
64,,,,LEX DIGITAL,123456789,,,110053,BHAJANPURA,DELHI,BHAJANPURA,SHAIK SHAKUN BEE,123456789,,518501,ANDHRA PRADESH,ANDHRA PRADESH,H NO 29/2007E TEKKE NANDYAL KURNOOL ANDHRA PRADESH 518501,PREPAID,20,,,,,,
65,,,,LEX DIGITAL,123456789,,,110053,BHAJANPURA,DELHI,BHAJANPURA,HARIJANA ERAPPA GARI VANNURUSWAMY,123456789,,515870,ANDHRA PRADESH,ANDHRA PRADESH,BOMMANAHAL BOLLANAGUNDDAM ANANTAPUR ANDHRA PRADESH 515870,PREPAID,20,,,,,,
66,,,,LEX DIGITAL,123456789,,,110053,BHAJANPURA,DELHI,BHAJANPURA,PRITI BINDU CHAKMA,123456789,,792056,ARUNACHAL PRADESH,ARUNACHAL PRADESH,VILL MILONPUR BIJOYPUR III BI I N II CHANGLANG ARUNACHAL PRADESH 792056 DUPON CHAKMA 9383325182,PREPAID,20,,,,,,
67,,,,LEX DIGITAL,123456789,,,110053,BHAJANPURA,DELHI,BHAJANPURA,DEWAN SOLEMAN ALI HASSAN,123456789,,781040,ASSAM,ASSAM,H ON NEW LOKHRA SAWKUCHI NEAR NFR COLLEGE GUWAHATI ASSAM 781040,PREPAID,20,,,,,,
68,,,,LEX DIGITAL,123456789,,,110053,BHAJANPURA,DELHI,BHAJANPURA,NABAJYOTI BARMAN,123456789,,781304,ASSAM,ASSAM,KAKAYA PO:KAKAYA DIST:NALBARI NALBARI ASSAM 781304,PREPAID,20,,,,,,
69,,,,LEX DIGITAL,123456789,,,110053,BHAJANPURA,DELHI,BHAJANPURA,DEEPAK BHARALI,123456789,,781101,ASSAM,ASSAM,C/O JADAV BHARALI PANITEMA KAMRUP-781101 KAMRUP ASSAM 781101,PREPAID,20,,,,,,
70,,,,LEX DIGITAL,123456789,,,110053,BHAJANPURA,DELHI,BHAJANPURA,GULAM RABBANI,123456789,,784514,ASSAM,ASSAM,C/O LT SULTAN AHMED NO 4 BARUAJHAR PO-BECHIMARI 3 LALPUL BAZAR DALGAON UDALGURI ASSAM DARRANG 784514,PREPAID,20,,,,,,
71,,,,LEX DIGITAL,123456789,,,110053,BHAJANPURA,DELHI,BHAJANPURA,RAJIB TALUKDAR,123456789,,781348,ASSAM,ASSAM,VILL/TOWN PASCHIM KHATAR KALAKUCHI P S MUKALMUA SUB DIVN NALBARI DIST ASSAM 781348,PREPAID,20,,,,,,
72,,,,LEX DIGITAL,123456789,,,110053,BHAJANPURA,DELHI,BHAJANPURA,SHARITA ROUTH,123456789,,788806,ASSAM,ASSAM,C/N-7(B) NEAR SHONI MANDIR BADARPUR KARIMGANJ ASSAM 788806,PREPAID,20,,,,,,
73,,,,LEX DIGITAL,123456789,,,110053,BHAJANPURA,DELHI,BHAJANPURA,MIRA KALITA,123456789,,781125,ASSAM,ASSAM,C/O BABUL KALITA NEAR SWAHID BHAWAN KOKJAR KAMRUP ASSAM 781125,PREPAID,20,,,,,,
74,,,,LEX DIGITAL,123456789,,,110053,BHAJANPURA,DELHI,BHAJANPURA,MOHAN SINGH,123456789,,787001,ASSAM,ASSAM,VILL CHAPORIGAON WARD NO 12 PO NORTH LAKHIMPUR DIST ASSAM 787001,PREPAID,20,,,,,,
75,,,,LEX DIGITAL,123456789,,,110053,BHAJANPURA,DELHI,BHAJANPURA,MD KAMAL HUSSAIN,123456789,,782124,ASSAM,ASSAM,VILL KENDUGURI PO TINSUKIA NAGAON ASSAM 782124,PREPAID,20,,,,,,
76,,,,LEX DIGITAL,123456789,,,110053,BHAJANPURA,DELHI,BHAJANPURA,BIDYASING TERANG,123456789,,782480,ASSAM,ASSAM,"LAKCHO TERON GAON, GANDHIPUR LINE BASTI, PO-KULIGAON, PS-BOKAJAN 6001686767(ELWIN TERON) 9395739984(SARLONGKI TERANG) KARBI ANGLONG ASSAM 782480",PREPAID,20,,,,,,
77,,,,LEX DIGITAL,123456789,,,110053,BHAJANPURA,DELHI,BHAJANPURA,BHARGOV PHUKAN,123456789,,782441,ASSAM,ASSAM,VILL-NAGIAGAON BHALUK JAN KARBI ANGLONG ASSAM 782441,PREPAID,20,,,,,,
78,,,,LEX DIGITAL,123456789,,,110053,BHAJANPURA,DELHI,BHAJANPURA,TOFIKUR RAHMAN,123456789,,781102,ASSAM,ASSAM,"DEHAR KURIHA, KAMRUP ASSAM 781102",PREPAID,20,,,,,,
79,,,,LEX DIGITAL,123456789,,,110053,BHAJANPURA,DELHI,BHAJANPURA,SADDAM HUSSAIN,123456789,,782126,ASSAM,ASSAM,VILL-SHAULMARI P.O-DOLOIGAON P.S-MOIRABARI MARIGAON ASSAM 782126,PREPAID,20,,,,,,
80,,,,LEX DIGITAL,123456789,,,110053,BHAJANPURA,DELHI,BHAJANPURA,MRIDUL BORA,123456789,,782426,ASSAM,ASSAM,VILL - MEDHIBHAKAT GAON PO PATIAPAM PS KAMPUR NAGAON ASSAM 782426,PREPAID,20,,,,,,
81,,,,LEX DIGITAL,123456789,,,110053,BHAJANPURA,DELHI,BHAJANPURA,MANIK SINGHA,123456789,,783381,ASSAM,ASSAM,"VILL TENGAIGAON, SIMLAGURI, CHIRANG, CHIRANG ASSAM 783381 BONGAIGAON",PREPAID,20,,,,,,
82,,,,LEX DIGITAL,123456789,,,110053,BHAJANPURA,DELHI,BHAJANPURA,RUSTAM ALI,123456789,,783371,ASSAM,ASSAM,"HARDEMARA,DHUBRI HARDEMARA DHUBRI ASSAM 783371",PREPAID,20,,,,,,
83,,,,LEX DIGITAL,123456789,,,110053,BHAJANPURA,DELHI,BHAJANPURA,RAFIK ALI,123456789,,785601,ASSAM,ASSAM,"TENGATAL PANCHAMUKHI, CHUNGAJAN EKORANI NO.1 P.O.- GOLAGHAT ASSAM 785601",PREPAID,20,,,,,,
84,,,,LEX DIGITAL,123456789,,,110053,BHAJANPURA,DELHI,BHAJANPURA,ARFIMA BEGUM,123456789,,781136,ASSAM,ASSAM,"BARUA GAON, KAMRUP ASSAM PS BOKO DIST 781136",PREPAID,20,,,,,,
85,,,,LEX DIGITAL,123456789,,,110053,BHAJANPURA,DELHI,BHAJANPURA,BEJNATH GUPTA,123456789,,782460,ASSAM,ASSAM,PANABARI GAON DIPHU . KARBI ANGLONG ASSAM 782460,PREPAID,20,,,,,,
86,,,,LEX DIGITAL,123456789,,,110053,BHAJANPURA,DELHI,BHAJANPURA,MANASH PRATIM BHARADWAJ,123456789,,784145,ASSAM,ASSAM,"HAZARIKAPARA,DARRANG, PS SIPAJHAR SUB DIVN MANGALDOI DIST DARRANG ASSAM 784145",PREPAID,20,,,,,,
87,,,,LEX DIGITAL,123456789,,,110053,BHAJANPURA,DELHI,BHAJANPURA,LAKHINATH MOHAN,123456789,,785670,ASSAM,ASSAM,"THANPATHER GAON, RANGOLI CHARAIDEO SIVASAGAR ASSAM 785670",PREPAID,20,,,,,,
88,,,,LEX DIGITAL,123456789,,,110053,BHAJANPURA,DELHI,BHAJANPURA,KUMUD DUTTA,123456789,,786010,ASSAM,ASSAM,NAHAR HAKU GAON DIBRUGARH ASSAM 786010,PREPAID,20,,,,,,
89,,,,LEX DIGITAL,123456789,,,110053,BHAJANPURA,DELHI,BHAJANPURA,CHAMPAK DAS,123456789,,781326,ASSAM,ASSAM,"DHARAMTALA, BARPETA, ,, BARPETA ASSAM 781326",PREPAID,20,,,,,,
90,,,,LEX DIGITAL,123456789,,,110053,BHAJANPURA,DELHI,BHAJANPURA,MAINUL HAQUE,123456789,,781102,ASSAM,ASSAM,"VILL KALITAKUCHI, PO KALITAKUCHI PS HAJO SUB DIVN KAMRUP RINKU ALI 9365707101 ABDUL KARIM 9094425066 ASSAM 781102",PREPAID,20,,,,,,
91,,,,LEX DIGITAL,123456789,,,110053,BHAJANPURA,DELHI,BHAJANPURA,RAHAM ALI,123456789,,784190,ASSAM,ASSAM,VILL TOWN PANBARI HABI PART PS DHULA SUB DIVN MANGALDOI DIST DARANG ASSAM DARRANG 784190,PREPAID,20,,,,,,
92,,,,LEX DIGITAL,123456789,,,110053,BHAJANPURA,DELHI,BHAJANPURA,SAHANUR ALI,123456789,,781001,ASSAM,ASSAM,H/NO. 5 DR. S.K. BHUYAN ROAD DIGHALI PUKHURI EAST PANBAZAR GUWAHATI ASSAM 781001,PREPAID,20,,,,,,
93,,,,LEX DIGITAL,123456789,,,110053,BHAJANPURA,DELHI,BHAJANPURA,ANAR HUSSAIN,123456789,,782104,ASSAM,ASSAM,"KHATARBARI ACHARABARI,BHURBANDHA DIST MORIGAON ASSAM MARIGAON 782104",PREPAID,20,,,,,,
94,,,,LEX DIGITAL,123456789,,,110053,BHAJANPURA,DELHI,BHAJANPURA,UTTAM KARMAKAR,123456789,,783126,ASSAM,ASSAM,"KHARIJA PAIKAN, PAIKAN PT-II P.O. - KRISHNAI, P.S- KRISHNAI DISTRICT- GOALPARA ASSAM 783126",PREPAID,20,,,,,,
95,,,,LEX DIGITAL,123456789,,,110053,BHAJANPURA,DELHI,BHAJANPURA,PRAJEN INGTI,123456789,,782480,ASSAM,ASSAM,KULIGAON KULI GAON KARBI ANGLONG ASSAM 782480,PREPAID,20,,,,,,
96,,,,LEX DIGITAL,123456789,,,110053,BHAJANPURA,DELHI,BHAJANPURA,PRAMOD KALITA,123456789,,781380,ASSAM,ASSAM,VILL-ISHADAGHARIA P.O.-KANIHA PS-RANGIA KAMRUP ASSAM 781380,PREPAID,20,,,,,,
97,,,,LEX DIGITAL,123456789,,,110053,BHAJANPURA,DELHI,BHAJANPURA,JYOTI PATAR,123456789,,782105,ASSAM,ASSAM,VILL TOWN MAJGAON PS MIKIRGAON SUB DIVN MORIGAON DIST PO BHUMURAGURI REF NO BUDHA RAM NATH 9365274917 MARIGAON ASSAM 782105,PREPAID,20,,,,,,
98,,,,LEX DIGITAL,123456789,,,110053,BHAJANPURA,DELHI,BHAJANPURA,MOMATA MORAN,123456789,,786160,ASSAM,ASSAM,TARANI GAON TINSUKIA ASSAM 786160,PREPAID,20,,,,,,
99,,,,LEX DIGITAL,123456789,,,110053,BHAJANPURA,DELHI,BHAJANPURA,ZAKIR HUSSAIN SK,123456789,,783360,ASSAM,ASSAM,"GOSSAIGAON NEPALPARA KOKRAJHAR,AS KOKRAJHAR ASSAM 783360",PREPAID,20,,,,,,
100,,,,LEX DIGITAL,123456789,,,110053,BHAJANPURA,DELHI,BHAJANPURA,SYED RAZUL HAQUE,123456789,,781380,ASSAM,ASSAM,"260, KENDUKONA, KENDUKONA RAILWAY STATION, BAMUNGAON, KAMRUP SUB DIVN RANGIA ASSAM 781380",PREPAID,20,,,,,,
101,,,,LEX DIGITAL,123456789,,,110053,BHAJANPURA,DELHI,BHAJANPURA,KHWDWMSA BORO,123456789,,784522,ASSAM,ASSAM,VILL CHATGIRI PO BOGPURI DIST UDALGURI DARRANG ASSAM 784522,PREPAID,20,,,,,,
102,,,,LEX DIGITAL,123456789,,,110053,BHAJANPURA,DELHI,BHAJANPURA,MONOMATI DEKA BARMAN,123456789,,781003,ASSAM,ASSAM,C 0 LATE PRAFFULA PURBANCHAL NAGAR CHANDMARI KAMRUP METRO ASSAM GUWAHATI 781003,PREPAID,20,,,,,,
103,,,,LEX DIGITAL,123456789,,,110053,BHAJANPURA,DELHI,BHAJANPURA,TIKEN BORAH,123456789,,787057,ASSAM,ASSAM,NIMATICHUK ERA DHAL DHEMAJI ASSAM 787057,PREPAID,20,,,,,,
104,,,,LEX DIGITAL,123456789,,,110053,BHAJANPURA,DELHI,BHAJANPURA,HARESH KUMAR THAKUR,123456789,,781035,ASSAM,ASSAM,"VILL-GARALI PO, PS- GARCHUK MNO KAMRUP ASSAM 781035",PREPAID,20,,,,,,
105,,,,LEX DIGITAL,123456789,,,110053,BHAJANPURA,DELHI,BHAJANPURA,RITA CHUTIA,123456789,,787026,ASSAM,ASSAM,CHAMARAJAN SAMARAJAN NC DHEMAJI JUGESH SHA 9954027193 RAJA SHARMA 9632748351 SUROV DEY 8473828957 BIJOY VERMA 9678141192 RAHUL DUTTA 8135924830 ASSAM 787026,PREPAID,20,,,,,,
106,,,,LEX DIGITAL,123456789,,,110053,BHAJANPURA,DELHI,BHAJANPURA,PRANJAL DUTTA,123456789,,785614,ASSAM,ASSAM,DERGAON GOLAGHAT MANASH PROTIM BORA - 8134906817 ASSAM 785614,PREPAID,20,,,,,,
107,,,,LEX DIGITAL,123456789,,,110053,BHAJANPURA,DELHI,BHAJANPURA,DHARMENDRA KALITA,123456789,,781022,ASSAM,ASSAM,CO PRADIP KALITA UDAYNAGAR KAINADHARA KHANAPARA KAMRUP METRO ASSAM 781022,PREPAID,20,,,,,,
108,,,,LEX DIGITAL,123456789,,,110053,BHAJANPURA,DELHI,BHAJANPURA,PRANATI BARMAN,123456789,,786001,ASSAM,ASSAM,GABHARU PATHAR BARD DIBRUGARH WEST ASSAM 786001,PREPAID,20,,,,,,
109,,,,LEX DIGITAL,123456789,,,110053,BHAJANPURA,DELHI,BHAJANPURA,AKHIL GOGOI,123456789,,785619,ASSAM,ASSAM,"-, BARUA GAON PATH, NEAR L P SCHOOL GAON, KOCHEEPATHAR KACHUPATHAR - GOLAGHAT ASSAM 785619",PREPAID,20,,,,,,
110,,,,LEX DIGITAL,123456789,,,110053,BHAJANPURA,DELHI,BHAJANPURA,BHASKAR JYOTI TAMULI,123456789,,781019,ASSAM,ASSAM,HOUSE NO 7 KAHILIPARA JATIA KAMRUP METRO ASSAM 781019,PREPAID,20,,,,,,
111,,,,LEX DIGITAL,123456789,,,110053,BHAJANPURA,DELHI,BHAJANPURA,JOYDEV KALITA,123456789,,783125,ASSAM,ASSAM,VILL KARIPARA PT 1 PS MATIA GOALPARA ASSAM 783125,PREPAID,20,,,,,,
112,,,,LEX DIGITAL,123456789,,,110053,BHAJANPURA,DELHI,BHAJANPURA,MD NOBI HUSSAIN,123456789,,782428,ASSAM,ASSAM,SIMLAI PATHAR NAGAON . ASSAM 782428,PREPAID,20,,,,,,
113,,,,LEX DIGITAL,123456789,,,110053,BHAJANPURA,DELHI,BHAJANPURA,WAIZUL HAQUE,123456789,,782127,ASSAM,ASSAM,AMARAGURI JALAKIABORI PS LAHARIGHAT SUB DIVN MORIGAON DIST NITUL BHOWMIK 7002437657 RAHUL 7005507210 MARIGAON ASSAM 782127,PREPAID,20,,,,,,
114,,,,LEX DIGITAL,123456789,,,110053,BHAJANPURA,DELHI,BHAJANPURA,DEVA PADUN,123456789,,785104,ASSAM,ASSAM,"BHURAMORA,RANUCHUK, RONGACHAHI MAJULI JORHAT ASSAM 785104",PREPAID,20,,,,,,
115,,,,LEX DIGITAL,123456789,,,110053,BHAJANPURA,DELHI,BHAJANPURA,NITYANANDA SAIKIA,123456789,,785640,ASSAM,ASSAM,STREET/ROAD/LANE DHAI ALI AREA/LOCALITY/SECTOR JOYRAPAR SIVASAGAR VILLAGE/TOWN/CITY JOYAPAR DISTRICT SIBSAGAR PO NIJUMONI SAIKIA 8638309244 BOIKUNTHA BORAH 6001218081 ASSAM 785640,PREPAID,20,,,,,,
116,,,,LEX DIGITAL,123456789,,,110053,BHAJANPURA,DELHI,BHAJANPURA,SWMDWN BRAHMA,123456789,,781360,ASSAM,ASSAM,VILL NAGAPUR NO.1KALIPUR DIST BAKSA NALBARI ASSAM 781360,PREPAID,20,,,,,,
117,,,,LEX DIGITAL,123456789,,,110053,BHAJANPURA,DELHI,BHAJANPURA,RAMLAL GOALA,123456789,,788126,ASSAM,ASSAM,VILL HATI KURI GRANT PS LAKHIPUR SUB DIVN CACHAR ASSAM 788126,PREPAID,20,,,,,,
118,,,,LEX DIGITAL,123456789,,,110053,BHAJANPURA,DELHI,BHAJANPURA,SAHATUN NESSA,123456789,,783126,ASSAM,ASSAM,"VILL-ASHUDUBI P/S-KRISHNAI,P/O-KRISHNAI DISTRICT-GOALPARA GOALPARA ASSAM 783126",PREPAID,20,,,,,,
119,,,,LEX DIGITAL,123456789,,,110053,BHAJANPURA,DELHI,BHAJANPURA,PUJA MORAN,123456789,,786174,ASSAM,ASSAM,NALANI PHUPHULAJAN TINSUKIA ASSAM 786174,PREPAID,20,,,,,,
120,,,,LEX DIGITAL,123456789,,,110053,BHAJANPURA,DELHI,BHAJANPURA,AGNIS SULTANA SODIAL,123456789,,788003,ASSAM,ASSAM,VILL TARAPUR PART 4 PS SILCHAR SADAR SUB DIVN CACHAR ASSAM 788003,PREPAID,20,,,,,,
121,,,,LEX DIGITAL,123456789,,,110053,BHAJANPURA,DELHI,BHAJANPURA,RAJIV BORA,123456789,,786152,ASSAM,ASSAM,VILL-HUNJAN GAON MAITHANGPANI MAITHONG PANI NO-1 PS KAKOPATHAR SUB DIVN SADIYA DIST TINSUKIA ASSAM 786152,PREPAID,20,,,,,,
122,,,,LEX DIGITAL,123456789,,,110053,BHAJANPURA,DELHI,BHAJANPURA,MEHARUL ISLAM,123456789,,781137,ASSAM,ASSAM,VILL 1NO KALAPANI PO PANIKHAITY PS CHAYGAON KAMRUP ASSAM 781137,PREPAID,20,,,,,,
123,,,,LEX DIGITAL,123456789,,,110053,BHAJANPURA,DELHI,BHAJANPURA,SIDDIK ALI,123456789,,783126,ASSAM,ASSAM,ASHUDUBI GOALPARA ASSAM 783126,PREPAID,20,,,,,,
124,,,,LEX DIGITAL,123456789,,,110053,BHAJANPURA,DELHI,BHAJANPURA,KUKIL BORUAH,123456789,,784164,ASSAM,ASSAM,VILL TOWN NO 2 BAHUPATHAR PS BIHPURIA SUBDIVN NORTH LAKHIMPUR DIST ASSAM 784161 784164,PREPAID,20,,,,,,
125,,,,LEX DIGITAL,123456789,,,110053,BHAJANPURA,DELHI,BHAJANPURA,MAHIDUL ISLAM,123456789,,781311,ASSAM,ASSAM,VILL BAGODI PS BARPETA DIST ASSAM 781311,PREPAID,20,,,,,,
126,,,,LEX DIGITAL,123456789,,,110053,BHAJANPURA,DELHI,BHAJANPURA,JUNMONI KALITA BORA,123456789,,782446,ASSAM,ASSAM,VILL-3 NO KAKI PS-KAKI DIST-NAGAON ASSAM NAGAON 782446,PREPAID,20,,,,,,
127,,,,LEX DIGITAL,123456789,,,110053,BHAJANPURA,DELHI,BHAJANPURA,BIGAN DAS,123456789,,844121,BIHAR,BIHAR,SALLAHAPUR LALGANJ VAISHALI BIHAR 844121,PREPAID,20,,,,,,
128,,,,LEX DIGITAL,123456789,,,110053,BHAJANPURA,DELHI,BHAJANPURA,MD MOJIBUR RAHMAN,123456789,,854318,BIHAR,BIHAR,WARD NO 07 RAMPUR NORTH FORBESGANJ ARARIA BIHAR 854318,PREPAID,20,,,,,,
129,,,,LEX DIGITAL,123456789,,,110053,BHAJANPURA,DELHI,BHAJANPURA,MITHALESH SAHNI,123456789,,847107,BIHAR,BIHAR,C/O JAMUN SAHANI SUSTA KEOTSA BARUARI MUZAFFARPUR BIHAR 847107,PREPAID,20,,,,,,
130,,,,LEX DIGITAL,123456789,,,110053,BHAJANPURA,DELHI,BHAJANPURA,CHANDAN KUMAR MISHRA,123456789,,843127,BIHAR,BIHAR,"VILL-SISWA POST-RAMPUR MINA , MUZAFFARPUR BIHAR 843127",PREPAID,20,,,,,,
131,,,,LEX DIGITAL,123456789,,,110053,BHAJANPURA,DELHI,BHAJANPURA,PAWAN KUMAR MANDAL,123456789,,847122,BIHAR,BIHAR,VILLAGE MADHIYA POST KAZI TOLA CHAPARIYA PS BISFI MADHUBANI BIHAR 847122,PREPAID,20,,,,,,
132,,,,LEX DIGITAL,123456789,,,110053,BHAJANPURA,DELHI,BHAJANPURA,KUNAL KUMAR,123456789,,800011,BIHAR,BIHAR,"104,YADAV COLONY DIGHA,NIRALA NAGAR POLSAN ROAD PATNA BIHAR 800011",PREPAID,20,,,,,,
133,,,,LEX DIGITAL,123456789,,,110053,BHAJANPURA,DELHI,BHAJANPURA,DIPAK KUMAR YADAV,123456789,,854337,BIHAR,BIHAR,"S/O VIDHYANAND YADAV,, INDIA, , SHRINAGAR RANIPATRA PURNIA BIHAR 854337",PREPAID,20,,,,,,
134,,,,LEX DIGITAL,123456789,,,110053,BHAJANPURA,DELHI,BHAJANPURA,SHRAVAN KUMAR SHARMA,123456789,,844101,PUNJAB,PUNJAB,CHANAKYA COLONY SECTOR 1 HAJIPUR PUNJAB 844101,PREPAID,20,,,,,,
135,,,,LEX DIGITAL,123456789,,,110053,BHAJANPURA,DELHI,BHAJANPURA,RANJAN KUMAR,123456789,,844120,BIHAR,BIHAR,"W NO 3,HOSPITAL,KURHANI MUZAFFARPUR BIHAR 844120",PREPAID,20,,,,,,
136,,,,LEX DIGITAL,123456789,,,110053,BHAJANPURA,DELHI,BHAJANPURA,UDAY KUMAR,123456789,,843103,BIHAR,BIHAR,"517,BERAI,KHANPUR RD,HANUMAN MANDIR MUZAFFARPUR BIHAR 843103",PREPAID,20,,,,,,
137,,,,LEX DIGITAL,123456789,,,110053,BHAJANPURA,DELHI,BHAJANPURA,KESHAV KR THAKUR,123456789,,847225,BIHAR,BIHAR,JASO WARD 01 MADHUBANI BIHAR 847225,PREPAID,20,,,,,,
138,,,,LEX DIGITAL,123456789,,,110053,BHAJANPURA,DELHI,BHAJANPURA,RANJEET KUMAR YADAV,123456789,,843110,BIHAR,BIHAR,S/O NAGDEV RAY PARANPUR VAISHALI BIHAR 843110,PREPAID,20,,,,,,
139,,,,LEX DIGITAL,123456789,,,110053,BHAJANPURA,DELHI,BHAJANPURA,SANJAY KUMAR SINHA,123456789,,800004,BIHAR,BIHAR,"S/O LATE BRAJESHWAR PRASAD SINHA KHAZANCHI ROAD GALI NO 1,NEAR DR MOHAN SINGH LAB PATNA BIHAR ARYA KUMAR 800004",PREPAID,20,,,,,,
140,,,,LEX DIGITAL,123456789,,,110053,BHAJANPURA,DELHI,BHAJANPURA,SHAMBHU BARAN BHAGAT,123456789,,843302,BIHAR,BIHAR,WARD NO 15 VILLAGE GOSAIPUR GOSAINPUR PS DUMAR SITAMARHI BIHAR 843302,PREPAID,20,,,,,,
141,,,,LEX DIGITAL,123456789,,,110053,BHAJANPURA,DELHI,BHAJANPURA,SIMPI KUMARI,123456789,,800024,BIHAR,BIHAR,C/O ANSHU KUMAR INDRAPURI ROAD NO 5B /12 PO KESHRI NAGAR PATNA BIHAR 800024,PREPAID,20,,,,,,
142,,,,LEX DIGITAL,123456789,,,110053,BHAJANPURA,DELHI,BHAJANPURA,SARVESH MUKHIYA,123456789,,843302,BIHAR,BIHAR,WARD 07 RAJOPATTI CHAKMAHILA SITAMARHI BAZAR DUMRA BRAHAM STHAN BIHAR 843302,PREPAID,20,,,,,,
143,,,,LEX DIGITAL,123456789,,,110053,BHAJANPURA,DELHI,BHAJANPURA,SANGITA DEVI,123456789,,847224,BIHAR,BIHAR,"WARD NO 06, BELA , BABUBARHI BELA, MADHUBANI, BIHAR BABUBARHI, MADHUBANI 847224",PREPAID,20,,,,,,
144,,,,LEX DIGITAL,123456789,,,110053,BHAJANPURA,DELHI,BHAJANPURA,KAILASH H YADAV,123456789,,848203,BIHAR,BIHAR,WARD NO 14 GRAM LADAURA SAHSI ALAULI KHAGARIA BIHAR 848203 VIVEK KUMAR 6301457514 -,PREPAID,20,,,,,,
145,,,,LEX DIGITAL,123456789,,,110053,BHAJANPURA,DELHI,BHAJANPURA,MD ARSAD ALAM,123456789,,854335,BIHAR,BIHAR,WARD NO-02 MUSLIM TOLA PITHAURA THANA-NARPATGANJ NARPATGANJ ARARIA BIHAR 854335,PREPAID,20,,,,,,
146,,,,LEX DIGITAL,123456789,,,110053,BHAJANPURA,DELHI,BHAJANPURA,ANGURI KHATOON,123456789,,852106,BIHAR,BIHAR,"W/O MD RAHIM DHANUPRA, WARD NO 09 SARAUNJA THANA SITANABAD SAHARSA BIHAR 852106",PREPAID,20,,,,,,
147,,,,LEX DIGITAL,123456789,,,110053,BHAJANPURA,DELHI,BHAJANPURA,ANWAR MIYAN,123456789,,845101,BIHAR,BIHAR,AT MEHURA WARD NO 10 WEST CHAMPARAN BIHAR 845101,PREPAID,20,,,,,,
148,,,,LEX DIGITAL,123456789,,,110053,BHAJANPURA,DELHI,BHAJANPURA,MANGLA LAL GANESH,123456789,,855101,BIHAR,BIHAR,AT- BALUBARI WARD- 09 PO- DIGALBANK PS- KISHANGANJ BIHAR 855101,PREPAID,20,,,,,,
149,,,,LEX DIGITAL,123456789,,,110053,BHAJANPURA,DELHI,BHAJANPURA,GAURAV VATSA,123456789,,854311,BIHAR,BIHAR,"AT- ARARIA W/NO 08, PO/PS- ARARI, DIST- ARARIA, BIHAR 854311",PREPAID,20,,,,,,
150,,,,LEX DIGITAL,123456789,,,110053,BHAJANPURA,DELHI,BHAJANPURA,UMESH KUMAR,123456789,,841208,BIHAR,BIHAR,VILL-KARANPURA PO-AMDARAHI PS-EKMA SARAN BIHAR 841208,PREPAID,20,,,,,,
151,,,,LEX DIGITAL,123456789,,,110053,BHAJANPURA,DELHI,BHAJANPURA,SUMIT KUMAR,123456789,,848201,BIHAR,BIHAR,S/O SHAMBHU PRASAD SINGH WARD NO 01 MOHANPUR BEGUSARAI BIHAR 848201 RISHI KANT 7808599202,PREPAID,20,,,,,,
152,,,,LEX DIGITAL,123456789,,,110053,BHAJANPURA,DELHI,BHAJANPURA,AMJAD ALI,123456789,,842001,BIHAR,BIHAR,"C/O, WASI AHMAD WARD NO. 11, BARI KARBALA, MUZAFFARPUR BIHAR 842001",PREPAID,20,,,,,,
153,,,,LEX DIGITAL,123456789,,,110053,BHAJANPURA,DELHI,BHAJANPURA,PINTU KUMAR,123456789,,803107,BIHAR,BIHAR,BAHADURPUR GILANI NALANDA BIHAR 803107,PREPAID,20,,,,,,
154,,,,LEX DIGITAL,123456789,,,110053,BHAJANPURA,DELHI,BHAJANPURA,RAJESH SADA,123456789,,848203,BIHAR,BIHAR,RAM NARAYAN SADA WARD NO 10 BHIRORIYA RAUN ALAULI KHAGARIA BIHAR 848203 SANJAYN 6283693677,PREPAID,20,,,,,,
155,,,,LEX DIGITAL,123456789,,,110053,BHAJANPURA,DELHI,BHAJANPURA,LILAVATI DEVI,123456789,,845302,BIHAR,BIHAR,WARD NO 16 AT JHITKAHIYA PO BARWA PS LAKHAURA EAST CHAMPARAN BIHAR 845302,PREPAID,20,,,,,,
156,,,,LEX DIGITAL,123456789,,,110053,BHAJANPURA,DELHI,BHAJANPURA,PREMSHANKAR RAY,123456789,,845427,BIHAR,BIHAR,AT PO GONAHI PS PATAHI EAST CHAMPARAN BIHAR 845427,PREPAID,20,,,,,,
157,,,,LEX DIGITAL,123456789,,,110053,BHAJANPURA,DELHI,BHAJANPURA,PAWAN KUMAR,123456789,,852111,BIHAR,BIHAR,BATRAN WARD NO-14 PHENGLAS RAGHOPUR SUPAUL BIHAR 852111,PREPAID,20,,,,,,
158,,,,LEX DIGITAL,123456789,,,110053,BHAJANPURA,DELHI,BHAJANPURA,PUNAM DEVI,123456789,,854202,BIHAR,BIHAR,AT-PO-BORARAHI WARD NO-04 JANKINAGAR PURNIA BIHAR 854202,PREPAID,20,,,,,,
159,,,,LEX DIGITAL,123456789,,,110053,BHAJANPURA,DELHI,BHAJANPURA,ROSHANI KUMARI,123456789,,811312,BIHAR,BIHAR,VILL PANPURBA PO MATIA PS BARHAT JAMUI BIHAR 811312,PREPAID,20,,,,,,
160,,,,LEX DIGITAL,123456789,,,110053,BHAJANPURA,DELHI,BHAJANPURA,DHARMENDRA KUMAR,123456789,,824211,BIHAR,BIHAR,"CHITAP, CHITAP KHURD, GAYA, SHERGHATI PS SHERGAHTI GAYA BIHAR 824211",PREPAID,20,,,,,,
161,,,,LEX DIGITAL,123456789,,,110053,BHAJANPURA,DELHI,BHAJANPURA,MD ZAKIR HUSSAIN,123456789,,854106,BIHAR,BIHAR,SIMARIA BAIJNATH PUR KATIHRA B.SIMARIA KATIHAR BIHAR 854106,PREPAID,20,,,,,,
162,,,,LEX DIGITAL,123456789,,,110053,BHAJANPURA,DELHI,BHAJANPURA,ASH NARAYAN KUWAR,123456789,,845431,BIHAR,BIHAR,PANCHBHIRWA WARD NO 09 MANSINGHA EAST CHAMPARAN MOTIHARI BIHAR 845431,PREPAID,20,,,,,,
163,,,,LEX DIGITAL,123456789,,,110053,BHAJANPURA,DELHI,BHAJANPURA,BAMBAM SAHNI,123456789,,842002,BIHAR,BIHAR,"WARD NO-9 RAJWARA BHAGWAN, MUSHAHARI FARM - MUZAFFARPUR BIHAR 842002",PREPAID,20,,,,,,
164,,,,LEX DIGITAL,123456789,,,110053,BHAJANPURA,DELHI,BHAJANPURA,AJIT KUMAR DAS,123456789,,844502,BIHAR,BIHAR,S/O SURESH DAS HILALPUR HALALPUR MADARPUR VAISHALI BIHAR 844502,PREPAID,20,,,,,,
165,,,,LEX DIGITAL,123456789,,,110053,BHAJANPURA,DELHI,BHAJANPURA,AUM PRAKASH KUMAR NISHAD,123456789,,845412,BIHAR,BIHAR,196 VANGARA KOILA BELWA EAST CHAMPARAN BIHAR 845412,PREPAID,20,,,,,,
166,,,,LEX DIGITAL,123456789,,,110053,BHAJANPURA,DELHI,BHAJANPURA,VARMA KUMAR,123456789,,845304,BIHAR,BIHAR,AT-BAIRIYA WARD NO 10 PO-KHARHUA CHAINPUR PS - KUNDWA EAST CHAMPARAN BIHAR 845304,PREPAID,20,,,,,,
167,,,,LEX DIGITAL,123456789,,,110053,BHAJANPURA,DELHI,BHAJANPURA,RAJESH KUMAR CHAUDHARY,123456789,,852108,BIHAR,BIHAR,HARDI DURGAASTHAN HERDI SUPAUL RAM KUMAR 9650778067 BIHAR 852108,PREPAID,20,,,,,,
168,,,,LEX DIGITAL,123456789,,,110053,BHAJANPURA,DELHI,BHAJANPURA,LALU KUMAR,123456789,,852128,BIHAR,BIHAR,17 MAURA JHARKAHA KOLHUA SHANKARPUR MADHEPURA BIHAR 852128,PREPAID,20,,,,,,
169,,,,LEX DIGITAL,123456789,,,110053,BHAJANPURA,DELHI,BHAJANPURA,MANISH KUMAR,123456789,,803101,BIHAR,BIHAR,"VILL-SHAHJADPUR PO-TUNGI PS-DEEPNAGAR ,DIST-NALANDA BIHARSHARIF BIHAR 803101",PREPAID,20,,,,,,
170,,,,LEX DIGITAL,123456789,,,110053,BHAJANPURA,DELHI,BHAJANPURA,VIKKI KUMAR,123456789,,803211,BIHAR,BIHAR,VILL ATHAMALGOLA PO PS PATNA BIHAR 803211,PREPAID,20,,,,,,
171,,,,LEX DIGITAL,123456789,,,110053,BHAJANPURA,DELHI,BHAJANPURA,MOHAMMAD IMTIYAZ,123456789,,800008,BIHAR,BIHAR,SADARGALIPATNACITY PATNA BIHAR 800008,PREPAID,20,,,,,,
172,,,,LEX DIGITAL,123456789,,,110053,BHAJANPURA,DELHI,BHAJANPURA,HASSAN BABU,123456789,,855107,BIHAR,BIHAR,AT PARIHAL PUR PO KANHAIYABARI PS KOCHADHAMAN WARD NO 14 KISHANGANJ BIHAR 855107,PREPAID,20,,,,,,
173,,,,LEX DIGITAL,123456789,,,110053,BHAJANPURA,DELHI,BHAJANPURA,ARJUN KUMAR SOMODAR,123456789,,845105,BIHAR,BIHAR,DUDHAURA COLONY WEST CHAMPARAN TINFERIA BIHAR 845105,PREPAID,20,,,,,,
174,,,,LEX DIGITAL,123456789,,,110053,BHAJANPURA,DELHI,BHAJANPURA,AKALESH YADAV,123456789,,847408,BIHAR,BIHAR,96 BAKWA MADHUBANI SURENDRA YADAV 8877728723 BIHAR 847408,PREPAID,20,,,,,,
175,,,,LEX DIGITAL,123456789,,,110053,BHAJANPURA,DELHI,BHAJANPURA,HIRDAY PASWAN,123456789,,811103,BIHAR,BIHAR,"S/O BATORAN PASWAN,, INDIA, MOHSIMPUR PANHESA SHEKHOPUR SARAI SHEIKHPURA BIHAR 811103",PREPAID,20,,,,,,
176,,,,LEX DIGITAL,123456789,,,110053,BHAJANPURA,DELHI,BHAJANPURA,SUJEET KUMAR,123456789,,843103,BIHAR,BIHAR,S/O- SATYANARAYAN SINGH VILLAGE- PATIYASA JALAL MIRZAPUR MUZAFFARPUR BIHAR 843103,PREPAID,20,,,,,,
177,,,,LEX DIGITAL,123456789,,,110053,BHAJANPURA,DELHI,BHAJANPURA,PANKAJ KUMAR YADAV,123456789,,813102,BIHAR,BIHAR,VILL DHORARI PO BALIYAMAHARA THANA BANKA BIHAR 813102,PREPAID,20,,,,,,
178,,,,LEX DIGITAL,123456789,,,110053,BHAJANPURA,DELHI,BHAJANPURA,BIJENDRA PASWAN,123456789,,852112,BIHAR,BIHAR,WARD NO 04 CHAINPUR LACHHMIPUR BHAGWATI PS SRINAGAR KUMARKHAND MADHEPURA BIHAR 852112,PREPAID,20,,,,,,
179,,,,LEX DIGITAL,123456789,,,110053,BHAJANPURA,DELHI,BHAJANPURA,ASHUTOSH KUMAR,123456789,,813109,BIHAR,BIHAR,KATHCHATAR LILATRIRAJOUN BANKA BIHAR 813109,PREPAID,20,,,,,,
180,,,,LEX DIGITAL,123456789,,,110053,BHAJANPURA,DELHI,BHAJANPURA,VIKASH KUMAR,123456789,,854312,BIHAR,BIHAR,"WARD NO. 09, DEVSTHAL NANANPUR, ARARIA MIRZAPUR BIHAR 854312",PREPAID,20,,,,,,
181,,,,LEX DIGITAL,123456789,,,110053,BHAJANPURA,DELHI,BHAJANPURA,MD AMAJAD,123456789,,847410,BIHAR,BIHAR,GRAM-SONRE POST-SONRE SONRE - MADHUBANI BIHAR 847410,PREPAID,20,,,,,,
182,,,,LEX DIGITAL,123456789,,,110053,BHAJANPURA,DELHI,BHAJANPURA,VINOD PANDEY,123456789,,802114,BIHAR,BIHAR,00 GRAM SIKRAUL POST CHAUSA BUXAR BIHAR 802114,PREPAID,20,,,,,,
183,,,,LEX DIGITAL,123456789,,,110053,BHAJANPURA,DELHI,BHAJANPURA,RAVI KUMAR,123456789,,854325,BIHAR,BIHAR,KUSIYAR GAON WARD NO 11 KUSIARGAON ARARIA GARHBANAILI BIHAR 854325,PREPAID,20,,,,,,
184,,,,LEX DIGITAL,123456789,,,110053,BHAJANPURA,DELHI,BHAJANPURA,MANOJ PASVAN,123456789,,811103,BIHAR,BIHAR,NIMI SHEIKHPURA DISTT 811103 BIHAR,PREPAID,20,,,,,,
185,,,,LEX DIGITAL,123456789,,,110053,BHAJANPURA,DELHI,BHAJANPURA,RITA DEVI,123456789,,854331,BIHAR,BIHAR,"WARD- 3, MARATIPUR KURSAKATTA - ARARIA BIHAR 854331",PREPAID,20,,,,,,
186,,,,LEX DIGITAL,123456789,,,110053,BHAJANPURA,DELHI,BHAJANPURA,ROUSAN TARA,123456789,,843329,BIHAR,BIHAR,124 SHYAMPUR WARD NO 05 SHAMPUR SHEOHAR BIHAR 843329,PREPAID,20,,,,,,
187,,,,LEX DIGITAL,123456789,,,110053,BHAJANPURA,DELHI,BHAJANPURA,SUDHIR KUMAR,123456789,,842002,BIHAR,BIHAR,WARD 32 AT SATPURA POKHARIYAPIR NEW COLONY POST RAMNA PS AKZI MAHAMMADPUR MUZAFFARPUR BIHAR 842002,PREPAID,20,,,,,,
188,,,,LEX DIGITAL,123456789,,,110053,BHAJANPURA,DELHI,BHAJANPURA,GOURI SHANKAR MAHTO,123456789,,843317,BIHAR,BIHAR,GRAM-MUHACHATTI PIPRA DADAN - SITAMARHI BIHAR 843317,PREPAID,20,,,,,,
189,,,,LEX DIGITAL,123456789,,,110053,BHAJANPURA,DELHI,BHAJANPURA,BIRBAL SADA,123456789,,852161,BIHAR,BIHAR,S/O YOGI SADA BELA NAUVAD BHELA NAUABA KHAGARIA BIHAR 852161D INDAL SHARMA 7479960771 852161,PREPAID,20,,,,,,
190,,,,LEX DIGITAL,123456789,,,110053,BHAJANPURA,DELHI,BHAJANPURA,SUNIL RAY,123456789,,848236,BIHAR,BIHAR,"WARD NO. 08, ANGAR GHAT, SAMASTIPUR ANGARGHAT BIHAR 848236",PREPAID,20,,,,,,
191,,,,LEX DIGITAL,123456789,,,110053,BHAJANPURA,DELHI,BHAJANPURA,RADHESHYAM KUMAR,123456789,,845426,BIHAR,BIHAR,GRAM POST GADAHIYA THANA MADHUBAN EAST CHAMPARAN BIHAR 845426,PREPAID,20,,,,,,
192,,,,LEX DIGITAL,123456789,,,110053,BHAJANPURA,DELHI,BHAJANPURA,MD ABDUL HANNAN,123456789,,855113,BIHAR,BIHAR,NANDANIYA POST NIMAUL HAT KATIHAR BIHAR 855113,PREPAID,20,,,,,,
193,,,,LEX DIGITAL,123456789,,,110053,BHAJANPURA,DELHI,BHAJANPURA,PUNAM DEVI,123456789,,852124,BIHAR,BIHAR,SATTAR WARD 01 PANCHGACHIYA SAHARSA BIHAR 852124,PREPAID,20,,,,,,
194,,,,LEX DIGITAL,123456789,,,110053,BHAJANPURA,DELHI,BHAJANPURA,JITENDRA KUMAR RAM,123456789,,847428,BIHAR,BIHAR,"VILLAGE-BANAULI, BANAULI DARBHANGA KANSI BIHAR 847428",PREPAID,20,,,,,,
195,,,,LEX DIGITAL,123456789,,,110053,BHAJANPURA,DELHI,BHAJANPURA,SAKINDRA PRASAD,123456789,,805124,BIHAR,BIHAR,S/O KRISHNAMURARI PRASAD VILL PO BARIGULNI PS DHAMUL DIST NAWADA BIHAR 805124,PREPAID,20,,,,,,
196,,,,LEX DIGITAL,123456789,,,110053,BHAJANPURA,DELHI,BHAJANPURA,RAJ KUMAR SINGH.,123456789,,845423,BIHAR,BIHAR,"WARD NO.09 GRAM RAMPUR KHAJURIYA, POST KJAJURIYA, P.S DUMARIYA GHAT, 845423,7250507653 KJAJURIYA GHAT EAST CHAMPARAN BIHAR 845423",PREPAID,20,,,,,,
197,,,,LEX DIGITAL,123456789,,,110053,BHAJANPURA,DELHI,BHAJANPURA,SHREEKANT KUMAR,123456789,,841423,BIHAR,BIHAR,KARASGHAT GOPALGANJ BIHAR 841423,PREPAID,20,,,,,,
198,,,,LEX DIGITAL,123456789,,,110053,BHAJANPURA,DELHI,BHAJANPURA,SUDHEER KUMAER,123456789,,851117,BIHAR,BIHAR,S/O TUN SHARMA WARD NO 10 NAGDAH BICHLA TOLA BEGUSARAI BIHAR CHHOTU KUMAR 7563888211 851117,PREPAID,20,,,,,,
199,,,,LEX DIGITAL,123456789,,,110053,BHAJANPURA,DELHI,BHAJANPURA,PRAMILA DEVI,123456789,,846004,BIHAR,BIHAR,KAIDRA BADH DARBHANGA ANCHAL NAGAR NEEGAM DISTT BIHAR 846004,PREPAID,20,,,,,,
200,,,,LEX DIGITAL,123456789,,,110053,BHAJANPURA,DELHI,BHAJANPURA,SHREE PRASAD SINGH,123456789,,855101,BIHAR,BIHAR,AT DHIMTOLA PO BATHABARI PS BAHADURGANJ WARD NO 02 KISHANGANJ BIHAR 855101,PREPAID,20,,,,,,
201,,,,LEX DIGITAL,123456789,,,110053,BHAJANPURA,DELHI,BHAJANPURA,AMIT KUMAR,123456789,,852201,BIHAR,BIHAR,SOUR BAZAR GAMHARIYA RAMPUR VIA SAHARSA KACHARI BIHAR 852201,PREPAID,20,,,,,,
202,,,,LEX DIGITAL,123456789,,,110053,BHAJANPURA,DELHI,BHAJANPURA,DINESH PASWAN,123456789,,845105,BIHAR,BIHAR,"00, WARD-10, BALUA POST-SIDHAW, PS LAUKARIYA WEST CHAMPARAN BIHAR 845105",PREPAID,20,,,,,,
203,,,,LEX DIGITAL,123456789,,,110053,BHAJANPURA,DELHI,BHAJANPURA,RAKESH KUMAR,123456789,,848114,BIHAR,BIHAR,WARD 03 UJIYARPUR MEHSARI SAMASTIPUR BIHAR DO 848114,PREPAID,20,,,,,,
204,,,,LEX DIGITAL,123456789,,,110053,BHAJANPURA,DELHI,BHAJANPURA,BHARAT SINGH,123456789,,841411,BIHAR,BIHAR,NAWADA SARANNISHUWAPUR SARAN BIHAR 841411,PREPAID,20,,,,,,
205,,,,LEX DIGITAL,123456789,,,110053,BHAJANPURA,DELHI,BHAJANPURA,DROPATI DEVI,123456789,,845430,BIHAR,BIHAR,"W/O RAMESHVAR SINGH,, INDIA, GAIBANDHI PHENHARA EAST CHAMPARAN BIHAR 845430",PREPAID,20,,,,,,
206,,,,LEX DIGITAL,123456789,,,110053,BHAJANPURA,DELHI,BHAJANPURA,KHURSHID ALAM,123456789,,802301,BIHAR,BIHAR,RAUZA MOHALLA ARA ARRAH BHOJPUR BIHAR 802301,PREPAID,20,,,,,,
207,,,,LEX DIGITAL,123456789,,,110053,BHAJANPURA,DELHI,BHAJANPURA,CHAMELI DEVI,123456789,,854205,BIHAR,BIHAR,DHAMDAHA WARD NO 10 NEAR MAHINDRA SHOWROOM PURNIA BIHAR 854205,PREPAID,20,,,,,,
208,,,,LEX DIGITAL,123456789,,,110053,BHAJANPURA,DELHI,BHAJANPURA,MD ALAUDDIN,123456789,,854113,BIHAR,BIHAR,"AT,NAWABGANJ,MANIHARI,WARD,NO,2 KATIHAR BIHAR 854113",PREPAID,20,,,,,,
209,,,,LEX DIGITAL,123456789,,,110053,BHAJANPURA,DELHI,BHAJANPURA,ASIM KUMAR DAS,123456789,,854315,BIHAR,BIHAR,VILLAGE GACHHAGARAIYA POST HAFANEA AMOUR PURNIA BIHAR 854315,PREPAID,20,,,,,,
210,,,,LEX DIGITAL,123456789,,,110053,BHAJANPURA,DELHI,BHAJANPURA,PANKAJ KUMAR SINGH,123456789,,841426,BIHAR,BIHAR,GRAAM BAGHAWA MISHR SISAI GOPALGANJ BIHAR 841426,PREPAID,20,,,,,,
211,,,,LEX DIGITAL,123456789,,,110053,BHAJANPURA,DELHI,BHAJANPURA,BITTU KUMAR SINGH,123456789,,841241,BIHAR,BIHAR,AT MAKHNUPUR BICHLA TOLA PO PS PACHRUKHI SIWAN BIHAR 841241,PREPAID,20,,,,,,
212,,,,LEX DIGITAL,123456789,,,110053,BHAJANPURA,DELHI,BHAJANPURA,RAKESH KUMAR SUDHANSHU,123456789,,844507,BIHAR,BIHAR,S/O LATE GANGA PRASAD SINGH GRAM POST RAMPUR BAGHEL THANA DESHARI BAGHAIL VAISHALI BIHAR 844507,PREPAID,20,,,,,,
213,,,,LEX DIGITAL,123456789,,,110053,BHAJANPURA,DELHI,BHAJANPURA,BABALU SAH,123456789,,848502,BIHAR,BIHAR,S/O JAY PRAKASH SAH RAJA JAN SAMASTIPUR RAJAJAN BIHAR PATNA 848502,PREPAID,20,,,,,,
214,,,,LEX DIGITAL,123456789,,,110053,BHAJANPURA,DELHI,BHAJANPURA,LAXMI DEVI,123456789,,855113,BIHAR,BIHAR,AT BALTER KUSHHA ALAMPUR KATIHAR AZAMANAGAR WARD NO 03 BIHAR 855113,PREPAID,20,,,,,,
215,,,,LEX DIGITAL,123456789,,,110053,BHAJANPURA,DELHI,BHAJANPURA,SUBHASH KUMAR,123456789,,852130,BIHAR,BIHAR,WARD NO 04 MALHANI SUPAUL SUKHPUR 852130 BIHAR,PREPAID,20,,,,,,
216,,,,LEX DIGITAL,123456789,,,110053,BHAJANPURA,DELHI,BHAJANPURA,TARIK ANAVAR,123456789,,854112,BIHAR,BIHAR,WARD NO 15 BHOLAMARI SOUTH AMDABAD POST BAKHARGANJ KATIHAR BIHAR 854112,PREPAID,20,,,,,,
217,,,,LEX DIGITAL,123456789,,,110053,BHAJANPURA,DELHI,BHAJANPURA,AMANULLAH,123456789,,841505,BIHAR,BIHAR,SIRISIYA BAZAR SASAMUSA KUCHAIKOTE GOPALGANJ BIHAR 841505,PREPAID,20,,,,,,
218,,,,LEX DIGITAL,123456789,,,110053,BHAJANPURA,DELHI,BHAJANPURA,AARTI DEVI,123456789,,841227,BIHAR,BIHAR,VILL BARHAN GOPAL PO PS MUFFASIL SIWAN DIST BIHAR 841227,PREPAID,20,,,,,,
219,,,,LEX DIGITAL,123456789,,,110053,BHAJANPURA,DELHI,BHAJANPURA,IBADULLA,123456789,,854106,BIHAR,BIHAR,WARD NO 10 SONAPUR SIMARIA NORTH DIGHRISALEMPUR DIGHRI KATIHAR BIHAR 854106,PREPAID,20,,,,,,
220,,,,LEX DIGITAL,123456789,,,110053,BHAJANPURA,DELHI,BHAJANPURA,NEHA KUMARI,123456789,,841243,BIHAR,BIHAR,"AT HARPUR, PO SAHPUR, P.S NAUTAN, DIST SIWAN BIHAR 841243",PREPAID,20,,,,,,
221,,,,LEX DIGITAL,123456789,,,110053,BHAJANPURA,DELHI,BHAJANPURA,NAGINA SINGH,123456789,,824201,BIHAR,BIHAR,JAMUNA POST DANGRA P.S. MOHANPUR DANGARA GAYA BIHAR 824201,PREPAID,20,,,,,,
222,,,,LEX DIGITAL,123456789,,,110053,BHAJANPURA,DELHI,BHAJANPURA,RAMESH DAS,123456789,,848121,BIHAR,BIHAR,S/O SUNELAL DAS WARD NO 09 MIRJAPUR NIFSI NIKASPUR TAJPUR SAMASTIPUR BIHAR 848121,PREPAID,20,,,,,,
223,,,,LEX DIGITAL,123456789,,,110053,BHAJANPURA,DELHI,BHAJANPURA,LAKSHMI DEVI,123456789,,845424,BIHAR,BIHAR,WARD NO 03 MAHAMMADOUR KESARIYA EAST CHAMPARAN BIHAR 845424,PREPAID,20,,,,,,
224,,,,LEX DIGITAL,123456789,,,110053,BHAJANPURA,DELHI,BHAJANPURA,SANTOSH KUMAR SINGH,123456789,,844122,BIHAR,BIHAR,WARD 6 THANA MAHUA VILLAGE CHHATWARA KAPUR POST MADHOPUR NIJHMA VAISHALI BIHAR 844122,PREPAID,20,,,,,,
225,,,,LEX DIGITAL,123456789,,,110053,BHAJANPURA,DELHI,BHAJANPURA,SANJAY SAH,123456789,,845449,BIHAR,BIHAR,VILL- WARD NO - 15 JAITIYA PO PS CHANPATIA WEST CHAMPARAN BIHAR 845449,PREPAID,20,,,,,,
226,,,,LEX DIGITAL,123456789,,,110053,BHAJANPURA,DELHI,BHAJANPURA,MANOJ MALLIK,123456789,,854105,BIHAR,BIHAR,MIRCHAIBARI KATIHAR WARD NO 05 BIHAR 854105,PREPAID,20,,,,,,
227,,,,LEX DIGITAL,123456789,,,110053,BHAJANPURA,DELHI,BHAJANPURA,MAJDA PARWEEN,123456789,,847226,BIHAR,BIHAR,BHELBA TOLA WARD NO 17 BELHI MADHUBANI BIHAR 847226,PREPAID,20,,,,,,
228,,,,LEX DIGITAL,123456789,,,110053,BHAJANPURA,DELHI,BHAJANPURA,YASHODA DEVI,123456789,,841413,BIHAR,BIHAR,NAUTAN JAMO SIWAN BIHAR GOPALGANJ 841413,PREPAID,20,,,,,,
229,,,,LEX DIGITAL,123456789,,,110053,BHAJANPURA,DELHI,BHAJANPURA,PAPPU CHAUDHARI,123456789,,841424,BIHAR,BIHAR,VILL DEORIA PO PS TARAIYA DISTT SARAN BIHAR 841424,PREPAID,20,,,,,,
230,,,,LEX DIGITAL,123456789,,,110053,BHAJANPURA,DELHI,BHAJANPURA,MINU DEVI,123456789,,843114,BIHAR,BIHAR,WARD NO -03 KRISHNWARA KRISHNAWAR PATEPUR SAMASTIPUR VAISHALI BIHAR 843114,PREPAID,20,,,,,,
231,,,,LEX DIGITAL,123456789,,,110053,BHAJANPURA,DELHI,BHAJANPURA,SUNEET KUMAR,123456789,,848101,BIHAR,BIHAR,WARD NO 06 VILLAGE KASHIPUR SAMASTIPUR BIHAR 848101,PREPAID,20,,,,,,
232,,,,LEX DIGITAL,123456789,,,110053,BHAJANPURA,DELHI,BHAJANPURA,RAMJI KUMAR DAS,123456789,,845436,BIHAR,BIHAR,"S/O- KODAI DAS , VILL -MAHAMMADPUR SAGAR ,TETARIYA P.O-TETARIYA P.S- RAJEPUR EAST CHAMPARAN BIHAR 845436",PREPAID,20,,,,,,
233,,,,LEX DIGITAL,123456789,,,110053,BHAJANPURA,DELHI,BHAJANPURA,KRISHN NANDAN SAHANI,123456789,,843129,BIHAR,BIHAR,S/O JIYA SAHNI WARD 11 PARAMJIVAR TARAJIVAR MUZAFFARPUR BIHAR RISHIKESH KUMAR 7783862009 MADAN 8146683126 843129,PREPAID,20,,,,,,
234,,,,LEX DIGITAL,123456789,,,110053,BHAJANPURA,DELHI,BHAJANPURA,MUNNI DEVI,123456789,,847105,BIHAR,BIHAR,W/O-MANNU MANDAL BAGHAUNI DARBHANGA BIHAR 847105,PREPAID,20,,,,,,
235,,,,LEX DIGITAL,123456789,,,110053,BHAJANPURA,DELHI,BHAJANPURA,CHHOTE LAL SHAH,123456789,,802103,BIHAR,BIHAR,GAON IJARI SHREERAM POST MAHDAH BUXAR BIHAR 802103,PREPAID,20,,,,,,
236,,,,LEX DIGITAL,123456789,,,110053,BHAJANPURA,DELHI,BHAJANPURA,GAJENDRA JHA,123456789,,843313,BIHAR,BIHAR,WARD NO 09 BENGAHI BAIRGANIA SITAMARHI BIHAR 843313,PREPAID,20,,,,,,
237,,,,LEX DIGITAL,123456789,,,110053,BHAJANPURA,DELHI,BHAJANPURA,HARERAM PASWAN,123456789,,847408,BIHAR,BIHAR,WARD NO 02 AT POST RAMCHANDRA PS MADHEPUR BLOCK MADHUBANI BIHAR 847408,PREPAID,20,,,,,,
238,,,,LEX DIGITAL,123456789,,,110053,BHAJANPURA,DELHI,BHAJANPURA,KUMOD KUMAR,123456789,,854330,BIHAR,BIHAR,"WARD NO -8 BALU TOLA KASBA PURNIA , BIHAR 854330",PREPAID,20,,,,,,
239,,,,LEX DIGITAL,123456789,,,110053,BHAJANPURA,DELHI,BHAJANPURA,UMESH KUMAR,123456789,,843128,BIHAR,BIHAR,DUBAHA RANI KHAIRA URF BENUA - MUZAFFARPUR BIHAR 843128,PREPAID,20,,,,,,
240,,,,LEX DIGITAL,123456789,,,110053,BHAJANPURA,DELHI,BHAJANPURA,RAMADHAR RAY,123456789,,841311,BIHAR,BIHAR,ALONI SARAN BIHAR 841311,PREPAID,20,,,,,,
241,,,,LEX DIGITAL,123456789,,,110053,BHAJANPURA,DELHI,BHAJANPURA,DILIP HAJRA,123456789,,845438,BIHAR,BIHAR,HARDIYA WARD NO 14 BARWAT SENA BETTIAH WEST CHAMPARAN BIHAR 845438,PREPAID,20,,,,,,
242,,,,LEX DIGITAL,123456789,,,110053,BHAJANPURA,DELHI,BHAJANPURA,BRAJ KISHOR KUMAR,123456789,,842002,BIHAR,BIHAR,"S/O-RAMA SHANKAR PRASAD, KALYANI BARA LANE, MUSHARI MUZAFFARPUR BIHAR 842002",PREPAID,20,,,,,,
243,,,,LEX DIGITAL,123456789,,,110053,BHAJANPURA,DELHI,BHAJANPURA,RATNESH KUMAR,123456789,,844127,BIHAR,BIHAR,"S/O SATYENDRA MAHTO,, INDIA, , GRAM-KERMA KERWAN RAGHORAM KERMA KURHANI MUZAFFARPUR BIHAR 844127",PREPAID,20,,,,,,
244,,,,LEX DIGITAL,123456789,,,110053,BHAJANPURA,DELHI,BHAJANPURA,SUDHIR KUMAR,123456789,,843302,BIHAR,BIHAR,WARD NO 12 RIKHAULI SITAMARHI BIHAR 843302,PREPAID,20,,,,,,
245,,,,LEX DIGITAL,123456789,,,110053,BHAJANPURA,DELHI,BHAJANPURA,MD MERAJ ALAM,123456789,,854315,BIHAR,BIHAR,WARD NO 09 VILLAGE BHAWANIPUR POST AMOUR PS PURNIA BIHAR 854315,PREPAID,20,,,,,,
246,,,,LEX DIGITAL,123456789,,,110053,BHAJANPURA,DELHI,BHAJANPURA,SACHIN ASHOK BHALERAO,123456789,,431121,MAHARASHTRA,MAHARASHTRA,AMBEDKAR NAGAR ADOOL BUDRUK BHURUDU AURANGABAD ADUL MAHARASHTRA 431121,PREPAID,20,,,,,,
247,,,,LEX DIGITAL,123456789,,,110053,BHAJANPURA,DELHI,BHAJANPURA,MEENA DEVI,123456789,,841501,BIHAR,BIHAR,KUCHAIKOTE GOPALGANJ BIHAR 841501,PREPAID,20,,,,,,
248,,,,LEX DIGITAL,123456789,,,110053,BHAJANPURA,DELHI,BHAJANPURA,BITTU KUMAR,123456789,,848101,BIHAR,BIHAR,WARD NO 01 MATHURAPUR PO PS SAMASTIPUR BIHAR 848101,PREPAID,20,,,,,,
249,,,,LEX DIGITAL,123456789,,,110053,BHAJANPURA,DELHI,BHAJANPURA,SINHESHWAR MANDAL,123456789,,854311,BIHAR,BIHAR,JHAUA TOLA WARD NO-11 TARABARI DABHARA ARARIA BIHAR 854311,PREPAID,20,,,,,,
250,,,,LEX DIGITAL,123456789,,,110053,BHAJANPURA,DELHI,BHAJANPURA,KUNDAN KUMAR SINGH,123456789,,842002,BIHAR,BIHAR,BHIKHANPURARAMDAYALU MUZAFFARPUR BIHAR 842002,PREPAID,20,,,,,,
251,,,,LEX DIGITAL,123456789,,,110053,BHAJANPURA,DELHI,BHAJANPURA,GULAB YADAV,123456789,,841508,BIHAR,BIHAR,BHARPURWA GOPALGANJ BIHAR 841508,PREPAID,20,,,,,,
252,,,,LEX DIGITAL,123456789,,,110053,BHAJANPURA,DELHI,BHAJANPURA,MANISH RAJ,123456789,,845401,BIHAR,BIHAR,"S/O PANKAJ KUMAR,, INDIA, , CHAILAHAN PAKADIYA AJGARI MOTIHARI BANJARIA EAST CHAMPARAN BIHAR 845401",PREPAID,20,,,,,,
253,,,,LEX DIGITAL,123456789,,,110053,BHAJANPURA,DELHI,BHAJANPURA,SUMAN KUMAR,123456789,,844120,BIHAR,BIHAR,"GRAAM-KURHANI, POST-KURHANI, POLICE STATION-KURHANI, KURHANI MUZAFFARPUR BIHAR 844120",PREPAID,20,,,,,,
254,,,,LEX DIGITAL,123456789,,,110053,BHAJANPURA,DELHI,BHAJANPURA,RANJAN RAJ,123456789,,811312,BIHAR,BIHAR,"NAJARI , POST LAXMIPUR THANA NAJARI, JAMUL JAMUI BIHAR 811312",PREPAID,20,,,,,,
255,,,,LEX DIGITAL,123456789,,,110053,BHAJANPURA,DELHI,BHAJANPURA,GUDDU KUMAR YADAV,123456789,,847107,BIHAR,BIHAR,POST KEVATSA RAMAULI GAIGHAT MUZAFFARPUR BIHAR 847107,PREPAID,20,,,,,,
256,,,,LEX DIGITAL,123456789,,,110053,BHAJANPURA,DELHI,BHAJANPURA,ANAND KUMAR SINGH,123456789,,841207,BIHAR,BIHAR,"MATIHAN,DIGHWARA,SARAN,DIGHWARA SARAN BIHAR 841207",PREPAID,20,,,,,,
257,,,,LEX DIGITAL,123456789,,,110053,BHAJANPURA,DELHI,BHAJANPURA,PARMESHWAR YADAV,123456789,,852216,BIHAR,BIHAR,"S/O-KARI YADAV, SHANKARTHUA WARD NO-01, SONKURTHUA, MANUAR SAHARSA MAHISHI BIHAR 852216",PREPAID,20,,,,,,
258,,,,LEX DIGITAL,123456789,,,110053,BHAJANPURA,DELHI,BHAJANPURA,SATAN SAFI,123456789,,847408,BIHAR,BIHAR,WARD NO 09 AT PRASAD POST BANKI PS MADHEPUR BLOCK MADHUBANI BIHAR 847408,PREPAID,20,,,,,,
259,,,,LEX DIGITAL,123456789,,,110053,BHAJANPURA,DELHI,BHAJANPURA,KANHAIYA KUMAR,123456789,,843334,BIHAR,BIHAR,"WARD-13, CHIRAIYA PURNAHIYA, SHEOHAR, CHIRAIYA, BIHAR SHEOHAR 843334",PREPAID,20,,,,,,
260,,,,LEX DIGITAL,123456789,,,110053,BHAJANPURA,DELHI,BHAJANPURA,MEER PATEL,123456789,,800014,BIHAR,BIHAR,"102 SITARAM SINGH KHAJPURA BICHLI GALI,KHAJPURA,NEXT GUPTA KIRANA STORE PATNA BIHAR 800014",PREPAID,20,,,,,,
261,,,,LEX DIGITAL,123456789,,,110053,BHAJANPURA,DELHI,BHAJANPURA,VAIJU CHAUPAL,123456789,,847408,BIHAR,BIHAR,31 KAMRAIL SUPAUL BIHAR WARD NO 03 MADHUBANI 847408,PREPAID,20,,,,,,
262,,,,LEX DIGITAL,123456789,,,110053,BHAJANPURA,DELHI,BHAJANPURA,VIKASH KUMAR,123456789,,852216,BIHAR,BIHAR,LAKHNI WARD NO-01 TELHAR MAHISHI NEAR SCHOOL SAHARSA BIHAR 852216,PREPAID,20,,,,,,
263,,,,LEX DIGITAL,123456789,,,110053,BHAJANPURA,DELHI,BHAJANPURA,AJAY KUMAR,123456789,,852131,BIHAR,BIHAR,"KATAIYA GOTH WARD NO-015, KATAIA - SUPAUL BIHAR 852131",PREPAID,20,,,,,,
264,,,,LEX DIGITAL,123456789,,,110053,BHAJANPURA,DELHI,BHAJANPURA,MOHAMMAD SHAHID ANSARI,123456789,,843104,BIHAR,BIHAR,"SIMRA, WARD NO-12, KESHOPUR, MUZAFFARPUR, BIHAR MUZAFFARPUR 843104",PREPAID,20,,,,,,
265,,,,LEX DIGITAL,123456789,,,110053,BHAJANPURA,DELHI,BHAJANPURA,MD ALI HUSSAIN,123456789,,854302,BIHAR,BIHAR,WARD NO 34 CHAMNI BAZAR ROAD MIYA MADHOPURA PURNIA PURNEA CITY BIHAR 854302,PREPAID,20,,,,,,
266,,,,LEX DIGITAL,123456789,,,110053,BHAJANPURA,DELHI,BHAJANPURA,LAKHICHANDRA YADAV,123456789,,847301,BIHAR,BIHAR,S/O KUSHESHWAR YADAV WARD NO 14 SAJHAUTI MANNUPUR KHARRA DARBHANGA HAYAGHAT BILASHPUR BIHAR 847301 SAME AS APPLICANT,PREPAID,20,,,,,,
267,,,,LEX DIGITAL,123456789,,,110053,BHAJANPURA,DELHI,BHAJANPURA,RANJEET KUMAR PODDAR,123456789,,848237,BIHAR,BIHAR,S/O-FEKAN PODDAR WARD NO -09 BELSANDHI TARA PO-BELSANDHI SAMASTIPUR UDAY-6299934173 BIHAR 848237,PREPAID,20,,,,,,
268,,,,LEX DIGITAL,123456789,,,110053,BHAJANPURA,DELHI,BHAJANPURA,NURULLAH ..,123456789,,845418,BIHAR,BIHAR,AT- BHGAWANPUR WARD 14 PO- BAHLOLPUR PS-DHAKA EAST CHAMPARAN BIHAR 845418,PREPAID,20,,,,,,
269,,,,LEX DIGITAL,123456789,,,110053,BHAJANPURA,DELHI,BHAJANPURA,PRASANNA KUMAR THAKUR,123456789,,848133,BIHAR,BIHAR,WARD NO 02 RAYPUR PO GOOHI BISHNUPUR PS WARISHNAGAR SAMASTIPUR BIHAR 848133,PREPAID,20,,,,,,
270,,,,LEX DIGITAL,123456789,,,110053,BHAJANPURA,DELHI,BHAJANPURA,RAJA KUMAR,123456789,,851127,BIHAR,BIHAR,NANDAN SHA WARD NO 08 RAVI DAFARPUR BEGUSARAI DEEPAK KUMAR 6207783277 BIHAR 851127,PREPAID,20,,,,,,
271,,,,LEX DIGITAL,123456789,,,110053,BHAJANPURA,DELHI,BHAJANPURA,VINOD KUMAR SHARMA,123456789,,854204,BIHAR,BIHAR,WARD NO 01 ORIYA SONDIP MILIK PURNIA SONDEEP BIHAR 854204,PREPAID,20,,,,,,
272,,,,LEX DIGITAL,123456789,,,110053,BHAJANPURA,DELHI,BHAJANPURA,SULEKHA DEVI,123456789,,854101,BIHAR,BIHAR,WARD NO 12 AT NAREHIYA PO CHANDPUR PS FALKA SAMELI KATIHAR BIHAR 854101 PANKAJ MALLIK 7827707440 AMBIKA 7050913792,PREPAID,20,,,,,,
273,,,,LEX DIGITAL,123456789,,,110053,BHAJANPURA,DELHI,BHAJANPURA,MOHAMMAD SAIF ALI,123456789,,843334,BIHAR,BIHAR,"GARAHIYA, WARD-12 GARAHIA SHEOHAR - BIHAR 843334",PREPAID,20,,,,,,
274,,,,LEX DIGITAL,123456789,,,110053,BHAJANPURA,DELHI,BHAJANPURA,ASHA DEVI,123456789,,852128,BIHAR,BIHAR,WARD NO 05 SUKHASAN MANHARA SUKHASHAN MADHEPURA BIHAR 852128,PREPAID,20,,,,,,
275,,,,LEX DIGITAL,123456789,,,110053,BHAJANPURA,DELHI,BHAJANPURA,OM PRAKASH SINGH,123456789,,802316,BIHAR,BIHAR,JOKAHRI WARD NO 07 MAHULIGHAT BHOJPR PS SARAIYA BHOJPUR BIHAR 802316,PREPAID,20,,,,,,
276,,,,LEX DIGITAL,123456789,,,110053,BHAJANPURA,DELHI,BHAJANPURA,DARSAN KUMAR PANDIT,123456789,,131028,HARYANA,HARYANA,"NEAR PANCHAYAT BHAVAN, KHADURI,,MADVANI VIHAR, BIHAR SONIPAT HARYANA 131028",PREPAID,20,,,,,,
277,,,,LEX DIGITAL,123456789,,,110053,BHAJANPURA,DELHI,BHAJANPURA,SUNDAR KUMAR SINGH,123456789,,847203,BIHAR,BIHAR,GORA MANSINGH POST GAURAMANSINGH DARBHANGA BIHAR 847203,PREPAID,20,,,,,,
278,,,,LEX DIGITAL,123456789,,,110053,BHAJANPURA,DELHI,BHAJANPURA,SATISH KUMAR SHARMA,123456789,,802130,BIHAR,BIHAR,"NANDPUR,BALUA BUXAR,BALUA BRAHAMPUR BUXAR BIHAR 802130",PREPAID,20,,,,,,
279,,,,LEX DIGITAL,123456789,,,110053,BHAJANPURA,DELHI,BHAJANPURA,AMRESH KUMAR,123456789,,851127,BIHAR,BIHAR,WARD NO 9 KHARMAULI FAZILPUR BEGUSARAI BIHAR 851127,PREPAID,20,,,,,,
280,,,,LEX DIGITAL,123456789,,,110053,BHAJANPURA,DELHI,BHAJANPURA,SITARAM MODI,123456789,,811305,BIHAR,BIHAR,GRAM JALGODWA POST GULGULDIH THANA GIDHAUR JAMUI LAXMI VARNAWAL 9931182553 BIHAR 811305,PREPAID,20,,,,,,
281,,,,LEX DIGITAL,123456789,,,110053,BHAJANPURA,DELHI,BHAJANPURA,KANHAIYA KUMAR SAH,123456789,,843125,BIHAR,BIHAR,"RASULPUR MUZAFFARPUR , BIHAR 843125",PREPAID,20,,,,,,
282,,,,LEX DIGITAL,123456789,,,110053,BHAJANPURA,DELHI,BHAJANPURA,RANJAN SHARMA,123456789,,804433,BIHAR,BIHAR,S/O CHANDESHWAR SHARMA VILL JAMUAMA PO PANDOOI PS PARASBIGHA DISS PATNA JAHANABAD BIHAR 804433,PREPAID,20,,,,,,
283,,,,LEX DIGITAL,123456789,,,110053,BHAJANPURA,DELHI,BHAJANPURA,ASHOK PRASAD,123456789,,845401,BIHAR,BIHAR,TIKULIYA EAST CHAMPARAN BIHAR 845401,PREPAID,20,,,,,,
284,,,,LEX DIGITAL,123456789,,,110053,BHAJANPURA,DELHI,BHAJANPURA,MOHAMMAD NAUSAD,123456789,,851132,BIHAR,BIHAR,MEHADA SHAHPUR WARD 08 BEGUSARAI MEHDASAHPUR BIHAR 851132,PREPAID,20,,,,,,
285,,,,LEX DIGITAL,123456789,,,110053,BHAJANPURA,DELHI,BHAJANPURA,SUBODH MANDAL,123456789,,854318,BIHAR,BIHAR,WARD NO 10 SUKELA ARARIA BIKASH BHARGAMA BIHAR 854318,PREPAID,20,,,,,,
286,,,,LEX DIGITAL,123456789,,,110053,BHAJANPURA,DELHI,BHAJANPURA,MANOJ KUMAR,123456789,,845450,BIHAR,BIHAR,"LAPTAHI KOIRI TOLA , GURWALIA BISWAS CHANPATIA . WEST CHAMPARAN BIHAR 845450",PREPAID,20,,,,,,
287,,,,LEX DIGITAL,123456789,,,110053,BHAJANPURA,DELHI,BHAJANPURA,UMESH SHARMA,123456789,,854330,BIHAR,BIHAR,BASANTPUR KULLA KHAS KASBA PURNIA BIHAR 854330,PREPAID,20,,,,,,
288,,,,LEX DIGITAL,123456789,,,110053,BHAJANPURA,DELHI,BHAJANPURA,MD BELAL NURI,123456789,,847409,BIHAR,BIHAR,"BHATAWARI, WARD -15 SUGAPATTI MADHUBANI BIHAR 847409",PREPAID,20,,,,,,
289,,,,LEX DIGITAL,123456789,,,110053,BHAJANPURA,DELHI,BHAJANPURA,ANKESH KUMAR TIWARI,123456789,,845456,BIHAR,BIHAR,BANGRA SAGAULI RATNESH KUMAR 8082839414 ANKIT 9122669648 EAST CHAMPARAN BIHAR 845456,PREPAID,20,,,,,,
290,,,,LEX DIGITAL,123456789,,,110053,BHAJANPURA,DELHI,BHAJANPURA,MD MUJHAID ISLAM,123456789,,854330,BIHAR,BIHAR,VILLAGE DUBAILI DABAILI BISWASPUR BARAIDAGAH KASBA PURNIA WARD NO 03 BIHAR 854330,PREPAID,20,,,,,,
291,,,,LEX DIGITAL,123456789,,,110053,BHAJANPURA,DELHI,BHAJANPURA,DEEPAK KUMAR,123456789,,845107,BIHAR,BIHAR,PANCHAYAT LAXMIPUR RAMPURWA BHAISALOTAN VALMIKI NAGAR WEST CHAMAPARA BIHAR 845107 CHAMPARAN,PREPAID,20,,,,,,
292,,,,LEX DIGITAL,123456789,,,110053,BHAJANPURA,DELHI,BHAJANPURA,AFTAB ALAM,123456789,,843118,BIHAR,BIHAR,"BAKHARI KESHO, BELA GOPI, MUZAFFARPUR WARD NO 03 BIHAR 843118",PREPAID,20,,,,,,
293,,,,LEX DIGITAL,123456789,,,110053,BHAJANPURA,DELHI,BHAJANPURA,SANTOSH KUMAR MAHTO,123456789,,852131,BIHAR,BIHAR,WARD NO 10 AT KHARAIL PO KARANPUR SUPAUL BIHAR 852131,PREPAID,20,,,,,,
294,,,,LEX DIGITAL,123456789,,,110053,BHAJANPURA,DELHI,BHAJANPURA,SARFARAJ RAY,123456789,,854333,BIHAR,BIHAR,BHUTAHA BOKANTARI WARD NO 04 KURSAKANTA ARARIA BIHAR 854333,PREPAID,20,,,,,,
295,,,,LEX DIGITAL,123456789,,,110053,BHAJANPURA,DELHI,BHAJANPURA,RAJESH MAHATO,123456789,,843128,BIHAR,BIHAR,MAJHAULIYA WARD NO 12 MAJHAULI MUZAFFARPUR BIHAR 843128,PREPAID,20,,,,,,
296,,,,LEX DIGITAL,123456789,,,110053,BHAJANPURA,DELHI,BHAJANPURA,RAJESH KUMAR MEHTA,123456789,,852215,BIHAR,BIHAR,SATANPATII LALMANPATTI BAHTUNIA URF SATAN PATTI SUPAUL BIHAR 852215,PREPAID,20,,,,,,
297,,,,LEX DIGITAL,123456789,,,110053,BHAJANPURA,DELHI,BHAJANPURA,ANITA DEVI,123456789,,854318,BIHAR,BIHAR,"PAPPU DAS, GRAM TIRASKUND WARD NO 11 POST ARARIA FORBESGANJ BIHAR 854318",PREPAID,20,,,,,,
298,,,,LEX DIGITAL,123456789,,,110053,BHAJANPURA,DELHI,BHAJANPURA,MITHILESH KUMAR BISHWAS,123456789,,854333,BIHAR,BIHAR,"MALDWAR, PALASI, ARARIA, PALASI BIHAR ARARIA 854333",PREPAID,20,,,,,,
299,,,,LEX DIGITAL,123456789,,,110053,BHAJANPURA,DELHI,BHAJANPURA,SANJAY MUKHIYA,123456789,,848209,BIHAR,BIHAR,BASTIPATTI WARD NO 13 HARDIA SAMASTIPUR BIHAR 848209,PREPAID,20,,,,,,
300,,,,LEX DIGITAL,123456789,,,110053,BHAJANPURA,DELHI,BHAJANPURA,RAM DAYAL SINGH,123456789,,804401,BIHAR,BIHAR,VILLAGE POST DANGRA AAHAR PS ARWAL PATNA BIHAR 804401,PREPAID,20,,,,,,
301,,,,LEX DIGITAL,123456789,,,110053,BHAJANPURA,DELHI,BHAJANPURA,RUBI KUMARI,123456789,,843302,BIHAR,BIHAR,WARD NO 36 MADHOPUR RAUSHAN BHISA PS DUMRA SITAMRHI BIHAR SITAMARHI 843302,PREPAID,20,,,,,,
302,,,,LEX DIGITAL,123456789,,,110053,BHAJANPURA,DELHI,BHAJANPURA,CHANDAN MAHTO,123456789,,851218,BIHAR,BIHAR,AT-PACHMMA SUHIRD NAGAR CHERIA BARIARPUR BEGUSARAI ABHISHEK KUMAR 7479986698 BIHAR 851218,PREPAID,20,,,,,,
303,,,,LEX DIGITAL,123456789,,,110053,BHAJANPURA,DELHI,BHAJANPURA,AVNISH KUMAR JHA,123456789,,843324,BIHAR,BIHAR,POST BHISWA BAZAR KHAIRWAN MALAHI SITAMARHI BIHAR 843324,PREPAID,20,,,,,,
304,,,,LEX DIGITAL,123456789,,,110053,BHAJANPURA,DELHI,BHAJANPURA,GANGA PRASAAD YADAV,123456789,,847408,BIHAR,BIHAR,PARASOUNI TANGRAHA TENGRAHA MADHUBANI MADHEPUR BLOCK BIHAR 847408,PREPAID,20,,,,,,
305,,,,LEX DIGITAL,123456789,,,110053,BHAJANPURA,DELHI,BHAJANPURA,KUNDAN KUMAR,123456789,,802223,BIHAR,BIHAR,"WARD NO-14, VILL PO-LILARI, PS BLOCK-CHARPOKHARI, DIST-BHOJPUR, BIHAR-802223 BHOJPUR BIHAR 802223",PREPAID,20,,,,,,
306,,,,LEX DIGITAL,123456789,,,110053,BHAJANPURA,DELHI,BHAJANPURA,AJAY KUMAR,123456789,,845455,BIHAR,BIHAR,"WARD NO 01, CHANDPUR NARKATIAGANJ - WEST CHAMPARAN BIHAR 845455",PREPAID,20,,,,,,
307,,,,LEX DIGITAL,123456789,,,110053,BHAJANPURA,DELHI,BHAJANPURA,MARNI DEVI,123456789,,846003,BIHAR,BIHAR,AT-GORHARI PO-NARSARA PS-HAYAGHAT DIST-DARBHANGA WARD NO-06 9905590418 DARBHANGA BIHAR 846003,PREPAID,20,,,,,,
308,,,,LEX DIGITAL,123456789,,,110053,BHAJANPURA,DELHI,BHAJANPURA,SUBODH RAM,123456789,,843128,BIHAR,BIHAR,METHNAPUR MUSTAFAGANJ DISTRICT-MUZAFFARPUR MUZAFFARPUR BIHAR 843128,PREPAID,20,,,,,,
309,,,,LEX DIGITAL,123456789,,,110053,BHAJANPURA,DELHI,BHAJANPURA,ASHALAM ALAM,123456789,,845301,BIHAR,BIHAR,VILL INARWA AURAIYA WARD 1 ADAPUR EAST CHAMPARAN BIHAR AJIJ 9334512162 845301,PREPAID,20,,,,,,
310,,,,LEX DIGITAL,123456789,,,110053,BHAJANPURA,DELHI,BHAJANPURA,MOHD KAMRAN,123456789,,845103,BIHAR,BIHAR,"SABEYA , SABEA WEST CHAMPARAN BIHAR . 845103",PREPAID,20,,,,,,
311,,,,LEX DIGITAL,123456789,,,110053,BHAJANPURA,DELHI,BHAJANPURA,RAJKUMAR YADAV,123456789,,852139,BIHAR,BIHAR,WARD N0 16 MACHAHA AT KUSAHA SUPAUL BIHAR 852139 DO,PREPAID,20,,,,,,
312,,,,LEX DIGITAL,123456789,,,110053,BHAJANPURA,DELHI,BHAJANPURA,RAMANAND SAGAR,123456789,,811311,BIHAR,BIHAR,S/O LUTAN YADAV CHHOTI KABAIYA WARD NO 27 LAKHISARAI BIHAR 811311,PREPAID,20,,,,,,
313,,,,LEX DIGITAL,123456789,,,110053,BHAJANPURA,DELHI,BHAJANPURA,LALIT KUMAR CHOUPAL,123456789,,847408,BIHAR,BIHAR,WARD 3 KORIYAPATTI MARAUNA SUPAUL MADHUBANI BIHAR 847408,PREPAID,20,,,,,,
314,,,,LEX DIGITAL,123456789,,,110053,BHAJANPURA,DELHI,BHAJANPURA,SAKINANDAN RAM,123456789,,852116,BIHAR,BIHAR,"BHATAUNI, PURAINI BANSGOPAL , MADHEPURA BAZAR BIHAR 852116",PREPAID,20,,,,,,
315,,,,LEX DIGITAL,123456789,,,110053,BHAJANPURA,DELHI,BHAJANPURA,MO KUDUS,123456789,,852129,BIHAR,BIHAR,"WARD NO 06 SAHSAUL, SAHSAUL 9354962781 - SAHARSA BIHAR 852129",PREPAID,20,,,,,,
316,,,,LEX DIGITAL,123456789,,,110053,BHAJANPURA,DELHI,BHAJANPURA,MITHILESH KUMAR,123456789,,852131,BIHAR,BIHAR,BHELWA WARD NO 08 BABHANI 9534873474 BHOLWA DILIP KUMAR 9693196197 MADHEPURA SUPAUL BIHAR 852131,PREPAID,20,,,,,,
317,,,,LEX DIGITAL,123456789,,,110053,BHAJANPURA,DELHI,BHAJANPURA,SHRAVAN SAHNI,123456789,,846005,BIHAR,BIHAR,WARD 06 VILL KAHARIYA DARBHANGA BIHAR 846005,PREPAID,20,,,,,,
318,,,,LEX DIGITAL,123456789,,,110053,BHAJANPURA,DELHI,BHAJANPURA,LAL PASWAN,123456789,,852131,BIHAR,BIHAR,CHAINSINGH PATTI WARD NO 08 852131 SUPAUL BIHAR,PREPAID,20,,,,,,
319,,,,LEX DIGITAL,123456789,,,110053,BHAJANPURA,DELHI,BHAJANPURA,HARENDRA SAH,123456789,,845426,BIHAR,BIHAR,WARD 09 CHAUCHANIYA MEHSI PO PS MADHUBAN EAST CHAMPARAN BIHAR 845426,PREPAID,20,,,,,,
320,,,,LEX DIGITAL,123456789,,,110053,BHAJANPURA,DELHI,BHAJANPURA,LALO MAHALDAR,123456789,,854204,BIHAR,BIHAR,AT JHALARI THANA RUPAULI POST WARD NO 05 SINGHPUR PURNIA NEAR HANUMAN TEMPLE OTHER NUMBER 9905233849 BIHAR 854204,PREPAID,20,,,,,,
321,,,,LEX DIGITAL,123456789,,,110053,BHAJANPURA,DELHI,BHAJANPURA,JAMAL KAUSAR,123456789,,845438,BIHAR,BIHAR,WARD NO 9 UTARI PATJIRWA PUJAHAJA WEST CHAMAPARAN BIHAR 845438 CHAMPARAN,PREPAID,20,,,,,,
322,,,,LEX DIGITAL,123456789,,,110053,BHAJANPURA,DELHI,BHAJANPURA,SUDHIR SAH,123456789,,847421,BIHAR,BIHAR,GRAM NAHARI POST LAUKAHA THANA MADHUBANI BIHAR 847221 847421,PREPAID,20,,,,,,
323,,,,LEX DIGITAL,123456789,,,110053,BHAJANPURA,DELHI,BHAJANPURA,RAJAN KUMAR CHAUHAN,123456789,,841436,BIHAR,BIHAR,VILL MIRZAPUR PO HATHUA PS DIST GOPALGANJ BIHAR 841436,PREPAID,20,,,,,,
324,,,,LEX DIGITAL,123456789,,,110053,BHAJANPURA,DELHI,BHAJANPURA,RAVI RAJ,123456789,,800002,BIHAR,BIHAR,HOUSE NUMBER 60 3 DHIRA CHAK ANISHABAD PHULWARI PATNA BIHAR 800002,PREPAID,20,,,,,,
325,,,,LEX DIGITAL,123456789,,,110053,BHAJANPURA,DELHI,BHAJANPURA,MEENA DEVI,123456789,,843327,BIHAR,BIHAR,WARD NO 04 PANCCHAUR SITAMARHI BIHAR 843327,PREPAID,20,,,,,,
326,,,,LEX DIGITAL,123456789,,,110053,BHAJANPURA,DELHI,BHAJANPURA,NITESH KUMAR MEHTA,123456789,,854316,BIHAR,BIHAR,RAMANAND MEHTA WARD NO 09 BHANGHI ARARIA BIHAR 854316,PREPAID,20,,,,,,
327,,,,LEX DIGITAL,123456789,,,110053,BHAJANPURA,DELHI,BHAJANPURA,PAPPU KUMAR,123456789,,851211,BIHAR,BIHAR,S/O GOPAL PRASAD YADAV WARD NO 12 HUSAINA HUSAINI CHAK SALEH BEGUSARAI GOLU KUMAR 6299368510 BIHAR 851211,PREPAID,20,,,,,,
328,,,,LEX DIGITAL,123456789,,,110053,BHAJANPURA,DELHI,BHAJANPURA,MOHAN KUMAR SAHANI,123456789,,843117,BIHAR,BIHAR,OLIPUR WALIPUR SARHANCHIA SITAMARHI MUZAFFARPUR BIHAR 843117,PREPAID,20,,,,,,
329,,,,LEX DIGITAL,123456789,,,110053,BHAJANPURA,DELHI,BHAJANPURA,RAM PRATAP SAHANI,123456789,,843128,BIHAR,BIHAR,"S/O- RAMSHIV SAHANI.PAHARPUR,SHEOHAR SONBARSA, BIHAR MUZAFFARPUR 843128",PREPAID,20,,,,,,
330,,,,LEX DIGITAL,123456789,,,110053,BHAJANPURA,DELHI,BHAJANPURA,RAJU SAHANI,123456789,,843115,BIHAR,BIHAR,BANDRA MUNI BANGRI MUNNI BANGARI MUZAFFARPUR BIHAR 843115,PREPAID,20,,,,,,
331,,,,LEX DIGITAL,123456789,,,110053,BHAJANPURA,DELHI,BHAJANPURA,SHAMBHU PRASAD YADAV,123456789,,854202,BIHAR,BIHAR,VILL CHANDPUR BHANGHA POST BABMANKHI BANMANKHI PURNIA BIHAR 854202,PREPAID,20,,,,,,
332,,,,LEX DIGITAL,123456789,,,110053,BHAJANPURA,DELHI,BHAJANPURA,AKABAR ALI,123456789,,855116,BIHAR,BIHAR,BIRTABASTI PO BHAWANIGANJ BHOGDABAR KISHANGANJ BIHAR 855116,PREPAID,20,,,,,,
333,,,,LEX DIGITAL,123456789,,,110053,BHAJANPURA,DELHI,BHAJANPURA,RAUSHAN KUMAR,123456789,,824207,BIHAR,BIHAR,KONCH GAYA BIHAR 824207,PREPAID,20,,,,,,
334,,,,LEX DIGITAL,123456789,,,110053,BHAJANPURA,DELHI,BHAJANPURA,SUNIL KUMAR PASWAN,123456789,,847228,BIHAR,BIHAR,INARVA PURAV MANIARWA KHAJAULI MADHUBANI BIHAR 847228,PREPAID,20,,,,,,
335,,,,LEX DIGITAL,123456789,,,110053,BHAJANPURA,DELHI,BHAJANPURA,RAM KUMAR ..,123456789,,854105,BIHAR,BIHAR,57 B NEW COLONY KATIHAR BIHAR 854105,PREPAID,20,,,,,,
336,,,,LEX DIGITAL,123456789,,,110053,BHAJANPURA,DELHI,BHAJANPURA,JHHUNU SAH,123456789,,845438,BIHAR,BIHAR,WARD NO 11 TADHWA NANDPUR TADHAWA WEST CHAMPARAN BAIRIA BIHAR 845438,PREPAID,20,,,,,,
337,,,,LEX DIGITAL,123456789,,,110053,BHAJANPURA,DELHI,BHAJANPURA,SULKUN DEVI,123456789,,854331,BIHAR,BIHAR,"W/O BUDHNARAYAN SARDAR, PALASMANI WARD NO 08 BIRBAN CHIKNIGHAT ARARIA KURSAKANTA BIHAR 854331",PREPAID,20,,,,,,
338,,,,LEX DIGITAL,123456789,,,110053,BHAJANPURA,DELHI,BHAJANPURA,RAMJAPU KUMAR,123456789,,843302,BIHAR,BIHAR,WARD NO 01 VILLAGE MIRJADPUR POST HARNAHIYA HARNAHIA SITAMARHI BIHAR 843302,PREPAID,20,,,,,,
339,,,,LEX DIGITAL,123456789,,,110053,BHAJANPURA,DELHI,BHAJANPURA,MANESHWAR PANDIT,123456789,,841226,BIHAR,BIHAR,CHHAPIYA BUZURG HUSSAINGANJ SIWAN BIHAR 841226,PREPAID,20,,,,,,
340,,,,LEX DIGITAL,123456789,,,110053,BHAJANPURA,DELHI,BHAJANPURA,MITHU DEVI,123456789,,854330,BIHAR,BIHAR,AT JONAHARI JINDAPUR WARD NO 13 PO HASI BEGAMPUR PS JALALGARH PURNIA BIHAR 854330,PREPAID,20,,,,,,
341,,,,LEX DIGITAL,123456789,,,110053,BHAJANPURA,DELHI,BHAJANPURA,DEEPAK KUMAR SHARMA,123456789,,841286,BIHAR,BIHAR,BHELI SAHKA HUSSAINGANJ SIWAN BIHAR 841286,PREPAID,20,,,,,,
342,,,,LEX DIGITAL,123456789,,,110053,BHAJANPURA,DELHI,BHAJANPURA,PRATIMA DEVI,123456789,,845452,BIHAR,BIHAR,DUMARI SCHOOL WARD NO 04 PO WEST THANA YOGAPATTI CHAMPARAN BIHAR 845452,PREPAID,20,,,,,,
343,,,,LEX DIGITAL,123456789,,,110053,BHAJANPURA,DELHI,BHAJANPURA,SUDHIR KUMAR RAM,123456789,,847304,BIHAR,BIHAR,VILL POST PALI GOTH PS BENIPATTI KAMTAUL DARBHANGA BIHAR 847304,PREPAID,20,,,,,,
344,,,,LEX DIGITAL,123456789,,,110053,BHAJANPURA,DELHI,BHAJANPURA,ABHA DEVI,123456789,,844113,BIHAR,BIHAR,MANSURPUR MAKHDUMPUR VAISHALI BIHAR 844113,PREPAID,20,,,,,,
345,,,,LEX DIGITAL,123456789,,,110053,BHAJANPURA,DELHI,BHAJANPURA,VIKASH KUMAR,123456789,,848114,BIHAR,BIHAR,"PS-DALSINGH SARAI, RAMPUR JALALPUR, SAMASTIPUR, BIHAR SAMASTIPUR 848114",PREPAID,20,,,,,,
346,,,,LEX DIGITAL,123456789,,,110053,BHAJANPURA,DELHI,BHAJANPURA,JITENDRA KUMAR BHAGAT,123456789,,841410,BIHAR,BIHAR,SEMRAHA BELLOUR PANAPUR SARAN BIHAR 841410,PREPAID,20,,,,,,
347,,,,LEX DIGITAL,123456789,,,110053,BHAJANPURA,DELHI,BHAJANPURA,GUDDU RAM,123456789,,845106,BIHAR,BIHAR,26 MAIN ROAD WARD NO 09 PARSAUNI MAJHARIA WEST CHAMPARAN BIHAR 845106 BHOLA RAM 9102230301 RANJIT 9006436597,PREPAID,20,,,,,,
348,,,,LEX DIGITAL,123456789,,,110053,BHAJANPURA,DELHI,BHAJANPURA,UMESH KUMAR GUPTA,123456789,,841243,BIHAR,BIHAR,SEMARA BUZURG SIWAN BIHAR 841243,PREPAID,20,,,,,,
349,,,,LEX DIGITAL,123456789,,,110053,BHAJANPURA,DELHI,BHAJANPURA,SINTU KUMAR,123456789,,852107,BIHAR,BIHAR,WARD NO 15 ZIRBA PASTPAR SAHARSA BIHAR 852107 SHARSA,PREPAID,20,,,,,,
350,,,,LEX DIGITAL,123456789,,,110053,BHAJANPURA,DELHI,BHAJANPURA,BABBI DEVI,123456789,,854115,BIHAR,BIHAR,GRAM SAKRAILI POST SEMAPUR THANA BARARI SAKRALI WARD NO 06 KATIHAR BIHAR 854115,PREPAID,20,,,,,,
351,,,,LEX DIGITAL,123456789,,,110053,BHAJANPURA,DELHI,BHAJANPURA,UMASHANKAR RAY,123456789,,843112,BIHAR,BIHAR,THENGPUR BAHDINPUR MUZAFFARPUR BIHAR 843112,PREPAID,20,,,,,,
352,,,,LEX DIGITAL,123456789,,,110053,BHAJANPURA,DELHI,BHAJANPURA,RAJESH KURMI,123456789,,845104,BIHAR,BIHAR,KATHAR TAULAHA WEST CHAMPARAN BIHAR 845104,PREPAID,20,,,,,,
353,,,,LEX DIGITAL,123456789,,,110053,BHAJANPURA,DELHI,BHAJANPURA,AKHILESH KUMAR MANDAL,123456789,,821109,BIHAR,BIHAR,64 DEWKALI AKORHI KAIMUR BIHAR 821109,PREPAID,20,,,,,,
354,,,,LEX DIGITAL,123456789,,,110053,BHAJANPURA,DELHI,BHAJANPURA,MD TAHA,123456789,,852131,BIHAR,BIHAR,CHAINSINGHPATTI CHAINSIGHPATTI WARD NO 06 CHAIN SINGH PATTI SUPAUL BIHAR 852131,PREPAID,20,,,,,,
355,,,,LEX DIGITAL,123456789,,,110053,BHAJANPURA,DELHI,BHAJANPURA,PUJA KUMARI,123456789,,841405,BIHAR,BIHAR,RATANSRAY BARAULI GOPALGANJ BIHAR 841405,PREPAID,20,,,,,,
356,,,,LEX DIGITAL,123456789,,,110053,BHAJANPURA,DELHI,BHAJANPURA,MOHAMMED KALAM,123456789,,843321,BIHAR,BIHAR,DHOBAULI KATRA PINDAULI MUZAFFARPUR BIHAR 843321,PREPAID,20,,,,,,
357,,,,LEX DIGITAL,123456789,,,110053,BHAJANPURA,DELHI,BHAJANPURA,SARITA DEVI,123456789,,843323,BIHAR,BIHAR,DHANUSHI WARD NO 01 BAHILWARA TOLA SITAMARHI BIHAR 843323,PREPAID,20,,,,,,
358,,,,LEX DIGITAL,123456789,,,110053,BHAJANPURA,DELHI,BHAJANPURA,SADDAM HUSAIN,123456789,,844120,BIHAR,BIHAR,PADMAUL TOWN VILL ANCHAL KURHANI DISTT MUZAFFARPUR 844118 BIHAR 844120,PREPAID,20,,,,,,
359,,,,LEX DIGITAL,123456789,,,110053,BHAJANPURA,DELHI,BHAJANPURA,VIVEKANAND SINGH,123456789,,847107,BIHAR,BIHAR,VILLAGE PIROCHHA PO KANTA PS GAAY GHAT PHAKIENA BALOUR DARBHANGA TARDIH BIHAR 847107,PREPAID,20,,,,,,
360,,,,LEX DIGITAL,123456789,,,110053,BHAJANPURA,DELHI,BHAJANPURA,TAJMIN KHATOON,123456789,,854206,BIHAR,BIHAR,MAHAMMADPUR PURNIA GOKULPUR BIHAR 854206,PREPAID,20,,,,,,
361,,,,LEX DIGITAL,123456789,,,110053,BHAJANPURA,DELHI,BHAJANPURA,MD WAHID,123456789,,854105,BIHAR,BIHAR,RATANIA KHURD MAHESHPUR NIMOUL KATIHAR BIHAR 855102 WARD NO 01 854105,PREPAID,20,,,,,,
362,,,,LEX DIGITAL,123456789,,,110053,BHAJANPURA,DELHI,BHAJANPURA,MD IMRAN,123456789,,841505,BIHAR,BIHAR,MAHUAWA SASAMUSA GOPALGANJ BIHAR 841505,PREPAID,20,,,,,,
363,,,,LEX DIGITAL,123456789,,,110053,BHAJANPURA,DELHI,BHAJANPURA,SHEKH MOFEIK,123456789,,490023,CHHATTISGARH,CHHATTISGARH,"115,SUPELA,SAI BABA MANDIR DURG CHHATTISGARH 490023",PREPAID,20,,,,,,
364,,,,LEX DIGITAL,123456789,,,110053,BHAJANPURA,DELHI,BHAJANPURA,ANSHUL RAI,123456789,,492008,CHHATTISGARH,CHHATTISGARH,"11/473,SANTOSHI NAGAR, KHAMTARAI,492008, RAIPUR CHHATTISGARH 492008",PREPAID,20,,,,,,
365,,,,LEX DIGITAL,123456789,,,110053,BHAJANPURA,DELHI,BHAJANPURA,PUSAU DAS OGARE,123456789,,491995,CHHATTISGARH,CHHATTISGARH,"H.NO. BANJHI MAUHA, MAUHA BANJHI, MUAUHA, KAWARDHA, SONBARSA KAWARDHA CHHATTISGARH 491995",PREPAID,20,,,,,,
366,,,,LEX DIGITAL,123456789,,,110053,BHAJANPURA,DELHI,BHAJANPURA,RAMGIRIJ CHANDRAKAR,123456789,,494222,CHHATTISGARH,CHHATTISGARH,18 WARD NO 01 PAHURBEL GRAM POST BASTAR DIST JAGDALPUR CHHATTISGARH 494222,PREPAID,20,,,,,,
367,,,,LEX DIGITAL,123456789,,,110053,BHAJANPURA,DELHI,BHAJANPURA,SANJEEV KUMAR DUBEY,123456789,,486123,MADHYA PRADESH,MADHYA PRADESH,"WARD NO. 4 VILLAGE KANKESARA POST KHAIRA TEHSIL MAUNGANJ KHAIRA, REWA MADHYA PRADESH 486123",PREPAID,20,,,,,,
368,,,,LEX DIGITAL,123456789,,,110053,BHAJANPURA,DELHI,BHAJANPURA,BRAJENDRA SINGH,123456789,,492001,CHHATTISGARH,CHHATTISGARH,NEAR RAM DARBAR AVADHPURI BHATAGOAN RAIPUR CHHATTISGARH 492001,PREPAID,20,,,,,,
369,,,,LEX DIGITAL,123456789,,,110053,BHAJANPURA,DELHI,BHAJANPURA,BASANT KUMAR BHARDWAJ,123456789,,495552,CHHATTISGARH,CHHATTISGARH,HOUSE NO 27/5 MANDI ROAD AKALTARA JANJGIR CHAMPA CHHATTISGARH 495552,PREPAID,20,,,,,,
370,,,,LEX DIGITAL,123456789,,,110053,BHAJANPURA,DELHI,BHAJANPURA,VINOD KUMAR SONI,123456789,,497101,CHHATTISGARH,CHHATTISGARH,BENDUAA PARA GRAM UPARPODI CHIRGA SURGUJA CG 497001 CHHATTISGARH 497101,PREPAID,20,,,,,,
371,,,,LEX DIGITAL,123456789,,,110053,BHAJANPURA,DELHI,BHAJANPURA,PUSHPA BAI,123456789,,491441,CHHATTISGARH,CHHATTISGARH,"M.N.285, JALARAM SAMIL KE PASS STE PAARAA WARD N. 08, RAJNANDGAON CHHATTISGARH 491441",PREPAID,20,,,,,,
372,,,,LEX DIGITAL,123456789,,,110053,BHAJANPURA,DELHI,BHAJANPURA,DEO MOHAN SINGH,123456789,,814160,JHARKHAND,JHARKHAND,"C/O ABHI NANDAN SINGH,, INDIA, DARIAPUR MEHERMA GODDA JHARKHAND 814160",PREPAID,20,,,,,,
373,,,,LEX DIGITAL,123456789,,,110053,BHAJANPURA,DELHI,BHAJANPURA,ANIL KUMAR,123456789,,110032,DELHI,DELHI,"PREM DATT NEAR VEER JI CHAAP PLOT NO 12 GALI 9 JYOTI NAGAR, SHAHDARA SHAHDARA, DELHI, NULL - 110032 NEW DELHI",PREPAID,20,,,,,,
374,,,,LEX DIGITAL,123456789,,,110053,BHAJANPURA,DELHI,BHAJANPURA,UMARSHARIF ATAMAHAMMED SHAIKH,123456789,,390006,GUJARAT,GUJARAT,121 GANDA FALIYA FATEHPURA VADODARA FATEPURA PADRA DARGAH SAME HATHI KHANA GUJARAT 390006,PREPAID,20,,,,,,
375,,,,LEX DIGITAL,123456789,,,110053,BHAJANPURA,DELHI,BHAJANPURA,SAGAR,123456789,,121001,HARYANA,HARYANA,"S O: MANOHARLAL HOUSE-5 E 40 NO-5 VARD NO -14 FARIDABAD FARIDABAD, HARYANA, NULL - 121001 HARYANA",PREPAID,20,,,,,,
376,,,,LEX DIGITAL,123456789,,,110053,BHAJANPURA,DELHI,BHAJANPURA,DURARAJ SURESHKUMAR,123456789,,621214,TAMIL NADU,TAMIL NADU,14B/2 KEEZHA STREET VADAMALAIPATTI MUSIRI TALUK THATHIENGARPET THATHAIYANGARPETTAI TIRUCHIRAPPALLI TAMIL NADU 621214,PREPAID,20,,,,,,
377,,,,LEX DIGITAL,123456789,,,110053,BHAJANPURA,DELHI,BHAJANPURA,MANOJ KUMAR,123456789,,122001,HARYANA,HARYANA,"H.NO-90,ROOM NO-23 . ISLAMPUR SECTOR-38 GURGAON NEAR-BANK OF INDIA HARYANA 122001",PREPAID,20,,,,,,
378,,,,LEX DIGITAL,123456789,,,110053,BHAJANPURA,DELHI,BHAJANPURA,NAVEEN MALIK,123456789,,132107,HARYANA,HARYANA,"S/O VIRENDER SINGH,, INDIA, BUANA LAKHU ISRANA PANIPAT HARYANA 132107",PREPAID,20,,,,,,
379,,,,LEX DIGITAL,123456789,,,110053,BHAJANPURA,DELHI,BHAJANPURA,ANUSRI PAL,123456789,,700094,WEST BENGAL,WEST BENGAL,H/3/3 SRINAGAR MAIN ROAD GARIA RAJPUR SONARPUR M PANCHASAYAR SOUTH 24 PARGANAS MA KALI BUILDERS KOLKATA WEST BENGAL 700094,PREPAID,20,,,,,,
380,,,,LEX DIGITAL,123456789,,,110053,BHAJANPURA,DELHI,BHAJANPURA,BASAVARAJU ANKARAJ,123456789,,562119,KARNATAKA,KARNATAKA,07 BANDEMADAPPANADODDI BANNIMUKKODLU BANNIMAKODALU KANAKAPURA RAMANAGAR KARNATAKA 562119,PREPAID,20,,,,,,
381,,,,LEX DIGITAL,123456789,,,110053,BHAJANPURA,DELHI,BHAJANPURA,RAJKUMAR YADAV,123456789,,411033,MAHARASHTRA,MAHARASHTRA,"BADRI YADAV ROOM 2 GAIKWAD NIWAS NEAR AGL INFRA RMC KOLTE PATIL ROAD JAMBE JAMBE, PUNE MAHARASHTRA, NULL - 411033 MAHARASHTRA",PREPAID,20,,,,,,
382,,,,LEX DIGITAL,123456789,,,110053,BHAJANPURA,DELHI,BHAJANPURA,MANISH AGRAWAL,123456789,,281403,UTTAR PRADESH,UTTAR PRADESH,"S O ASHOK KUMAR 4707 GOPAL NAGAR MATHURA KOSIKALAN(RURAL), UTTAR PRADESH, NULL - 281403 PRADESH",PREPAID,20,,,,,,
383,,,,LEX DIGITAL,123456789,,,110053,BHAJANPURA,DELHI,BHAJANPURA,GAYA PRASAD,123456789,,201001,UTTAR PRADESH,UTTAR PRADESH,"C O: RAMESHWAR DAYAL RC - 256 NEAR DHARAMPAL AATA CHAKKI VANDANA ENCLAVE KHORA COLONY, GHAZIABAD GHAZIABAD, UTTAR PRADESH, NULL 201001 PRADESH",PREPAID,20,,,,,,
384,,,,LEX DIGITAL,123456789,,,110053,BHAJANPURA,DELHI,BHAJANPURA,TOLARAM,123456789,,141007,PUNJAB,PUNJAB,HOUSE NO 3331/2 STREET NUMBER 18 NEW MADHOPURI BASTI JODHEWAL LUDHIANA PUNJAB 141007,PREPAID,20,,,,,,
385,,,,LEX DIGITAL,123456789,,,110053,BHAJANPURA,DELHI,BHAJANPURA,MANDEEP SINGH,123456789,,134003,HARYANA,HARYANA,HOUSE NO-5795/3 CHOTTA BAZAAR AMBALA CITY BARARA HARYANA 134003,PREPAID,20,,,,,,
386,,,,LEX DIGITAL,123456789,,,110053,BHAJANPURA,DELHI,BHAJANPURA,MOHAMMAD SHAMSHIR ALI,123456789,,734003,WEST BENGAL,WEST BENGAL,NARMADA BAGAAN ROAD NO. 9 WARD 46 CHAMPASARI NEAR IQRA INSTITUTE DARJILING WEST BENGAL 734003,PREPAID,20,,,,,,
387,,,,LEX DIGITAL,123456789,,,110053,BHAJANPURA,DELHI,BHAJANPURA,SHAMEERA SULTANA,123456789,,600130,TAMIL NADU,TAMIL NADU,"C O ABDUL RAHMAN S B2-A404, CASAGRAND SUPREMUS, BLOCK 2 SIPCOT THALAMBUR ROAD THALAMBUR, CHENGALPATTU THAZHAMBUR, TAMIL NADU, NULL - 600130 KANCHIPURAM NADU",PREPAID,20,,,,,,
388,,,,LEX DIGITAL,123456789,,,110053,BHAJANPURA,DELHI,BHAJANPURA,KASHIF IQBAL AHMED MOMIN,123456789,,421302,MAHARASHTRA,MAHARASHTRA,"HOUSE NO. 1468, FLAT 203 2ND FLOOR, M.H.ARCADE MILLAT NAGAR, 4TH NIZAMPURA BHIWANDI DANDEKARWADI NEAR FARHAN HALL THANE MAHARASHTRA 421302",PREPAID,20,,,,,,
389,,,,LEX DIGITAL,123456789,,,110053,BHAJANPURA,DELHI,BHAJANPURA,BHUPENDRASINH AMARSINH CHAUHAN,123456789,,383030,GUJARAT,GUJARAT,00 MAHADEVPURA SADHA HIMATNAGAR SABARKANTHA GUJARAT 383030,PREPAID,20,,,,,,
390,,,,LEX DIGITAL,123456789,,,110053,BHAJANPURA,DELHI,BHAJANPURA,MANOJ RAMSWAROOP ASOPA,123456789,,400615,MAHARASHTRA,MAHARASHTRA,"NL- 2, BUILDING NO.7, ROOM NO.A- 8 SECTOR- 3, NERUL EAST, PIN CODE- 400706 NAVI MUMBAI BEHIND DATT MANDIR THANE MAHARASHTRA 400615",PREPAID,20,,,,,,
391,,,,LEX DIGITAL,123456789,,,110053,BHAJANPURA,DELHI,BHAJANPURA,ROSHAN KUMAR KESHRI,123456789,,827010,JHARKHAND,JHARKHAND,19 BANSGORA TENTULIA SIBANDIH CHANDANKIYARI NEAR NEW SHIV MANDIR BOKARO JHARKHAND 827010,PREPAID,20,,,,,,
392,,,,LEX DIGITAL,123456789,,,110053,BHAJANPURA,DELHI,BHAJANPURA,AJAY KUMAR MAHARSHI,123456789,,334001,RAJASTHAN,RAJASTHAN,. CHOWTINA KUA BIKANER AADSAR HOUSE KE PASS RAJASTHAN 334001,PREPAID,20,,,,,,
393,,,,LEX DIGITAL,123456789,,,110053,BHAJANPURA,DELHI,BHAJANPURA,ARJUN SINGH,123456789,,226028,UTTAR PRADESH,UTTAR PRADESH,J-301 SPRING GREENS APARTMENT NEAR RAM SWAROOP SCHOOL LUCKNOW UTTAR PRADESH 226028,PREPAID,20,,,,,,
394,,,,LEX DIGITAL,123456789,,,110053,BHAJANPURA,DELHI,BHAJANPURA,AVINASH KUMAR,123456789,,201206,UTTAR PRADESH,UTTAR PRADESH,97 GALI N0-4 NEW DEFENCE COLONY MURADNAGAR MURAD NAGAR GHAZIABAD UTTAR PRADESH 201206,PREPAID,20,,,,,,
395,,,,LEX DIGITAL,123456789,,,110053,BHAJANPURA,DELHI,BHAJANPURA,SUNIL KUMAR,123456789,,110007,DELHI,DELHI,18/34/1 BASANT NAGAR KISHAN GANJ MALKA DELHI NEW 110007,PREPAID,20,,,,,,
396,,,,LEX DIGITAL,123456789,,,110053,BHAJANPURA,DELHI,BHAJANPURA,MANISH KUMAR,123456789,,811104,BIHAR,BIHAR,"S/O MRINAL KUMAR,, INDIA, SARMERA NALANDA BIHAR 811104",PREPAID,20,,,,,,
397,,,,LEX DIGITAL,123456789,,,110053,BHAJANPURA,DELHI,BHAJANPURA,BHUKYA CHANDU NAYAK,123456789,,521229,ANDHRA PRADESH,ANDHRA PRADESH,"S O KOTIYANAYAK 1-138 MAIN ROAD T THUNDA G KONDURU MANDALAM, KRISHNA CHERUVU MADHAVARAM, ANDHRA PRADESH, NULL - 521229 PRADESH",PREPAID,20,,,,,,
398,,,,LEX DIGITAL,123456789,,,110053,BHAJANPURA,DELHI,BHAJANPURA,RAJESH GURJAR,123456789,,302020,RAJASTHAN,RAJASTHAN,"S O HANUMAN SAHAY GURJAR 253 D F- 1 MANSAROVAR NEAR SAINT ANGEL SCHOOL METRO PRIME MANGYAWAS, JAIPUR JAIPUR, RAJASTHAN, NULL - 302020 RAJASTHAN",PREPAID,20,,,,,,
399,,,,LEX DIGITAL,123456789,,,110053,BHAJANPURA,DELHI,BHAJANPURA,AMIT KUSHWAHA,123456789,,122015,HARYANA,HARYANA,"C O AMAR SINGH GYAN COMPLEX HOUSE NO 466 NEAR SHANI MANDIR SECTOR - 18 SARHAUL, GURGAON SARHOL(70), HARYANA, NULL 122015 HARYANA",PREPAID,20,,,,,,
400,,,,LEX DIGITAL,123456789,,,110053,BHAJANPURA,DELHI,BHAJANPURA,SREEPRIYA KUNTA,123456789,,500038,TELANGANA,TELANGANA,"D O KUNTA SRINIVAS 7-1-280 A 1 NEAR YELLAMA TEMPLE BALKAMPET BALKAMPET, HYDERABAD HYDERABAD, ANDHRA PRADESH, NULL - 500038 TELANGANA",PREPAID,20,,,,,,
401,,,,LEX DIGITAL,123456789,,,110053,BHAJANPURA,DELHI,BHAJANPURA,KALURAM KUMHAR,123456789,,303003,RAJASTHAN,RAJASTHAN,"S O: NATHURAM KUMAR GRAM PANCHAYAT TALAVA BIHAJAR TAHSIL VIRATNAGAR, JAIPUR BIHAJAR, RAJASTHAN, NULL - 303003 RAJASTHAN",PREPAID,20,,,,,,
402,,,,LEX DIGITAL,123456789,,,110053,BHAJANPURA,DELHI,BHAJANPURA,EDEGALU KARTHIK GOUD,123456789,,500001,TELANGANA,TELANGANA,"C O: EDEGALU NARAYANA GOUD 11-1-888 2 AFZAL SAGAR MALLEPALLY, HYDERABAD NAMPALLY, TELANGANA, NULL - 500001 RANGA REDDY TELANGANA",PREPAID,20,,,,,,
403,,,,LEX DIGITAL,123456789,,,110053,BHAJANPURA,DELHI,BHAJANPURA,KULJEET SINGH,123456789,,176083,HIMACHAL PRADESH,HIMACHAL PRADESH,"S/O KRIPAL SINGH,, INDIA, MALNU 676 MALNOO PALAMPUR KANGRA HIMACHAL PRADESH 176083",PREPAID,20,,,,,,
404,,,,LEX DIGITAL,123456789,,,110053,BHAJANPURA,DELHI,BHAJANPURA,ELUMALAI PARASURAMAN,123456789,,600063,TAMIL NADU,TAMIL NADU,"S O: ELUMALAI NO 1B NEW PERUNGALATHUR THAYUMANAVAR STREET KANCHEEPURAM PERUNGALATHUR, TAMIL NADU, NULL - 600063 KANCHIPURAM NADU",PREPAID,20,,,,,,
405,,,,LEX DIGITAL,123456789,,,110053,BHAJANPURA,DELHI,BHAJANPURA,ABZAL PASHA,123456789,,570019,KARNATAKA,KARNATAKA,"S O LATE ABDUL LATIF # 2975 NEAR MADEGOWDA CIRCLE 2ND CROSS 1ST STAGE RAJIV NAGAR, MYSURU MYSORE, KARNATAKA, NULL - 570019 BANGALORE KARNATAKA",PREPAID,20,,,,,,
406,,,,LEX DIGITAL,123456789,,,110053,BHAJANPURA,DELHI,BHAJANPURA,SATISH RAJU SARIKONDA,123456789,,522201,ANDHRA PRADESH,ANDHRA PRADESH,"S O SATYANARAYANA RAJU 21-22-08 THANGELA VARI STREET RAMALINGESWARA PETA, GUNTUR TENALI, ANDHRA PRADESH, NULL - 522201 PRADESH",PREPAID,20,,,,,,
407,,,,LEX DIGITAL,123456789,,,110053,BHAJANPURA,DELHI,BHAJANPURA,JITESH BARMAN,123456789,,734006,WEST BENGAL,WEST BENGAL,HOUSE NO 60 GREEN AVENUE SUKANTA NAGAR NORTH CHAYANPARA NEAR ALOK SANGH CLUB JALPAIGURI WEST BENGAL 734006,PREPAID,20,,,,,,
408,,,,LEX DIGITAL,123456789,,,110053,BHAJANPURA,DELHI,BHAJANPURA,SUMANTA CHATTERJEE,123456789,,712250,WEST BENGAL,WEST BENGAL,12/B SUBHAS NAGAR DEBAYAN PALLY RISHRA MOREPUKUR SERAMPUR UTTARPARA HOOGHLY WEST BENGAL 712250,PREPAID,20,,,,,,
409,,,,LEX DIGITAL,123456789,,,110053,BHAJANPURA,DELHI,BHAJANPURA,MOHAMMED FAHEEMUDDIN,123456789,,500045,TELANGANA,TELANGANA,8-4-551/A/4 SRIRAM NAGAR YOUSUFGUDA KHAIRATABAD NEAR LUCKY FUNCTION HALL HYDERABAD TELANGANA 500045,PREPAID,20,,,,,,
410,,,,LEX DIGITAL,123456789,,,110053,BHAJANPURA,DELHI,BHAJANPURA,RAJKUMAR DORAISWAMY,123456789,,560043,KARNATAKA,KARNATAKA,327 19TH MAIN 42ND CROSS 5TH BLOCK HBR LAYOUT BANGALORE NORTH KALYANANAGAR BENGALURU KARNATAKA 560043,PREPAID,20,,,,,,
411,,,,LEX DIGITAL,123456789,,,110053,BHAJANPURA,DELHI,BHAJANPURA,VENKATESWARLU NUKALAPATI,123456789,,507117,TELANGANA,TELANGANA,1-1-226/2 ASHOK NAGAR SAMITHISINGARAM MANUGURU KHAMMAM TELANGANA 507117,PREPAID,20,,,,,,
412,,,,LEX DIGITAL,123456789,,,110053,BHAJANPURA,DELHI,BHAJANPURA,SHIVENDU,123456789,,854105,BIHAR,BIHAR,NEAR KALI MANDIR ROAD RAJHATA BINODPUR KATIHAR BIHAR 854105,PREPAID,20,,,,,,
413,,,,LEX DIGITAL,123456789,,,110053,BHAJANPURA,DELHI,BHAJANPURA,BABURAO MAHADEV YARRA,123456789,,421305,MAHARASHTRA,MAHARASHTRA,"813, BALAJI NAGAR, NARPOLI DHAMANKAR NAKA, BHIWANDI VIDYASHRAM OPP. SCHOOL THANE MAHARASHTRA 421305",PREPAID,20,,,,,,
414,,,,LEX DIGITAL,123456789,,,110053,BHAJANPURA,DELHI,BHAJANPURA,NADIR HUSAIN,123456789,,110094,DELHI,DELHI,H N A 1 190 GALI 4 NEHRU VIHAR MUSTAFABAD GOKAL PURI NEW DELHI 110094,PREPAID,20,,,,,,
415,,,,LEX DIGITAL,123456789,,,110053,BHAJANPURA,DELHI,BHAJANPURA,HEMANTKUMAR LALCHANDBHAI SOSA,123456789,,395009,GUJARAT,GUJARAT,"11-A BHAGYALAXMI SOCIETY RAMNAGAR ,RANDER ROAD SURAT CITY PALANPUR ND BEHIND P W D QUATERS GUJARAT 395009",PREPAID,20,,,,,,
416,,,,LEX DIGITAL,123456789,,,110053,BHAJANPURA,DELHI,BHAJANPURA,TUSHAR SHARAD CHAVAN,123456789,,421201,MAHARASHTRA,MAHARASHTRA,A-403 FORTUNE HEIGHTS BHOIRWADI KHAMBALPADA DOMBIVLI EAST KALYAN TILAKNAGAR TALAV THANE MAHARASHTRA 421201,PREPAID,20,,,,,,
417,,,,LEX DIGITAL,123456789,,,110053,BHAJANPURA,DELHI,BHAJANPURA,SHEENA MAHANA,123456789,,122001,HARYANA,HARYANA,"TRISHMA ANAND B8 402 DWARKA GURGAON EXPRESSWAY EXPERION HEARTSONG SECTOR 108, GURGAON, HARYANA, NULL - 122001 HARYANA",PREPAID,20,,,,,,
418,,,,LEX DIGITAL,123456789,,,110053,BHAJANPURA,DELHI,BHAJANPURA,RAHUL KUMAR,123456789,,700046,WEST BENGAL,WEST BENGAL,"11 2 CHRISTOPHER ROAD KOLKATA GOBINDA KHATICK ROAD, WEST BENGAL, NULL - 700046 BENGAL",PREPAID,20,,,,,,
419,,,,LEX DIGITAL,123456789,,,110053,BHAJANPURA,DELHI,BHAJANPURA,LAXMI VIDYANAND GAIKWAD,123456789,,411062,MAHARASHTRA,MAHARASHTRA,"MILLENIUM MANOR FLAT NUMBER 102 CHIKHALI MOSHI NEXT TO PARAMOUNT, NR AAISHWARYAM HAMARA PUNE MAHARASHTRA 411062",PREPAID,20,,,,,,
420,,,,LEX DIGITAL,123456789,,,110053,BHAJANPURA,DELHI,BHAJANPURA,NIRMAL KUMAR BAISAG,123456789,,757001,ODISHA,ODISHA,HOUSE BUILDING SOCIETY BAGHRA ROAD BARIPADA NEAR AMARON BATTERY SHOWROOM MAYURBHANJ ODISHA 757001,PREPAID,20,,,,,,
421,,,,LEX DIGITAL,123456789,,,110053,BHAJANPURA,DELHI,BHAJANPURA,NATRAJ SARMA KOTHALANKA,123456789,,500070,TELANGANA,TELANGANA,6-3-33 SACHIVALAYA NAGAR HAYATHNAGAR VANASTALIPURAM K V RANGAREDDY TELANGANA 500070,PREPAID,20,,,,,,
422,,,,LEX DIGITAL,123456789,,,110053,BHAJANPURA,DELHI,BHAJANPURA,SHATRUDHAN PARSAD,123456789,,834004,JHARKHAND,JHARKHAND,"S/O MOHAN SAHU,, INDIA, , Q.NO- B/148, KE PICHHE NEW MARKET DHURWA PICHHE,JHOPRI RANCHI JHARKHAND 834004",PREPAID,20,,,,,,
423,,,,LEX DIGITAL,123456789,,,110053,BHAJANPURA,DELHI,BHAJANPURA,SHASHIDHAR BHANDARI,123456789,,400097,MAHARASHTRA,MAHARASHTRA,"904/PRATHAMESH SRA CHS, LAXMAN NAGAR ROAD NO 2,OPP SANTOSHI MATA MANDIR,NEXT TO ANMOL HEIGHTS KURAR VILLAGE MALAD EAST MUMBAI MAHARASHTRA 400097",PREPAID,20,,,,,,
424,,,,LEX DIGITAL,123456789,,,110053,BHAJANPURA,DELHI,BHAJANPURA,SANJAY KUMAR THAKUR,123456789,,711203,WEST BENGAL,WEST BENGAL,"283/G MIRPARA ROAD LILUAH,HOWRAH BALLY M BHATTANAGAR HAORA HOWRAH WEST BENGAL 711203",PREPAID,20,,,,,,
425,,,,LEX DIGITAL,123456789,,,110053,BHAJANPURA,DELHI,BHAJANPURA,PANDURANGAN VENKATESAN,123456789,,602023,TAMIL NADU,TAMIL NADU,138 SAVADI STREET POONDI THIRUVALLUR TIRUVALLUR TAMIL NADU 602023,PREPAID,20,,,,,,
426,,,,LEX DIGITAL,123456789,,,110053,BHAJANPURA,DELHI,BHAJANPURA,AMOL RAMKISAN GADE,123456789,,431133,MAHARASHTRA,MAHARASHTRA,"EKTA NAGAR WALUJ, AURANGABAD WALUJ BK., MAHARASHTRA, NULL - 431133 MAHARASHTRA",PREPAID,20,,,,,,
427,,,,LEX DIGITAL,123456789,,,110053,BHAJANPURA,DELHI,BHAJANPURA,PRASHANT KUMAR MAURYA,123456789,,226017,UTTAR PRADESH,UTTAR PRADESH,"356 / 218 18 SHIVAJIPURAM ALAMNAGAR ROAD , RAJAJIPURAM LUCKNOW UTTAR PRADESH 226017",PREPAID,20,,,,,,
428,,,,LEX DIGITAL,123456789,,,110053,BHAJANPURA,DELHI,BHAJANPURA,AJAY SAINI,123456789,,145001,PUNJAB,PUNJAB,H NO 204 MOHALLA KAZIPURA PATHANKOT GURDASPUR PUNJAB 145001,PREPAID,20,,,,,,
429,,,,LEX DIGITAL,123456789,,,110053,BHAJANPURA,DELHI,BHAJANPURA,NAKHAT SINGH RAJPUT,123456789,,122001,HARYANA,HARYANA,HOUSE NO 40 BEHIND SCR MODEL SCHOOL GALI 10A ASHOK VIHAR PHASE 3 J BLOCK GURGAON HARYANA 122001,PREPAID,20,,,,,,
430,,,,LEX DIGITAL,123456789,,,110053,BHAJANPURA,DELHI,BHAJANPURA,VINAMERA KUMAR NIMESH,123456789,,226016,UTTAR PRADESH,UTTAR PRADESH,C-713 C BLOCK LUCKNOW INDIRA NAGAR NEAR SYNDICATE BANK UTTAR PRADESH 226016,PREPAID,20,,,,,,
431,,,,LEX DIGITAL,123456789,,,110053,BHAJANPURA,DELHI,BHAJANPURA,SONAL,123456789,,122001,HARYANA,HARYANA,H.NO. 1478/5 GALI NO. 7 PATEL NAGAR GURGAON HARYANA 122001,PREPAID,20,,,,,,
432,,,,LEX DIGITAL,123456789,,,110053,BHAJANPURA,DELHI,BHAJANPURA,MITHUN PRAJAPATI,123456789,,122001,HARYANA,HARYANA,WARD NO. 10 BHAWANI NAGAR SIRONJ ROAD GALI GURGAON HARYANA 122001,PREPAID,20,,,,,,
433,,,,LEX DIGITAL,123456789,,,110053,BHAJANPURA,DELHI,BHAJANPURA,ANJUM SIRAJ TAMBOLI,123456789,,416416,MAHARASHTRA,MAHARASHTRA,"S.NO.489/1,PLOT NO.33/1 BEHIND BHANGAR BAZAR SHAMRAONAGAR SANGLI MIRAJ MAHARASHTRA 416416",PREPAID,20,,,,,,
434,,,,LEX DIGITAL,123456789,,,110053,BHAJANPURA,DELHI,BHAJANPURA,GANESH SUKRA DEVADIGA,123456789,,401305,MAHARASHTRA,MAHARASHTRA,"ROOM NO 206, A-WING, NARAYAN KUTIR COMPOUND MANVELPADA ROAD, NEAR MANALI HOTEL VIRAR EAST VASAI THANE MAHARASHTRA 401305",PREPAID,20,,,,,,
435,,,,LEX DIGITAL,123456789,,,110053,BHAJANPURA,DELHI,BHAJANPURA,SAHALAM KHAN,123456789,,753001,ODISHA,ODISHA,"S/O ASRAF ALI KHAN,, INDIA, , NEAR BHARAT MOTOR C-26 NALBAN SAHI MASTAN ROAD CUTTACK SADAR G.P ODISHA 753001",PREPAID,20,,,,,,
436,,,,LEX DIGITAL,123456789,,,110053,BHAJANPURA,DELHI,BHAJANPURA,NAVEEN KUMAR MENDUGUJULLA,123456789,,500098,TELANGANA,TELANGANA,"MENDUGUJULLA MAHESHWARAPPA H NO 17-121 A-21 338 PEERZADIGUDA RAGHAVENDRA NAGAR NEAR VISHNUPURI COLONY, MEDCHAL-MALKAJGIRI HYDERABAD TELANGANA 500098",PREPAID,20,,,,,,
437,,,,LEX DIGITAL,123456789,,,110053,BHAJANPURA,DELHI,BHAJANPURA,GUNJAN PRASHANT SHIRODKAR,123456789,,401107,MAHARASHTRA,MAHARASHTRA,"C-49/403, SATYADEEP SHANTINAGAR CHSL SECTOR 9, SHANTI NAGAR, MIRA ROAD EAST MIRA-BHAYANDER THANE MAHARASHTRA 401107",PREPAID,20,,,,,,
438,,,,LEX DIGITAL,123456789,,,110053,BHAJANPURA,DELHI,BHAJANPURA,SORIFUL ISLAM,123456789,,741302,WEST BENGAL,WEST BENGAL,01 HATIDUBA RAOD DEULABARI BERAIL KUSHMANDI DAKSHIN DINAJPUR NADIA WEST BENGAL 741302,PREPAID,20,,,,,,
439,,,,LEX DIGITAL,123456789,,,110053,BHAJANPURA,DELHI,BHAJANPURA,PUNEET BHARAT GORADIA,123456789,,401101,MAHARASHTRA,MAHARASHTRA,"A-102, GAUTAM NAGAR NO-3 CHSL MOTI ROAD BHAYANDER WEST NEAR AMBE MATA TEMPLE THANE MAHARASHTRA 401101",PREPAID,20,,,,,,
440,,,,LEX DIGITAL,123456789,,,110053,BHAJANPURA,DELHI,BHAJANPURA,DHARMENDRA KUMAR SINGH,123456789,,226020,UTTAR PRADESH,UTTAR PRADESH,80 KESHAV NAGAR SITAPUR NIRALA LUCKNOW FAIJULLA GANJ UTTAR PRADESH 226020,PREPAID,20,,,,,,
441,,,,LEX DIGITAL,123456789,,,110053,BHAJANPURA,DELHI,BHAJANPURA,NARENDRA DIVANJIBHAI GAMIT,123456789,,394655,GUJARAT,GUJARAT,"C/O GAMIT NARENDRABHAI DIVANJIBHAI,, INDIA, TAPI, NISHAL FALIYA KARANJWEL TA.VYARA KARANJVEL VYARA SURAT GUJARAT 394655",PREPAID,20,,,,,,
442,,,,LEX DIGITAL,123456789,,,110053,BHAJANPURA,DELHI,BHAJANPURA,DEEPAK RANA,123456789,,110082,DELHI,DELHI,"C O HEMCHANDER RANA HOUSE NO-486 PANDIT MOHALLA NORTH WEST DELHI KHERA KALAN, DELHI, NULL - 110082 NEW",PREPAID,20,,,,,,
443,,,,LEX DIGITAL,123456789,,,110053,BHAJANPURA,DELHI,BHAJANPURA,KAPIL BABASO MHAKAVE,123456789,,416234,MAHARASHTRA,MAHARASHTRA,"INDIA,, , NEAR MILK DAIRY KANERI KARVIR KOLHAPUR MAHARASHTRA 416234",PREPAID,20,,,,,,
444,,,,LEX DIGITAL,123456789,,,110053,BHAJANPURA,DELHI,BHAJANPURA,ALLAUDDIN NABILAL SHAIKH,123456789,,421503,MAHARASHTRA,MAHARASHTRA,"CHIMOTI APT, 2ND FLOOR, ROOM NO 11 GRAMPANCHAYAT OFFICE VANGANI-EAST VANGANI AMBARNATH THANE MAHARASHTRA 421503",PREPAID,20,,,,,,
445,,,,LEX DIGITAL,123456789,,,110053,BHAJANPURA,DELHI,BHAJANPURA,RAM NIWAS PAL,123456789,,284003,UTTAR PRADESH,UTTAR PRADESH,"S O: VIJAY SINGH PAL B-3 DEEN DAYAL NAGAR, JHANSI LAHARGIRD, UTTAR PRADESH, NULL - 284003 PRADESH",PREPAID,20,,,,,,
446,,,,LEX DIGITAL,123456789,,,110053,BHAJANPURA,DELHI,BHAJANPURA,PULKEET,123456789,,201204,UTTAR PRADESH,UTTAR PRADESH,132 MADHUBAN VATIKA MODINAGAR MODI NAGAR VIJAY GHAZIABAD UTTAR PRADESH 201204,PREPAID,20,,,,,,
447,,,,LEX DIGITAL,123456789,,,110053,BHAJANPURA,DELHI,BHAJANPURA,NAKUSABAI SAMADHAN BANDAGAR,123456789,,400709,MAHARASHTRA,MAHARASHTRA,554 PLOT NO 204 SHREE GANESH KRUPA SECTOR 19 KOPARKHAIRNE NAVI MUMBAI KOPAR KHAIRNE THANE MAHARASHTRA 400709,PREPAID,20,,,,,,
448,,,,LEX DIGITAL,123456789,,,110053,BHAJANPURA,DELHI,BHAJANPURA,MANDALA PREM SRUJAN,123456789,,500019,TELANGANA,TELANGANA,"310, SECOND FLOOR, SRI SANTOSH NILAYAM GULMOHAR PARK COLONY, SERILINGAMPALLY K V RANGAREDDY TELANGANA 500019",PREPAID,20,,,,,,
449,,,,LEX DIGITAL,123456789,,,110053,BHAJANPURA,DELHI,BHAJANPURA,MOHAMMAD IMAMSAB BISTI,123456789,,580023,KARNATAKA,KARNATAKA,254 HUBLI GOPANKOPPA SWAGATH COLONY DHARWAD KARNATAKA 580023,PREPAID,20,,,,,,
450,,,,LEX DIGITAL,123456789,,,110053,BHAJANPURA,DELHI,BHAJANPURA,JASKARAN SINGH GULATI,123456789,,144002,PUNJAB,PUNJAB,"S/O LAKHWINDER SINGH GULATI,, INDIA, , H/N W.X 317-318 WARD 49 BASTI NAU JALANDHAR PUNJAB 144002",PREPAID,20,,,,,,
451,,,,LEX DIGITAL,123456789,,,110053,BHAJANPURA,DELHI,BHAJANPURA,AMANPREET SINGH,123456789,,181102,JAMMU AND KASHMIR,JAMMU AND KASHMIR,- NEW DEWAN GARH DIWAN CHAKROHI RANBIRSINGHPORA NEAR POWER HOUSE JAMMU AND KASHMIR 181102,PREPAID,20,,,,,,
452,,,,LEX DIGITAL,123456789,,,110053,BHAJANPURA,DELHI,BHAJANPURA,RAVI KUMAR JOSHI,123456789,,324005,RAJASTHAN,RAJASTHAN,C-38 INDRA VIHAR KOTA RAJASTHAN 324005,PREPAID,20,,,,,,
453,,,,LEX DIGITAL,123456789,,,110053,BHAJANPURA,DELHI,BHAJANPURA,BHARAT RAJ,123456789,,802301,BIHAR,BIHAR,"S/O MADHUSUDAN SINGH,, INDIA, , NEAR THAKURBARI MANDIR PAKRI BHOJPUR ARRAH PATNA BIHAR 802301",PREPAID,20,,,,,,
454,,,,LEX DIGITAL,123456789,,,110053,BHAJANPURA,DELHI,BHAJANPURA,HARPREET SINGH,123456789,,143102,PUNJAB,PUNJAB,223 GUJJARPURA AJNALA NEAR PRIMARY SCHOOL AMRITSAR PUNJAB 143102,PREPAID,20,,,,,,
455,,,,LEX DIGITAL,123456789,,,110053,BHAJANPURA,DELHI,BHAJANPURA,HANUMANTHARAJ HEMANTH KUMAR,123456789,,573201,KARNATAKA,KARNATAKA,14 HANI KRUTHI NILAYA SANKALAPURA HASSAN ALUR KARNATAKA 573201,PREPAID,20,,,,,,
456,,,,LEX DIGITAL,123456789,,,110053,BHAJANPURA,DELHI,BHAJANPURA,ABRAM T,123456789,,680581,KERALA,KERALA,SHALOM THATTIL HOUSE ATHANI POOMALA ROAD MINALUR THRISSUR KERALA 680581,PREPAID,20,,,,,,
457,,,,LEX DIGITAL,123456789,,,110053,BHAJANPURA,DELHI,BHAJANPURA,PRASHANT MADHUKAR MAHALE,123456789,,412209,MAHARASHTRA,MAHARASHTRA,"INDIA,, , GANDHARV CITY RANJANGAON GANPATI SHIRUR PUNE MAHARASHTRA 412209",PREPAID,20,,,,,,
458,,,,LEX DIGITAL,123456789,,,110053,BHAJANPURA,DELHI,BHAJANPURA,NEERAJ KUMAR TIWARI,123456789,,224205,UTTAR PRADESH,UTTAR PRADESH,"C/O DWIJENDRA KUMAR TIWARI,, INDIA, AYODHYA, VILL UMAPUR KATHOULIA POST JANABAZAR KHAPRA DIH KHAPRADIH BIKAPUR FAIZABAD UTTAR PRADESH 224205",PREPAID,20,,,,,,
459,,,,LEX DIGITAL,123456789,,,110053,BHAJANPURA,DELHI,BHAJANPURA,AMAN PACHORI,123456789,,110087,DELHI,DELHI,"RAJENDER PACHORI A-25 CGHS PARK VIEW APARTMET, WEST DELHI PASCHIM VIHAR, DELHI, NULL - 110087 NEW",PREPAID,20,,,,,,
460,,,,LEX DIGITAL,123456789,,,110053,BHAJANPURA,DELHI,BHAJANPURA,KAPIL DEV SINGH,123456789,,243202,UTTAR PRADESH,UTTAR PRADESH,TAJUA BHAIRPURA NAWABGANJ BAREILLY UTTAR PRADESH 243202,PREPAID,20,,,,,,
461,,,,LEX DIGITAL,123456789,,,110053,BHAJANPURA,DELHI,BHAJANPURA,ABHIJIT SHIVAYOGIMATH,123456789,,590010,KARNATAKA,KARNATAKA,"S/O FAKEERAYYA,, INDIA, , 46/A,H.NO.-99 SHAHU NAGAR BELGAUM NEHRU HUKKERI 46/A,H.NO.-99,ABHIJIT BULDING BELAGAVI KARNATAKA 590010",PREPAID,20,,,,,,
462,,,,LEX DIGITAL,123456789,,,110053,BHAJANPURA,DELHI,BHAJANPURA,MANISH YADAV,123456789,,462030,MADHYA PRADESH,MADHYA PRADESH,D/7 SARVODAYA COLONY CTO BAIRAGARH BHOPAL MADHYA PRADESH 462030,PREPAID,20,,,,,,
463,,,,LEX DIGITAL,123456789,,,110053,BHAJANPURA,DELHI,BHAJANPURA,MARY RACHEL,123456789,,500004,TELANGANA,TELANGANA,10-1-887 VEER NAGAR KHAIRATABAD HYDERABAD TELANGANA 500004,PREPAID,20,,,,,,
464,,,,LEX DIGITAL,123456789,,,110053,BHAJANPURA,DELHI,BHAJANPURA,AVIJIT PAUL,123456789,,734012,WEST BENGAL,WEST BENGAL,"INDIA,, , MEDICAL MORE KAWAKHARI SUSHRUT NAGAR DARJILING WEST BENGAL 734012",PREPAID,20,,,,,,
465,,,,LEX DIGITAL,123456789,,,110053,BHAJANPURA,DELHI,BHAJANPURA,NAYAN SHARMA,123456789,,452005,MADHYA PRADESH,MADHYA PRADESH,EWS 12 S N CORRIDOR INDORE BEHIND SHREE MAYA ARCADE CHHOTA BAGARDA ROAD BIJASAN NEAR NARIMAN CITY MADHYA PRADESH 452005,PREPAID,20,,,,,,
466,,,,LEX DIGITAL,123456789,,,110053,BHAJANPURA,DELHI,BHAJANPURA,ABHISHEK MAROTH,123456789,,122001,HARYANA,HARYANA,01 SECTOR 43 GURGAON HARYANA 122001,PREPAID,20,,,,,,
467,,,,LEX DIGITAL,123456789,,,110053,BHAJANPURA,DELHI,BHAJANPURA,GAYATRI SADANALA,123456789,,533244,ANDHRA PRADESH,ANDHRA PRADESH,1-64/1 MAIN ROAD RAZOLE MANDAL KUNAVARAM NEAR VINAYAKA TEMPLE EAST GODAVARI ANDHRA PRADESH 533244,PREPAID,20,,,,,,
468,,,,LEX DIGITAL,123456789,,,110053,BHAJANPURA,DELHI,BHAJANPURA,ANIL KUMAR KOLI,123456789,,311001,RAJASTHAN,RAJASTHAN,10-D-40 TILAK NAGAR BHILWARA NEAR COMMUNITY HALL RAJASTHAN 311001,PREPAID,20,,,,,,
469,,,,LEX DIGITAL,123456789,,,110053,BHAJANPURA,DELHI,BHAJANPURA,ANOOP SINGH,123456789,,226010,UTTAR PRADESH,UTTAR PRADESH,"2/404 VIRAM KHAND KHAND, GOMTI NAGAR GOMTINAGAR BAKSHI KA TALAB RAM BHAVAN GUEST HOUSE LUCKNOW UTTAR PRADESH 226010",PREPAID,20,,,,,,
470,,,,LEX DIGITAL,123456789,,,110053,BHAJANPURA,DELHI,BHAJANPURA,PAWAN KUMAR,123456789,,148027,PUNJAB,PUNJAB,NEAR GOVT SCHOOL TEHSIL MOONAK ANDANA SANGRUR PUNJAB 148027,PREPAID,20,,,,,,
471,,,,LEX DIGITAL,123456789,,,110053,BHAJANPURA,DELHI,BHAJANPURA,VAMSI KRISHNA MUTTAVARAPU,123456789,,508206,TELANGANA,TELANGANA,"14-163/F SREERANGA PURAM SREERANG KODAD X ROADS, VAGDEVI COLLEGE NALGONDA TELANGANA 508206",PREPAID,20,,,,,,
472,,,,LEX DIGITAL,123456789,,,110053,BHAJANPURA,DELHI,BHAJANPURA,MUHAMMED YASIN,123456789,,695505,KERALA,KERALA,"C O ABDUL RAHIMAN HASEENA MANZIL PULIYOORSALA PANACHAMOODU P O, THIRUVANANTHAPURAM KUNNATHUKAL, KERALA, NULL - 695505 KERALA",PREPAID,20,,,,,,
473,,,,LEX DIGITAL,123456789,,,110053,BHAJANPURA,DELHI,BHAJANPURA,SIMRAN SINGH KOHLI,123456789,,201002,UTTAR PRADESH,UTTAR PRADESH,"DARSHAN SINGH KOHLI FLAT NO S F 4 2ND FLOOR WITH ROOF RIGHT IN PLOT NO-177 178 PANDAV NAGAR, GHAZIABAD GHAZIABAD, UTTAR PRADESH, NULL - 201002 PRADESH",PREPAID,20,,,,,,
474,,,,LEX DIGITAL,123456789,,,110053,BHAJANPURA,DELHI,BHAJANPURA,KAPIL,123456789,,132103,HARYANA,HARYANA,1370 UJHA ROAD EKTA VIHAR COLONY WARD-13 PANIPAT HARYANA 132103,PREPAID,20,,,,,,
475,,,,LEX DIGITAL,123456789,,,110053,BHAJANPURA,DELHI,BHAJANPURA,MANISH SRIVASTAVA,123456789,,226017,UTTAR PRADESH,UTTAR PRADESH,E-4590 SECTOR-11 LUCKNOW RAJAJIPURAM UTTAR PRADESH 226017,PREPAID,20,,,,,,
476,,,,LEX DIGITAL,123456789,,,110053,BHAJANPURA,DELHI,BHAJANPURA,CHANDER SHEKHAR,123456789,,110089,DELHI,DELHI,E-3/231 PARADISE APARTMENT SECTOR-18 ROHINI SECTOR 15 NARELA NEW DELHI 110089,PREPAID,20,,,,,,
477,,,,LEX DIGITAL,123456789,,,110053,BHAJANPURA,DELHI,BHAJANPURA,SWAPAN BARMAN,123456789,,741302,WEST BENGAL,WEST BENGAL,01 NADIA WEST BENGAL 741302,PREPAID,20,,,,,,
478,,,,LEX DIGITAL,123456789,,,110053,BHAJANPURA,DELHI,BHAJANPURA,SANDEEP MALIK,123456789,,251001,UTTAR PRADESH,UTTAR PRADESH,1095/5 SANTOSH VIHAR CIVIL LINE MUZAFFARNAGAR LAL KOTHI WALI GALI UTTAR PRADESH 251001,PREPAID,20,,,,,,
479,,,,LEX DIGITAL,123456789,,,110053,BHAJANPURA,DELHI,BHAJANPURA,SHAFIULLA MUBARAQ PASHA,123456789,,560039,KARNATAKA,KARNATAKA,239 AHMED NAGAR GANGONDANA HALLI NEAR MAKKAH MASJID BANGALORE KARNATAKA 560039,PREPAID,20,,,,,,
480,,,,LEX DIGITAL,123456789,,,110053,BHAJANPURA,DELHI,BHAJANPURA,RAVI TEJA PADALA,123456789,,534001,ANDHRA PRADESH,ANDHRA PRADESH,"S/O PADALA VENKATESWARA RAO,, INDIA, , 2-15-7 2-15-7,GANDHI COLONY,AMUDALA APPALA SWAMI COLONY ELURU WEST GODAVARI ANDHRA PRADESH 534001",PREPAID,20,,,,,,
481,,,,LEX DIGITAL,123456789,,,110053,BHAJANPURA,DELHI,BHAJANPURA,RAVI MALHOTRA,123456789,,110059,DELHI,DELHI,H N0-D-1/42-A MANSA RAM PARK UTTAM NAGAR D. K. MOHAN GARDEN S.O NEAR USHA MATA MANDIR WEST DELHI 110059,PREPAID,20,,,,,,
482,,,,LEX DIGITAL,123456789,,,110053,BHAJANPURA,DELHI,BHAJANPURA,MANISH KUMAR,123456789,,335001,RAJASTHAN,RAJASTHAN,HOUSE NO. 83-B GALI 2 SETIA COLONY GANGANAGAR GANESH MANDIR KE PAS RAJASTHAN 335001,PREPAID,20,,,,,,
483,,,,LEX DIGITAL,123456789,,,110053,BHAJANPURA,DELHI,BHAJANPURA,ANKUR GOYAL,123456789,,248003,UTTARAKHAND,UTTARAKHAND,H NO 41 KALI MATA MANDIR NIMBU WALA DEHRADUN GARHI CANTT DISTRICT UTTARAKHAND 248003,PREPAID,20,,,,,,
484,,,,LEX DIGITAL,123456789,,,110053,BHAJANPURA,DELHI,BHAJANPURA,RAVIKIRAN BANDI,123456789,,500085,TELANGANA,TELANGANA,"FLAT NO 102 PLOT 148 ROAD 17B, VINAYAKA HARIVILLU APT HYDERNAGAR, KUKATPALLY JNTU KUKAT PALLY GOPALNAGAR HOUSING SOCIETY HYDERABAD TELANGANA 500085",PREPAID,20,,,,,,
485,,,,LEX DIGITAL,123456789,,,110053,BHAJANPURA,DELHI,BHAJANPURA,YOGESHKUMAR DINESHBHAI SOLANKI,123456789,,396002,GUJARAT,GUJARAT,"741 KANAN SOCIETY RAJAN NAGAR ABRAMA, VALSAD VALSAD, GUJARAT, NULL - 396002 GUJARAT",PREPAID,20,,,,,,
486,,,,LEX DIGITAL,123456789,,,110053,BHAJANPURA,DELHI,BHAJANPURA,KEWALRAM NIRANJAN WADWALE,123456789,,440034,MAHARASHTRA,MAHARASHTRA,"PLOT NO.10 NEAR HANUMAN MANDIR,OPPOSITE SHIVGANGA APARTMENT BELTARODI ROAD NARAYAN BANYEET NAGAR,BELTARODI, NAGPUR BESA, MAHARASHTRA, NULL - 440034 MAHARASHTRA",PREPAID,20,,,,,,
487,,,,LEX DIGITAL,123456789,,,110053,BHAJANPURA,DELHI,BHAJANPURA,PRANSHU MAIKHURI,123456789,,110091,DELHI,DELHI,"S O J.P. MAIKHURI FLAT NO-55-C, POCKET-F MAYUR VIHAR, PHASE - II, EAST DELHI DELHI, NULL 110091 NEW",PREPAID,20,,,,,,
488,,,,LEX DIGITAL,123456789,,,110053,BHAJANPURA,DELHI,BHAJANPURA,ANURAG SINGH SAINI,123456789,,122101,HARYANA,HARYANA,"S O: JAI RAM SAINI GURGAON BANDHWARI(79), HARYANA, NULL - 122101 HARYANA",PREPAID,20,,,,,,
489,,,,LEX DIGITAL,123456789,,,110053,BHAJANPURA,DELHI,BHAJANPURA,RAJ KUMAR,123456789,,141003,PUNJAB,PUNJAB,1392 7 SHIMALPURI MILLERGANJ LUDHIANA KWALITY ROAD NEAR DUSHARA GROUND PUNJAB 141003,PREPAID,20,,,,,,
490,,,,LEX DIGITAL,123456789,,,110053,BHAJANPURA,DELHI,BHAJANPURA,ROHIT RAMESH NIKAM,123456789,,412114,MAHARASHTRA,MAHARASHTRA,"GAT NO.1398 GOKUL SOCIETY CHIKHALI BK. CHIKHLEE MULSHI SANE CHOWK, MOREWASTI PUNE MAHARASHTRA 412114",PREPAID,20,,,,,,
491,,,,LEX DIGITAL,123456789,,,110053,BHAJANPURA,DELHI,BHAJANPURA,MELKIN,123456789,,600099,TAMIL NADU,TAMIL NADU,"S O: EDWIN SEKAR 2 13 C SHANMUGAPURAM NETHAJI STREET TIRUVALLUR KOLATHUR, TAMIL NADU, NULL - 600099 THIRUVALLUR NADU",PREPAID,20,,,,,,
492,,,,LEX DIGITAL,123456789,,,110053,BHAJANPURA,DELHI,BHAJANPURA,BILAKANTI RAVI KUMAR,123456789,,500044,TELANGANA,TELANGANA,2-1-435/402 STREET NO-4 NEW NALLAKUNTA PADMAJA ELECTRICALS BEHIND LINE HYDERABAD TELANGANA 500044,PREPAID,20,,,,,,
493,,,,LEX DIGITAL,123456789,,,110053,BHAJANPURA,DELHI,BHAJANPURA,RANI KUMARI,123456789,,110043,DELHI,DELHI,"D/O SURESH PRASAD SAHU,, INDIA, , H.N0-91 A-BLOCK A-BLOCK, GALI N0-1, NANGLI VIHAR, PREM VIHAR NAJAFGARH SOUTH WEST DELHI 110043",PREPAID,20,,,,,,
494,,,,LEX DIGITAL,123456789,,,110053,BHAJANPURA,DELHI,BHAJANPURA,SAURABH PATIL,123456789,,401404,MAHARASHTRA,MAHARASHTRA,"S/O MANOHAR PATIL,, INDIA, KHAREKURAN JOGESHWARIPADA / THANE MAHARASHTRA 401404",PREPAID,20,,,,,,
495,,,,LEX DIGITAL,123456789,,,110053,BHAJANPURA,DELHI,BHAJANPURA,MUSIRMOHMMAD FARIDMOHMMAD SHAIKH,123456789,,387001,GUJARAT,GUJARAT,1 ALI PARK SOCIETY NADIAD SALUN TALPAD BHOJA TALAVADI KHEDA GUJARAT 387001,PREPAID,20,,,,,,
496,,,,LEX DIGITAL,123456789,,,110053,BHAJANPURA,DELHI,BHAJANPURA,MOHIT,123456789,,122413,HARYANA,HARYANA,S O DEVENDER BILASPUR KHURD NEAR POST OFFICE 146 GURGAON HARYANA 122413,PREPAID,20,,,,,,
497,,,,LEX DIGITAL,123456789,,,110053,BHAJANPURA,DELHI,BHAJANPURA,NEERJA JETLY,123456789,,110034,DELHI,DELHI,130-A BLOCK -NP PITAMPURA NEAR GOPAL MANDIR NORTH WEST DELHI 110034,PREPAID,20,,,,,,
498,,,,LEX DIGITAL,123456789,,,110053,BHAJANPURA,DELHI,BHAJANPURA,MUNEER AHMAD KHAN,123456789,,122001,HARYANA,HARYANA,121 BUDERKUND GANDERBAL GURGAON HARYANA 122001,PREPAID,20,,,,,,
499,,,,LEX DIGITAL,123456789,,,110053,BHAJANPURA,DELHI,BHAJANPURA,JITENDRA YADAV,123456789,,301709,RAJASTHAN,RAJASTHAN,- GANDALA NEAR SENIOR. SEC. SCHOOL ALWAR RAJASTHAN 301709,PREPAID,20,,,,,,
500,,,,LEX DIGITAL,123456789,,,110053,BHAJANPURA,DELHI,BHAJANPURA,NILESH BAGDIYA,123456789,,411043,MAHARASHTRA,MAHARASHTRA,FKAT NO 14 CLASSIC HIGHTS HOUSING SOCIETY PLOT 22 SATARA ROAD NEAR SIDDHI HOSPITAL PUNE CITY BALAJI NAGAR DHANKAWADI MAHARASHTRA 411043,PREPAID,20,,,,,,
501,,,,LEX DIGITAL,123456789,,,110053,BHAJANPURA,DELHI,BHAJANPURA,SAGAR SANAS,123456789,,412213,MAHARASHTRA,MAHARASHTRA,293 AT SANASWADI POST HATWE BK TAL BHOR HATAVE BK. PUNE MAHARASHTRA 412213,PREPAID,20,,,,,,
502,,,,LEX DIGITAL,123456789,,,110053,BHAJANPURA,DELHI,BHAJANPURA,NILESH KHANDARE,123456789,,410501,MAHARASHTRA,MAHARASHTRA,C6 18 DWARKA CITY 2A MAHALUNGE INGALE CHAKAN THE SCHOOL PUNE MAHARASHTRA 410501,PREPAID,20,,,,,,
503,,,,LEX DIGITAL,123456789,,,110053,BHAJANPURA,DELHI,BHAJANPURA,PAWAN KUMAR,123456789,,131102,HARYANA,HARYANA,"S O SUBHASH CHANDER 17 GOVERNMENT SENIOR SECENDRY SCHOOL TEWARI, SONIPAT BAJANA KHURD (125), HARYANA, NULL - 131102 HARYANA",PREPAID,20,,,,,,
504,,,,LEX DIGITAL,123456789,,,110053,BHAJANPURA,DELHI,BHAJANPURA,MOHD IRFAN,123456789,,110034,DELHI,DELHI,"FLAT NO-7 PARWANA ROAD GHALIB APPARTMENT PITAMPURA, NORTH WEST DELHI SARASWATI VIHAR S.O, DELHI, NULL - 110034 NEW",PREPAID,20,,,,,,
505,,,,LEX DIGITAL,123456789,,,110053,BHAJANPURA,DELHI,BHAJANPURA,KASIMENI RAVEENDRA,123456789,,515425,ANDHRA PRADESH,ANDHRA PRADESH,SO KASIMENI SRIRAMULU 218 ELLUTLA ANANTAPUR ANDHRA PRADESH INDIA 515425,PREPAID,20,,,,,,
506,,,,LEX DIGITAL,123456789,,,110053,BHAJANPURA,DELHI,BHAJANPURA,AFROZ DUDEKULA,123456789,,560037,KARNATAKA,KARNATAKA,"NO.6, SRI VEERABADHRA NEW LUXURY GENTS PG AYYAPPA LAYOUT MARATHAHALLI BENGALURU KARNATAKA 560037",PREPAID,20,,,,,,
507,,,,LEX DIGITAL,123456789,,,110053,BHAJANPURA,DELHI,BHAJANPURA,JAWED SHAIK,123456789,,500018,TELANGANA,TELANGANA,8-4-370/149 RAJ NAGAR BORABANDA BALANAGAR K V RANGAREDDY TELANGANA 500018,PREPAID,20,,,,,,
508,,,,LEX DIGITAL,123456789,,,110053,BHAJANPURA,DELHI,BHAJANPURA,SNEHA SINGH,123456789,,230139,UTTAR PRADESH,UTTAR PRADESH,"SNEHA SINGH VILLAGE- LAKHANPUR SOOR , SANGIPUR, PRATAPGARH SANGIPUR POST- UTTAR PRADESH, NULL - 230139 PRADESH",PREPAID,20,,,,,,
509,,,,LEX DIGITAL,123456789,,,110053,BHAJANPURA,DELHI,BHAJANPURA,ANIRUDH SHARMA,123456789,,121003,HARYANA,HARYANA,SO: VINOD KUMAR HOUSE NO-2693 GOVERNMENT SCHOOL FARIDABAD HARYANA 121003,PREPAID,20,,,,,,
510,,,,LEX DIGITAL,123456789,,,110053,BHAJANPURA,DELHI,BHAJANPURA,YENNELLI VARSHIKA,123456789,,502336,TELANGANA,TELANGANA,"W O: YENNELLI SWAMY REDDY 1-99 1 MANOHARABAD TOOPRAN MANDALAM, MEDAK MANOHARABAD, TELANGANA, NULL - 502336 TELANGANA",PREPAID,20,,,,,,
511,,,,LEX DIGITAL,123456789,,,110053,BHAJANPURA,DELHI,BHAJANPURA,PUNEET SAXENA,123456789,,305001,RAJASTHAN,RAJASTHAN,"S/O RAKESH SAXENA,, INDIA, SHAKTI NAGAR BEAWAR ROAD AJMER 23 RAJASTHAN 305001",PREPAID,20,,,,,,
512,,,,LEX DIGITAL,123456789,,,110053,BHAJANPURA,DELHI,BHAJANPURA,SHUBHAM KUMAR,123456789,,125051,HARYANA,HARYANA,HOUSE NO 231 WARD 8 RATIA RATTIA HISAR HARYANA 125051,PREPAID,20,,,,,,
513,,,,LEX DIGITAL,123456789,,,110053,BHAJANPURA,DELHI,BHAJANPURA,SAI DURGA SASIDHAR MADDALA,123456789,,533001,ANDHRA PRADESH,ANDHRA PRADESH,"S O MADDALA SRINIVASA MURTHY 39-8-11 NARLA VARI STREET SURYANARAYANA PURAM, EAST GODAVARI KAKINADA (URBAN), ANDHRA PRADESH, NULL - 533001 PRADESH",PREPAID,20,,,,,,
514,,,,LEX DIGITAL,123456789,,,110053,BHAJANPURA,DELHI,BHAJANPURA,RAJESH BHASKER CHAUDHARI,123456789,,395023,GUJARAT,GUJARAT,147 C SAI MOHAN ROW HOUSE BHESTAN JIAV CHORASI VADOD SURAT GUJARAT 395023,PREPAID,20,,,,,,
515,,,,LEX DIGITAL,123456789,,,110053,BHAJANPURA,DELHI,BHAJANPURA,MANGILAL CARPENTAR,123456789,,326520,RAJASTHAN,RAJASTHAN,WARD NO. 12 MATAJI MOHALLA SOHAN KHERA BUDH KHAN RAMGANJ MANDI SOHANKHERA KOTA RAJASTHAN 326520,PREPAID,20,,,,,,
516,,,,LEX DIGITAL,123456789,,,110053,BHAJANPURA,DELHI,BHAJANPURA,NAREDLA NARESH REDDY,123456789,,500018,TELANGANA,TELANGANA,7-2-22/1 SAI SAPTHAGIRI RESIDENCY SANATH NAGAR SANATHNAGAR I E NEAR BUSTAND K V RANGAREDDY TELANGANA 500018,PREPAID,20,,,,,,
517,,,,LEX DIGITAL,123456789,,,110053,BHAJANPURA,DELHI,BHAJANPURA,ASHWANI SEN,123456789,,324006,RAJASTHAN,RAJASTHAN,FATEHGADI ROAD RAMPURA KOTA CITY LADPURA RAJASTHAN 324006,PREPAID,20,,,,,,
518,,,,LEX DIGITAL,123456789,,,110053,BHAJANPURA,DELHI,BHAJANPURA,KRISHN KANT SAGAR,123456789,,110053,DELHI,DELHI,"S O RAM PAL SINGH E-49 C-24 RAGUNATH MANDIR GALI NO.-3 JANTA MAZDOOR COLONY, NORTH EAST DELHI JAFFRABAD, DELHI, NULL - 110053 NEW",PREPAID,20,,,,,,
519,,,,LEX DIGITAL,123456789,,,110053,BHAJANPURA,DELHI,BHAJANPURA,DIVYESH MUKESHCHANDRA JADAV,123456789,,395007,GUJARAT,GUJARAT,"FLAT NO-A 715 L.I.G-8,SUMAN UDAY OPP- S.D.JAIN COLL,B/S-DAIMOND INSTITUTE SURAT BHARTHANA VESU GUJARAT 395007",PREPAID,20,,,,,,
520,,,,LEX DIGITAL,123456789,,,110053,BHAJANPURA,DELHI,BHAJANPURA,WAZHAT ALI,123456789,,271001,UTTAR PRADESH,UTTAR PRADESH,862 PATEL NAGAR GHOSIYANA GONDA COLONELGANJ UTTAR PRADESH 271001,PREPAID,20,,,,,,
521,,,,LEX DIGITAL,123456789,,,110053,BHAJANPURA,DELHI,BHAJANPURA,GURPREET SAIN,123456789,,335041,RAJASTHAN,RAJASTHAN,"S/O SOHAN LAL,, INDIA, , POST OFFICE - 16 B 14 BB PADAMPUR GANGANAGAR RAJASTHAN 335041",PREPAID,20,,,,,,
522,,,,LEX DIGITAL,123456789,,,110053,BHAJANPURA,DELHI,BHAJANPURA,ANAND SWAROOP POTLURI,123456789,,523157,ANDHRA PRADESH,ANDHRA PRADESH,4-11-1A VIZILI PET PERALA CHIRALA NEAR ROUND ARCH PRAKASAM ANDHRA PRADESH 523157,PREPAID,20,,,,,,
523,,,,LEX DIGITAL,123456789,,,110053,BHAJANPURA,DELHI,BHAJANPURA,SHAHJAD,123456789,,244927,UTTAR PRADESH,UTTAR PRADESH,"S O: IQBAL MAJHRA SHOKATNAGAR, RAMPUR SINGAN KHERA, UTTAR PRADESH, NULL - 244927 PRADESH",PREPAID,20,,,,,,
524,,,,LEX DIGITAL,123456789,,,110053,BHAJANPURA,DELHI,BHAJANPURA,TARUN JAIN,123456789,,131001,HARYANA,HARYANA,"S O: PAWAN KUMAR JAIN 215-F MAHATMA GANDHI AWAS YOJANA SECTOR-12, SONIPAT SONIPAT, HARYANA, NULL - 131001 HARYANA",PREPAID,20,,,,,,
525,,,,LEX DIGITAL,123456789,,,110053,BHAJANPURA,DELHI,BHAJANPURA,MENOORI MOGULAIAH,123456789,,500028,TELANGANA,TELANGANA,"S O MENOORI BALAIAH 12-2-790 B 704 BHOJAGUTTA SHIVAJI NAGAR MEHDIPATNAM, HYDERABAD ASIFNAGAR, TELANGANA, NULL - 500028 TELANGANA",PREPAID,20,,,,,,
526,,,,LEX DIGITAL,123456789,,,110053,BHAJANPURA,DELHI,BHAJANPURA,BISWAJIT GAYEN,123456789,,700147,WEST BENGAL,WEST BENGAL,"MOHANPUR PURBA PARA, SOUTH 24 PARGANAS PETUA(CT), WEST BENGAL, NULL - 700147 BENGAL",PREPAID,20,,,,,,
527,,,,LEX DIGITAL,123456789,,,110053,BHAJANPURA,DELHI,BHAJANPURA,MAYANK KUMAR YADAV,123456789,,482011,MADHYA PRADESH,MADHYA PRADESH,"HOUSE NUMBER-67 WARD NUMBER-7 STREET NUMBER-2 KAROUNDI,RANJHI JABALPUR FOR NEW VTC MADHYA PRADESH 482011",PREPAID,20,,,,,,
528,,,,LEX DIGITAL,123456789,,,110053,BHAJANPURA,DELHI,BHAJANPURA,ZAFAR IRFAN,123456789,,226001,UTTAR PRADESH,UTTAR PRADESH,116/90 GHASIARI MANDI LUCKNOW G.P BAKSHI KA TALAB UTTAR PRADESH 226001,PREPAID,20,,,,,,
529,,,,LEX DIGITAL,123456789,,,110053,BHAJANPURA,DELHI,BHAJANPURA,RIZWAN ILAHI,123456789,,201001,UTTAR PRADESH,UTTAR PRADESH,H.NO.-2033 KAILA GHAZIABAD NEAR MOTI MASJID GAUTAM BUDDHA NAGAR UTTAR PRADESH 201001,PREPAID,20,,,,,,
530,,,,LEX DIGITAL,123456789,,,110053,BHAJANPURA,DELHI,BHAJANPURA,MANDEEP KAUR,123456789,,141114,PUNJAB,PUNJAB,"W/O GURPREET SINGH,, INDIA, MAL MAJRA LUDHIANA PUNJAB 141114",PREPAID,20,,,,,,
531,,,,LEX DIGITAL,123456789,,,110053,BHAJANPURA,DELHI,BHAJANPURA,PARMOD KUMAR,123456789,,132116,HARYANA,HARYANA,"S/O,ISHWAR SINGH,, INDIA SULTANPUR 78 KARNAL HARYANA 132116",PREPAID,20,,,,,,
532,,,,LEX DIGITAL,123456789,,,110053,BHAJANPURA,DELHI,BHAJANPURA,MOHD PARVEZ,123456789,,122104,HARYANA,HARYANA,"S O: FAKHRUDDIN HOUSE NO. 252 MEWAT MAHOLI(87), HARYANA, NULL - 122104 FEROZEPUR JHIRKA HARYANA",PREPAID,20,,,,,,
533,,,,LEX DIGITAL,123456789,,,110053,BHAJANPURA,DELHI,BHAJANPURA,TANAJI LAHANDAY,123456789,,500020,TELANGANA,TELANGANA,1-9-53/16 STREET NO.18 RAMNAGAR MUSHEERABAD DELIVERY NEAR LOTUS SCHOOL HYDERABAD TELANGANA 500020,PREPAID,20,,,,,,
534,,,,LEX DIGITAL,123456789,,,110053,BHAJANPURA,DELHI,BHAJANPURA,SUBHAJEET SAHA,123456789,,743133,WEST BENGAL,WEST BENGAL,"CHANDAN SAHA GIRISH GHAT ROAD NOAPARA NORTH 24 PARGANAS GARULIA (M), WEST BENGAL, NULL - 743133 BENGAL",PREPAID,20,,,,,,
535,,,,LEX DIGITAL,123456789,,,110053,BHAJANPURA,DELHI,BHAJANPURA,RATNESHKUMAR SACHCHITANAND RAI,123456789,,382350,GUJARAT,GUJARAT,S O SACHCHITANAND RAI H 304 DEVKRUPA 4 B GALAXY BUSINESS PARK NIKOL GAM ROAD AHMEDABAD GUJARAT 382350,PREPAID,20,,,,,,
536,,,,LEX DIGITAL,123456789,,,110053,BHAJANPURA,DELHI,BHAJANPURA,MOHAMMAD SARWAR SHAH,123456789,,466445,MADHYA PRADESH,MADHYA PRADESH,"S/O MOHAMMAD JAMIL AHMAD SHAH,, INDIA, , WARD NO 13 MANA BUDNI SEHORE MADHYA PRADESH 466445",PREPAID,20,,,,,,
537,,,,LEX DIGITAL,123456789,,,110053,BHAJANPURA,DELHI,BHAJANPURA,MANDULA ANIL,123456789,,506324,TELANGANA,TELANGANA,"S O: MANDULA MUTHAIAH 0-0 NARSIMHULA PETA DATLA DATLA, WARANGAL TELANGANA, NULL - 506324 TELANGANA",PREPAID,20,,,,,,
538,,,,LEX DIGITAL,123456789,,,110053,BHAJANPURA,DELHI,BHAJANPURA,BITAN HALDER,123456789,,700078,WEST BENGAL,WEST BENGAL,"APARNA APARTMENT,3RD FLOOR 29/14 KALITALA LINK ROAD KOLKATA WEST BENGAL 700078",PREPAID,20,,,,,,
539,,,,LEX DIGITAL,123456789,,,110053,BHAJANPURA,DELHI,BHAJANPURA,SURESH KUMAR KUNTAL,123456789,,201009,UTTAR PRADESH,UTTAR PRADESH,"HOUSE 150 GALI NO 6,RAHUL VIHAR 2ND PRATAP VIHAR,BALA GI MANDIR GAUTAM BUDDHA NAGAR UTTAR PRADESH 201009",PREPAID,20,,,,,,
540,,,,LEX DIGITAL,123456789,,,110053,BHAJANPURA,DELHI,BHAJANPURA,NEELA SHIVASHANKAR,123456789,,502279,TELANGANA,TELANGANA,"S O NEELA YADAGIRI 4-91 1 AT RELIANCE TOWER SIDDIPET WARGAL, TELANGANA, NULL - 502279 MEDAK TELANGANA",PREPAID,20,,,,,,
541,,,,LEX DIGITAL,123456789,,,110053,BHAJANPURA,DELHI,BHAJANPURA,SANJOY DHAR,123456789,,721626,WEST BENGAL,WEST BENGAL,"S/O SUKUMAR DHAR,, INDIA, PURBA MEDINIPUR, DEURIBAR SUKRULLAPUR DEURI BAR BHAGWANPUR-I EAST MIDNAPORE WEST BENGAL 721626",PREPAID,20,,,,,,
542,,,,LEX DIGITAL,123456789,,,110053,BHAJANPURA,DELHI,BHAJANPURA,RAJESH SARKAR,123456789,,736146,WEST BENGAL,WEST BENGAL,BARAKAUARDARA KAUARDARA COOCH BEHAR WEST BENGAL 736146,PREPAID,20,,,,,,
543,,,,LEX DIGITAL,123456789,,,110053,BHAJANPURA,DELHI,BHAJANPURA,VINOD JAISWAL,123456789,,226020,UTTAR PRADESH,UTTAR PRADESH,"S/O RAM SHANKAR JAISWAL,, INDIA, 538 K / 1286 TRIVENI NAGAR 2 LUCKNOW DIGURIA UTTAR PRADESH 226020",PREPAID,20,,,,,,
544,,,,LEX DIGITAL,123456789,,,110053,BHAJANPURA,DELHI,BHAJANPURA,SELVIN RAJU GANDIKOTA,123456789,,524201,ANDHRA PRADESH,ANDHRA PRADESH,"C O GANDIKOTA VENKATESWARLU 3-94 RUDRAKOTA KAVALI, NELLORE KAVALI BIT - II (RURAL), ANDHRA PRADESH, NULL 524201 PRADESH",PREPAID,20,,,,,,
545,,,,LEX DIGITAL,123456789,,,110053,BHAJANPURA,DELHI,BHAJANPURA,AMIT VASANTBHAI GANDHI,123456789,,390001,GUJARAT,GUJARAT,RANCHHOD BHUVAN OPP PATTHAR GATE POLICE STATION MADANZAMPA ROAD VADODARA GUJARAT 390001,PREPAID,20,,,,,,
546,,,,LEX DIGITAL,123456789,,,110053,BHAJANPURA,DELHI,BHAJANPURA,SHAFIULLA AMINABI,123456789,,515435,ANDHRA PRADESH,ANDHRA PRADESH,4/11 SINGANAMALA ANANTHAPUR ANDHRA PRADESH 515435,PREPAID,20,,,,,,
547,,,,LEX DIGITAL,123456789,,,110053,BHAJANPURA,DELHI,BHAJANPURA,SANJEEV KUMAR JHA,123456789,,122004,HARYANA,HARYANA,"S O KESHAV NATH JHA FLAT NUMBER 0010, TOWER EWS N. H. -8 GODREJ FRONTIER SOCIETY SECTOR 80 GURUGRAM, GURGAON RAMPURA, HARYANA, NULL - 122004 FARIDABAD HARYANA",PREPAID,20,,,,,,
548,,,,LEX DIGITAL,123456789,,,110053,BHAJANPURA,DELHI,BHAJANPURA,MANISH TIWARI,123456789,,110054,DELHI,DELHI,"955 Z GROUND FLOOR,TIMARPUR,BEHIND GURUDWARA, DELHI ADMINISTRATION FLATS TIMARPUR NEW 110054",PREPAID,20,,,,,,
549,,,,LEX DIGITAL,123456789,,,110053,BHAJANPURA,DELHI,BHAJANPURA,KRISHNA REDDY THATIPARTHY,123456789,,508213,TELANGANA,TELANGANA,H NO 1-6-141/35/6/3 SRIRAM NAGAR SURYAPET WARD 7 NALGONDA TELANGANA 508213,PREPAID,20,,,,,,
550,,,,LEX DIGITAL,123456789,,,110053,BHAJANPURA,DELHI,BHAJANPURA,AJAY KUMAR KALVALA,123456789,,505209,TELANGANA,TELANGANA,"C O: LAXMAN KALVALA 8-2-122 3 VINOBHANAGAR GODAVARIKHANI, KARIMNAGAR RAMAGUNDAM, TELANGANA, NULL - 505209 TELANGANA",PREPAID,20,,,,,,
551,,,,LEX DIGITAL,123456789,,,110053,BHAJANPURA,DELHI,BHAJANPURA,NIRAJ KUMAR,123456789,,835217,JHARKHAND,JHARKHAND,S O MAHADEO MAHTO VILL BUTI PO PS SADAR NEAR D A COLLEGE RANCHI JHARKHAND 835217,PREPAID,20,,,,,,
552,,,,LEX DIGITAL,123456789,,,110053,BHAJANPURA,DELHI,BHAJANPURA,KAMAL ARORA,123456789,,148028,PUNJAB,PUNJAB,606 SAVITRY GREENS NEAR DOMINOZ SANGRUR PUNJAB 148028,PREPAID,20,,,,,,
553,,,,LEX DIGITAL,123456789,,,110053,BHAJANPURA,DELHI,BHAJANPURA,PINTU KUMAR,123456789,,110041,DELHI,DELHI,"HOUSE NO. C-221, BLOCK-RZC NIHAL VIHAR, NEW DELHI 110041",PREPAID,20,,,,,,
554,,,,LEX DIGITAL,123456789,,,110053,BHAJANPURA,DELHI,BHAJANPURA,BIMAL KUMAR PANDA,123456789,,755018,ODISHA,ODISHA,JAGANNATH SAHI MADHAPUR SUKINDA JAJAPUR ODISHA 755018,PREPAID,20,,,,,,
555,,,,LEX DIGITAL,123456789,,,110053,BHAJANPURA,DELHI,BHAJANPURA,KIRAN KUMARI,123456789,,201301,UTTAR PRADESH,UTTAR PRADESH,B 42 NTPC TOWNSHIP SEC 33 GURGAON NGR NOIDA GAUTAM BUDDHA NAGAR UTTAR PRADESH 201301,PREPAID,20,,,,,,
556,,,,LEX DIGITAL,123456789,,,110053,BHAJANPURA,DELHI,BHAJANPURA,DINESHBHAI RANACHHODBHAI SAVALIYA,123456789,,394180,GUJARAT,GUJARAT,"86 KAMREJ GAM ROAD NILKANTH RESIDENCY SURAT KAMREJ, GUJARAT, NULL - 394180 GUJARAT",PREPAID,20,,,,,,
557,,,,LEX DIGITAL,123456789,,,110053,BHAJANPURA,DELHI,BHAJANPURA,ANKUSH AWACHITRAO TAWAR,123456789,,444002,MAHARASHTRA,MAHARASHTRA,"INDIA,, , WANKHADE NAGAR DABKI ROAD AKOLA CITY MAHARASHTRA 444002",PREPAID,20,,,,,,
558,,,,LEX DIGITAL,123456789,,,110053,BHAJANPURA,DELHI,BHAJANPURA,MOHMMAD RAFIK KHAN,123456789,,401501,MAHARASHTRA,MAHARASHTRA,"A 402 BLDG NO 10, KRISHA APARTEMENT BOISAR, PALGHAR SARAVALI, MAHARASHTRA, NULL - 401501 THANE MAHARASHTRA",PREPAID,20,,,,,,
559,,,,LEX DIGITAL,123456789,,,110053,BHAJANPURA,DELHI,BHAJANPURA,ARUMUGAM VINOD KUMAR,123456789,,560021,KARNATAKA,KARNATAKA,"S O ARMUGAM #11 1ST MAIN ROAD SWTANTRA NAGAR, SRIRAMPURAM, BANGALORE NORTH, KARNATAKA, NULL - 560021 KARNATAKA",PREPAID,20,,,,,,
560,,,,LEX DIGITAL,123456789,,,110053,BHAJANPURA,DELHI,BHAJANPURA,KAMAL JITENDRAKUMAR BAVARIYA,123456789,,360001,GUJARAT,GUJARAT,KAMAL PAREKH STREET NEAR ABC MEDICAL RAJKOT KOTDA SANGANI SANGANVA CHOWK GUJARAT 360001,PREPAID,20,,,,,,
561,,,,LEX DIGITAL,123456789,,,110053,BHAJANPURA,DELHI,BHAJANPURA,MOHD WASEEM,123456789,,201302,UTTAR PRADESH,UTTAR PRADESH,"S/O ABDUL KAREEM,, INDIA, GHAZIABAD, WARD NO 08 KAJI WALI MASJID DASNA DEHAT GHAZIABAD UTTAR PRADESH 201302",PREPAID,20,,,,,,
562,,,,LEX DIGITAL,123456789,,,110053,BHAJANPURA,DELHI,BHAJANPURA,PAWAN KUMAR DIXIT,123456789,,208011,UTTAR PRADESH,UTTAR PRADESH,128/246 H.BLOCK KIDWAI NAGAR KANPUR NEAR RAMLEELA PARK UTTAR PRADESH 208011,PREPAID,20,,,,,,
563,,,,LEX DIGITAL,123456789,,,110053,BHAJANPURA,DELHI,BHAJANPURA,NITISH KUMAR SAHU,123456789,,272207,UTTAR PRADESH,UTTAR PRADESH,12 CIVIL LINE TETARI BAZAR NAUGARH SIDDHARTHNAGAR UTTAR PRADESH 272207,PREPAID,20,,,,,,
564,,,,LEX DIGITAL,123456789,,,110053,BHAJANPURA,DELHI,BHAJANPURA,DEEPAKKUMAR NANTHAKUMAR,123456789,,600019,TAMIL NADU,TAMIL NADU,NO 13/147 THIYAGARAYA PURAM 3RD STREET TIRUVOTTIYUR S.O TIRUVALLUR TAMIL NADU 600019,PREPAID,20,,,,,,
565,,,,LEX DIGITAL,123456789,,,110053,BHAJANPURA,DELHI,BHAJANPURA,RAJNI KANT KUMAR,123456789,,560067,KARNATAKA,KARNATAKA,"C O LATE ARVIND KUMAR NO. A 406 4TH FLOOR BELATHUR, KADUGODI, BANGALORE M S R SILICON SPRING OPP. H D F BANK, BENGALURU KADUGODI PLANTATION, KARNATAKA, NULL - 560067 KARNATAKA",PREPAID,20,,,,,,
566,,,,LEX DIGITAL,123456789,,,110053,BHAJANPURA,DELHI,BHAJANPURA,NIRAJ DILIPKUMAR PATEL,123456789,,395005,GUJARAT,GUJARAT,"D 904 AMOUR CANAL ROAD, DANDI ROAD JAHANGIRABAD SURAT CITY RANDER OPP NIRVANA SHOPPERS GUJARAT 395005",PREPAID,20,,,,,,
567,,,,LEX DIGITAL,123456789,,,110053,BHAJANPURA,DELHI,BHAJANPURA,MOHIT GUPTA,123456789,,122001,HARYANA,HARYANA,L 1557 SHASTRI NAGAR GURGAON HARYANA 122001,PREPAID,20,,,,,,
568,,,,LEX DIGITAL,123456789,,,110053,BHAJANPURA,DELHI,BHAJANPURA,SHIVAM YADAV,123456789,,201301,UTTAR PRADESH,UTTAR PRADESH,P 7 NOIDA SECTOR 18 NEAR MACDONALD CAFE GAUTAM BUDDHA NAGAR UTTAR PRADESH 201301,PREPAID,20,,,,,,
569,,,,LEX DIGITAL,123456789,,,110053,BHAJANPURA,DELHI,BHAJANPURA,MANISH KUMAR,123456789,,801108,BIHAR,BIHAR,"S O KAMESHWAR PRASAD SINGH HOUSE NO -20 GANDHI MAIDAN . MAHARAJ NAGAR, PATNA MANER, BIHAR, NULL - 801108 BIHAR",PREPAID,20,,,,,,
570,,,,LEX DIGITAL,123456789,,,110053,BHAJANPURA,DELHI,BHAJANPURA,CHETHAN CHANNASOGE CHANDRASHEKHAR,123456789,,571105,KARNATAKA,KARNATAKA,SO CHANDRASHEKARTATTEKERE POST HANAGODU HOBLICHENNASOGE HUNSUR TALLUK MYSORE KARNATAKA 571105,PREPAID,20,,,,,,
571,,,,LEX DIGITAL,123456789,,,110053,BHAJANPURA,DELHI,BHAJANPURA,SMITH SIDNIBHAI SIDNIBHAIACWAN,123456789,,380021,GUJARAT,GUJARAT,185 PARMANAND PATELS CHAWL AND HUTS RAJPUR AHMEDABAD CITY GOMTIPUR AHMADABAD MARIYAMBIBI FOUR ROAD GUJARAT 380021,PREPAID,20,,,,,,
572,,,,LEX DIGITAL,123456789,,,110053,BHAJANPURA,DELHI,BHAJANPURA,RAVIKANT SURYAKANT MISHRA,123456789,,313001,RAJASTHAN,RAJASTHAN,HOUSE NO 103 PARAG APARTMENT PRIYDARSHINI NAGAR BEDLA UDAIPUR RAJASTHAN 313001,PREPAID,20,,,,,,
573,,,,LEX DIGITAL,123456789,,,110053,BHAJANPURA,DELHI,BHAJANPURA,SHABBEER,123456789,,500018,TELANGANA,TELANGANA,14-1-129/26/234/A PADMAVATHINAGAR BORABANDA ALLAPUR SANATHNAGAR I E NEAR MADINA MASJID K V RANGAREDDY TELANGANA 500018,PREPAID,20,,,,,,
574,,,,LEX DIGITAL,123456789,,,110053,BHAJANPURA,DELHI,BHAJANPURA,RAJU RAJU,123456789,,201009,UTTAR PRADESH,UTTAR PRADESH,"S O BHIM BAHADUR FLAT NO-S FLOOR SECOND PLOT NO-77 ROYAL TOWER -01 NEAR T AND SIDDHARTH VIHAR RESIDENCY GHAZIABAD GHAZIABAD, UTTAR PRADESH, NULL - 201009 NOIDA PRADESH",PREPAID,20,,,,,,
575,,,,LEX DIGITAL,123456789,,,110053,BHAJANPURA,DELHI,BHAJANPURA,REETU,123456789,,245101,UTTAR PRADESH,UTTAR PRADESH,"VILLAGE - KATHIKHERA POST KATHIKHERA, HAPUR, HAPUR UTTAR PRADESH 245101",PREPAID,20,,,,,,
576,,,,LEX DIGITAL,123456789,,,110053,BHAJANPURA,DELHI,BHAJANPURA,RAHIS AHMED,123456789,,110032,DELHI,DELHI,12617 GALI NO5 RAM NAGAR SHAHDRA DELHI 110032SHAHDR A NEW 110032,PREPAID,20,,,,,,
577,,,,LEX DIGITAL,123456789,,,110053,BHAJANPURA,DELHI,BHAJANPURA,PRAJAPATI JITENDRA,123456789,,380059,GUJARAT,GUJARAT,"07/65,ELLORA APPARTMENT NR TAPAN SOCIETY THALTEJ AHMEDABAD GUJRAT HOUSING BOARD GUJARAT 380059",PREPAID,20,,,,,,
578,,,,LEX DIGITAL,123456789,,,110053,BHAJANPURA,DELHI,BHAJANPURA,MANIKANTA GUNTUPALLI,123456789,,522421,ANDHRA PRADESH,ANDHRA PRADESH,"S O ANTHONY, 11-293, ANJANEYA SWAMI MANYAM RENTACHINTALA, GUNTUR ANDHRA PRADESH 522421",PREPAID,20,,,,,,
579,,,,LEX DIGITAL,123456789,,,110053,BHAJANPURA,DELHI,BHAJANPURA,PRAKASHA KUMAR DAS,123456789,,754138,ODISHA,ODISHA,SAGABARIA TIRAN TIRTOL JAGATSINGHAPUR ODISHA 754138,PREPAID,20,,,,,,
580,,,,LEX DIGITAL,123456789,,,110053,BHAJANPURA,DELHI,BHAJANPURA,MANIKANDAN,123456789,,600094,TAMIL NADU,TAMIL NADU,"S O: MOHAN 14 CHOOLAIMEDU POST SUPPARAO 2ND STREET CHENNAI CHOOLAIMEDU, TAMIL NADU, NULL - 600094 NADU",PREPAID,20,,,,,,
581,,,,LEX DIGITAL,123456789,,,110053,BHAJANPURA,DELHI,BHAJANPURA,ARVINDER SINGH,123456789,,141401,PUNJAB,PUNJAB,"HNO 335 V.P.O LIBRA, TEHSIL KHANNA,LUDHIANA,PUNJAB LUDHIANA PUNJAB 141401",PREPAID,20,,,,,,
582,,,,LEX DIGITAL,123456789,,,110053,BHAJANPURA,DELHI,BHAJANPURA,MAHESH YADAV,123456789,,474001,MADHYA PRADESH,MADHYA PRADESH,191 DR HARVEER KE SAMNE TAYDE COLONY MAHATMA BADA ROAD GWALIOR MADHYA PRADESH 474001,PREPAID,20,,,,,,
583,,,,LEX DIGITAL,123456789,,,110053,BHAJANPURA,DELHI,BHAJANPURA,JAGDISH PRASAD VERMA,123456789,,474006,MADHYA PRADESH,MADHYA PRADESH,"S/O DAMODAR PRASAD VERMA,, INDIA, KRISHNA PURI MAATAWALI GALI MORAR MURAR KRISHNAPURI GWALIOR MADHYA PRADESH 474006",PREPAID,20,,,,,,
584,,,,LEX DIGITAL,123456789,,,110053,BHAJANPURA,DELHI,BHAJANPURA,PALAKBEN SANDIPBHAI KOTHIYA,123456789,,360004,GUJARAT,GUJARAT,"ANGEL PARK 1, NEAR MAVDI GURUKUL BAPA SITARAM CHOWK,MAVDI CHOWKDI 150 FEET RING ROAD RAJKOT GUJARAT 360004",PREPAID,20,,,,,,
585,,,,LEX DIGITAL,123456789,,,110053,BHAJANPURA,DELHI,BHAJANPURA,GAZALI ZULFEKAR KHAN,123456789,,411062,MAHARASHTRA,MAHARASHTRA,"DURGE CHAL NEAR DATTA MANDIR RUPEE HOUSING SOCIETY RUPEENAGAR, PUNE MAHARASHTRA, NULL - 411062 MAHARASHTRA",PREPAID,20,,,,,,
586,,,,LEX DIGITAL,123456789,,,110053,BHAJANPURA,DELHI,BHAJANPURA,PRANSHU MISHRA,123456789,,110044,DELHI,DELHI,D43 BUDHVIHAR BADARPURDHARAMVEER NEW DELHI 110044,PREPAID,20,,,,,,
587,,,,LEX DIGITAL,123456789,,,110053,BHAJANPURA,DELHI,BHAJANPURA,PRAVEEN,123456789,,110043,DELHI,DELHI,"D 2 GOPAL NAGAR,GOPAL NAGAR EXTENSION NAJAFGARH NEW DELHI 110043",PREPAID,20,,,,,,
588,,,,LEX DIGITAL,123456789,,,110053,BHAJANPURA,DELHI,BHAJANPURA,GADILA RATHNA SAI,123456789,,501401,TELANGANA,TELANGANA,13-198/16/KLR/2/143 144/E/A/1 KLR VIJAYA NAGAR COLONY MEDCHAL NEAR NURSERY K V RANGAREDDY TELANGANA 501401,PREPAID,20,,,,,,
589,,,,LEX DIGITAL,123456789,,,110053,BHAJANPURA,DELHI,BHAJANPURA,DHANANJAY KUMAR SAH,123456789,,854107,BIHAR,BIHAR,"INDIA,, , SAHJA PRANPUR KATIHAR BIHAR 854107",PREPAID,20,,,,,,
590,,,,LEX DIGITAL,123456789,,,110053,BHAJANPURA,DELHI,BHAJANPURA,SAI KIRAN PARAMKUSHAM,123456789,,501301,TELANGANA,TELANGANA,"S O PARAMKUSHAN MADUSUDHAN 3-154 12 NEAR GEETHA MANDIR DWARKAPURI COLONY BALAJI NAGAR, K.V. RANGAREDDY GHATKESAR, TELANGANA, NULL - 501301 K V TELANGANA",PREPAID,20,,,,,,
591,,,,LEX DIGITAL,123456789,,,110053,BHAJANPURA,DELHI,BHAJANPURA,NARESH SINGH,123456789,,110041,DELHI,DELHI,BUILT UP FIRST FLOOR OLD PLOT NO 10 NEW 235 BLOCK H HBM PUBLIC SCHOOL LAXMI PARK NANGLOI II WEST DELHI 110041,PREPAID,20,,,,,,
592,,,,LEX DIGITAL,123456789,,,110053,BHAJANPURA,DELHI,BHAJANPURA,ARUNPAL DINESH CHOUHAN,123456789,,361007,GUJARAT,GUJARAT,BLOCK NO 279/8 SWAMINARAYAN NAGAR KRISHNA TENAMENT JAMNAGAR GULABNAGAR BEHIND HALAR HOUSE GUJARAT 361007,PREPAID,20,,,,,,
593,,,,LEX DIGITAL,123456789,,,110053,BHAJANPURA,DELHI,BHAJANPURA,NITESH TRIKAM BARIA,123456789,,400011,MAHARASHTRA,MAHARASHTRA,RAMDEO NAGAR J R BORICHA MARG SATRASTA MUMBAI MAHARASHTRA 400011,PREPAID,20,,,,,,
594,,,,LEX DIGITAL,123456789,,,110053,BHAJANPURA,DELHI,BHAJANPURA,MOHD MUAZ,123456789,,250001,UTTAR PRADESH,UTTAR PRADESH,429/431 PURVA AHIRAN MEERUT ROAD GHAZIABAD UTTAR PRADESH 250001,PREPAID,20,,,,,,
595,,,,LEX DIGITAL,123456789,,,110053,BHAJANPURA,DELHI,BHAJANPURA,KUNAL GOPI KANOJIA,123456789,,421004,MAHARASHTRA,MAHARASHTRA,"BAREK NO 1486,ROOM 6 SECTION 30/B ULHASNAGAR 4 THANE MAHARASHTRA 421004",PREPAID,20,,,,,,
596,,,,LEX DIGITAL,123456789,,,110053,BHAJANPURA,DELHI,BHAJANPURA,DEVENDER KUMAR,123456789,,131101,HARYANA,HARYANA,"S/O SHYAM KARAN,, INDIA, , PATTI BRAHAMANA BARAHMNAN 111 DATAULI GANAUR SONIPAT HARYANA 131101",PREPAID,20,,,,,,
597,,,,LEX DIGITAL,123456789,,,110053,BHAJANPURA,DELHI,BHAJANPURA,ARMAN ABDULGANI KHAN,123456789,,401404,MAHARASHTRA,MAHARASHTRA,"201, F WING RELIABLE COMPLEX NEAR SALT FACTORY PALGHAR THANE MAHARASHTRA 401404",PREPAID,20,,,,,,
598,,,,LEX DIGITAL,123456789,,,110053,BHAJANPURA,DELHI,BHAJANPURA,RAJAT SHARMA,123456789,,201005,UTTAR PRADESH,UTTAR PRADESH,"G2 SHALIMAR GARDEN EXTENSION I, 221 GHAZIABAD UTTAR PRADESH 201005",PREPAID,20,,,,,,
599,,,,LEX DIGITAL,123456789,,,110053,BHAJANPURA,DELHI,BHAJANPURA,AJEET PATHAK,123456789,,421306,MAHARASHTRA,MAHARASHTRA,"D-3 / 403, VINDHYAVASINI KRUPA CHS SHANKAR PAWSHE ROAD GAONDEVI NAGAR , KALYAN EAST KATEMANIVALI NEAR TWINKLE APARTMENT THANE MAHARASHTRA 421306",PREPAID,20,,,,,,
600,,,,LEX DIGITAL,123456789,,,110053,BHAJANPURA,DELHI,BHAJANPURA,VIKAS SHARMA,123456789,,110057,DELHI,DELHI,PILLER NO 173 UTTAM NAGAR WEST NEW DELHI NEAR HDFC BANK ATM 110057,PREPAID,20,,,,,,
601,,,,LEX DIGITAL,123456789,,,110053,BHAJANPURA,DELHI,BHAJANPURA,ANJAN JAINA,123456789,,110044,DELHI,DELHI,F-58 A GALI N0 4 MOLAR BAND EXTN BADARPUR JAITPUR SOUTH DELHI 110044,PREPAID,20,,,,,,
602,,,,LEX DIGITAL,123456789,,,110053,BHAJANPURA,DELHI,BHAJANPURA,NEELAM PARMANAD BHAGCHANDANI,123456789,,391410,GUJARAT,GUJARAT,703 SPARSH RESIDENCY B/H STERLING HOSPITAL BHAYLI BHAILY VADODARA GUJARAT 391410,PREPAID,20,,,,,,
603,,,,LEX DIGITAL,123456789,,,110053,BHAJANPURA,DELHI,BHAJANPURA,ARJUN SAH,123456789,,110003,DELHI,DELHI,"C O: SHIVJI SAH 1958 8 PILLANJI ,KOTLA MUBARAK PUR CENTRAL DELHI LODHI ROAD, DELHI, NULL - 110003 NEW",PREPAID,20,,,,,,
604,,,,LEX DIGITAL,123456789,,,110053,BHAJANPURA,DELHI,BHAJANPURA,MANDAR MANOHAR BANDARKAR,123456789,,400708,MAHARASHTRA,MAHARASHTRA,"101, GEETA PALACE-II, PLOT NO-104/1A AIROLI DIGHA NEAR TARABAI FULCHANDRA MADHVI GARDEN THANE MAHARASHTRA 400708",PREPAID,20,,,,,,
605,,,,LEX DIGITAL,123456789,,,110053,BHAJANPURA,DELHI,BHAJANPURA,ALOK KUMAR ROY,123456789,,700068,WEST BENGAL,WEST BENGAL,"7/14,391/157 PODDAR NAGAR JADAVPUR JODHPUR PARK KOLKATA WEST BENGAL 700068",PREPAID,20,,,,,,
606,,,,LEX DIGITAL,123456789,,,110053,BHAJANPURA,DELHI,BHAJANPURA,NARINDER KUMAR,123456789,,143604,PUNJAB,PUNJAB,"WARD NUMBER 9 P/O,TEH,DERA BABA NANAK DERA GURDASPUR PUNJAB 143604",PREPAID,20,,,,,,
607,,,,LEX DIGITAL,123456789,,,110053,BHAJANPURA,DELHI,BHAJANPURA,BIRJU SINGH,123456789,,500029,TELANGANA,TELANGANA,3-6-394/A STREET NO 4 HIMAYATHNAGAR SATYA KIDNEY CENTRE HYDERABAD TELANGANA 500029,PREPAID,20,,,,,,
608,,,,LEX DIGITAL,123456789,,,110053,BHAJANPURA,DELHI,BHAJANPURA,SREENU BELLAMKONDA,123456789,,533440,ANDHRA PRADESH,ANDHRA PRADESH,401 18-8-42 GANAPATHI NAGARAM SAMALKOTA SAMALKOT SAMARLAKOTA ANANYA NINE QUBE EAST GODAVARI ANDHRA PRADESH 533440,PREPAID,20,,,,,,
609,,,,LEX DIGITAL,123456789,,,110053,BHAJANPURA,DELHI,BHAJANPURA,RAJENDRA SINGH KAVIA,123456789,,302039,RAJASTHAN,RAJASTHAN,"S O: SAJJAN SINGH A 3 NEAR BHOMIYA JI KA MANDIR NEW COLONY PATH -7 JAIPUR MURLIPURA, RAJASTHAN, NULL - 302039 RAJASTHAN",PREPAID,20,,,,,,
610,,,,LEX DIGITAL,123456789,,,110053,BHAJANPURA,DELHI,BHAJANPURA,DEEPU SRIKRISHNA NAIR,123456789,,421311,MAHARASHTRA,MAHARASHTRA,"S O SHRIKRISHNA NAIR DEEPA NIWAS NEAR PARDESHI CHAWL KALYAN-BHIWANDI ROAD GIRIDHAR NAGAR,KONGAON, THANE KON, MAHARASHTRA, NULL - 421311 MAHARASHTRA",PREPAID,20,,,,,,
611,,,,LEX DIGITAL,123456789,,,110053,BHAJANPURA,DELHI,BHAJANPURA,VIKRAMBHAI KANTIBHAI SOLANKI,123456789,,382340,GUJARAT,GUJARAT,"S O: KANTIBHAI B 7 11 NEAR NOBAL NAGAR POLICE CHOKI FLATS KUBERNAGAR, AHMEDABAD CITY, GUJARAT, NULL - 382340 GUJARAT",PREPAID,20,,,,,,
612,,,,LEX DIGITAL,123456789,,,110053,BHAJANPURA,DELHI,BHAJANPURA,KARAN SHARMA,123456789,,143001,PUNJAB,PUNJAB,693 ADRASH NAGAR KOT KHALSA AMRITSAR -I PUNJAB 143001,PREPAID,20,,,,,,
613,,,,LEX DIGITAL,123456789,,,110053,BHAJANPURA,DELHI,BHAJANPURA,SITARA BEGAM,123456789,,110093,DELHI,DELHI,H NO E-57/B-140 JHUGGI SUNDER NAGARI NORTH EAST DELHI NEW 110093,PREPAID,20,,,,,,
614,,,,LEX DIGITAL,123456789,,,110053,BHAJANPURA,DELHI,BHAJANPURA,ABHIJIT MANNA,123456789,,700075,WEST BENGAL,WEST BENGAL,"6/155A ARABINDA BLOCK, SURJO 1ST FLOOR SANTOSHPUR KOLKATA WEST BENGAL 700075",PREPAID,20,,,,,,
615,,,,LEX DIGITAL,123456789,,,110053,BHAJANPURA,DELHI,BHAJANPURA,MANISH KUMAR,123456789,,110033,DELHI,DELHI,HARYANA GOVT NEW DELHI 110033,PREPAID,20,,,,,,
616,,,,LEX DIGITAL,123456789,,,110053,BHAJANPURA,DELHI,BHAJANPURA,ANAND KUMAR JAISWAL,123456789,,274204,UTTAR PRADESH,UTTAR PRADESH,54GH/104 USARA BAZAR TIWAI RUDRAPUR UTTAR PRADESH 274204,PREPAID,20,,,,,,
617,,,,LEX DIGITAL,123456789,,,110053,BHAJANPURA,DELHI,BHAJANPURA,RANJIT SINGH,123456789,,110059,DELHI,DELHI,R-230 R-BLOCK ROAD MOHAN GARDENUTTAM NAGAR NEW DELHI 110059,PREPAID,20,,,,,,
618,,,,LEX DIGITAL,123456789,,,110053,BHAJANPURA,DELHI,BHAJANPURA,CHANDAN SONI,123456789,,324006,RAJASTHAN,RAJASTHAN,"S/O RAM GOPAL SONI,, INDIA, , KUNJADO KI MASJID KE PASS KUMAHARO KA MOHALLA SHRIPURA KAITHUNIPOL MOHALLA, LAL BURJ KOTA RAJASTHAN 324006",PREPAID,20,,,,,,
619,,,,LEX DIGITAL,123456789,,,110053,BHAJANPURA,DELHI,BHAJANPURA,ASLAM ABBASI,123456789,,452016,MADHYA PRADESH,MADHYA PRADESH,"S/O ABDUL RASEED,, INDIA, , 4 GAUHAR NAGAR KHAJRANA INDORE KANADIA ROAD MADHYA PRADESH 452016",PREPAID,20,,,,,,
620,,,,LEX DIGITAL,123456789,,,110053,BHAJANPURA,DELHI,BHAJANPURA,JOBINSON JOY,123456789,,686521,KERALA,KERALA,KANJIRATHUMOOTTUKALA ELAKKODINJHI PAMPADY SOUTH VAIKOM KOTTAYAM KERALA 686521,PREPAID,20,,,,,,
621,,,,LEX DIGITAL,123456789,,,110053,BHAJANPURA,DELHI,BHAJANPURA,MEERA SHARMA,123456789,,201001,UTTAR PRADESH,UTTAR PRADESH,"1508 T 7 DREAM HOME SEC 5 WAVE CITY,WAVE CITY GHAZIABAD UTTAR PRADESH 201001",PREPAID,20,,,,,,
622,,,,LEX DIGITAL,123456789,,,110053,BHAJANPURA,DELHI,BHAJANPURA,DAVID KRISTIAN,123456789,,603103,TAMIL NADU,TAMIL NADU,E2 102 AKSHAY TODAY APARTMENT OMR ROAD CHENNAI KELAMPAKKAM KANCHIPURAM TAMIL NADU 603103,PREPAID,20,,,,,,
623,,,,LEX DIGITAL,123456789,,,110053,BHAJANPURA,DELHI,BHAJANPURA,ANITA VERMA,123456789,,110091,DELHI,DELHI,"2/3, BLOCK 2, TRILOK PURI, ,,TRILOK EAST DELHI NEW 110091",PREPAID,20,,,,,,
624,,,,LEX DIGITAL,123456789,,,110053,BHAJANPURA,DELHI,BHAJANPURA,SELVAM,123456789,,600053,TAMIL NADU,TAMIL NADU,"S O ARUMUGAM NO 2B PASUMPON SALAI ORAGADAM, TIRUVALLUR AMBATTUR, TAMIL NADU, NULL - 600053 THIRUVALLUR NADU",PREPAID,20,,,,,,
625,,,,LEX DIGITAL,123456789,,,110053,BHAJANPURA,DELHI,BHAJANPURA,TAJUL ALI,123456789,,110025,DELHI,DELHI,"JAMIA NAGAR ABUL FAZAL PART 2 SHAHEEN BAGH E 152,JAMIA SAHIBAUG 152 NEW DELHI 110025",PREPAID,20,,,,,,
626,,,,LEX DIGITAL,123456789,,,110053,BHAJANPURA,DELHI,BHAJANPURA,PARMPAL SINGH,123456789,,144004,PUNJAB,PUNJAB,HOUSE NO.2 B NEW AMAN NAGAR JALANDHAR - I INDUSTRIAL OPP. K.M.V COLLEGE PUNJAB 144004,PREPAID,20,,,,,,
627,,,,LEX DIGITAL,123456789,,,110053,BHAJANPURA,DELHI,BHAJANPURA,PRAWIN PRAVEEN RAJ,123456789,,505102,TELANGANA,TELANGANA,H NO 3-108 KAMALAPOOR MANDALAM VANGAPALLE KARIM NAGAR TELANGANA 505102,PREPAID,20,,,,,,
628,,,,LEX DIGITAL,123456789,,,110053,BHAJANPURA,DELHI,BHAJANPURA,RAMAKRISHNA MADAKAM,123456789,,533436,ANDHRA PRADESH,ANDHRA PRADESH,"129,MAIN ROAD,SARABHAVARAM,EAST GODAVARI EAST ANDHRA PRADESH 533436",PREPAID,20,,,,,,
629,,,,LEX DIGITAL,123456789,,,110053,BHAJANPURA,DELHI,BHAJANPURA,KETAN LUTHRA,123456789,,110018,DELHI,DELHI,"S O DHARAMPAL LUTHRA C-453,3RD FLOOR VIKAS PURI, WEST DELHI TILAK NAGAR, DELHI, NULL - 110018 NEW",PREPAID,20,,,,,,
630,,,,LEX DIGITAL,123456789,,,110053,BHAJANPURA,DELHI,BHAJANPURA,SHAILENDRA SINGH,123456789,,201010,UTTAR PRADESH,UTTAR PRADESH,VILLAGE KARKAR MODEL I E SAHIBABAD GHAZIABAD UTTAR PRADESH 201010,PREPAID,20,,,,,,
631,,,,LEX DIGITAL,123456789,,,110053,BHAJANPURA,DELHI,BHAJANPURA,RACHIT KHETAN,123456789,,110084,DELHI,DELHI,"PLOT NO-3,3RD FLOOR,LEFT SIDE KH NO-686,BABA COLONY,BURARI NEAR KALI MATA MANDIR NEW DELHI 110084",PREPAID,20,,,,,,
632,,,,LEX DIGITAL,123456789,,,110053,BHAJANPURA,DELHI,BHAJANPURA,ASHISH CHAUHAN,123456789,,110021,DELHI,DELHI,HOUSE NO 236 NANAK PURA SOUTH MOTI BAGH NEW DELHI 110021,PREPAID,20,,,,,,
633,,,,LEX DIGITAL,123456789,,,110053,BHAJANPURA,DELHI,BHAJANPURA,VIVEK SEN,123456789,,462038,MADHYA PRADESH,MADHYA PRADESH,"H.NO. B-05 RAJVANSH COLONY MITTAL COLLEGE ROAD,AYODHYA BYPASS ROAD KAROND HUZUR NABIBAGH OPPOSITE B.M.H.R.C BHOPAL MADHYA PRADESH 462038",PREPAID,20,,,,,,
634,,,,LEX DIGITAL,123456789,,,110053,BHAJANPURA,DELHI,BHAJANPURA,PUNEET SINDHI,123456789,,110088,DELHI,DELHI,"178 A,POCKET AC POORBI SHALIMAR BAG BAGH NEW DELHI 110088",PREPAID,20,,,,,,
635,,,,LEX DIGITAL,123456789,,,110053,BHAJANPURA,DELHI,BHAJANPURA,SHAIKH WASIM,123456789,,425201,MAHARASHTRA,MAHARASHTRA,KHADKA ROAD DATT NAGAR JALGAON MAHARASHTRA 425201,PREPAID,20,,,,,,
636,,,,LEX DIGITAL,123456789,,,110053,BHAJANPURA,DELHI,BHAJANPURA,NAGENDRA BABU VENGALA,123456789,,533429,ANDHRA PRADESH,ANDHRA PRADESH,4-11 YELESWARAM MAIN ROAD AMBEDKAR STREET PERAVARAM EAST GODAVARI ANDHRA PRADESH 533429,PREPAID,20,,,,,,
637,,,,LEX DIGITAL,123456789,,,110053,BHAJANPURA,DELHI,BHAJANPURA,LALIT,123456789,,110017,DELHI,DELHI,"SO: RAJBIR SINGH HOUSE, NO. 226-B CHIRAG DELHI NEW 110017",PREPAID,20,,,,,,
638,,,,LEX DIGITAL,123456789,,,110053,BHAJANPURA,DELHI,BHAJANPURA,SUNITA BANI,123456789,,110092,DELHI,DELHI,"S593D,SCHOOL BLOCK,SHAKARPUR NEW DELHI 110092",PREPAID,20,,,,,,
639,,,,LEX DIGITAL,123456789,,,110053,BHAJANPURA,DELHI,BHAJANPURA,AJIT KUMAR ROY,123456789,,110044,DELHI,DELHI,"F225,JAITPUR NEW DELHI 110044",PREPAID,20,,,,,,
640,,,,LEX DIGITAL,123456789,,,110053,BHAJANPURA,DELHI,BHAJANPURA,LOVARAJU THUTHIKA,123456789,,533343,ANDHRA PRADESH,ANDHRA PRADESH,5-161 MOSURI PETA BIKKAVOLU EAST GODAVARI ANDHRA PRADESH 533343,PREPAID,20,,,,,,
641,,,,LEX DIGITAL,123456789,,,110053,BHAJANPURA,DELHI,BHAJANPURA,SOMASHEKAR JAI KRISHNA,123456789,,560076,KARNATAKA,KARNATAKA,"S O: SOMASHEKAR # 10 1 HULIMAVU LAKE 7TH MAIN, MUTHURAYA SWAMY LAYOUT, BANNERUGHATTA ROAD, BANGALORE SOUTH, KARNATAKA, NULL - 560076 KARNATAKA",PREPAID,20,,,,,,
642,,,,LEX DIGITAL,123456789,,,110053,BHAJANPURA,DELHI,BHAJANPURA,AJURIDDIN,123456789,,201304,UTTAR PRADESH,UTTAR PRADESH,"SALARPUR KHADAR GALI NO.- 4, D K WATER NOIDA MAHARISHI NAGAR NEAR SARKARI SCHOOL GAUTAM BUDDHA UTTAR PRADESH 201304",PREPAID,20,,,,,,
643,,,,LEX DIGITAL,123456789,,,110053,BHAJANPURA,DELHI,BHAJANPURA,PRABURAM T,123456789,,620001,TAMIL NADU,TAMIL NADU,NO 6 PADAYACHI 3RD STREET PALAKARAI TRICHY TIRUCHIRAPPALLI TAMIL NADU 620001,PREPAID,20,,,,,,
644,,,,LEX DIGITAL,123456789,,,110053,BHAJANPURA,DELHI,BHAJANPURA,VINAY KUMAR PANDEY,123456789,,110086,DELHI,DELHI,E-282 HOLI CHAUK AGAR NAGAR KIRARI SULEMAN SULTANPURI C BLOCK NORTH WEST DELHI 110086,PREPAID,20,,,,,,
645,,,,LEX DIGITAL,123456789,,,110053,BHAJANPURA,DELHI,BHAJANPURA,VARINDER KUMAR,123456789,,180015,JAMMU AND KASHMIR,JAMMU AND KASHMIR,LANE NO 1 SEC 2 CHANNI RAMA JAMMU NEAR AM HYUNDAI AND KASHMIR 180015,PREPAID,20,,,,,,
646,,,,LEX DIGITAL,123456789,,,110053,BHAJANPURA,DELHI,BHAJANPURA,ABDUL QAYYUM,123456789,,500064,TELANGANA,TELANGANA,"S O LATE ABDUL RASHEED 19-5-80 1 NEAR QULI QUTUB SHAHI MASJID NANDI MUSALI GUDA KISHAN BAGH, HYDERABAD BAHADURPURA, ANDHRA PRADESH, NULL - 500064 TELANGANA",PREPAID,20,,,,,,
647,,,,LEX DIGITAL,123456789,,,110053,BHAJANPURA,DELHI,BHAJANPURA,MOHD HAMZA,123456789,,110096,DELHI,DELHI,SHOP -4 FISH MARKET GHAZI PUR EAST DELHI NEW 110096,PREPAID,20,,,,,,
648,,,,LEX DIGITAL,123456789,,,110053,BHAJANPURA,DELHI,BHAJANPURA,SHIRISH VALLALA,123456789,,110066,DELHI,DELHI,QTR NO901 E-BLOCKRKPURAM MOHMMADPUR NEW DELHI 110066,PREPAID,20,,,,,,
649,,,,LEX DIGITAL,123456789,,,110053,BHAJANPURA,DELHI,BHAJANPURA,DURGESH VERMA,123456789,,110092,DELHI,DELHI,S-523 SCHOOL BLOCK SHAKARPURLAXMI NAGAR NEW DELHI 110092,PREPAID,20,,,,,,
650,,,,LEX DIGITAL,123456789,,,110053,BHAJANPURA,DELHI,BHAJANPURA,MOHAMMAD SHARIQ,123456789,,110042,DELHI,DELHI,PLOT NO 80 KHASRA 22 GALE 7 D BLOCK BHALUSWA DARI YBHALUSWA DARIY NEW DELHI 110042,PREPAID,20,,,,,,
651,,,,LEX DIGITAL,123456789,,,110053,BHAJANPURA,DELHI,BHAJANPURA,DILBAGH DILBAGH,123456789,,110084,DELHI,DELHI,102 VILLAGE RASULPUR DELHI 110081SHIV MANDIR NEW 110084,PREPAID,20,,,,,,
652,,,,LEX DIGITAL,123456789,,,110053,BHAJANPURA,DELHI,BHAJANPURA,SURJEET SINGH,123456789,,122002,HARYANA,HARYANA,"59A U 3 FLOOR NIHAL VIHAR PHASE 2 NILOTHI EXTN TOWER A, STREET NUMBER 1, DLF CYBER CITY, 2, SECTOR 24, GURUGRAM BHIWANI HARYANA 122002",PREPAID,20,,,,,,
653,,,,LEX DIGITAL,123456789,,,110053,BHAJANPURA,DELHI,BHAJANPURA,KRISHAN LAL SANHOTRA,123456789,,110041,DELHI,DELHI,HOUSE NO-10 TOP FLOOR KH NO-9/1 BLOCK-A SHIV VIHAR CHANDER NILOTHI EXTN NANGLOI WEST DELHI 110041,PREPAID,20,,,,,,
654,,,,LEX DIGITAL,123456789,,,110053,BHAJANPURA,DELHI,BHAJANPURA,VIJAY KANT SHARMA,123456789,,110059,DELHI,DELHI,GALI 81 NO 6 VISHWAS PARK EXTN D K MOHAN GARDEN WEST DELHI NEW 110059,PREPAID,20,,,,,,
655,,,,LEX DIGITAL,123456789,,,110053,BHAJANPURA,DELHI,BHAJANPURA,RAJEEV KUMAR SHARMA,123456789,,201013,UTTAR PRADESH,UTTAR PRADESH,S O SHYAM BABU PLOT NO 26A FLAT UG 01 G BLOCK KESHAV KUNJ GHAZIABAD UTTAR PRADESH 201013,PREPAID,20,,,,,,
656,,,,LEX DIGITAL,123456789,,,110053,BHAJANPURA,DELHI,BHAJANPURA,SURENDER KUMAR,123456789,,301707,RAJASTHAN,RAJASTHAN,S O KRISHAN SINGH ALWAR KOTKASIM BUDHI BAWAL HARIJ BASTI WARD NO 03 BURHI PINCODE 301707 RAJASTHAN,PREPAID,20,,,,,,
657,,,,LEX DIGITAL,123456789,,,110053,BHAJANPURA,DELHI,BHAJANPURA,SAGAR KUMAR,123456789,,110009,DELHI,DELHI,JHUGGI NO-369 OUTRAM LINE VTC DR. MUHKERJEE NAGAR WEST DELHI NORTH 110009,PREPAID,20,,,,,,
658,,,,LEX DIGITAL,123456789,,,110053,BHAJANPURA,DELHI,BHAJANPURA,VENKATA VIKRAM DARISI,123456789,,524003,ANDHRA PRADESH,ANDHRA PRADESH,"FLAT NO 4B,4TH FLOOR CRK REDDY TOWER RAMALINGAPURAM NELLORE JAGANS COLLEGE ANDHRA PRADESH 524003",PREPAID,20,,,,,,
659,,,,LEX DIGITAL,123456789,,,110053,BHAJANPURA,DELHI,BHAJANPURA,AJIT KUMAR SAHNI,123456789,,110086,DELHI,DELHI,A 183 RAJ PARK SULTANPURI C BLOCK NORTH WEST DELHI NEW 110086,PREPAID,20,,,,,,
660,,,,LEX DIGITAL,123456789,,,110053,BHAJANPURA,DELHI,BHAJANPURA,SUBHAM KUMAR PRUSTI,123456789,,768214,ODISHA,ODISHA,"S/O KANHU CHARAN PRUSTI,, INDIA, , SUNARIPADA LAIDA KATARBAGA SAMBALPUR ODISHA 768214",PREPAID,20,,,,,,
661,,,,LEX DIGITAL,123456789,,,110053,BHAJANPURA,DELHI,BHAJANPURA,MOHD SAMEER,123456789,,110006,DELHI,DELHI,"139, KATRA GOKAL SHAH, JAMA MASJID, DELHI G.P.O., NORTH DELHI, 110006",PREPAID,20,,,,,,
662,,,,LEX DIGITAL,123456789,,,110053,BHAJANPURA,DELHI,BHAJANPURA,SANTOSH KUMAR JHA,123456789,,110044,DELHI,DELHI,F-202 C GALI NO-7 MOLAR BAND EXTN BADRAPUR NEW DELHI 110044,PREPAID,20,,,,,,
663,,,,LEX DIGITAL,123456789,,,110053,BHAJANPURA,DELHI,BHAJANPURA,MOHD AKIL,123456789,,110043,DELHI,DELHI,121A NEW ROSHAN PURA CHOTA KHATU SHYAM UDAY TOWER NAGAFGARH NAJAFGARH SOUTH WEST DELHI 110043,PREPAID,20,,,,,,
664,,,,LEX DIGITAL,123456789,,,110053,BHAJANPURA,DELHI,BHAJANPURA,MAHESH VIJAY SHRIVASTAV,123456789,,411007,MAHARASHTRA,MAHARASHTRA,SR NO 155 AUNDHGAON PUNE CITY GANESHKHIND NEAR GURUDAWARA MAHARASHTRA 411007,PREPAID,20,,,,,,
665,,,,LEX DIGITAL,123456789,,,110053,BHAJANPURA,DELHI,BHAJANPURA,BHAGAT SINGH,123456789,,110067,DELHI,DELHI,"BINDAL ASSOCIATE, 138/11, KAPOOR WALI GALI, MUNIRKA,MUN IRKA NEW DELHI 110067",PREPAID,20,,,,,,
666,,,,LEX DIGITAL,123456789,,,110053,BHAJANPURA,DELHI,BHAJANPURA,MOHIT PRAJAPATI,123456789,,110041,DELHI,DELHI,"B6,RAJENDRA PARK NANGLOI EXTENSION NANGLOI,RAJMANDIR SUPERMARKET NEW DELHI 110041",PREPAID,20,,,,,,
667,,,,LEX DIGITAL,123456789,,,110053,BHAJANPURA,DELHI,BHAJANPURA,ROHIT ROHIT,123456789,,110086,DELHI,DELHI,DELHIA-9 NEW DELHI 110086,PREPAID,20,,,,,,
668,,,,LEX DIGITAL,123456789,,,110053,BHAJANPURA,DELHI,BHAJANPURA,DEEPALI DHALI,123456789,,110037,DELHI,DELHI,FLAT NO 106A SAI KUNJ APARTMENTS GALI 12 KAPASH ERAKAPASHERA NEW DELHI 110037,PREPAID,20,,,,,,
669,,,,LEX DIGITAL,123456789,,,110053,BHAJANPURA,DELHI,BHAJANPURA,SHAILESH DUBEY,123456789,,201306,UTTAR PRADESH,UTTAR PRADESH,VILLAGE DEVLA DADRI POST SURAJPUR GREATER NOIDA GAUTAM BUDDHA NAGAR UTTAR PRADESH 201306,PREPAID,20,,,,,,
670,,,,LEX DIGITAL,123456789,,,110053,BHAJANPURA,DELHI,BHAJANPURA,MINTU KUMAR MANDAL,123456789,,110085,DELHI,DELHI,555 RAJAPUR GAON ROHINI SECTOR 9 NORTH WEST DELHI 110085 NEW,PREPAID,20,,,,,,
671,,,,LEX DIGITAL,123456789,,,110053,BHAJANPURA,DELHI,BHAJANPURA,KRISHAN LAL SANHOTRA,123456789,,110041,DELHI,DELHI,HONO -10-ATOP FLOORSHIV VIHAR CHANDAR VIHARSTNO-3 4NILOTHI EXTNDELHI -110041 NEW DELHI 110041,PREPAID,20,,,,,,
672,,,,LEX DIGITAL,123456789,,,110053,BHAJANPURA,DELHI,BHAJANPURA,KULVANT KAUR,123456789,,110078,DELHI,DELHI,B2/371 DUGAL FARM TARA NAGAR KAKROLA SOUTH WEST DELHI NEW 110078,PREPAID,20,,,,,,
673,,,,LEX DIGITAL,123456789,,,110053,BHAJANPURA,DELHI,BHAJANPURA,VINESH VISHKARMA,123456789,,110012,DELHI,DELHI,F-64 BUDH NAGAR INDERPURI DIST:CENTRAL DELHI NEW 110012,PREPAID,20,,,,,,
674,,,,LEX DIGITAL,123456789,,,110053,BHAJANPURA,DELHI,BHAJANPURA,NAVEEN,123456789,,131403,HARYANA,HARYANA,"S O: JAIPAL VILLAGE- ROHAT, SONIPAT HARYANA 131403",PREPAID,20,,,,,,
675,,,,LEX DIGITAL,123456789,,,110053,BHAJANPURA,DELHI,BHAJANPURA,VENKATA RAMANA DULAM,123456789,,533249,ANDHRA PRADESH,ANDHRA PRADESH,8 112 PHC COLONY NEAR DURGA TEMPLE TATIPAKA RAZOLE MANDALAM EAST GODAVARI ANDHRA PRADESH 533249,PREPAID,20,,,,,,
676,,,,LEX DIGITAL,123456789,,,110053,BHAJANPURA,DELHI,BHAJANPURA,MUKESH KUMAR,123456789,,110084,DELHI,DELHI,KH NO 5/21/1 GALI 13 BLOCK B TOMAR COLONY BURARI NEW DELHI 110084,PREPAID,20,,,,,,
677,,,,LEX DIGITAL,123456789,,,110053,BHAJANPURA,DELHI,BHAJANPURA,BHAVNESH KUMAR,123456789,,201301,UTTAR PRADESH,UTTAR PRADESH,"F-16, 3RD FLOOR, SECTOR-58, NEAR,AGGARWAL SWEETS, NOIDABISHANPURA GAUTAM BUDDHA NAGAR UTTAR PRADESH 201301",PREPAID,20,,,,,,
678,,,,LEX DIGITAL,123456789,,,110053,BHAJANPURA,DELHI,BHAJANPURA,SATTAR SATTAR,123456789,,201102,UTTAR PRADESH,UTTAR PRADESH,HNO 218 GALLI N0-1 NEW BASTI JAMANPURA LONI GHAZIABAD UTTAR PRADESH 201102,PREPAID,20,,,,,,
679,,,,LEX DIGITAL,123456789,,,110053,BHAJANPURA,DELHI,BHAJANPURA,NILESH YASHWANTRAO NAGRE,123456789,,440034,MAHARASHTRA,MAHARASHTRA,PLOT NO 170 WATHODA LAY OUT RADHAKRISHNA NAGAR BESA PIPLA NAGPUR RURAL NEAR GOPAL KRISHNA LAWN MAHARASHTRA 440034,PREPAID,20,,,,,,
680,,,,LEX DIGITAL,123456789,,,110053,BHAJANPURA,DELHI,BHAJANPURA,SYED HYDER ALI,123456789,,500082,TELANGANA,TELANGANA,6-3-1099/1/8 RAJBHAVAN ROAD SOMAJIGUDA HYDERABAD TELANGANA 500082,PREPAID,20,,,,,,
681,,,,LEX DIGITAL,123456789,,,110053,BHAJANPURA,DELHI,BHAJANPURA,ABDUL ASIF KHAN,123456789,,493773,CHHATTISGARH,CHHATTISGARH,S/O ABDUL HAMID KHAN H.NO 199 GANGA TALAB PARA NAWAGAON WARD NO 8 DHAMTARI CHHATTISGARH 493773,PREPAID,20,,,,,,
682,,,,LEX DIGITAL,123456789,,,110053,BHAJANPURA,DELHI,BHAJANPURA,ISHTIYAAK ISHTIYAAK,123456789,,110041,DELHI,DELHI,3144 VEENA ENCALAV NANGLOI WEST DELHI 110041NANGLOI NEW 110041,PREPAID,20,,,,,,
683,,,,LEX DIGITAL,123456789,,,110053,BHAJANPURA,DELHI,BHAJANPURA,AKANSH PATNAIK,123456789,,110059,DELHI,DELHI,PLOT 211UTTAM NAGAR NEW DELHI 110059,PREPAID,20,,,,,,
684,,,,LEX DIGITAL,123456789,,,110053,BHAJANPURA,DELHI,BHAJANPURA,PRATHAP PRAKASH,123456789,,570016,KARNATAKA,KARNATAKA,38 8TH MAIN HEBBAL 1ST STAGE MYSORE MYSURU KARNATAKA 570016,PREPAID,20,,,,,,
685,,,,LEX DIGITAL,123456789,,,110053,BHAJANPURA,DELHI,BHAJANPURA,DEBENDRA MAHARANA,123456789,,110085,DELHI,DELHI,"D-38, 3RD FLOOR,POCKET 2 SECTOR 7A ROHINI,BACK SIDE OF DAV PUBLIC SCHOOL NEW DELHI 110085",PREPAID,20,,,,,,
686,,,,LEX DIGITAL,123456789,,,110053,BHAJANPURA,DELHI,BHAJANPURA,RAHUL ANAND,123456789,,110032,DELHI,DELHI,2939/A3 SHRI RAM COLONY BHOLA NATH NAGAR SHAHDARA DELHI 110032 NEW,PREPAID,20,,,,,,
687,,,,LEX DIGITAL,123456789,,,110053,BHAJANPURA,DELHI,BHAJANPURA,MOHAMMAD ASLAM,123456789,,201102,UTTAR PRADESH,UTTAR PRADESH,37MODERN CITYSHANKAR VIHAR LONI GAZIA BAD GHAZIABAD UTTAR PRADESH 201102,PREPAID,20,,,,,,
688,,,,LEX DIGITAL,123456789,,,110053,BHAJANPURA,DELHI,BHAJANPURA,ISHANT KUMAR,123456789,,110033,DELHI,DELHI,"BLOCK IHOUSE NO ,1346JAHANGIR PURI NEW DELHI 110033",PREPAID,20,,,,,,
689,,,,LEX DIGITAL,123456789,,,110053,BHAJANPURA,DELHI,BHAJANPURA,AJAY AJAY,123456789,,110041,DELHI,DELHI,A47WEST DELHI NEW 110041,PREPAID,20,,,,,,
690,,,,LEX DIGITAL,123456789,,,110053,BHAJANPURA,DELHI,BHAJANPURA,BAKASHISH SINGH,123456789,,136027,HARYANA,HARYANA,S O SOHAN SINGH VILLAGE KATHWAR KAITHAL HARYANA 136027,PREPAID,20,,,,,,
691,,,,LEX DIGITAL,123456789,,,110053,BHAJANPURA,DELHI,BHAJANPURA,INDER SINGH,123456789,,110034,DELHI,DELHI,209 INCOME TAX COLONYUTAARI PITAM PURA NEW DELHI 110034,PREPAID,20,,,,,,
692,,,,LEX DIGITAL,123456789,,,110053,BHAJANPURA,DELHI,BHAJANPURA,RAM GOPAL SINGH,123456789,,110096,DELHI,DELHI,C 43 NEW ASHOK NAGAR DELHI 110096,PREPAID,20,,,,,,
693,,,,LEX DIGITAL,123456789,,,110053,BHAJANPURA,DELHI,BHAJANPURA,RAHUL DASHERIYA,123456789,,466125,MADHYA PRADESH,MADHYA PRADESH,"S/O DEVKARAN,, INDIA, , GRAM SEVDA TEHSIL ASHTA SEODA SEHORE MADHYA PRADESH 466125",PREPAID,20,,,,,,
694,,,,LEX DIGITAL,123456789,,,110053,BHAJANPURA,DELHI,BHAJANPURA,ARVIND KUMAR,123456789,,201306,UTTAR PRADESH,UTTAR PRADESH,"D 45,KULESHARA GAUTAM BUDDHA NAGAR UTTAR PRADESH 201306",PREPAID,20,,,,,,
695,,,,LEX DIGITAL,123456789,,,110053,BHAJANPURA,DELHI,BHAJANPURA,ZAHIR ABBAS,123456789,,110025,DELHI,DELHI,F 781 2ND FLOOR GALI NO63 ZAKIR NAGAR JAMIA NE W FRIEND COLONY NEW DELHINEAR ISLAH MASJID Z DELHI 110025,PREPAID,20,,,,,,
696,,,,LEX DIGITAL,123456789,,,110053,BHAJANPURA,DELHI,BHAJANPURA,ANIL KUMAR,123456789,,110036,DELHI,DELHI,H NO-1210 UTTRAKHAND ENCLAVE ZIND PUR NORTH W EST DELHI 110036NORTH WEST NEW 110036,PREPAID,20,,,,,,
697,,,,LEX DIGITAL,123456789,,,110053,BHAJANPURA,DELHI,BHAJANPURA,SHIV SHANKAR,123456789,,201005,UTTAR PRADESH,UTTAR PRADESH,J8 RAJEEV COLONY RAILWAY RAODSHIBABAD GAZIAYABAD GHAZIABAD UTTAR PRADESH 201005,PREPAID,20,,,,,,
698,,,,LEX DIGITAL,123456789,,,110053,BHAJANPURA,DELHI,BHAJANPURA,RAHUL KUMAR,123456789,,110052,DELHI,DELHI,A-272 SHAHID SUKHDEV NAGAR A-BLOCK WAZIRPUR INDUSTRIAL AREA DIST-NORTH WEST DELHI NEW 110052,PREPAID,20,,,,,,
699,,,,LEX DIGITAL,123456789,,,110053,BHAJANPURA,DELHI,BHAJANPURA,SAWAN DAS,123456789,,784160,ASSAM,ASSAM,"C/O PORITUSH DAS,, INDIA, OWAHAT BAGAN NIZLALUK LAKHIMPUR ASSAM 784160",PREPAID,20,,,,,,
700,,,,LEX DIGITAL,123456789,,,110053,BHAJANPURA,DELHI,BHAJANPURA,NEEYATI MACHALE,123456789,,410507,MAHARASHTRA,MAHARASHTRA,"W/O PRASHANT MACHALE,, INDIA, , BEHIND DHARMNATH MANDIR, INDURI INDURI,MAWAL MANDIR PUNE MAHARASHTRA 410507",PREPAID,20,,,,,,
701,,,,LEX DIGITAL,123456789,,,110053,BHAJANPURA,DELHI,BHAJANPURA,SURESHSINH PARMAR,123456789,,380016,GUJARAT,GUJARAT,A-142 SHAHIBAUG SOCIETY ASARWA AHMEDABAD CITY GUJARAT 380016,PREPAID,20,,,,,,
702,,,,LEX DIGITAL,123456789,,,110053,BHAJANPURA,DELHI,BHAJANPURA,RAM VINAY,123456789,,110074,DELHI,DELHI,"RAJINDERA, 185/1, SUNDRAM COLONY, CHANDAN HOLLA NEW DELHI, HOLA, SOUTH DELHI - WEST 110074",PREPAID,20,,,,,,
703,,,,LEX DIGITAL,123456789,,,110053,BHAJANPURA,DELHI,BHAJANPURA,OM KAR SHARMA,123456789,,110093,DELHI,DELHI,"B2-120 STREET NO,. 07 HARSH VIHAR NEW DELHI 110093",PREPAID,20,,,,,,
704,,,,LEX DIGITAL,123456789,,,110053,BHAJANPURA,DELHI,BHAJANPURA,ROSHAN KUMAR,123456789,,110086,DELHI,DELHI,"HOUSE NO-C-475, AGAR NAGAR PREM --3 KIRAI SULEMAN NORTH WEST DELHI 110086",PREPAID,20,,,,,,
705,,,,LEX DIGITAL,123456789,,,110053,BHAJANPURA,DELHI,BHAJANPURA,VISHAL SONI,123456789,,201009,UTTAR PRADESH,UTTAR PRADESH,D 491 PARTAP VIHAR SEC 11 VIJAY NAGAR GHAZIABAD GAUTAM BUDDHA UTTAR PRADESH 201009,PREPAID,20,,,,,,
706,,,,LEX DIGITAL,123456789,,,110053,BHAJANPURA,DELHI,BHAJANPURA,POOJA BHATT,123456789,,201301,UTTAR PRADESH,UTTAR PRADESH,B-30 SEC -52 NOIDARWA SOCIETY GAUTAM BUDDHA NAGAR UTTAR PRADESH 201301,PREPAID,20,,,,,,
707,,,,LEX DIGITAL,123456789,,,110053,BHAJANPURA,DELHI,BHAJANPURA,RANA VIRENDRASINH GHANSHYAMSINH,123456789,,370001,GUJARAT,GUJARAT,3 ARIHANTNAGAR FOREST COLONY KACHCHH GUJARAT 370001,PREPAID,20,,,,,,
708,,,,LEX DIGITAL,123456789,,,110053,BHAJANPURA,DELHI,BHAJANPURA,SAMBHAJI PATIL,123456789,,370201,GUJARAT,GUJARAT,"PLOT NO-261 WARD-8/A , FLAT F-01 GANDHIDHAM SUBHASH NAGAR KACHCHH GUJARAT 370201",PREPAID,20,,,,,,
709,,,,LEX DIGITAL,123456789,,,110053,BHAJANPURA,DELHI,BHAJANPURA,MEMON ANIS RAHIMBHAI,123456789,,380028,GUJARAT,GUJARAT,DUPLEX NO-05 GULMOHAR SHAKTICO-OP-H-S-L GRP-B OPP KURESHNAGAR DANILIMADA AHMEDABAD GUJARAT 380028,PREPAID,20,,,,,,
710,,,,LEX DIGITAL,123456789,,,110053,BHAJANPURA,DELHI,BHAJANPURA,PRITESH PRAKASHBHAI GANDHI,123456789,,390001,GUJARAT,GUJARAT,"4 21 BSUP AAVAS YOJANA OPP LAKSHYA AAPRTMENT KANSARA POLE, BAJWADA, VADODARA, GUJARAT VADODARA 390001",PREPAID,20,,,,,,
711,,,,LEX DIGITAL,123456789,,,110053,BHAJANPURA,DELHI,BHAJANPURA,SUTHAR SUMITBHAI,123456789,,380052,GUJARAT,GUJARAT,"NO 7,SUNRISE PARK GURUKUL,OPP.GURUKUL TEMPLE AHMEDABAD GUJARAT 380052",PREPAID,20,,,,,,
712,,,,LEX DIGITAL,123456789,,,110053,BHAJANPURA,DELHI,BHAJANPURA,PATEL YOGESHKUMAR HARGOVINDBHAI,123456789,,382481,GUJARAT,GUJARAT,"303 SHIVAM VALLEY,GAYATRI NAGAR CHANDLODIYA,SILVER STAR MALL GANDHINAGAR GUJARAT 382481",PREPAID,20,,,,,,
713,,,,LEX DIGITAL,123456789,,,110053,BHAJANPURA,DELHI,BHAJANPURA,AVINASH SUBHASHCHANDRA SHUKLA,123456789,,382424,GUJARAT,GUJARAT,"S O SUBHASH CHANDRA SHUKLA 314 1887 NAGAR GUJRAT HOUSING BOARD CHANDKHEDA NEAR CH ANDKHEDA BUS STOP AHMEDABAD GUJARAT INDI , GANDHI 382424",PREPAID,20,,,,,,
714,,,,LEX DIGITAL,123456789,,,110053,BHAJANPURA,DELHI,BHAJANPURA,HINGOLAJA IKBALBHAI,123456789,,360030,GUJARAT,GUJARAT,HAVELI STREET KOTDA SANGANI RAJKOT GUJRAT GUJARAT 360030,PREPAID,20,,,,,,
715,,,,LEX DIGITAL,123456789,,,110053,BHAJANPURA,DELHI,BHAJANPURA,VAGHELA MAYURDHVAJSINH,123456789,,382418,GUJARAT,GUJARAT,"157 NR BHATIJI TEMPLE,RATANPURA GAM MAHADEV NAGAR TEKRA AHMEDABAD GUJARAT 382418",PREPAID,20,,,,,,
716,,,,LEX DIGITAL,123456789,,,110053,BHAJANPURA,DELHI,BHAJANPURA,GHANSHYAM NANUBHAI CHAKRANI,123456789,,394101,GUJARAT,GUJARAT,"B-503, MIRA HOMES ABC,MOTAVARACHH SURAT GUJARAT 394101",PREPAID,20,,,,,,
717,,,,LEX DIGITAL,123456789,,,110053,BHAJANPURA,DELHI,BHAJANPURA,ASHISHKUMAR PAL,123456789,,382705,GUJARAT,GUJARAT,"O6,CHANDARDA,OPP MADHU MILL MEHSANA GUJARAT 382705",PREPAID,20,,,,,,
718,,,,LEX DIGITAL,123456789,,,110053,BHAJANPURA,DELHI,BHAJANPURA,LILABHAI DHINGABHAI BALAS,123456789,,360024,GUJARAT,GUJARAT,KHODIYAR-2 VERAVAL SAPAR KOTDA SANGANI MAIN ROAD RAJKOT GUJARAT 360024,PREPAID,20,,,,,,
719,,,,LEX DIGITAL,123456789,,,110053,BHAJANPURA,DELHI,BHAJANPURA,VIJAY SINGH,123456789,,390019,GUJARAT,GUJARAT,"GF 103,NEHRU CHACHA NAGAR SAYAJI PARK SOCIETY,ROYAL SCHOOL VADODARA GUJARAT 390019",PREPAID,20,,,,,,
720,,,,LEX DIGITAL,123456789,,,110053,BHAJANPURA,DELHI,BHAJANPURA,PRAKASHBHAI MAKVANA,123456789,,391530,GUJARAT,GUJARAT,MANDIR FALIYU SANDHSAL SANDHASAL SANDASAL SAVLI VADODARA GUJARAT 391530,PREPAID,20,,,,,,
721,,,,LEX DIGITAL,123456789,,,110053,BHAJANPURA,DELHI,BHAJANPURA,CHNDRAKANTBHAI RAMESHBHAI BHOYA,123456789,,396050,GUJARAT,GUJARAT,179VILLAGES VALSAD GUJARAT 396050,PREPAID,20,,,,,,
722,,,,LEX DIGITAL,123456789,,,110053,BHAJANPURA,DELHI,BHAJANPURA,NILESHBHAI RAMPRASAD NIMAVAT,123456789,,360311,GUJARAT,GUJARAT,VORA KOTDA ROADMANIBEN KARA NAGAR GONDAL RAJKOT GUJARAT 360311,PREPAID,20,,,,,,
723,,,,LEX DIGITAL,123456789,,,110053,BHAJANPURA,DELHI,BHAJANPURA,SHAILESH CHANDRAKANT PATEL,123456789,,394105,GUJARAT,GUJARAT,B-2-102-SHIV RESIDENCY UMARAGAM VELANJASURAT SURAT GUJARAT 394105,PREPAID,20,,,,,,
724,,,,LEX DIGITAL,123456789,,,110053,BHAJANPURA,DELHI,BHAJANPURA,SAKSHIBEN JAYDEEPKUMAR RAJYGURU,123456789,,395010,GUJARAT,GUJARAT,336 PRAMUKH PARK SOCIETY PUNAGAM SURAT CITY BOMBAY MARKET GUJARAT 395010,PREPAID,20,,,,,,
725,,,,LEX DIGITAL,123456789,,,110053,BHAJANPURA,DELHI,BHAJANPURA,DSOUZA AMRUTA RICHARD,123456789,,360006,GUJARAT,GUJARAT,"202 APPLE GREEN,SAINIK SOCIETY GHANTESHWER,JAMNAGAR ROAD RAJKOT GUJARAT 360006",PREPAID,20,,,,,,
726,,,,LEX DIGITAL,123456789,,,110053,BHAJANPURA,DELHI,BHAJANPURA,PANSURIYA BHAVESHBHAI LALJIBHAI,123456789,,395006,GUJARAT,GUJARAT,467 LAXMI NAGAR SOCIETY LAMBE HANUMAN ROAD SURAT CITY PO KARANJ DIST . GUJARAT 395006,PREPAID,20,,,,,,
727,,,,LEX DIGITAL,123456789,,,110053,BHAJANPURA,DELHI,BHAJANPURA,SANJAYPRASHAD HARIPRASHAD HARIJAN,123456789,,382405,GUJARAT,GUJARAT,313 S NO 33 DWARKA NAGARI JUNA OCTROI NAKA NR VISHWAKARMA TEXTILE NAROL ROAD SAIJPUR GOPALPUR AHMEDABAD GUJARAT 382405,PREPAID,20,,,,,,
728,,,,LEX DIGITAL,123456789,,,110053,BHAJANPURA,DELHI,BHAJANPURA,ANIL SADANAND BORKAR,123456789,,382418,GUJARAT,GUJARAT,"E-705, RADHE KRISHNA HERITAGE-1, OPP VED ARCADE MALL, BH MARUTI SUZUKI SHOWROOM, SP RING ROAD, VASTRAL AHMEDABAD 382418, GUJARAT 382418",PREPAID,20,,,,,,
729,,,,LEX DIGITAL,123456789,,,110053,BHAJANPURA,DELHI,BHAJANPURA,RAVI VINAYAK AHIRE,123456789,,382345,GUJARAT,GUJARAT,2 GOPINATH PARK SOCIETY SAIJPUR BOGHA AHMEDABAD CITY AHMADABAD NR. S.T. WORKSHOP GUJARAT 382345,PREPAID,20,,,,,,
730,,,,LEX DIGITAL,123456789,,,110053,BHAJANPURA,DELHI,BHAJANPURA,CHALANGA RAMZAN KASAMBHAI,123456789,,360003,GUJARAT,GUJARAT,"BORICHA SOSA, BHAGAVATIPARA MAIN ROAD, MIYANA NAGAR, RAJKOT, RAJKOT BEDIPARA, NEAR SOC GUJARAT 360003",PREPAID,20,,,,,,
731,,,,LEX DIGITAL,123456789,,,110053,BHAJANPURA,DELHI,BHAJANPURA,TALSANIYA SANJAYBHAI VALLBHBHAI,123456789,,395004,GUJARAT,GUJARAT,"24 VISHAVAKARMA SOC NR BALASHRAM , KATARGAM SURAT GUJARAT 395004",PREPAID,20,,,,,,
732,,,,LEX DIGITAL,123456789,,,110053,BHAJANPURA,DELHI,BHAJANPURA,MALI GANSHYAM,123456789,,390020,GUJARAT,GUJARAT,MALI MOHALLA NEAR AKOTA POST OFFICE VADODARA PO DIST GUJARAT 390020,PREPAID,20,,,,,,
733,,,,LEX DIGITAL,123456789,,,110053,BHAJANPURA,DELHI,BHAJANPURA,THAKKAR MAHENDRA NAGINBHAI,123456789,,382110,GUJARAT,GUJARAT,"PATEL VASS, KHALIFA VASS PASE, NANI KISHOL, MOTI AHMEDABAD, VIRAMGAM, AHMEDABAD GUJARAT 382110",PREPAID,20,,,,,,
734,,,,LEX DIGITAL,123456789,,,110053,BHAJANPURA,DELHI,BHAJANPURA,LALU KUMAR SINGH,123456789,,395010,GUJARAT,GUJARAT,85 VISHWAKARMA SOCIETY PUNAGAM SURAT BOMBAY MARKET GUJARAT 395010,PREPAID,20,,,,,,
735,,,,LEX DIGITAL,123456789,,,110053,BHAJANPURA,DELHI,BHAJANPURA,KAUSHIKBHAI HIMATBHAI GAJERA,123456789,,394101,GUJARAT,GUJARAT,N-203 VAIBHAV LAXMI SOCIETY NEAR BHADIYADRA FARM MOTA VARACHHA SURAT GUJARAT 394101,PREPAID,20,,,,,,
736,,,,LEX DIGITAL,123456789,,,110053,BHAJANPURA,DELHI,BHAJANPURA,JATINKUMAR BHOGILAL VADERA,123456789,,396445,GUJARAT,GUJARAT,209 SARTHI POINT APPARTMENT TASKAND NAG AR NAVSARI HO GUJARAT 396445,PREPAID,20,,,,,,
737,,,,LEX DIGITAL,123456789,,,110053,BHAJANPURA,DELHI,BHAJANPURA,PRASANTKUMAR RAMESHBHAI HIRANI,123456789,,363641,GUJARAT,GUJARAT,301 BONI PARK RAVAPAR-3 RAVAPAR TA MORBI DIST RAJKOT GUJARAT 363641,PREPAID,20,,,,,,
738,,,,LEX DIGITAL,123456789,,,110053,BHAJANPURA,DELHI,BHAJANPURA,URSHALBHAI GAMAN BHAI PATEL,123456789,,396020,GUJARAT,GUJARAT,"VADODARA REGION, VALSAD, GUJARAT,15, SHALA-DEVLA FALIYA ,CHICHAWADA,ATUL,VALSAD VALSAD GUJARAT 396020",PREPAID,20,,,,,,
739,,,,LEX DIGITAL,123456789,,,110053,BHAJANPURA,DELHI,BHAJANPURA,HEMLATA HEMLATA,123456789,,370110,GUJARAT,GUJARAT,PLOT NO-82/83 SURVEY NO 167 MEGHPAR BORICHI SUBH MANGALAM KACHCHH GUJARAT 370110,PREPAID,20,,,,,,
740,,,,LEX DIGITAL,123456789,,,110053,BHAJANPURA,DELHI,BHAJANPURA,RAJU BHAVSAR,123456789,,380026,GUJARAT,GUJARAT,40 SOHAM NAGARBEHIND RASHTRARTI SCHOOL HATKESHWAR AMRA IWADI AHMEDABAD GUJARAT 380026,PREPAID,20,,,,,,
741,,,,LEX DIGITAL,123456789,,,110053,BHAJANPURA,DELHI,BHAJANPURA,NILESHSINH RAJENDRASINH CHAUHAN,123456789,,388270,GUJARAT,GUJARAT,323 RAJPUT FALIYU KADACHHALA TA LUNAWADA DI MAHISAGAR PANCH MAHALS GUJARAT 388270,PREPAID,20,,,,,,
742,,,,LEX DIGITAL,123456789,,,110053,BHAJANPURA,DELHI,BHAJANPURA,JAY MUKESHBHAI PATEL,123456789,,380008,GUJARAT,GUJARAT,"GF14 KRISHNA APPARTMANT MANIYASA MANINAGAR MAN,INAGAR AHAHMEDABAD AHMEDABAD CITY GUJARAT INDIA 380008",PREPAID,20,,,,,,
743,,,,LEX DIGITAL,123456789,,,110053,BHAJANPURA,DELHI,BHAJANPURA,KIRANSINH LAXMANSINH SINDHA,123456789,,391440,GUJARAT,GUJARAT,UMATYA TA PADRA VADODARAUMARYA TAL DIET VA DODARA VADODARA GUJARAT 391440,PREPAID,20,,,,,,
744,,,,LEX DIGITAL,123456789,,,110053,BHAJANPURA,DELHI,BHAJANPURA,SHAMLA DILIP,123456789,,362630,GUJARAT,GUJARAT,"024,STATION PLOT JUNAGADH GUJARAT 362630",PREPAID,20,,,,,,
745,,,,LEX DIGITAL,123456789,,,110053,BHAJANPURA,DELHI,BHAJANPURA,PARMAR LALABHAI CHATURBHAI,123456789,,382481,GUJARAT,GUJARAT,"1/201,CHANDLODIYA,VISWAKARMA TEMAPAL GANDHINAGAR GUJARAT 382481",PREPAID,20,,,,,,
746,,,,LEX DIGITAL,123456789,,,110053,BHAJANPURA,DELHI,BHAJANPURA,RAMANI RAMJIBHAI BABUBHAI,123456789,,360022,GUJARAT,GUJARAT,HARDIK GOKUL PARK STREET NO 3 KOTHARIYA PART KOTHARIA KOTDA SANGANI MAIN ROAD RAJKOT GUJARAT 360022,PREPAID,20,,,,,,
747,,,,LEX DIGITAL,123456789,,,110053,BHAJANPURA,DELHI,BHAJANPURA,RAMGOPAL RADHESHYAM YADAV,123456789,,396105,GUJARAT,GUJARAT,DHANASINGH SYNTHETICS PVT LTDROOM NO 831 NR NISHANT G ARDEN DAHALI VALSAD GUJARAT 396105,PREPAID,20,,,,,,
748,,,,LEX DIGITAL,123456789,,,110053,BHAJANPURA,DELHI,BHAJANPURA,ARVINDBHAI KANJIBHAI TANK,123456789,,395009,GUJARAT,GUJARAT,"D-902, SUMAN LIPI- SMC PALANPUR CANAL ROAD SURAT CITY ND NR, SEVEN STEP SCHOOL GUJARAT 395009",PREPAID,20,,,,,,
749,,,,LEX DIGITAL,123456789,,,110053,BHAJANPURA,DELHI,BHAJANPURA,AMITBHAI BABUBHAI SUTHAR,123456789,,384265,GUJARAT,GUJARAT,620 G KUMBHARVASKANSA PATAN GUJARAT 384265,PREPAID,20,,,,,,
750,,,,LEX DIGITAL,123456789,,,110053,BHAJANPURA,DELHI,BHAJANPURA,MACHCHI KAMALBEN SHANKARBHAI,123456789,,389001,GUJARAT,GUJARAT,"286-HIGH SCHOOL FALIYU, AT-POST-VADI, TA-SHAHERA, DIST-PANCHMAHAL, PANCH MAHALS GUJARAT 389001",PREPAID,20,,,,,,
751,,,,LEX DIGITAL,123456789,,,110053,BHAJANPURA,DELHI,BHAJANPURA,CHAUHAN ASHVINSINH BHAGAJI,123456789,,382870,GUJARAT,GUJARAT,"RAMPUR KOT, PO: KOT DIST: MAHESANA MEHSANA GUJARAT 382870",PREPAID,20,,,,,,
752,,,,LEX DIGITAL,123456789,,,110053,BHAJANPURA,DELHI,BHAJANPURA,CHANDRASHEKHAR HARINARAYAN YADAV,123456789,,396155,GUJARAT,GUJARAT,RAI FALIYA KARAJGAM KARANJ RAMESHBHAI CHAWL ROOM NO 8 S ARIGAM UMBERGAON VALSAD GUJARAT 396155,PREPAID,20,,,,,,
753,,,,LEX DIGITAL,123456789,,,110053,BHAJANPURA,DELHI,BHAJANPURA,JITENDRABHAI VASAVA,123456789,,393020,GUJARAT,GUJARAT,NISHAL FALIYAJUNA HARIPURAJUNA HARIPURA ANKLESHWARB HARUCH BHARUCH GUJARAT 393020,PREPAID,20,,,,,,
754,,,,LEX DIGITAL,123456789,,,110053,BHAJANPURA,DELHI,BHAJANPURA,CHAUHAN BHARATBHAI,123456789,,364060,GUJARAT,GUJARAT,"166,SHIV OM NAGAR RAJAPARA BHAVNAGAR GUJARAT 364060",PREPAID,20,,,,,,
755,,,,LEX DIGITAL,123456789,,,110053,BHAJANPURA,DELHI,BHAJANPURA,AKASH ASHOKKUMAR SHAH,123456789,,395004,GUJARAT,GUJARAT,PLOT NO 401 MADHAV DIP NEAR TAPI NAGAR SOC KATARGAM SURAT GUJARAT 395004,PREPAID,20,,,,,,
756,,,,LEX DIGITAL,123456789,,,110053,BHAJANPURA,DELHI,BHAJANPURA,RAHUL BHAGCHAND ASERI,123456789,,382345,GUJARAT,GUJARAT,5356 NEW SARSWATI NAGAR MAMCO NARODA RODAHMEDABAD AHMEDABAD GUJARAT 382345,PREPAID,20,,,,,,
757,,,,LEX DIGITAL,123456789,,,110053,BHAJANPURA,DELHI,BHAJANPURA,AMITKUMAR AMRUTBHAI CHAUDHARI,123456789,,396445,GUJARAT,GUJARAT,"2167, NAVIN NAGAR PARSI AGIYARI, NAVSARI GUJARAT 396445",PREPAID,20,,,,,,
758,,,,LEX DIGITAL,123456789,,,110053,BHAJANPURA,DELHI,BHAJANPURA,RAJESHBHAI BABUBHAI PARMAR,123456789,,385555,GUJARAT,GUJARAT,"12,JAKHEL BANASKANTHA GUJARAT 385555",PREPAID,20,,,,,,
759,,,,LEX DIGITAL,123456789,,,110053,BHAJANPURA,DELHI,BHAJANPURA,SANJAYKUMAR RAIJIBHAI PARMAR,123456789,,388307,GUJARAT,GUJARAT,SARVDAY NAGAR AT AMROL TA ANKLAV DI ANAND GUJARAT 388307,PREPAID,20,,,,,,
760,,,,LEX DIGITAL,123456789,,,110053,BHAJANPURA,DELHI,BHAJANPURA,HAROONRASHID GAJIKHAN PADHIYAR,123456789,,382150,GUJARAT,GUJARAT,FLATVIRAMGAM AHMEDABAD GUJARAT 382150,PREPAID,20,,,,,,
761,,,,LEX DIGITAL,123456789,,,110053,BHAJANPURA,DELHI,BHAJANPURA,SODAJI JESANGJI THAKOR,123456789,,384246,GUJARAT,GUJARAT,AT PANCHASAR PATAN GUJARAT 384246,PREPAID,20,,,,,,
762,,,,LEX DIGITAL,123456789,,,110053,BHAJANPURA,DELHI,BHAJANPURA,KUSHAN DHANKUMAR SHAH,123456789,,384002,GUJARAT,GUJARAT,17KRISHNA SOCIETY JAIL ROAD OPP - ROTARY BHAVAN MEHSANA GUJARAT 384002,PREPAID,20,,,,,,
763,,,,LEX DIGITAL,123456789,,,110053,BHAJANPURA,DELHI,BHAJANPURA,VINODBHAI BALUBHAI PATEL,123456789,,396580,GUJARAT,GUJARAT,ZADI FALIYU VANARASI NAVSARIJANKI HALL NEAR NAVSARI GUJARAT 396580,PREPAID,20,,,,,,
764,,,,LEX DIGITAL,123456789,,,110053,BHAJANPURA,DELHI,BHAJANPURA,MANESHBHAI RAYMALBHAI MINAMA,123456789,,389154,GUJARAT,GUJARAT,"MINAMA FALIYU JALAT, JALAT DAHOD GUJARAT 389154",PREPAID,20,,,,,,
765,,,,LEX DIGITAL,123456789,,,110053,BHAJANPURA,DELHI,BHAJANPURA,RAMBUJHAWAN R SHARMA,123456789,,394230,GUJARAT,GUJARAT,212 SADAR NAGERTALNGPUR SURAT GUJARAT 394230,PREPAID,20,,,,,,
766,,,,LEX DIGITAL,123456789,,,110053,BHAJANPURA,DELHI,BHAJANPURA,BHUPENDRABHAI VALLABHBHAI PATEL,123456789,,396126,GUJARAT,GUJARAT,489 HANUMAN FALIYUDHODHADKUVA VALSAD GUJARAT 396126,PREPAID,20,,,,,,
767,,,,LEX DIGITAL,123456789,,,110053,BHAJANPURA,DELHI,BHAJANPURA,DINESHBHAI VIRSINGBHAI ADD,123456789,,389170,GUJARAT,GUJARAT,"GHODIYA JHALOD DOHAD GHODIYA, TA-JHALOD DIST-DAHOD DAHOD-- GUJARAT 389170",PREPAID,20,,,,,,
768,,,,LEX DIGITAL,123456789,,,110053,BHAJANPURA,DELHI,BHAJANPURA,IMTIYAZ MAJIR ANSARI,123456789,,396170,GUJARAT,GUJARAT,PRAGATI NAGAR NEAR DIPAK KIRANA STORE GANDHIWADI UMBERGAON UMARGAM VALSAD GUJARAT 396170,PREPAID,20,,,,,,
769,,,,LEX DIGITAL,123456789,,,110053,BHAJANPURA,DELHI,BHAJANPURA,RAHUL ASHOKBHAI MANGE,123456789,,361005,GUJARAT,GUJARAT,49 DIGVIJAY PLOTHANUMAN TEKRI JAMNAGAR- GUJARAT 361005,PREPAID,20,,,,,,
770,,,,LEX DIGITAL,123456789,,,110053,BHAJANPURA,DELHI,BHAJANPURA,JAYKUMAR KRUSHNACHANDRA BHAGAT,123456789,,389390,GUJARAT,GUJARAT,BHAGAT FALIYA DHANKIYA MASABAR PANCHMAHALS PANCH MAHALS GUJARAT 389390,PREPAID,20,,,,,,
771,,,,LEX DIGITAL,123456789,,,110053,BHAJANPURA,DELHI,BHAJANPURA,RINKU KAUSHALBHAI GANDHI,123456789,,390008,GUJARAT,GUJARAT,7157 SUNDARNAGAR SOCITEY BEHIND MANISH HALLNEAR NARA NPURA CROSS ROADS AHMEDABAD VADODARA GUJARAT 390008,PREPAID,20,,,,,,
772,,,,LEX DIGITAL,123456789,,,110053,BHAJANPURA,DELHI,BHAJANPURA,NIKULKUMAR P MANIYA,123456789,,395006,GUJARAT,GUJARAT,"65, KASTURABA SOCIETY, BARODA PRISTAGE, VARACHHA ROAD, SURAT CITY, SURAT, GUJARAT, , GUJARAT 395006",PREPAID,20,,,,,,
773,,,,LEX DIGITAL,123456789,,,110053,BHAJANPURA,DELHI,BHAJANPURA,SIDRAM SRINIVAS MUDGUNDI,123456789,,394210,GUJARAT,GUJARAT,EWS 1 10 G 1008 FLOOR PRADHAN MANTRI AWAS KUMBH SURAT GUJARAT 394210,PREPAID,20,,,,,,
774,,,,LEX DIGITAL,123456789,,,110053,BHAJANPURA,DELHI,BHAJANPURA,PARULBEN YOGESHBHAI SANDHAVI,123456789,,380061,GUJARAT,GUJARAT,AHMEDABAD CITYC18 SHIVANAND APTT GHATLODIA GUJARAT 380061,PREPAID,20,,,,,,
775,,,,LEX DIGITAL,123456789,,,110053,BHAJANPURA,DELHI,BHAJANPURA,ALAMSHAD,123456789,,394230,GUJARAT,GUJARAT,"PLOT NO 93,KRISHNA NAGAR, PALIGAON,SACHIN,PALI PO SACHIN, DIST SURAT GUJARAT 394230",PREPAID,20,,,,,,
776,,,,LEX DIGITAL,123456789,,,110053,BHAJANPURA,DELHI,BHAJANPURA,KIRAN KUMAR KUSHWAHA,123456789,,394230,GUJARAT,GUJARAT,"FLAT NO 3A-504, PAAR BUILDING, VEER NARMAD HEIGHTS-1, S ACHIN ,SURAT SURAT GUJARAT 394230",PREPAID,20,,,,,,
777,,,,LEX DIGITAL,123456789,,,110053,BHAJANPURA,DELHI,BHAJANPURA,PRIJESH MUNIRBHAI LALANI,123456789,,362560,GUJARAT,GUJARAT,GOLDEN JUBILEE SOCIETY GADHDA ROAD UNA JUNAGADH GUJARAT 362560,PREPAID,20,,,,,,
778,,,,LEX DIGITAL,123456789,,,110053,BHAJANPURA,DELHI,BHAJANPURA,JAYESH KUMAR VINUBHAI MAKWANA,123456789,,387240,GUJARAT,GUJARAT,ASHOK STREETSOJITRA ANAND GUJARAT 387240,PREPAID,20,,,,,,
779,,,,LEX DIGITAL,123456789,,,110053,BHAJANPURA,DELHI,BHAJANPURA,RAM LAL KUMAWAT,123456789,,394305,GUJARAT,GUJARAT,PLOT NO 199 MANSI RESIDENCY JOLVA SURAT GUJARAT 394305,PREPAID,20,,,,,,
780,,,,LEX DIGITAL,123456789,,,110053,BHAJANPURA,DELHI,BHAJANPURA,RAMESHBHAI GANDAJI BHATESARIYA,123456789,,385550,GUJARAT,GUJARAT,"BHAVANIPATI, SHIHORI, SIHORI, BANASKANTHA, KANKREJ TA. BANASKANTHA GUJARAT 385550",PREPAID,20,,,,,,
781,,,,LEX DIGITAL,123456789,,,110053,BHAJANPURA,DELHI,BHAJANPURA,DAMOR PRAVIN BHAI,123456789,,389180,GUJARAT,GUJARAT,"FALIYA - CHAREL SUDIYA, SUDIA TA- LIMKHEDA DIST-DAHOD DAHOD GUJARAT 389180",PREPAID,20,,,,,,
782,,,,LEX DIGITAL,123456789,,,110053,BHAJANPURA,DELHI,BHAJANPURA,PATEL KIRANBHAI MAHENDRABHAI,123456789,,396191,GUJARAT,GUJARAT,"166, NATIONAL HIGHWAY NO. - 8,, BALITHA VAPI VTC BALITHA, PO DISTRICT VALSAD GUJARAT 396191",PREPAID,20,,,,,,
783,,,,LEX DIGITAL,123456789,,,110053,BHAJANPURA,DELHI,BHAJANPURA,SUMIT AJAY SINGH,123456789,,393001,GUJARAT,GUJARAT,C-185ADITYA NAGAR BHALIYA ROAD BHADKO BHADKODRA ANKLES HWAR BHARUCH GUJARAT 393001,PREPAID,20,,,,,,
784,,,,LEX DIGITAL,123456789,,,110053,BHAJANPURA,DELHI,BHAJANPURA,KARANBHAI ANILBHAI MAKWANA,123456789,,390019,GUJARAT,GUJARAT,"A-200, SARGAM SOCIETY, VADODARA BARODA GUJARAT 390019",PREPAID,20,,,,,,
785,,,,LEX DIGITAL,123456789,,,110053,BHAJANPURA,DELHI,BHAJANPURA,SAIYAD SHALUBHAI ANVARBHAI,123456789,,384315,GUJARAT,GUJARAT,KAJI VADO MANDI BAZAR NO KHANCHO VISNAGAR MEHSANA GUJARAT 384315,PREPAID,20,,,,,,
786,,,,LEX DIGITAL,123456789,,,110053,BHAJANPURA,DELHI,BHAJANPURA,RAJESHBHAI RAMSINGBHAI KATARA,123456789,,389151,GUJARAT,GUJARAT,CHHOTIYA FALIYU DUNGARA TA-DAHOD DIST-DAHOD DAHOD GUJARAT 389151,PREPAID,20,,,,,,
787,,,,LEX DIGITAL,123456789,,,110053,BHAJANPURA,DELHI,BHAJANPURA,KHARAD MANISHBHAI KAJUBHAI,123456789,,389154,GUJARAT,GUJARAT,"KHARAD FALIYU RATI GAR, KATWARA TA-DAHOD DIST-DAHOD DAHOD GUJARAT 389154",PREPAID,20,,,,,,
788,,,,LEX DIGITAL,123456789,,,110053,BHAJANPURA,DELHI,BHAJANPURA,CHAUHAN AJAYSINH BHARATSINH,123456789,,382305,GUJARAT,GUJARAT,", HARAKHJINA MUVADA GANDHI NAGAR GUJARAT 382305",PREPAID,20,,,,,,
789,,,,LEX DIGITAL,123456789,,,110053,BHAJANPURA,DELHI,BHAJANPURA,SANDHI RAMZANBHAI,123456789,,380004,GUJARAT,GUJARAT,"792/6, MODI NI CHAWL, OPP MAHAKALI TEMPLE, DUDHESHWAR, AHMEDABAD CITY, AHMEDABAD, SHAHIBAG GUJARAT 380004",PREPAID,20,,,,,,
790,,,,LEX DIGITAL,123456789,,,110053,BHAJANPURA,DELHI,BHAJANPURA,DIVYESH PATEL,123456789,,394510,GUJARAT,GUJARAT,"423, KUMBHARWAD, NEAR JALARAM MANDIR, PALGAM, BHATHA, SURAT VILLAGE : PALL TALUKA CHORASI GUJARAT 394510",PREPAID,20,,,,,,
791,,,,LEX DIGITAL,123456789,,,110053,BHAJANPURA,DELHI,BHAJANPURA,GIRISHBHAI LOKMAL CHHABILANI,123456789,,360370,GUJARAT,GUJARAT,371 GANESH KRIPA AMARDHAM KENAL KATHEOPP RAMESHVAR BU NGLOW JETPUR RAJKOT GUJARAT 360370,PREPAID,20,,,,,,
792,,,,LEX DIGITAL,123456789,,,110053,BHAJANPURA,DELHI,BHAJANPURA,MUNGARANI SOYAB,123456789,,370205,GUJARAT,GUJARAT,"TIMBHA SOCIETY, VILLAGE- TUNA, KACHCHH, KACHCHH GUJARAT 370205",PREPAID,20,,,,,,
793,,,,LEX DIGITAL,123456789,,,110053,BHAJANPURA,DELHI,BHAJANPURA,PHOOLMAHMAD ANSARI,123456789,,382405,GUJARAT,GUJARAT,"01, ABAD ESTET, NEAR MASJID KASHIRAM,NARNOL AHMADABAD CITY AHMEDABAD GUJARAT 382405",PREPAID,20,,,,,,
794,,,,LEX DIGITAL,123456789,,,110053,BHAJANPURA,DELHI,BHAJANPURA,NIRUBEN NANUBHAI AHIR,123456789,,396230,DADRA AND NAGAR HAVELI,DADRA AND NAGAR HAVELI,"SAMARVANI AHIR FALIYA, SAMARVARNI (CT) DADRA AND NAGAR HAVELI 396230",PREPAID,20,,,,,,
795,,,,LEX DIGITAL,123456789,,,110053,BHAJANPURA,DELHI,BHAJANPURA,KAMAL PATEL KISHORE PATEL,123456789,,370110,GUJARAT,GUJARAT,HOUSE NO 250 SAURAY 185 BHAGIRATH NAGAR NEAR JALARAM TEMPLE MEGHPAR BORICHI ANJAR KACHCHH GUJARAT 370110,PREPAID,20,,,,,,
796,,,,LEX DIGITAL,123456789,,,110053,BHAJANPURA,DELHI,BHAJANPURA,LALABHAI BHAKTIBHAI SALAT,123456789,,382870,GUJARAT,GUJARAT,SALATVASS AT GOVINDPURA TA VIJAPUR DIST-MAHESANA MEHSANA GUJARAT 382870,PREPAID,20,,,,,,
797,,,,LEX DIGITAL,123456789,,,110053,BHAJANPURA,DELHI,BHAJANPURA,VASAVA AVINASH KUMAR,123456789,,394405,GUJARAT,GUJARAT,VASAVA FALIYA NOGAMA SURAT GUJARAT 394405,PREPAID,20,,,,,,
798,,,,LEX DIGITAL,123456789,,,110053,BHAJANPURA,DELHI,BHAJANPURA,VORA RAJESHBHAI,123456789,,395010,GUJARAT,GUJARAT,20 RAJESHWARI SOCIETY LAXMANNAGAR THAKOEDWAR SURAT GUJARAT 395010,PREPAID,20,,,,,,
799,,,,LEX DIGITAL,123456789,,,110053,BHAJANPURA,DELHI,BHAJANPURA,AMIT MISHRA,123456789,,394210,GUJARAT,GUJARAT,170 CHETAN NAGAR NAVAGAO DINDOLISURAT SURAT GUJARAT 394210,PREPAID,20,,,,,,
800,,,,LEX DIGITAL,123456789,,,110053,BHAJANPURA,DELHI,BHAJANPURA,SHAHIDRZA MAHAMADNASIR KHARADI,123456789,,385535,GUJARAT,GUJARAT,550-KDEESA BANASKANTHA GUJARAT 385535,PREPAID,20,,,,,,
801,,,,LEX DIGITAL,123456789,,,110053,BHAJANPURA,DELHI,BHAJANPURA,SAHADEVJI PARABATJI RATHOD,123456789,,385530,GUJARAT,GUJARAT,"118,GANESH PURA MUDETHA BANASKANTHA GUJARAT 385530",PREPAID,20,,,,,,
802,,,,LEX DIGITAL,123456789,,,110053,BHAJANPURA,DELHI,BHAJANPURA,YOGESH KANJIBHAI CHAVDA,123456789,,394101,GUJARAT,GUJARAT,254 SARVODAY SOCIETYMOTA VARACHHA SURAT GUJARAT 394101,PREPAID,20,,,,,,
803,,,,LEX DIGITAL,123456789,,,110053,BHAJANPURA,DELHI,BHAJANPURA,DHANSUKHBHAI JESINGBHAI PARMAR,123456789,,364002,GUJARAT,GUJARAT,"PLOT NO 4 OPP RUDRESHWAR MAHADEV HILL PARK 1 SWAST IK P ARK 1,SIDSAR ROAD 317 GUJARAT BHAVNAGAR 364002",PREPAID,20,,,,,,
804,,,,LEX DIGITAL,123456789,,,110053,BHAJANPURA,DELHI,BHAJANPURA,MAHAMMADIRFAN FAJALMAHAMMAD MEMAN,123456789,,385001,GUJARAT,GUJARAT,177GAMETIVASVIRAMPUR104VIRAMPUR BANASKANTHA GUJARAT 385001,PREPAID,20,,,,,,
805,,,,LEX DIGITAL,123456789,,,110053,BHAJANPURA,DELHI,BHAJANPURA,DABHI SANDIP RAJAJI,123456789,,382480,GUJARAT,GUJARAT,T 16 SHANTAM BUNGLOWS CHENPUR ROAD NEW RANIP AHMEDABAD CITY GUJARAT 382480,PREPAID,20,,,,,,
806,,,,LEX DIGITAL,123456789,,,110053,BHAJANPURA,DELHI,BHAJANPURA,APARNATHI ROHANGIRI VALLABHGIRI,123456789,,360450,GUJARAT,GUJARAT,NEAR NADIKANTHA BHAYAVADAR RAJKOT GUJARAT 360450,PREPAID,20,,,,,,
807,,,,LEX DIGITAL,123456789,,,110053,BHAJANPURA,DELHI,BHAJANPURA,CHAUDHARI KOKILABEN KAMLESHBHAI,123456789,,394651,GUJARAT,GUJARAT,"GHUMTI FALIYU,VANSKUI, VANSKUI ,VANSKUI ,TAPI,GUJARAT VANSKUI,TAPI TAPI GUJARAT 394651",PREPAID,20,,,,,,
808,,,,LEX DIGITAL,123456789,,,110053,BHAJANPURA,DELHI,BHAJANPURA,AAMIRHUSHEN JAKIRHUSHEN SHAIKH,123456789,,392001,GUJARAT,GUJARAT,B-653 SONERI MAHELDUMWARD BHARUCH GUJARAT 392001,PREPAID,20,,,,,,
809,,,,LEX DIGITAL,123456789,,,110053,BHAJANPURA,DELHI,BHAJANPURA,REVABEN MAHENDRABHAI PARMAR,123456789,,387620,GUJARAT,GUJARAT,"VEJALPUR,SORNA, KAPADVANJ,KHEDA, GUJARAT KHEDA 387620",PREPAID,20,,,,,,
810,,,,LEX DIGITAL,123456789,,,110053,BHAJANPURA,DELHI,BHAJANPURA,SAPARA KRISHNABEN PRADIPBHAI,123456789,,364002,GUJARAT,GUJARAT,"109,DEVBAGH,JAY BHAVNAGAR GUJARAT 364002",PREPAID,20,,,,,,
811,,,,LEX DIGITAL,123456789,,,110053,BHAJANPURA,DELHI,BHAJANPURA,JENISHKUMAR PRAVINBHAI GHONIYA,123456789,,360311,GUJARAT,GUJARAT,"BHAVANATHA 1,6 6, GONDAL PGVCLROAD RAJKOT GUJARAT 360311",PREPAID,20,,,,,,
812,,,,LEX DIGITAL,123456789,,,110053,BHAJANPURA,DELHI,BHAJANPURA,KULDEEP MISHRILAL GOYAL,123456789,,370201,GUJARAT,GUJARAT,C 13 NU 4SAPNA NAGAR KACHCHH GUJARAT 370201,PREPAID,20,,,,,,
813,,,,LEX DIGITAL,123456789,,,110053,BHAJANPURA,DELHI,BHAJANPURA,SOHILBHAI HANIFBHAI LAKHAVA,123456789,,363030,GUJARAT,GUJARAT,257DHOLIPOLROD SURENDRANAGAR GUJARAT 363030,PREPAID,20,,,,,,
814,,,,LEX DIGITAL,123456789,,,110053,BHAJANPURA,DELHI,BHAJANPURA,RAMESHSINGH LAXMAN SINGH,123456789,,395008,GUJARAT,GUJARAT,"VENUS ESTATE,VENUS JEWEL, SUMUL DAIRY ROAD, SURAT, SURAT GUJARAT 395008",PREPAID,20,,,,,,
815,,,,LEX DIGITAL,123456789,,,110053,BHAJANPURA,DELHI,BHAJANPURA,MAKWANA JORUBHAI PUNABHAI,123456789,,365540,GUJARAT,GUJARAT,"MOTA MANASA, TA. JAFRABAD, MANSA, AMERLI, MOTAMANSA, GUJARAT, MANSA AMRELI GUJARAT 365540",PREPAID,20,,,,,,
816,,,,LEX DIGITAL,123456789,,,110053,BHAJANPURA,DELHI,BHAJANPURA,SABHAYA MILAN MANSUKHBHAI,123456789,,395008,GUJARAT,GUJARAT,"C-2,204 SWASTIK RESIDENCY KAMREJ PASODARA SURAT GUJARAT 395008",PREPAID,20,,,,,,
817,,,,LEX DIGITAL,123456789,,,110053,BHAJANPURA,DELHI,BHAJANPURA,PATHAN UZED BABUBHAI,123456789,,380004,GUJARAT,GUJARAT,213/2 MARVADINI CHALI DUDHESWAR AHMEDABAD CITY SHAHIBAG AHMADABAD SHAHIMASJID NI PACHAD GUJARAT 380004,PREPAID,20,,,,,,
818,,,,LEX DIGITAL,123456789,,,110053,BHAJANPURA,DELHI,BHAJANPURA,DHANUBHA MANUBHA VAGHELA,123456789,,385550,GUJARAT,GUJARAT,"DARBAR VAS,UMBARI,BANASKANTHA, KANKREJ,GUJARAT-385550 BANASKANTHA GUJARAT 385550",PREPAID,20,,,,,,
819,,,,LEX DIGITAL,123456789,,,110053,BHAJANPURA,DELHI,BHAJANPURA,MANSI AMITBHAI PRADHAN,123456789,,396445,GUJARAT,GUJARAT,7202 KAMDHENU PARK NEAR VIDHYA BHARTI SCHOOLSANTA DEV I ROAD NAVSARI GUJARAT 396445,PREPAID,20,,,,,,
820,,,,LEX DIGITAL,123456789,,,110053,BHAJANPURA,DELHI,BHAJANPURA,MAHIPALSINH PRATAPBHAI TARBADA KOLI,123456789,,391130,GUJARAT,GUJARAT,AT PO DEROLI TA SANKHEDA DI CHHOTAUDEPUT VADODARA GUJARAT 391130,PREPAID,20,,,,,,
821,,,,LEX DIGITAL,123456789,,,110053,BHAJANPURA,DELHI,BHAJANPURA,HARISINH SHEKHAVAT,123456789,,384410,GUJARAT,GUJARAT,MAGUNA - MAHESANA GUJARAT 384410,PREPAID,20,,,,,,
822,,,,LEX DIGITAL,123456789,,,110053,BHAJANPURA,DELHI,BHAJANPURA,PRAKASHKUMAR VAJUBHAI KOTHIYA,123456789,,395010,GUJARAT,GUJARAT,"99, SAMRAT NAGAR SOC, SURAT, PUNAGAM, SURAT CITY GUJARAT 395010",PREPAID,20,,,,,,
823,,,,LEX DIGITAL,123456789,,,110053,BHAJANPURA,DELHI,BHAJANPURA,PATEL NIKITKUMAR HARESHBHAI,123456789,,396125,GUJARAT,GUJARAT,"122,MAHYAVANSHI FALIYA MOTA WAGHCHHIPA PARDI VALSAD GUJARAT 396125",PREPAID,20,,,,,,
824,,,,LEX DIGITAL,123456789,,,110053,BHAJANPURA,DELHI,BHAJANPURA,MAZHARKHAN PATHAN,123456789,,382440,GUJARAT,GUJARAT,74 KHWAJA NAGAR PART 1 NAVANA PUMPING STATION AKRUTI TO WNSHIP ROAD VATVAVATVA AHMEDABAD GUJARAT 382440,PREPAID,20,,,,,,
825,,,,LEX DIGITAL,123456789,,,110053,BHAJANPURA,DELHI,BHAJANPURA,VINODKUMAR CHAUHAN,123456789,,389220,GUJARAT,GUJARAT,299NISHAL FALIYU PANCH MAHALS GUJARAT 389220,PREPAID,20,,,,,,
826,,,,LEX DIGITAL,123456789,,,110053,BHAJANPURA,DELHI,BHAJANPURA,KAMLESHKUMAR BABULAL SUNDESHA,123456789,,385535,GUJARAT,GUJARAT,238MALIVAS BANASKANTHA GUJARAT 385535,PREPAID,20,,,,,,
827,,,,LEX DIGITAL,123456789,,,110053,BHAJANPURA,DELHI,BHAJANPURA,HITESH ASHOKBHAI MAKWANA,123456789,,360024,GUJARAT,GUJARAT,NARAYAN NIVASSWAMINARAYAN GURUKUL RAJKOT GUJARAT 360024,PREPAID,20,,,,,,
828,,,,LEX DIGITAL,123456789,,,110053,BHAJANPURA,DELHI,BHAJANPURA,JADEJA VIKRAMSINH JIVANJI,123456789,,370627,GUJARAT,GUJARAT,"PUNRAJPUR,FULRA,KACHCHH,LAKHPAT PUNRAJPAR LAKHPAT KACHCHH GUJARAT 370627",PREPAID,20,,,,,,
829,,,,LEX DIGITAL,123456789,,,110053,BHAJANPURA,DELHI,BHAJANPURA,NITABEN PATEL,123456789,,391780,GUJARAT,GUJARAT,120 MOTI KHADKI NEAR RAMJI MANDIRRANIYA SAVLI VADODARA GUJARAT 391780,PREPAID,20,,,,,,
830,,,,LEX DIGITAL,123456789,,,110053,BHAJANPURA,DELHI,BHAJANPURA,AJIT AMRUTBHAI DESAI,123456789,,380024,GUJARAT,GUJARAT,429/2441 GUIHOUBORD KABIR CHEMBER S NI PACHAD BAPUNAG AR AHMEDABAD CITY L E BAPUNAGAR GUJARAT 38002 380024,PREPAID,20,,,,,,
831,,,,LEX DIGITAL,123456789,,,110053,BHAJANPURA,DELHI,BHAJANPURA,CHAUHAN SAMAT GOKALBHAI,123456789,,361006,GUJARAT,GUJARAT,"B/H MACHHUMA TEMPLE, TA- JAMNAGAR, NAGHEDI, GUJARAT JAMNAGAR,GUJARAT-361006 JAMNAGAR 361006",PREPAID,20,,,,,,
832,,,,LEX DIGITAL,123456789,,,110053,BHAJANPURA,DELHI,BHAJANPURA,VASAVA KIRTIBEN,123456789,,393010,GUJARAT,GUJARAT,"28, WADHARI FAZHIYA ANDADA 01 ANDADA, BHARUCH GUJARAT 393010",PREPAID,20,,,,,,
833,,,,LEX DIGITAL,123456789,,,110053,BHAJANPURA,DELHI,BHAJANPURA,NAYANBHAI RATIBHAI BAKRANIYA,123456789,,360005,GUJARAT,GUJARAT,"BLOCK NO 25 SANTINOLETAN AVENUE,GOLDEN PARK,NEXT AKSAR RESIDENCY REYA ROAD DHARAM NAGAR RAJKOT GUJARAT 360005",PREPAID,20,,,,,,
834,,,,LEX DIGITAL,123456789,,,110053,BHAJANPURA,DELHI,BHAJANPURA,DHIRUBHAI MALABHAI CHAUHAN,123456789,,380015,GUJARAT,GUJARAT,45 PAKI CHALI PATARA VALIMOHAN KAKA NI CHALMATAVADI RO AD AHMEDABAD GUJARAT 380015,PREPAID,20,,,,,,
835,,,,LEX DIGITAL,123456789,,,110053,BHAJANPURA,DELHI,BHAJANPURA,RATHOD RAJMAHMAD SAFIMAHMAD,123456789,,391120,GUJARAT,GUJARAT,139 KASBAVAGA FALIA VAJIRIYA VAJIRIA TILAKWADA NARMADA-- GUJARAT 391120,PREPAID,20,,,,,,
836,,,,LEX DIGITAL,123456789,,,110053,BHAJANPURA,DELHI,BHAJANPURA,SHARMA RAMDEV MIHAN,123456789,,395010,GUJARAT,GUJARAT,14/SAI NAGAR SOCIETY CHORASI BOMBAY MARKET SURAT GUJARAT 395010,PREPAID,20,,,,,,
837,,,,LEX DIGITAL,123456789,,,110053,BHAJANPURA,DELHI,BHAJANPURA,SOLANKI MAHINDRABHAI RAMABHAI,123456789,,387130,GUJARAT,GUJARAT,"VADADLA, VADADLA KHEDA GUJARAT 387130",PREPAID,20,,,,,,
838,,,,LEX DIGITAL,123456789,,,110053,BHAJANPURA,DELHI,BHAJANPURA,BIPINBHAI PARSOTAMBHAI LIMBACHIA,123456789,,394601,GUJARAT,GUJARAT,101DEV NARAYAN COMPLEXDHAMDOD NAKA SURAT GUJARAT 394601,PREPAID,20,,,,,,
839,,,,LEX DIGITAL,123456789,,,110053,BHAJANPURA,DELHI,BHAJANPURA,SANDIP CHANDRAKANT VARADIYA,123456789,,380001,GUJARAT,GUJARAT,VARADIYA 1528 SARKI VAD RAMESH CHOWSHAHPUR AHME AHMEDABAD GUJARAT 380001,PREPAID,20,,,,,,
840,,,,LEX DIGITAL,123456789,,,110053,BHAJANPURA,DELHI,BHAJANPURA,DUMANIYA SHAMBHUBHAI BHAVSANGBHAI,123456789,,382745,GUJARAT,GUJARAT,NAVAPARU SAVLAS SURENDRANAGAR NAVA TA DASADA DIST GUJARAT 382745,PREPAID,20,,,,,,
841,,,,LEX DIGITAL,123456789,,,110053,BHAJANPURA,DELHI,BHAJANPURA,BHAVSAR MEHUL,123456789,,382350,GUJARAT,GUJARAT,"198, OTAMBA SOCIETY JIVRAJ PARK KHODIYARNAGAR AHMEDABAD GUJARAT 382350",PREPAID,20,,,,,,
842,,,,LEX DIGITAL,123456789,,,110053,BHAJANPURA,DELHI,BHAJANPURA,ZALA ALPESHSINH DANBHA,123456789,,382755,GUJARAT,GUJARAT,RASANI PATI SHAKIMATANA MANDIR PASE ZINZUWADA SURENDRA NAGAR GUJARAT 382755,PREPAID,20,,,,,,
843,,,,LEX DIGITAL,123456789,,,110053,BHAJANPURA,DELHI,BHAJANPURA,HEMAXIBEN HEMANTKUMAR TAILOR,123456789,,395009,GUJARAT,GUJARAT,205PARIMAL PARK APPT BH GAIL TOWER ANAND MAHAL ROAD SURAT GUJARAT 395009,PREPAID,20,,,,,,
844,,,,LEX DIGITAL,123456789,,,110053,BHAJANPURA,DELHI,BHAJANPURA,JANI DIPAKBHAI,123456789,,370205,GUJARAT,GUJARAT,PLOT NO 2 SHANTI NAGAR ANTARJAL KACHCHH TAL- ADIPUR GANDHIDHAM GUJARAT 370205,PREPAID,20,,,,,,
845,,,,LEX DIGITAL,123456789,,,110053,BHAJANPURA,DELHI,BHAJANPURA,ARVINDRA KUMAR,123456789,,396195,GUJARAT,GUJARAT,ROOM NO5 CHATRAPATI SHIVAJI CHANOD GATE AMAR NAGAR V ENUS SCHOOL VAPI PARDI VALSADVALSAD VALSAD GUJARAT 396195,PREPAID,20,,,,,,
846,,,,LEX DIGITAL,123456789,,,110053,BHAJANPURA,DELHI,BHAJANPURA,NANDISH HARISHBHAI UPADHYAY,123456789,,390024,GUJARAT,GUJARAT,B101PANCHAM SKY APPNEW SAMA ROAD VADODRA VADODARA GUJARAT 390024,PREPAID,20,,,,,,
847,,,,LEX DIGITAL,123456789,,,110053,BHAJANPURA,DELHI,BHAJANPURA,SHAIKH GULAMMUSTUFA GULAMMOHAMMED,123456789,,380001,GUJARAT,GUJARAT,1548 OPP. BAGBAN HALL THREE GATES AHMEDABAD CITY G.P.O AHMADABAD PATVA SHERI GUJARAT 380001,PREPAID,20,,,,,,
848,,,,LEX DIGITAL,123456789,,,110053,BHAJANPURA,DELHI,BHAJANPURA,DILIPBHAI SUMALABHAI BHURIYA,123456789,,389151,GUJARAT,GUJARAT,"LALA FALIYU UCHAVANIYA, UCHVANIA, DOHAD TA-DIST-DAHOD DAHOD GUJARAT 389151",PREPAID,20,,,,,,
849,,,,LEX DIGITAL,123456789,,,110053,BHAJANPURA,DELHI,BHAJANPURA,KAJAL CHAUHAN,123456789,,361004,GUJARAT,GUJARAT,LAST HOMESTREE NO 6 JAMNAGAR- GUJARAT 361004,PREPAID,20,,,,,,
850,,,,LEX DIGITAL,123456789,,,110053,BHAJANPURA,DELHI,BHAJANPURA,HARSHADKUMAR GOVINDBHAI PARMAR,123456789,,388450,GUJARAT,GUJARAT,"RABARI PURA, MOTI NAHER SHEKHDI, SHEKHADI, DAVALPURA - ANAND GUJARAT 388450",PREPAID,20,,,,,,
851,,,,LEX DIGITAL,123456789,,,110053,BHAJANPURA,DELHI,BHAJANPURA,SAGARKUMAR PANCHAL,123456789,,388220,GUJARAT,GUJARAT,"6 A UMRETH SANTRAM PARK SOCIETY ,THAMNA CHOKDI KHEDA GUJARAT 388220",PREPAID,20,,,,,,
852,,,,LEX DIGITAL,123456789,,,110053,BHAJANPURA,DELHI,BHAJANPURA,RAHULKUMAR CHATURJI BHANDOTARIYA,123456789,,385510,GUJARAT,GUJARAT,"INDIA,, , KUMBHALMER PALANPUR BANASKANTHA GUJARAT 385510",PREPAID,20,,,,,,
853,,,,LEX DIGITAL,123456789,,,110053,BHAJANPURA,DELHI,BHAJANPURA,BHAUMIK JASHVANTLAL BISWAS,123456789,,382007,GUJARAT,GUJARAT,2032 SECTOR 1 GANDHINAGAR GUJARAT 382007,PREPAID,20,,,,,,
854,,,,LEX DIGITAL,123456789,,,110053,BHAJANPURA,DELHI,BHAJANPURA,MITHISH NANDA,123456789,,361005,GUJARAT,GUJARAT,MILAN PROVISION KISHAN CHOWK JAMNGARNEAR ANJALI NEWS JAMNAGAR- GUJARAT 361005,PREPAID,20,,,,,,
855,,,,LEX DIGITAL,123456789,,,110053,BHAJANPURA,DELHI,BHAJANPURA,RASIKBHAI LERAJI MAKVANA,123456789,,385560,GUJARAT,GUJARAT,"PADAR , BANASKANTHA KANKREJ GUJARAT 385560",PREPAID,20,,,,,,
856,,,,LEX DIGITAL,123456789,,,110053,BHAJANPURA,DELHI,BHAJANPURA,SAROJBEN RAKESHBHAI PATEL,123456789,,396321,GUJARAT,GUJARAT,"569,TALAVDI FALIYA, BEHIND B D CHAL,DESRA BILIMORA, GANDEVI, BILIMORE, NAVSARI, NEAR-SUKHSAGAR COMPLEX NAVSARI GUJARAT 396321",PREPAID,20,,,,,,
857,,,,LEX DIGITAL,123456789,,,110053,BHAJANPURA,DELHI,BHAJANPURA,ASHWINBHAI DEVENDRABHAI PARMAR,123456789,,380004,GUJARAT,GUJARAT,46339 GAJANAND SOCIETY GHIRDHAR NAGARCIVIL HOSPITAL AHMEDABAD GUJARAT 380004,PREPAID,20,,,,,,
858,,,,LEX DIGITAL,123456789,,,110053,BHAJANPURA,DELHI,BHAJANPURA,KAUSHIK JASUBHAI PATEL,123456789,,396165,GUJARAT,GUJARAT,"05, GANGA DEVI ROAD SOLSUMBA, SOLSUMBA 8 , VALSAD GUJARAT 396165",PREPAID,20,,,,,,
859,,,,LEX DIGITAL,123456789,,,110053,BHAJANPURA,DELHI,BHAJANPURA,ROHITKUMAR MASULBHAI DEVDHA,123456789,,389151,GUJARAT,GUJARAT,"DEVDHA FALIYU DAGERIYA,PAVDI TA-JHALOD DIST-DAHOD DAHOD-- GUJARAT 389151",PREPAID,20,,,,,,
860,,,,LEX DIGITAL,123456789,,,110053,BHAJANPURA,DELHI,BHAJANPURA,THAKOR KISHANJI BHAVSANGJI,123456789,,384285,GUJARAT,GUJARAT,THAKOR VAS KANOSAN PATAN GUJARAT 384285,PREPAID,20,,,,,,
861,,,,LEX DIGITAL,123456789,,,110053,BHAJANPURA,DELHI,BHAJANPURA,SUNIL RAVAL,123456789,,384265,GUJARAT,GUJARAT,15-6RAVALWASHAJIPUR PATAN GUJARAT 384265,PREPAID,20,,,,,,
862,,,,LEX DIGITAL,123456789,,,110053,BHAJANPURA,DELHI,BHAJANPURA,RAJUBHAI JESANGBHAI PARMAR,123456789,,382150,GUJARAT,GUJARAT,"AMBEDKAR VAS, NAVU PARU. MOTA GORAIYA, AHMEDABAD, GUJARAT VIRAMGAM AHMEDABAD 382150",PREPAID,20,,,,,,
863,,,,LEX DIGITAL,123456789,,,110053,BHAJANPURA,DELHI,BHAJANPURA,VAGHELA DAHYA SOMABHAI,123456789,,391810,GUJARAT,GUJARAT,"26, NAVI NAGARI, VEDACH, BHARUCH, . BHARUCH GUJARAT 391810",PREPAID,20,,,,,,
864,,,,LEX DIGITAL,123456789,,,110053,BHAJANPURA,DELHI,BHAJANPURA,YASMINBEN SAHILKHAN PATHAN,123456789,,392230,GUJARAT,GUJARAT,"NAVI NAGRI,- DANDA, BHARUCH TAL DIST GUJARAT 392230",PREPAID,20,,,,,,
865,,,,LEX DIGITAL,123456789,,,110053,BHAJANPURA,DELHI,BHAJANPURA,KALPESHKUMAR SHANBHAI DABHI,123456789,,387430,GUJARAT,GUJARAT,126 BORIYA VISTAR BHARKUNDA KHEDA GUJARAT 387430,PREPAID,20,,,,,,
866,,,,LEX DIGITAL,123456789,,,110053,BHAJANPURA,DELHI,BHAJANPURA,ABHIYANSHU SINGH,123456789,,394305,GUJARAT,GUJARAT,201SHIV SAI RECIDENCYNEAR SARVOTTAM HOTEL SURAT GUJARAT 394305,PREPAID,20,,,,,,
867,,,,LEX DIGITAL,123456789,,,110053,BHAJANPURA,DELHI,BHAJANPURA,KEVINKUMAR NARENDRABHAI GODHANI,123456789,,396445,GUJARAT,GUJARAT,NAVSARI GUJARAT 396445,PREPAID,20,,,,,,
868,,,,LEX DIGITAL,123456789,,,110053,BHAJANPURA,DELHI,BHAJANPURA,SOLANKI GULABBHAI,123456789,,388550,GUJARAT,GUJARAT,RAMPURA AT KATHANA RS ANAND TA BORSAD GUJARAT 388550,PREPAID,20,,,,,,
869,,,,LEX DIGITAL,123456789,,,110053,BHAJANPURA,DELHI,BHAJANPURA,CHAUHAN TOSIBBHAI,123456789,,391244,GUJARAT,GUJARAT,09 MASJID FALIYU KALA VADODARA BACHAR KARJAN GUJARAT 391244,PREPAID,20,,,,,,
870,,,,LEX DIGITAL,123456789,,,110053,BHAJANPURA,DELHI,BHAJANPURA,DODIYA DHARMESH,123456789,,361006,GUJARAT,GUJARAT,SHADHNA COLONY L I G BLOCK JAMNAGAR GUJARAT 361006,PREPAID,20,,,,,,
871,,,,LEX DIGITAL,123456789,,,110053,BHAJANPURA,DELHI,BHAJANPURA,HANUMAN DAMU VAGHMARE,123456789,,395017,GUJARAT,GUJARAT,"103, MAHADEV NAGAR, BHATAR ROAD, NEAR VISHVAKARMA MANDIR, SURAT, PO: ALTHAN, DIST:SURAT SURAT GUJARAT 395017",PREPAID,20,,,,,,
872,,,,LEX DIGITAL,123456789,,,110053,BHAJANPURA,DELHI,BHAJANPURA,VINODBHAI CHHOTUBHAI GARASIYA,123456789,,396040,GUJARAT,GUJARAT,DADRI FALIYU KAKADVERI TA KHERGAM DI NAVSARI GUJARAT 396040,PREPAID,20,,,,,,
873,,,,LEX DIGITAL,123456789,,,110053,BHAJANPURA,DELHI,BHAJANPURA,UDAYSINGH BHIMSINGH GIRASE,123456789,,394210,GUJARAT,GUJARAT,HNO 171 ARDI NAGARAMBHA JI MATAT MANDIR SURAT GUJARAT 394210,PREPAID,20,,,,,,
874,,,,LEX DIGITAL,123456789,,,110053,BHAJANPURA,DELHI,BHAJANPURA,VINODBHAI CHHOTUBHAI GARASIYA,123456789,,396040,GUJARAT,GUJARAT,DADRI FALIYU KAKADVERI TA KHERGAM DI NAVSARI GUJARAT 396040,PREPAID,20,,,,,,
875,,,,LEX DIGITAL,123456789,,,110053,BHAJANPURA,DELHI,BHAJANPURA,JITENDRA VITTHALBHAI PARMAR,123456789,,390019,GUJARAT,GUJARAT,"8/3 AKHANDANAND SOCIETY, AJWA ROAD, NAVJIVAN,,VADODARA, GUJARAT, 390019 ,AMBEMATA TEMPLE VADODARA GUJARAT",PREPAID,20,,,,,,
876,,,,LEX DIGITAL,123456789,,,110053,BHAJANPURA,DELHI,BHAJANPURA,PARVEJ JAHID KHAN,123456789,,396195,GUJARAT,GUJARAT,NAAJ PARK A BILDING F 208 KARWD VAPI VALSAD GUJARATDUN GRI FARIA GUJARAT 396195,PREPAID,20,,,,,,
877,,,,LEX DIGITAL,123456789,,,110053,BHAJANPURA,DELHI,BHAJANPURA,RAMESHVAR LAVU BHIL,123456789,,394107,GUJARAT,GUJARAT,H-145-A-8 EWS AWASNEAR SHREE RAM CHOKDI KOSAD AMROLI CHORASI SURAT GUJARAT 394107,PREPAID,20,,,,,,
878,,,,LEX DIGITAL,123456789,,,110053,BHAJANPURA,DELHI,BHAJANPURA,PAPU BAURI,123456789,,392130,GUJARAT,GUJARAT,B2 23SARASWATI TOWNSHIP DAHEJ BHARUCH GUJARAT 392130,PREPAID,20,,,,,,
879,,,,LEX DIGITAL,123456789,,,110053,BHAJANPURA,DELHI,BHAJANPURA,KIRITBHAI DINESHBHAI MAKWANA,123456789,,391745,GUJARAT,GUJARAT,VASNA KOTRIYAVASNA KOTRIYA VADODARA GUJARAT 391745,PREPAID,20,,,,,,
880,,,,LEX DIGITAL,123456789,,,110053,BHAJANPURA,DELHI,BHAJANPURA,JAMADAR MUSTAK N,123456789,,362265,GUJARAT,GUJARAT,"NAVI MANZIL, CHAUHAN SHERI, TURAK CHORA, ARAB CHOWK, VERAVAL, GIR SOMNATH, GUJARAT JUNAGADH 362265",PREPAID,20,,,,,,
881,,,,LEX DIGITAL,123456789,,,110053,BHAJANPURA,DELHI,BHAJANPURA,MOHAMMEDASLAM FARIDBHAI MANSURI,123456789,,380001,GUJARAT,GUJARAT,1733 MASJID GALI KALUPUR TOWERKALUPUR AHMEDABAD GUJARAT 380001,PREPAID,20,,,,,,
882,,,,LEX DIGITAL,123456789,,,110053,BHAJANPURA,DELHI,BHAJANPURA,GHANASYAMBHAI SHAMAJIBHAI VAGHEL,123456789,,395006,GUJARAT,GUJARAT,271 DASHRATH NAGAR SOCIETY BESIDE NALANDA SCHOOL-1 MURGHA KENDRA KAPODRA SURAT CITY GUJARAT 395006,PREPAID,20,,,,,,
883,,,,LEX DIGITAL,123456789,,,110053,BHAJANPURA,DELHI,BHAJANPURA,DHRUVKUMAR BALVANTBHAI PATEL,123456789,,396020,GUJARAT,GUJARAT,645 HANUMAN FALIYAKALWADA VALSAD GUJARAT 396020,PREPAID,20,,,,,,
884,,,,LEX DIGITAL,123456789,,,110053,BHAJANPURA,DELHI,BHAJANPURA,PRATIKSHA BHASKARBHAI NATALI,123456789,,395005,GUJARAT,GUJARAT,H-1 LAXMI SOCIETY GAYATRI MANDIR NI LINE MORA BHAGAL BHESAN SURAT GUJARAT 395005,PREPAID,20,,,,,,
885,,,,LEX DIGITAL,123456789,,,110053,BHAJANPURA,DELHI,BHAJANPURA,DHARMENDRABHAI PRAJAPATI,123456789,,382415,GUJARAT,GUJARAT,B 03 MAHAVIR NAGARJAIN DERASAR COMPOUND NR PATIDAR SA MAJ VADI ODHAV AHMEDABAD GUJARAT 382415,PREPAID,20,,,,,,
886,,,,LEX DIGITAL,123456789,,,110053,BHAJANPURA,DELHI,BHAJANPURA,ARAVINDBHAI JAMANBHAI VEJALPARA,123456789,,395010,GUJARAT,GUJARAT,134 RANUJADHAM SOCIETY NEAR SITANAGAR CHOWK PUNAGAM SURAT BOMBAY MARKET CITY GUJARAT 395010,PREPAID,20,,,,,,
887,,,,LEX DIGITAL,123456789,,,110053,BHAJANPURA,DELHI,BHAJANPURA,ANILKUMAR PARMAR,123456789,,389001,GUJARAT,GUJARAT,SHRUSTI RAW HOUSENEAR FLOOR MILL GODHARA PANCH MAHALS GUJARAT 389001,PREPAID,20,,,,,,
888,,,,LEX DIGITAL,123456789,,,110053,BHAJANPURA,DELHI,BHAJANPURA,MAHESHBHAI HIMSINBHAI PARGI,123456789,,389140,GUJARAT,GUJARAT,KANZAR DHANPUR DAHODPRATHMIK SALA DAHOD-- GUJARAT 389140,PREPAID,20,,,,,,
889,,,,LEX DIGITAL,123456789,,,110053,BHAJANPURA,DELHI,BHAJANPURA,PRAFULBHAI PARSHOTTAMBHAI HARIJAN,123456789,,389350,GUJARAT,GUJARAT,00HARIJANVAS HALOL PANCH MAHALS GUJARAT 389350,PREPAID,20,,,,,,
890,,,,LEX DIGITAL,123456789,,,110053,BHAJANPURA,DELHI,BHAJANPURA,DHANRAJ RAMESH PATIL,123456789,,396165,GUJARAT,GUJARAT,E4104 SHIVAM VIHAR NEAR ADHARSH NAGAR SOLSUMBA UMBERGO AN DIST VALSAD GUJARAT 396165,PREPAID,20,,,,,,
891,,,,LEX DIGITAL,123456789,,,110053,BHAJANPURA,DELHI,BHAJANPURA,VISHALKUMAR HEERALAL AYAR,123456789,,382460,GUJARAT,GUJARAT,DHANDHUKA AHMEDABAD GUJARAT 382460,PREPAID,20,,,,,,
892,,,,LEX DIGITAL,123456789,,,110053,BHAJANPURA,DELHI,BHAJANPURA,BHARATBHAI D MACHHAR,123456789,,389190,GUJARAT,GUJARAT,"53, MANAVALA FALLYU, NANA BORIDA, NANAN BORIDA 389190, TA. FATEPURA, DIST. DAHOD DAHOD-- GUJARAT 389190",PREPAID,20,,,,,,
893,,,,LEX DIGITAL,123456789,,,110053,BHAJANPURA,DELHI,BHAJANPURA,BHARATBHAI KESHVBHAI PURABIYA,123456789,,382210,GUJARAT,GUJARAT,"1622, AMBEDKAR VAS NEAR TODAMATA TAMPLE BHAT AHMEDABAD ISANPUR GUJARAT 382210",PREPAID,20,,,,,,
894,,,,LEX DIGITAL,123456789,,,110053,BHAJANPURA,DELHI,BHAJANPURA,PUWAR PAYALBEN YUVRAJSINH,123456789,,380004,GUJARAT,GUJARAT,213 JUNA MYU STAFF OLD MUNI OUT SIDE SHAHPUR DARVAJA AHMEDABAD GUJARAT 380004,PREPAID,20,,,,,,
895,,,,LEX DIGITAL,123456789,,,110053,BHAJANPURA,DELHI,BHAJANPURA,KAMLABEN HARGOVANBHAI DESAI,123456789,,385550,GUJARAT,GUJARAT,"BUKOLI,BANASKANTHA,GUJARAT-385550 BANASKANTHA GUJARAT 385550",PREPAID,20,,,,,,
896,,,,LEX DIGITAL,123456789,,,110053,BHAJANPURA,DELHI,BHAJANPURA,DILIPSINH LAXMANSINH SODHA,123456789,,370001,GUJARAT,GUJARAT,"JHURA KEMP,BHUJ ,PO ZURA DIST:KACHCHH KACHCHH GUJARAT 370001",PREPAID,20,,,,,,
897,,,,LEX DIGITAL,123456789,,,110053,BHAJANPURA,DELHI,BHAJANPURA,MAHENDRA SOLANKI,123456789,,382350,GUJARAT,GUJARAT,24431 SANT ROHIDAS NAGARTHAKKAR BAPA NAGAR AHMEDA BAD AHMEDABAD GUJARAT 382350,PREPAID,20,,,,,,
898,,,,LEX DIGITAL,123456789,,,110053,BHAJANPURA,DELHI,BHAJANPURA,YOGESH TURI,123456789,,382041,GUJARAT,GUJARAT,NEW CHHAPRA NR SMASHANGRUH G.E.B COLLONY GANDHI NAGAR GUJARAT 382041,PREPAID,20,,,,,,
899,,,,LEX DIGITAL,123456789,,,110053,BHAJANPURA,DELHI,BHAJANPURA,RADADIYA SAGAR RAMESHBHAI,123456789,,360311,GUJARAT,GUJARAT,"2, BHAGVATPARA-7, GONDAL, OPP. SANKAR TEMPLE, ,RAJKOT, , GUJARAT, 360311 ,ARPAN COMPLEX RAJKOT GUJARAT",PREPAID,20,,,,,,
900,,,,LEX DIGITAL,123456789,,,110053,BHAJANPURA,DELHI,BHAJANPURA,ARVINDBHAI RAYCHANDBHAI RAVAL,123456789,,385340,GUJARAT,GUJARAT,"215,THAKORVAS ALHABAD PATAN GUJARAT TA-RADHANAPUR DIST-PATAN 385340",PREPAID,20,,,,,,
901,,,,LEX DIGITAL,123456789,,,110053,BHAJANPURA,DELHI,BHAJANPURA,BHAVANABEN BHARATBHAI PRAJAPATI,123456789,,388001,GUJARAT,GUJARAT,6 BELSWER PARKSHREE RAM SOCIETY ANAND GUJARAT 388001,PREPAID,20,,,,,,
902,,,,LEX DIGITAL,123456789,,,110053,BHAJANPURA,DELHI,BHAJANPURA,SAHIL JAGADISHBHAI AGAJA,123456789,,384001,GUJARAT,GUJARAT,AKHAJ ROHIT VASROHIT VAS MEHSANA GUJARAT 384001,PREPAID,20,,,,,,
903,,,,LEX DIGITAL,123456789,,,110053,BHAJANPURA,DELHI,BHAJANPURA,ASHISH BABUBHAI SOLANKI,123456789,,390013,GUJARAT,GUJARAT,B-3738 SHIVNAGAR SOCIETYMANEJA VADODARA GUJARAT 390013,PREPAID,20,,,,,,
904,,,,LEX DIGITAL,123456789,,,110053,BHAJANPURA,DELHI,BHAJANPURA,KISHANA RAM,123456789,,360007,GUJARAT,GUJARAT,"GANDHIGRAM SERI NO - 2/B, RASHIKBHAI NI CHALI RAJKOT GUJARAT 360007",PREPAID,20,,,,,,
905,,,,LEX DIGITAL,123456789,,,110053,BHAJANPURA,DELHI,BHAJANPURA,ASHIT SOMCHANDBHAI SHAH,123456789,,380001,GUJARAT,GUJARAT,1256DHANJIKADHI NI KHADKIKALUPUR AHMEDABAD GUJARAT 380001,PREPAID,20,,,,,,
906,,,,LEX DIGITAL,123456789,,,110053,BHAJANPURA,DELHI,BHAJANPURA,JAMMARSING PAKHUJI VAGHELA,123456789,,385535,GUJARAT,GUJARAT,"SONGADH PARA VISTAR, BHADATH BHADATH, TA. DEESA BANASKANTHA GUJARAT 385535",PREPAID,20,,,,,,
907,,,,LEX DIGITAL,123456789,,,110053,BHAJANPURA,DELHI,BHAJANPURA,PRAKASH SHASHIKANT CHRISTIAN,123456789,,394540,GUJARAT,GUJARAT,"1-SAI VATIKA RESIDENCY,OLPAD SURAT GUJARAT 394540",PREPAID,20,,,,,,
908,,,,LEX DIGITAL,123456789,,,110053,BHAJANPURA,DELHI,BHAJANPURA,RAJESHBHAI MAFATBHAI PARMAR,123456789,,388580,GUJARAT,GUJARAT,"PRAJAPATI FALIYU,DASPURA,JANTRAL,JANTRAL,ANAND,GUJARAT AT-JANTRAL,TA-BORSAD,DIST-ANAND ANAND GUJARAT 388580",PREPAID,20,,,,,,
909,,,,LEX DIGITAL,123456789,,,110053,BHAJANPURA,DELHI,BHAJANPURA,HASAN MISHRI SAMA,123456789,,370510,GUJARAT,GUJARAT,"261, AMRPLI FALIYO , MOTADINARA VI-MOTA DINARA TA-BHUJ KACHCHH GUJARAT 370510",PREPAID,20,,,,,,
910,,,,LEX DIGITAL,123456789,,,110053,BHAJANPURA,DELHI,BHAJANPURA,JALPABEN ARVINDBHAI RAMAVAT,123456789,,360003,GUJARAT,GUJARAT,"BHAGIRATH SOCIETY 3, VIJAY PAN SAME SANTKABIR ROAD, RAJKOT GUJARAT 360003",PREPAID,20,,,,,,
911,,,,LEX DIGITAL,123456789,,,110053,BHAJANPURA,DELHI,BHAJANPURA,KARIYA JATINBHAI ASHVINBHAI,123456789,,382765,GUJARAT,GUJARAT,SIPAI VAS MOTI MAJETHI DASADA SURENDRANAGAR GUJARAT 382765,PREPAID,20,,,,,,
912,,,,LEX DIGITAL,123456789,,,110053,BHAJANPURA,DELHI,BHAJANPURA,BHARATBHAI MAVI,123456789,,389151,GUJARAT,GUJARAT,"PATEL FALIYU, MANDAVAV, DOHAD TA&DIS- DAHOD DAHOD-- GUJARAT 389151",PREPAID,20,,,,,,
913,,,,LEX DIGITAL,123456789,,,110053,BHAJANPURA,DELHI,BHAJANPURA,DINANATH RAMKARAN UPADHYAY,123456789,,394210,GUJARAT,GUJARAT,165 HIRANAGARBAMROLI ROAD PANDESARA SURAT GUJARAT 394210,PREPAID,20,,,,,,
914,,,,LEX DIGITAL,123456789,,,110053,BHAJANPURA,DELHI,BHAJANPURA,RADHUBHAI LAXMANBHAI BHARWAD,123456789,,395007,GUJARAT,GUJARAT,20 GANESH MOHALLO ABHVA SURAT GUJARAT 395007,PREPAID,20,,,,,,
915,,,,LEX DIGITAL,123456789,,,110053,BHAJANPURA,DELHI,BHAJANPURA,KHOKHANI RAHABHAI KANABHAI,123456789,,363530,GUJARAT,GUJARAT,"BHAVANIGADH, SURENDRA NAGAR VAGADIYA TA.MULI DIST.SURENDRANAGAR SURENDRANAGAR GUJARAT 363530",PREPAID,20,,,,,,
916,,,,LEX DIGITAL,123456789,,,110053,BHAJANPURA,DELHI,BHAJANPURA,JAYESHBHAI PADHIYAR,123456789,,388307,GUJARAT,GUJARAT,KASHIPURA SIM VISTAR MUJKUVA ANAND ANKLAV GUJARAT 388307,PREPAID,20,,,,,,
917,,,,LEX DIGITAL,123456789,,,110053,BHAJANPURA,DELHI,BHAJANPURA,PRAVEENKUMAR BAMANIYA,123456789,,389120,GUJARAT,GUJARAT,67GENGDI FALIYU ERANDI PANCH MAHALS GUJARAT 389120,PREPAID,20,,,,,,
918,,,,LEX DIGITAL,123456789,,,110053,BHAJANPURA,DELHI,BHAJANPURA,PARMAR KALIBEN,123456789,,389180,GUJARAT,GUJARAT,"HOUSE NAMBAR 394, BALENDIYA FALIYU PETHAPUR TA-JHALOD DIST-DAHOD DAHOD GUJARAT 389180",PREPAID,20,,,,,,
919,,,,LEX DIGITAL,123456789,,,110053,BHAJANPURA,DELHI,BHAJANPURA,MANMEET SINGH,123456789,,132041,HARYANA,HARYANA,"KHERA (23), PO: KHERA, DIST: KARNAL, HARYANA KARNAL 132041",PREPAID,20,,,,,,
920,,,,LEX DIGITAL,123456789,,,110053,BHAJANPURA,DELHI,BHAJANPURA,GAGANDEEP SINGH,123456789,,125113,HARYANA,HARYANA,HOUSE NO 192 WARD 11 SANIYANA 68 FATEHABAD HARYANA 125113,PREPAID,20,,,,,,
921,,,,LEX DIGITAL,123456789,,,110053,BHAJANPURA,DELHI,BHAJANPURA,BALVINDER SHARMA,123456789,,136119,HARYANA,HARYANA,"S/O SH JAGDISH, KHIZAR PURA-28, KURUKSHETRA, HARYANA KURUKSHETRA 136119",PREPAID,20,,,,,,
922,,,,LEX DIGITAL,123456789,,,110053,BHAJANPURA,DELHI,BHAJANPURA,ANKIT PARKASH,123456789,,132023,HARYANA,HARYANA,"655 BARA GAON,WARD NO 11 WARD BARAGAON 69 KARNAL HARYANA 132023",PREPAID,20,,,,,,
923,,,,LEX DIGITAL,123456789,,,110053,BHAJANPURA,DELHI,BHAJANPURA,HIMANSHU BHUGRA,123456789,,121007,HARYANA,HARYANA,H NO 202 NEAR GYMKHANA CLUB SECTOR 15 A ESCORTSNAGAR FARIDABAD HARYANA 121007,PREPAID,20,,,,,,
924,,,,LEX DIGITAL,123456789,,,110053,BHAJANPURA,DELHI,BHAJANPURA,AJMER SINGH,123456789,,126125,HARYANA,HARYANA,SHISHPAL SINGH SHARIRAG KHERA SARIRAG 91 SHAHPUR JIND HARYANA 126125,PREPAID,20,,,,,,
925,,,,LEX DIGITAL,123456789,,,110053,BHAJANPURA,DELHI,BHAJANPURA,NARESH KUMAR,123456789,,136119,HARYANA,HARYANA,"S/O SH RAMESHWAR DASS, RAOGARH, RAOGARH-427, KURUKSHETRA, JYOTISAR, HARYANA KURUKSHETRA 136119",PREPAID,20,,,,,,
926,,,,LEX DIGITAL,123456789,,,110053,BHAJANPURA,DELHI,BHAJANPURA,AMARDEEP,123456789,,135133,HARYANA,HARYANA,"MAJRI,LAL CHHAPAR(28) YAMUNA NAGAR ,HARYANA . HARYANA 135133",PREPAID,20,,,,,,
927,,,,LEX DIGITAL,123456789,,,110053,BHAJANPURA,DELHI,BHAJANPURA,GURPAL SINGH,123456789,,125104,HARYANA,HARYANA,HOUSE NO NEAR GURUDWARA MALIKPURA SIRSA HARYANA 125104,PREPAID,20,,,,,,
928,,,,LEX DIGITAL,123456789,,,110053,BHAJANPURA,DELHI,BHAJANPURA,MOHD GULAM,123456789,,121102,HARYANA,HARYANA,"S/O NASHEER AHMED,JALALPUR KHALSA(31)AHARWAN,PALWAL,HARYANA -121102 FARIDABAD HARYANA 121102",PREPAID,20,,,,,,
929,,,,LEX DIGITAL,123456789,,,110053,BHAJANPURA,DELHI,BHAJANPURA,PRAVEEN KUMAR,123456789,,121001,HARYANA,HARYANA,"FCA 1904 A BLOCK SGM NAGAR FARIDABAD,POCKET SECTOR 48,FARIDABAD FARIDABAD HARYANA 121001",PREPAID,20,,,,,,
930,,,,LEX DIGITAL,123456789,,,110053,BHAJANPURA,DELHI,BHAJANPURA,SURESH,123456789,,125052,HARYANA,HARYANA,"NEAR BUS STEND, MOHABATPUR (175), HISAR HARYANA 125052",PREPAID,20,,,,,,
931,,,,LEX DIGITAL,123456789,,,110053,BHAJANPURA,DELHI,BHAJANPURA,LAKHBIR SINGH,123456789,,136035,HARYANA,HARYANA,HANSU MAJRA AGONDH KAITHAL HARYANA 136035,PREPAID,20,,,,,,
932,,,,LEX DIGITAL,123456789,,,110053,BHAJANPURA,DELHI,BHAJANPURA,ANJU RANI,123456789,,124001,HARYANA,HARYANA,HOUSE NO 1068/14 KRISHANA COLONY ROHTAK HARYANA 124001,PREPAID,20,,,,,,
933,,,,LEX DIGITAL,123456789,,,110053,BHAJANPURA,DELHI,BHAJANPURA,SAURABH DHINGRA,123456789,,121002,HARYANA,HARYANA,HNO 189SEC 18 FARIDABAD HARYANA 121002,PREPAID,20,,,,,,
934,,,,LEX DIGITAL,123456789,,,110053,BHAJANPURA,DELHI,BHAJANPURA,SONU CHAND,123456789,,132036,HARYANA,HARYANA,P.O. CHIRAO PINGLI 47 KARNAL KAITHAL HARYANA 132036,PREPAID,20,,,,,,
935,,,,LEX DIGITAL,123456789,,,110053,BHAJANPURA,DELHI,BHAJANPURA,RAJA RAM,123456789,,132103,HARYANA,HARYANA,"194, SHIV MANDIR, BINJHOL, BINJHOL (28) PANIPAT . HARYANA 132103",PREPAID,20,,,,,,
936,,,,LEX DIGITAL,123456789,,,110053,BHAJANPURA,DELHI,BHAJANPURA,PUNAM DEVI,123456789,,121009,HARYANA,HARYANA,D-3 GALI NO -1PLOT -1 SHIV DURGA VIHAR LAKKARPUR F ARIDABAD HARYANA FARIDABAD 121009,PREPAID,20,,,,,,
937,,,,LEX DIGITAL,123456789,,,110053,BHAJANPURA,DELHI,BHAJANPURA,SONU,123456789,,125111,HARYANA,HARYANA,"#7225, WARD-17, NEAR VITA MILK DAIRY, BHUNA, BHUNA,(63), FATEHABAD, FATEHABAD HARYANA 125111",PREPAID,20,,,,,,
938,,,,LEX DIGITAL,123456789,,,110053,BHAJANPURA,DELHI,BHAJANPURA,VINOD,123456789,,132103,HARYANA,HARYANA,5790 WARD 7 DALBIR NAGAR COLONY PANIPAT HARYANA 132103,PREPAID,20,,,,,,
939,,,,LEX DIGITAL,123456789,,,110053,BHAJANPURA,DELHI,BHAJANPURA,ABHISEK,123456789,,121103,HARYANA,HARYANA,FEROZEPUR RAJPUT 254 HATHIN PALWAL FARIDABAD HARYANA 121103,PREPAID,20,,,,,,
940,,,,LEX DIGITAL,123456789,,,110053,BHAJANPURA,DELHI,BHAJANPURA,NARENDER KUMAR,123456789,,126102,HARYANA,HARYANA,37/9 AHIRKA 83 JIND HARYANA 126102,PREPAID,20,,,,,,
941,,,,LEX DIGITAL,123456789,,,110053,BHAJANPURA,DELHI,BHAJANPURA,UTTAM SINGH,123456789,,127022,HARYANA,HARYANA,"GOTHRA (77), BHIWANI HARYANA 127022",PREPAID,20,,,,,,
942,,,,LEX DIGITAL,123456789,,,110053,BHAJANPURA,DELHI,BHAJANPURA,BALLU,123456789,,123027,HARYANA,HARYANA,DHANUNDA 12 DHANAUNDA MAHENDERGARH HARYANA 123027,PREPAID,20,,,,,,
943,,,,LEX DIGITAL,123456789,,,110053,BHAJANPURA,DELHI,BHAJANPURA,RASID RASID,123456789,,135001,HARYANA,HARYANA,TEJLI 409TEJLI 409 POST OFFICE FATHEPUR YAMUNA NAGAR H ARAYANA HARYANA 135001,PREPAID,20,,,,,,
944,,,,LEX DIGITAL,123456789,,,110053,BHAJANPURA,DELHI,BHAJANPURA,RAJKUMAR,123456789,,136128,HARYANA,HARYANA,"344,URNAI,URNAI(329) KURUKSHETRA HARYANA 136128",PREPAID,20,,,,,,
945,,,,LEX DIGITAL,123456789,,,110053,BHAJANPURA,DELHI,BHAJANPURA,RAJESH KUMAR,123456789,,136119,HARYANA,HARYANA,"MIRZAPUR (PART)(384), KURUKSHETRA, KURUKSHETRA THANESAR HARYANA 136119",PREPAID,20,,,,,,
946,,,,LEX DIGITAL,123456789,,,110053,BHAJANPURA,DELHI,BHAJANPURA,PRAGATI JAISWAL,123456789,,121005,HARYANA,HARYANA,"H.NO 1075, GF, SEC 23, FARIDABAD 22, FARIDABAD, HARYANA 121005",PREPAID,20,,,,,,
947,,,,LEX DIGITAL,123456789,,,110053,BHAJANPURA,DELHI,BHAJANPURA,SHILU RATTANLAL,123456789,,125044,HARYANA,HARYANA,"SATROD KHAS(154), PO: SATROAD KHURD, DIST: HISAR, HISAR HARYANA 125044",PREPAID,20,,,,,,
948,,,,LEX DIGITAL,123456789,,,110053,BHAJANPURA,DELHI,BHAJANPURA,JATIN ARORA,123456789,,131101,HARYANA,HARYANA,HNO 137 NEAR CHOPAL RAJLU 103 PO GARHI DIST SONIPAT HARYANA 131101,PREPAID,20,,,,,,
949,,,,LEX DIGITAL,123456789,,,110053,BHAJANPURA,DELHI,BHAJANPURA,KULDIP SINGH,123456789,,126116,HARYANA,HARYANA,HNO - 866 VPO KALOOAN DIST JIND HARYANAVPO DIS T HARYANA 126116,PREPAID,20,,,,,,
950,,,,LEX DIGITAL,123456789,,,110053,BHAJANPURA,DELHI,BHAJANPURA,SAHIL,123456789,,127306,HARYANA,HARYANA,"S/O RAMNIWAS,, INDIA, , IMLOTA TEHSIL DADRI 159 BHIWANI HARYANA 127306",PREPAID,20,,,,,,
951,,,,LEX DIGITAL,123456789,,,110053,BHAJANPURA,DELHI,BHAJANPURA,PAWAN KUMAR,123456789,,125044,HARYANA,HARYANA,S/O JAIBIR SINGH MAYYER 151 HISAR HARYANA 125044,PREPAID,20,,,,,,
952,,,,LEX DIGITAL,123456789,,,110053,BHAJANPURA,DELHI,BHAJANPURA,RAHUL BAINSLA,123456789,,121102,HARYANA,HARYANA,NEW EXTENSION COLONYSTREET NO4 FARIDABAD HARYANA 121102,PREPAID,20,,,,,,
953,,,,LEX DIGITAL,123456789,,,110053,BHAJANPURA,DELHI,BHAJANPURA,SATNAM SINGH,123456789,,136035,HARYANA,HARYANA,MAKAN NO-489 DERA MROKA VALA KHARKARA KHARKADA GUHLA KAITHAL HARYANA 136035,PREPAID,20,,,,,,
954,,,,LEX DIGITAL,123456789,,,110053,BHAJANPURA,DELHI,BHAJANPURA,AJAY RANA,123456789,,136119,HARYANA,HARYANA,560 JYOTISARA JOSAR 428 KURUSHETRA KURUKSHETRA HARYANA 136119,PREPAID,20,,,,,,
955,,,,LEX DIGITAL,123456789,,,110053,BHAJANPURA,DELHI,BHAJANPURA,SAMA,123456789,,121004,HARYANA,HARYANA,NAWADA TIGAON 84 FARIDABAD HARYANA 121004,PREPAID,20,,,,,,
956,,,,LEX DIGITAL,123456789,,,110053,BHAJANPURA,DELHI,BHAJANPURA,HIMANSHU,123456789,,125055,HARYANA,HARYANA,"1340, DHAANI SAWANPURA, SHAHPUR BEGU, SIRSA HARYANA 125055",PREPAID,20,,,,,,
957,,,,LEX DIGITAL,123456789,,,110053,BHAJANPURA,DELHI,BHAJANPURA,RINKU SINGH,123456789,,125051,HARYANA,HARYANA,H.NO. 39 BLOCK NO 1 VILL MOHAMMADPUR SOTTAR TEH RATIA DISTT FATEHABAD HARYANA 125051,PREPAID,20,,,,,,
958,,,,LEX DIGITAL,123456789,,,110053,BHAJANPURA,DELHI,BHAJANPURA,POOJA SINGH,123456789,,131001,HARYANA,HARYANA,384 VILLAGE BAIYANPUR KHURD BHAIYAPUR SONIPAT SONEPAT HARYANA 131001,PREPAID,20,,,,,,
959,,,,LEX DIGITAL,123456789,,,110053,BHAJANPURA,DELHI,BHAJANPURA,VIAY SINGH,123456789,,124146,HARYANA,HARYANA,"123, ON ROAD NLAHERI(197) - JHAJJAR HARYANA 124146",PREPAID,20,,,,,,
960,,,,LEX DIGITAL,123456789,,,110053,BHAJANPURA,DELHI,BHAJANPURA,MAHINDER MAHINDER,123456789,,122104,HARYANA,HARYANA,33FEROZEPUR JHIRKA GURGAON HARYANA 122104,PREPAID,20,,,,,,
961,,,,LEX DIGITAL,123456789,,,110053,BHAJANPURA,DELHI,BHAJANPURA,RAJESH KUMAR,123456789,,123501,HARYANA,HARYANA,61 JADON COLONY JALANDHAR BAWAL REWARI HA RYANA MAHENDERGARH HARYANA 123501,PREPAID,20,,,,,,
962,,,,LEX DIGITAL,123456789,,,110053,BHAJANPURA,DELHI,BHAJANPURA,NITIN KUMAR,123456789,,136128,HARYANA,HARYANA,"401,WARD NO 6,VALMIKI BASTI,PEHOWA KURUKSHETRA HARYANA 136128",PREPAID,20,,,,,,
963,,,,LEX DIGITAL,123456789,,,110053,BHAJANPURA,DELHI,BHAJANPURA,DHARMENDRA SINGH,123456789,,121004,HARYANA,HARYANA,"GALI NO 1,BALAJI COLONY VILLAGE KARNERA BALLANGARH FARIDABAD HARYANA 121004",PREPAID,20,,,,,,
964,,,,LEX DIGITAL,123456789,,,110053,BHAJANPURA,DELHI,BHAJANPURA,ASHISH DHIMAN,123456789,,132103,HARYANA,HARYANA,HOUSE NO 2289/90 NEW HOUSING BOARD COLONY BEHIND OLD CHANDNI BAGH THANA SECTOR-12 PANIPAT HARYANA 132103,PREPAID,20,,,,,,
965,,,,LEX DIGITAL,123456789,,,110053,BHAJANPURA,DELHI,BHAJANPURA,RAJIV BAJAJ,123456789,,125055,HARYANA,HARYANA,1657 HOUSE NONEAR SHREE RAM PARK SIRSA HARYANA 125055,PREPAID,20,,,,,,
966,,,,LEX DIGITAL,123456789,,,110053,BHAJANPURA,DELHI,BHAJANPURA,PARVINDER KAUR,123456789,,136118,HARYANA,HARYANA,"385/28, RAJENDER COLONY, NEAR GURUNANAK SCHOOL THANESAR, KURUKSHETRA HARYANA 136118",PREPAID,20,,,,,,
967,,,,LEX DIGITAL,123456789,,,110053,BHAJANPURA,DELHI,BHAJANPURA,PAVAN,123456789,,122001,HARYANA,HARYANA,HOUSE NO 348 SEC 45 GURGAON HARYANA 122001,PREPAID,20,,,,,,
968,,,,LEX DIGITAL,123456789,,,110053,BHAJANPURA,DELHI,BHAJANPURA,RANJEET SINGH,123456789,,136135,HARYANA,HARYANA,392SHAHABAD MARKANDA KURUKSHETRA HARYANA 136135,PREPAID,20,,,,,,
969,,,,LEX DIGITAL,123456789,,,110053,BHAJANPURA,DELHI,BHAJANPURA,URMILA,123456789,,123501,HARYANA,HARYANA,"NEAR GOVT SCHOOL, KHATIWAS, BAWAL BAWAL, REWARI DISTT,REWARI HARYANA 123501",PREPAID,20,,,,,,
970,,,,LEX DIGITAL,123456789,,,110053,BHAJANPURA,DELHI,BHAJANPURA,JAHUL JAHUL,123456789,,122508,HARYANA,HARYANA,"23, KHONTA PATTI GULALTA HR, GULALTA, HARYANA,HARYANA GURGAON HARYANA 122508",PREPAID,20,,,,,,
971,,,,LEX DIGITAL,123456789,,,110053,BHAJANPURA,DELHI,BHAJANPURA,RAJ KUMAR,123456789,,136132,HARYANA,HARYANA,VILL BAROUNDI LADWA KURUKSHETRA HARYANA 136132,PREPAID,20,,,,,,
972,,,,LEX DIGITAL,123456789,,,110053,BHAJANPURA,DELHI,BHAJANPURA,BHAWNA BHAWNA,123456789,,122001,HARYANA,HARYANA,KRISHNA COLONY SECTOR 7 GURUGRAM HAR YANAINDIA GURGAON HARYANA 122001,PREPAID,20,,,,,,
973,,,,LEX DIGITAL,123456789,,,110053,BHAJANPURA,DELHI,BHAJANPURA,CHANDRAKANTA,123456789,,131001,HARYANA,HARYANA,"175A/29,MALVIYA NAGAR,MAIN GALI,NEAR VIVEKANAND SCHOOL SONIPAT,SONIPAT SONIPAT HARYANA 131001",PREPAID,20,,,,,,
974,,,,LEX DIGITAL,123456789,,,110053,BHAJANPURA,DELHI,BHAJANPURA,RAJESH KUMAR,123456789,,131001,HARYANA,HARYANA,HOUSE NO 619 18 NEW TARA NAGAR SONIPAT SONEPAT HARYANA 131001,PREPAID,20,,,,,,
975,,,,LEX DIGITAL,123456789,,,110053,BHAJANPURA,DELHI,BHAJANPURA,RAMESH RAMESH,123456789,,127201,HARYANA,HARYANA,410CHAHAR KALAN BHIWANI HARYANA 127201,PREPAID,20,,,,,,
976,,,,LEX DIGITAL,123456789,,,110053,BHAJANPURA,DELHI,BHAJANPURA,SANDEEP KUMAR VERMA,123456789,,134102,HARYANA,HARYANA,1356 B-1 ABDULLAUR PINJORE OPPOSITE ROUNAK HOTEL PANCHKULA HARYANA 134102,PREPAID,20,,,,,,
977,,,,LEX DIGITAL,123456789,,,110053,BHAJANPURA,DELHI,BHAJANPURA,ANKIT DHAMU,123456789,,125076,HARYANA,HARYANA,"MAMAR KHERA , MAMBER KHERA(239) PO RANIA DIST SIRSA HARYANA 125076",PREPAID,20,,,,,,
978,,,,LEX DIGITAL,123456789,,,110053,BHAJANPURA,DELHI,BHAJANPURA,SATISH,123456789,,125038,HARYANA,HARYANA,"R/O SULCHANI TEH, NND HISAR HARYANA 125038",PREPAID,20,,,,,,
979,,,,LEX DIGITAL,123456789,,,110053,BHAJANPURA,DELHI,BHAJANPURA,SOMNATH SOMNATH,123456789,,132001,HARYANA,HARYANA,HOUSE NO 490UCHANA KARNAL HARYANA 132001,PREPAID,20,,,,,,
980,,,,LEX DIGITAL,123456789,,,110053,BHAJANPURA,DELHI,BHAJANPURA,ARJUN SINGH,123456789,,133001,HARYANA,HARYANA,27GRAND HOTEL STAFF ROADAMBALA CANTAMBALA AMBALA HARYANA 133001,PREPAID,20,,,,,,
981,,,,LEX DIGITAL,123456789,,,110053,BHAJANPURA,DELHI,BHAJANPURA,DHARM PRAKASH,123456789,,123501,HARYANA,HARYANA,"VILLAGE-HARCHANDPUR(NAICHANA)HARCHANDPUR(14),REWARI DISST-REWARI HARYANA REWARI 123501",PREPAID,20,,,,,,
982,,,,LEX DIGITAL,123456789,,,110053,BHAJANPURA,DELHI,BHAJANPURA,ASHOK KUMAR,123456789,,132054,HARYANA,HARYANA,VILLAGE DABKOLI KHURD DABKAULI 55/1KARNAL KARNAL HARYANA 132054,PREPAID,20,,,,,,
983,,,,LEX DIGITAL,123456789,,,110053,BHAJANPURA,DELHI,BHAJANPURA,VARUN SHARMA,123456789,,122001,HARYANA,HARYANA,1827/4 SECTOR 4 GURGAON HARYANA 122001,PREPAID,20,,,,,,
984,,,,LEX DIGITAL,123456789,,,110053,BHAJANPURA,DELHI,BHAJANPURA,RAJAT INDER,123456789,,135002,HARYANA,HARYANA,838 GANDHI MARG ROAD JAGADHRI YAMUNA NAGAR KURUKSHETRA HARYANA 135002,PREPAID,20,,,,,,
985,,,,LEX DIGITAL,123456789,,,110053,BHAJANPURA,DELHI,BHAJANPURA,RAVI RAVI,123456789,,132113,HARYANA,HARYANA,143 NARA PANIPATNARA PANIPAT HARYANA 132113,PREPAID,20,,,,,,
986,,,,LEX DIGITAL,123456789,,,110053,BHAJANPURA,DELHI,BHAJANPURA,SUKHVINDER SINGH,123456789,,136027,HARYANA,HARYANA,WARD 1BAROT KAITHAL HARYANA 136027,PREPAID,20,,,,,,
987,,,,LEX DIGITAL,123456789,,,110053,BHAJANPURA,DELHI,BHAJANPURA,PARVINDER KAUR,123456789,,136118,HARYANA,HARYANA,"385/28, RAJENDER COLONY, NEAR GURUNANAK SCHOOL THANESAR, KURUKSHETRA HARYANA 136118",PREPAID,20,,,,,,
988,,,,LEX DIGITAL,123456789,,,110053,BHAJANPURA,DELHI,BHAJANPURA,SONIA,123456789,,126115,HARYANA,HARYANA,UCHANA KHURD JIND HARYANA 126115,PREPAID,20,,,,,,
989,,,,LEX DIGITAL,123456789,,,110053,BHAJANPURA,DELHI,BHAJANPURA,HARISH KUMAR,123456789,,132001,HARYANA,HARYANA,820 JODIA KUAN(RURAL)(PART)(1) NEAR SEWAK SABHA MANDIR KARNAL HARYANA 132001,PREPAID,20,,,,,,
990,,,,LEX DIGITAL,123456789,,,110053,BHAJANPURA,DELHI,BHAJANPURA,NEETU NEETU,123456789,,125001,HARYANA,HARYANA,911 B GANDI NAGARHISAR HISAR HARYANA 125001,PREPAID,20,,,,,,
991,,,,LEX DIGITAL,123456789,,,110053,BHAJANPURA,DELHI,BHAJANPURA,ALOK KUMAR,123456789,,123411,HARYANA,HARYANA,"S/O DINESH KUMAR,, INDIA, DAHINA 12 REWARI HARYANA 123411",PREPAID,20,,,,,,
992,,,,LEX DIGITAL,123456789,,,110053,BHAJANPURA,DELHI,BHAJANPURA,SUKHBIR RAM MEHAR,123456789,,125039,HARYANA,HARYANA,KINNAR(5) HISAR HARYANA 125039,PREPAID,20,,,,,,
993,,,,LEX DIGITAL,123456789,,,110053,BHAJANPURA,DELHI,BHAJANPURA,VAJEER SINGH,123456789,,132113,HARYANA,HARYANA,HOUSE NO49VILLAGE DARIYAPUR PANIPAT HARYANA 132113,PREPAID,20,,,,,,
994,,,,LEX DIGITAL,123456789,,,110053,BHAJANPURA,DELHI,BHAJANPURA,SHIV RAM,123456789,,134003,HARYANA,HARYANA,"HOUSE NO 620/52 SHALIMAR COLONY , AMBALA HARYANA 134003",PREPAID,20,,,,,,
995,,,,LEX DIGITAL,123456789,,,110053,BHAJANPURA,DELHI,BHAJANPURA,SANDEEP KUMAR,123456789,,124501,HARYANA,HARYANA,"225,SAMPLA JHAJJAR HARYANA 124501",PREPAID,20,,,,,,
996,,,,LEX DIGITAL,123456789,,,110053,BHAJANPURA,DELHI,BHAJANPURA,SHAKTI RANBIR SINGH,123456789,,124401,HARYANA,HARYANA,BHALOT(59) ROHTAK HARYANA 124401,PREPAID,20,,,,,,
997,,,,LEX DIGITAL,123456789,,,110053,BHAJANPURA,DELHI,BHAJANPURA,AMAN,123456789,,131302,HARYANA,HARYANA,"GANGANA, GANGANA 19 SONIPAT HARYANA 131302",PREPAID,20,,,,,,
998,,,,LEX DIGITAL,123456789,,,110053,BHAJANPURA,DELHI,BHAJANPURA,SNEH SHARMA,123456789,,122001,HARYANA,HARYANA,FLAT NO 117 FIRST FLOORSECTOR-37C GURUGRAM GURGAON HARYANA 122001,PREPAID,20,,,,,,
999,,,,LEX DIGITAL,123456789,,,110053,BHAJANPURA,DELHI,BHAJANPURA,BABLI BABLI,123456789,,121002,HARYANA,HARYANA,HOUSE NO 42 GALI NO2RAJIV NAGAR PURANI CHUNGI FARIDABAD HARYANA 121002,PREPAID,20,,,,,,
1000,,,,LEX DIGITAL,123456789,,,110053,BHAJANPURA,DELHI,BHAJANPURA,PRATEEK KAUSHIK,123456789,,124507,HARYANA,HARYANA,HOUSE NI. 90/20 GALI NO. 4 NAI BASTI BAHADURGARH JHAJJAR HARYANA 124507,PREPAID,20,,,,,,
1001,,,,LEX DIGITAL,123456789,,,110053,BHAJANPURA,DELHI,BHAJANPURA,HAPPY HAPPY,123456789,,126102,HARYANA,HARYANA,65113OM NAGAR JIND HARYANA 126102,PREPAID,20,,,,,,
1002,,,,LEX DIGITAL,123456789,,,110053,BHAJANPURA,DELHI,BHAJANPURA,AAJAD SINGH,123456789,,125047,HARYANA,HARYANA,"HOUSE NO.1139,WARD NO.15,KULERI(56)KULERI,HISAR HISAR HARYANA 125047",PREPAID,20,,,,,,
1003,,,,LEX DIGITAL,123456789,,,110053,BHAJANPURA,DELHI,BHAJANPURA,DALVEER SINGH,123456789,,136027,HARYANA,HARYANA,266 AACHAR FACTORY KHURANA ROAD WARD NO 4 KAITHAL HARYANA 136027,PREPAID,20,,,,,,
1004,,,,LEX DIGITAL,123456789,,,110053,BHAJANPURA,DELHI,BHAJANPURA,FARMAN,123456789,,132114,HARYANA,HARYANA,110 MUNDI GARHI 52 KARNAL HARYANA 132114,PREPAID,20,,,,,,
1005,,,,LEX DIGITAL,123456789,,,110053,BHAJANPURA,DELHI,BHAJANPURA,SONU,123456789,,127021,HARYANA,HARYANA,"HOUSE NO.540/1,WARD NO.27,NEAR DAYA HIGH SCHOOL,BARMA COLONY,BHIWANI,BHIWANI BHIWANI HARYANA 127021",PREPAID,20,,,,,,
1006,,,,LEX DIGITAL,123456789,,,110053,BHAJANPURA,DELHI,BHAJANPURA,RAMDEV RAMDEV,123456789,,136027,HARYANA,HARYANA,H NO -857NEW PEODA ROAD KAITHAL HARYANA 136027,PREPAID,20,,,,,,
1007,,,,LEX DIGITAL,123456789,,,110053,BHAJANPURA,DELHI,BHAJANPURA,PAWAN,123456789,,127114,HARYANA,HARYANA,653 BABA MONI MANDIR AMRU PANA KELANGA(130) KALINGA BHIWANI HARYANA 127114,PREPAID,20,,,,,,
1008,,,,LEX DIGITAL,123456789,,,110053,BHAJANPURA,DELHI,BHAJANPURA,RAMNIWAS RAMNIWAS,123456789,,126102,HARYANA,HARYANA,AHIRKA JINDAHIRKA JIND NEAR WATER SUPPLY HARYANA 126102,PREPAID,20,,,,,,
1009,,,,LEX DIGITAL,123456789,,,110053,BHAJANPURA,DELHI,BHAJANPURA,PARVEEN SINGH,123456789,,133204,HARYANA,HARYANA,"NAUSHAHRA (162), YAMUNA NAGAR SADHAURA TEH BILASPUR HARYANA 133204",PREPAID,20,,,,,,
1010,,,,LEX DIGITAL,123456789,,,110053,BHAJANPURA,DELHI,BHAJANPURA,DHARMVEER,123456789,,176047,HIMACHAL PRADESH,HIMACHAL PRADESH,"S/O BRIJ LAL, RADHA KRISHAN GALI , MORMAR MOHALLA WARD NO 7 VPO NAGROTA BAGWAN TEH KANGRA HIMACHAL PRADESH 176047",PREPAID,20,,,,,,
1011,,,,LEX DIGITAL,123456789,,,110053,BHAJANPURA,DELHI,BHAJANPURA,PAWAN KUMAR,123456789,,173206,HIMACHAL PRADESH,HIMACHAL PRADESH,BADHEL (34) DELGI SOLAN HIMACHAL PRADESH 173206,PREPAID,20,,,,,,
1012,,,,LEX DIGITAL,123456789,,,110053,BHAJANPURA,DELHI,BHAJANPURA,VIKRMADITYA RAI,123456789,,173205,HIMACHAL PRADESH,HIMACHAL PRADESH,C/O G4S SECURE SOLUTIONS PVT LTD BADDI SOLAN HIMACHAL PRADESH 173205,PREPAID,20,,,,,,
1013,,,,LEX DIGITAL,123456789,,,110053,BHAJANPURA,DELHI,BHAJANPURA,ANIL KUMAR,123456789,,173025,HIMACHAL PRADESH,HIMACHAL PRADESH,VILL BAYASALLI NAGHETA AGRAU SIRMAUR HIMACHAL PRADESH 173025,PREPAID,20,,,,,,
1014,,,,LEX DIGITAL,123456789,,,110053,BHAJANPURA,DELHI,BHAJANPURA,SHER KHAN,123456789,,190001,JAMMU AND KASHMIR,JAMMU AND KASHMIR,1114 412 NEAR BY JAMA MAJIADVARSHAH SRINAGAR JAMMU KAS HMIR AND KASHMIR 190001,PREPAID,20,,,,,,
1015,,,,LEX DIGITAL,123456789,,,110053,BHAJANPURA,DELHI,BHAJANPURA,SAMINA YASMIN,123456789,,832110,JHARKHAND,JHARKHAND,"WO SHAHNWAZ HASSAN KHAN, AZAD BASTI ROAD NO 14 , AISHA PETROL PUMP JAMSHEDPUR, EAST SINGHBHUM, JHARKHAND, 832110 JAMSHEDPUR JHARKHAND",PREPAID,20,,,,,,
1016,,,,LEX DIGITAL,123456789,,,110053,BHAJANPURA,DELHI,BHAJANPURA,SANGITA KUMARI,123456789,,831012,JHARKHAND,JHARKHAND,SANKOSAI ROAD NO-5 MUNDA COLONY JAMSHEDPUR NEAR DHARM TENT HOUSE JHARKHAND 831012,PREPAID,20,,,,,,
1017,,,,LEX DIGITAL,123456789,,,110053,BHAJANPURA,DELHI,BHAJANPURA,AJAY RAJAK,123456789,,831006,JHARKHAND,JHARKHAND,H NO- 22 M E SCHOOL ROAD PO-JUGSALAI JAMSHEDPUR PURBI SINGHBHUM JHARKHAND EAST 831006,PREPAID,20,,,,,,
1018,,,,LEX DIGITAL,123456789,,,110053,BHAJANPURA,DELHI,BHAJANPURA,RINA DEVI,123456789,,831009,JHARKHAND,JHARKHAND,"W/O PORESH KALINDI 342, BHUIYADIH KALYAN NAGAR, BASTI PO AGRICO, JAMSHEDPUR, PURBI SINGHBHUM JAMSHEDPUR JHARKHAND 831009",PREPAID,20,,,,,,
1019,,,,LEX DIGITAL,123456789,,,110053,BHAJANPURA,DELHI,BHAJANPURA,VISHAL DUTTA,123456789,,831001,JHARKHAND,JHARKHAND,S/O SAPAN DUTTA INDRANAGAR BHUIYANDIH SAKCHI KALIMALI EAST SINGHBHUM JHARKHAND 831001,PREPAID,20,,,,,,
1020,,,,LEX DIGITAL,123456789,,,110053,BHAJANPURA,DELHI,BHAJANPURA,AMAN KUMAR RAI,123456789,,831012,JHARKHAND,JHARKHAND,S O UMA KANT RAI MANGO BLUE BELLS SCHOOL NEAR JADEO PLACE POST JAMSHEDPUR EAST SINGHBHUM JHARKHAND 831012,PREPAID,20,,,,,,
1021,,,,LEX DIGITAL,123456789,,,110053,BHAJANPURA,DELHI,BHAJANPURA,MANOJ MAHTO,123456789,,829119,JHARKHAND,JHARKHAND,"S/O- LOKNATH MAHTO PALANI, RAMGARH, PALANI JHARKHAND HAZARIBAG 829119",PREPAID,20,,,,,,
1022,,,,LEX DIGITAL,123456789,,,110053,BHAJANPURA,DELHI,BHAJANPURA,SUNDRI KUMARI,123456789,,826001,JHARKHAND,JHARKHAND,. MANAITAND KUMHARPATTI DHANBAD NEAR HANUMAN MANDIR JHARKHAND 826001,PREPAID,20,,,,,,
1023,,,,LEX DIGITAL,123456789,,,110053,BHAJANPURA,DELHI,BHAJANPURA,BABLU KUMAR MAHTO,123456789,,815353,JHARKHAND,JHARKHAND,HOUSE NO 19 NEAR OF HANUMAN MANDIR KHAIRUWADIH DEOGHAR JHARKHAND 815353,PREPAID,20,,,,,,
1024,,,,LEX DIGITAL,123456789,,,110053,BHAJANPURA,DELHI,BHAJANPURA,SUDAMA MANDAL,123456789,,825418,JHARKHAND,JHARKHAND,GIRIDIH ROAD DOMCHANCH PHULWARIA KODERMA JHARKHAND 825418,PREPAID,20,,,,,,
1025,,,,LEX DIGITAL,123456789,,,110053,BHAJANPURA,DELHI,BHAJANPURA,CHANDRASHEKHAR KUMAR SINGH,123456789,,822123,JHARKHAND,JHARKHAND,VILL TANDWA PS PATAN SAGUNA PALAMU JHARKHAND PALAMAU 822123,PREPAID,20,,,,,,
1026,,,,LEX DIGITAL,123456789,,,110053,BHAJANPURA,DELHI,BHAJANPURA,PRATIMA DEVI,123456789,,829206,JHARKHAND,JHARKHAND,"W/O CHHOTELAL YADAV,, INDIA, , GRAM- PANDUKA PANDUKA, POST- TEMKI GARU LATEHAR JHARKHAND 829206",PREPAID,20,,,,,,
1027,,,,LEX DIGITAL,123456789,,,110053,BHAJANPURA,DELHI,BHAJANPURA,PARDIP SINGH,123456789,,831004,JHARKHAND,JHARKHAND,GADRA GOBINDPUR TELCO WORKS EAST SINGHBHUM JHARKHAND 831004,PREPAID,20,,,,,,
1028,,,,LEX DIGITAL,123456789,,,110053,BHAJANPURA,DELHI,BHAJANPURA,SADDAM ANSARI,123456789,,825409,JHARKHAND,JHARKHAND,WARD NO 03 PANCHAYAT PIPRADIH THANA JAINAGAR POST GUMOBARWADIH GOMOBARWADIH KODERMA JHARKHAND 825409,PREPAID,20,,,,,,
1029,,,,LEX DIGITAL,123456789,,,110053,BHAJANPURA,DELHI,BHAJANPURA,DHARMENDRA KUMAR SONI,123456789,,825401,JHARKHAND,JHARKHAND,VILL-PAKARIA POST CHATRA THANA-CHATRA PAKARIA JHARKHAND 825401,PREPAID,20,,,,,,
1030,,,,LEX DIGITAL,123456789,,,110053,BHAJANPURA,DELHI,BHAJANPURA,RANJIT PATRO,123456789,,831004,JHARKHAND,JHARKHAND,SO GHASI RAM PATRO GADRA PO THANA PARSUDIH BARA JHARKHAND EAST SINGHBHUM 831004,PREPAID,20,,,,,,
1031,,,,LEX DIGITAL,123456789,,,110053,BHAJANPURA,DELHI,BHAJANPURA,RAKESH KUMAR ROSHAN,123456789,,827010,JHARKHAND,JHARKHAND,B 1 38 641 RAJENDRA NAGAR MAKDUMPUR BARI CO OPERATIVE NEAR VASTU BIHAR PHASE 7 BO BOKARO JHARKHAND 827010,PREPAID,20,,,,,,
1032,,,,LEX DIGITAL,123456789,,,110053,BHAJANPURA,DELHI,BHAJANPURA,PAPPU SWARNKAR,123456789,,825409,JHARKHAND,JHARKHAND,AT CHANDWARA PO PS KODERMA SUNIL SONI 9334357802 BABLU 9905694833 JHARKHAND 825409,PREPAID,20,,,,,,
1033,,,,LEX DIGITAL,123456789,,,110053,BHAJANPURA,DELHI,BHAJANPURA,PRATIMA KUMARI,123456789,,822114,JHARKHAND,JHARKHAND,WARD N 1 VILL GANGTIRIYA POST BARDIHA PS MANJHIAON GARHWA JHARKHAND 822114,PREPAID,20,,,,,,
1034,,,,LEX DIGITAL,123456789,,,110053,BHAJANPURA,DELHI,BHAJANPURA,MALA DEVI,123456789,,814143,JHARKHAND,JHARKHAND,GRAM KHIJURIYA CHANDDIH DEOGHAR JHARKHAND 814143,PREPAID,20,,,,,,
1035,,,,LEX DIGITAL,123456789,,,110053,BHAJANPURA,DELHI,BHAJANPURA,TULASI DAS,123456789,,814133,JHARKHAND,JHARKHAND,AT BILARI PO PATHRA PS GODDA JHARKHAND 814133,PREPAID,20,,,,,,
1036,,,,LEX DIGITAL,123456789,,,110053,BHAJANPURA,DELHI,BHAJANPURA,MD MIMSHAD,123456789,,822122,JHARKHAND,JHARKHAND,VILLAGE PANKI PALAMU JHARKHAND 822122,PREPAID,20,,,,,,
1037,,,,LEX DIGITAL,123456789,,,110053,BHAJANPURA,DELHI,BHAJANPURA,ALKA DEVI,123456789,,828134,JHARKHAND,JHARKHAND,PO-KANAKCHAS PS- CHANDANKIYARI KELIYADAG BOKARO JHARKHAND 828134,PREPAID,20,,,,,,
1038,,,,LEX DIGITAL,123456789,,,110053,BHAJANPURA,DELHI,BHAJANPURA,BISHNU AGARWAL,123456789,,826001,JHARKHAND,JHARKHAND,RAMAWTAR AGARWAL NEAR MIDDLE SCHOOL PC ROAD BARTAND DHANBAD JHARKHAND 826001,PREPAID,20,,,,,,
1039,,,,LEX DIGITAL,123456789,,,110053,BHAJANPURA,DELHI,BHAJANPURA,NISHANT SAHU,123456789,,835101,JHARKHAND,JHARKHAND,BANSARULI BANSAROLI RANCHI JHARKHAND 835101,PREPAID,20,,,,,,
1040,,,,LEX DIGITAL,123456789,,,110053,BHAJANPURA,DELHI,BHAJANPURA,LAKSHMINIDHI MISHRA,123456789,,828111,JHARKHAND,JHARKHAND,"OPP- CHANDRA KANTA PETROL PUMP, RAJ GROUND JHARIA, DHANBAD, JHARKHAND DHANBAD 828111",PREPAID,20,,,,,,
1041,,,,LEX DIGITAL,123456789,,,110053,BHAJANPURA,DELHI,BHAJANPURA,RABAN RAJWAR,123456789,,815357,JHARKHAND,JHARKHAND,HN 21 NAGRA PATHROL DEOGHAR JHARKHAND 815357,PREPAID,20,,,,,,
1042,,,,LEX DIGITAL,123456789,,,110053,BHAJANPURA,DELHI,BHAJANPURA,JAGARNATH GHOSH,123456789,,834002,JHARKHAND,JHARKHAND,SAPAN BAKERY56SETHLAXMI PARA DORANDA RANCHISAPAN BAK ERY56SETH LAXMIPARADORAMDA RANCHI 2 JHARKHAND 834002,PREPAID,20,,,,,,
1043,,,,LEX DIGITAL,123456789,,,110053,BHAJANPURA,DELHI,BHAJANPURA,JALESHWAR MUKHI,123456789,,831002,JHARKHAND,JHARKHAND,VILL NAGA TUMUNG POST ASUA RAJNAGAR EAST SINGHBHUM JHARKHAND 831002,PREPAID,20,,,,,,
1044,,,,LEX DIGITAL,123456789,,,110053,BHAJANPURA,DELHI,BHAJANPURA,ARUP DAS,123456789,,832105,JHARKHAND,JHARKHAND,VILLAGE MUKRUDIH POST RASIK NAGAR THANA BORAM EAST SINGHBHUM JHARKHAND 832105,PREPAID,20,,,,,,
1045,,,,LEX DIGITAL,123456789,,,110053,BHAJANPURA,DELHI,BHAJANPURA,SANTOSH KUMAR SINHA,123456789,,831003,JHARKHAND,JHARKHAND,H NO 156 NEW D S FLAT CABLE TOWN PO PS GOLMURI JAMSHEDPUR EAST SINGHBHUM JHARKHAND 831003,PREPAID,20,,,,,,
1046,,,,LEX DIGITAL,123456789,,,110053,BHAJANPURA,DELHI,BHAJANPURA,SUKO KUMARI,123456789,,835324,JHARKHAND,JHARKHAND,VILL TRTAERBIRA KUSUMTOLI PS BHARNO KARANJ VERNO GUMLA JHARKHAND 835324,PREPAID,20,,,,,,
1047,,,,LEX DIGITAL,123456789,,,110053,BHAJANPURA,DELHI,BHAJANPURA,RAJU MOHALI,123456789,,815302,JHARKHAND,JHARKHAND,VILL BADGUNDA KHURD PO BADDIHA PS GIRIDIH JHARKHAND 815302,PREPAID,20,,,,,,
1048,,,,LEX DIGITAL,123456789,,,110053,BHAJANPURA,DELHI,BHAJANPURA,RANJEET KUMAR YADAV,123456789,,814154,JHARKHAND,JHARKHAND,GANGASAGAR GODDA JHARKHAND 814154,PREPAID,20,,,,,,
1049,,,,LEX DIGITAL,123456789,,,110053,BHAJANPURA,DELHI,BHAJANPURA,ISLAM ANSARI,123456789,,815315,JHARKHAND,JHARKHAND,VILL BALAIDIH PO DHURAITA PS HIRODIH GIRIDIH JAMUA JHARKHAND 815315,PREPAID,20,,,,,,
1050,,,,LEX DIGITAL,123456789,,,110053,BHAJANPURA,DELHI,BHAJANPURA,SARITA DEVI,123456789,,814101,JHARKHAND,JHARKHAND,RASIKPUR PO DUMKA POS JHARKHAND 814101,PREPAID,20,,,,,,
1051,,,,LEX DIGITAL,123456789,,,110053,BHAJANPURA,DELHI,BHAJANPURA,PAIROO CHAUDHARY,123456789,,816109,JHARKHAND,JHARKHAND,NAYA TOLA KALYANI SAHEBGANJ SAHIBGANJ JHARKHAND 816109,PREPAID,20,,,,,,
1052,,,,LEX DIGITAL,123456789,,,110053,BHAJANPURA,DELHI,BHAJANPURA,DHARMENDRA GANJHU,123456789,,829202,JHARKHAND,JHARKHAND,VILL SARDHABAR PO HERHANJ TASU LATEHARJHARKHAND LATEHAR JHARKHAND 829202,PREPAID,20,,,,,,
1053,,,,LEX DIGITAL,123456789,,,110053,BHAJANPURA,DELHI,BHAJANPURA,MITHLESH MAHTO,123456789,,815352,JHARKHAND,JHARKHAND,HOUSE NO 01 BALMO DEOGHAR JHARKHAND 815352,PREPAID,20,,,,,,
1054,,,,LEX DIGITAL,123456789,,,110053,BHAJANPURA,DELHI,BHAJANPURA,RAHMAN ANSARI,123456789,,816118,JHARKHAND,JHARKHAND,VILL SONADHAB PO RAJBANDH PALASI PS SHIKARIPARA DIST DUMKA JHARKHAND 816118,PREPAID,20,,,,,,
1055,,,,LEX DIGITAL,123456789,,,110053,BHAJANPURA,DELHI,BHAJANPURA,SHASHI KUMAR,123456789,,822114,JHARKHAND,JHARKHAND,"AL KHAJURI PO ATAULA PS MANJHIAON, NAWADIH, GARHWA, GARHWA JHARKHAND 822114",PREPAID,20,,,,,,
1056,,,,LEX DIGITAL,123456789,,,110053,BHAJANPURA,DELHI,BHAJANPURA,SIKANDAR MAHTO,123456789,,814150,JHARKHAND,JHARKHAND,"VILL-DOYMTELIYADIH,PO-LAKHORIYA PS-SARWAN,DEOGHAR DEOGHAR JHARKHAND 814150",PREPAID,20,,,,,,
1057,,,,LEX DIGITAL,123456789,,,110053,BHAJANPURA,DELHI,BHAJANPURA,RAKESH KUMAR,123456789,,828301,JHARKHAND,JHARKHAND,CN 04 NEAR POLYNED CLINIC BHAGA GROUND COLONY PHUSBANGLOW PARASIA DHANBAD JHARKHAND 828301,PREPAID,20,,,,,,
1058,,,,LEX DIGITAL,123456789,,,110053,BHAJANPURA,DELHI,BHAJANPURA,SONU LOHRA,123456789,,835205,JHARKHAND,JHARKHAND,H NO. 56 GESWAY TURMULI RANCHI JHARKHNAD JHARKHAND 835205,PREPAID,20,,,,,,
1059,,,,LEX DIGITAL,123456789,,,110053,BHAJANPURA,DELHI,BHAJANPURA,WAJIR ANSARI,123456789,,815312,JHARKHAND,JHARKHAND,"S/O SABIR ANSARI,, INDIA, GIRIDIH, GRAM TARATAND POST THANA GANDE GANDEY GIRIDIH JHARKHAND 815312",PREPAID,20,,,,,,
1060,,,,LEX DIGITAL,123456789,,,110053,BHAJANPURA,DELHI,BHAJANPURA,VIVEK KUMAR YADAV,123456789,,815353,JHARKHAND,JHARKHAND,VILL GOBARSALA PO BAMANGAMA SARATH DEOGHAR JHARKHAND 815353,PREPAID,20,,,,,,
1061,,,,LEX DIGITAL,123456789,,,110053,BHAJANPURA,DELHI,BHAJANPURA,OM PRAKASH KUMAR GUPTA,123456789,,822116,JHARKHAND,JHARKHAND,LATHEYA PS CHHATARPUR BANSDIHA ALIAS LATEA PALAMAU JHARKHAND PALAMU 822116,PREPAID,20,,,,,,
1062,,,,LEX DIGITAL,123456789,,,110053,BHAJANPURA,DELHI,BHAJANPURA,SAHBAJ ANSARI,123456789,,814144,JHARKHAND,JHARKHAND,VILL CHOTAHARRKHI PO MAANIKDHI PS TONGRA DUMKA JHARKHAND 814144,PREPAID,20,,,,,,
1063,,,,LEX DIGITAL,123456789,,,110053,BHAJANPURA,DELHI,BHAJANPURA,SHYAM KU KOTWAR,123456789,,814145,JHARKHAND,JHARKHAND,"POST-PATGORA, THANA-HANSDIHA GANV-MAHESHPUR, MAHESHPUR - DUMKA JHARKHAND 814145",PREPAID,20,,,,,,
1064,,,,LEX DIGITAL,123456789,,,110053,BHAJANPURA,DELHI,BHAJANPURA,NILU DEVI,123456789,,825408,JHARKHAND,JHARKHAND,"VILL KARMA PO MANDHANIYAN PS ITKHORI CHATRA, NILU DEVI 7480026039, SAMBHU KUMAR 8521974823 CHATRA JHARKHAND 825408",PREPAID,20,,,,,,
1065,,,,LEX DIGITAL,123456789,,,110053,BHAJANPURA,DELHI,BHAJANPURA,PREM CHAND MANDAL,123456789,,815312,JHARKHAND,JHARKHAND,GRAM JORASIMAR POST BUDHIDIH PS AHILYAPUR GANDE GIRIDIH JHARKHAND 815312,PREPAID,20,,,,,,
1066,,,,LEX DIGITAL,123456789,,,110053,BHAJANPURA,DELHI,BHAJANPURA,DULAL KUMAR,123456789,,822123,JHARKHAND,JHARKHAND,VILL DHANGAI PO PANDEPURA PALAMU JHARKHAND 822123,PREPAID,20,,,,,,
1067,,,,LEX DIGITAL,123456789,,,110053,BHAJANPURA,DELHI,BHAJANPURA,SUNNY KUMAR SINGH,123456789,,829104,JHARKHAND,JHARKHAND,AT-RAM NAGAR PO-BERMO PS-BERMO BOKARO JHARKHAND 829104,PREPAID,20,,,,,,
1068,,,,LEX DIGITAL,123456789,,,110053,BHAJANPURA,DELHI,BHAJANPURA,PRDIP BHANDARI,123456789,,814146,JHARKHAND,JHARKHAND,PANCHAYAT DHODHALI VILL MACHADIH POST PARGADIH THANA JAMA DUMKA JHARKHAND 814146,PREPAID,20,,,,,,
1069,,,,LEX DIGITAL,123456789,,,110053,BHAJANPURA,DELHI,BHAJANPURA,GITA DEVI,123456789,,822118,JHARKHAND,JHARKHAND,VILL CHAURA PO KAZI PAKRI PS TARHASI ARKA PALAMU JHARKHAND 822118,PREPAID,20,,,,,,
1070,,,,LEX DIGITAL,123456789,,,110053,BHAJANPURA,DELHI,BHAJANPURA,TAIYBUN KHATUN,123456789,,815316,JHARKHAND,JHARKHAND,AT ATKO BERHABAD PO THANA JANUA GIRIDIH JHARKHAND 815316,PREPAID,20,,,,,,
1071,,,,LEX DIGITAL,123456789,,,110053,BHAJANPURA,DELHI,BHAJANPURA,MD AZAD ANSARI,123456789,,815353,JHARKHAND,JHARKHAND,NAWADIH PATHROL DEOGHAR JHARKHAND 815353,PREPAID,20,,,,,,
1072,,,,LEX DIGITAL,123456789,,,110053,BHAJANPURA,DELHI,BHAJANPURA,BISHAL RAWANI,123456789,,815353,JHARKHAND,JHARKHAND,JARUA DEOGHAR JHARKHAND . 815353,PREPAID,20,,,,,,
1073,,,,LEX DIGITAL,123456789,,,110053,BHAJANPURA,DELHI,BHAJANPURA,GULJAN BIBI,123456789,,815352,JHARKHAND,JHARKHAND,AT BANDARCHUWAN PO KORIDIH-2 PS NARAYANPUR DIST JAMTARA JHARKHAND 815352,PREPAID,20,,,,,,
1074,,,,LEX DIGITAL,123456789,,,110053,BHAJANPURA,DELHI,BHAJANPURA,AJAY KUMAR NONIA,123456789,,828205,JHARKHAND,JHARKHAND,LAKHIMATA COLLIERY SASANBERIA DHANBAD NIRSA CHATTI JHARKHAND 828205,PREPAID,20,,,,,,
1075,,,,LEX DIGITAL,123456789,,,110053,BHAJANPURA,DELHI,BHAJANPURA,MANDEEP RAJWAR,123456789,,822116,JHARKHAND,JHARKHAND,VILL TULSHI KHAD PO KAMGARPUR PS HUSSAINABAD KURMIPUR PALAMU JHARKHAND 822116,PREPAID,20,,,,,,
1076,,,,LEX DIGITAL,123456789,,,110053,BHAJANPURA,DELHI,BHAJANPURA,NITAY MANDAL,123456789,,815351,JHARKHAND,JHARKHAND,VILL-NAWADIH POST DAKSHIN BAHAL PS JAMTARA NAWADIH - JHARKHAND 815351,PREPAID,20,,,,,,
1077,,,,LEX DIGITAL,123456789,,,110053,BHAJANPURA,DELHI,BHAJANPURA,SARJU GOSWAMI,123456789,,825108,JHARKHAND,JHARKHAND,PALMA HARALADIH HARILADIH HARLADIH GIRIDIH JHARKHAND 825108,PREPAID,20,,,,,,
1078,,,,LEX DIGITAL,123456789,,,110053,BHAJANPURA,DELHI,BHAJANPURA,KAHKAHSHAN MALLICK,123456789,,827010,JHARKHAND,JHARKHAND,VILLAGE ISLAMPUR POST MAKHDUMPUR THANA BALIDIH BOKARO JHARKHAND 827010,PREPAID,20,,,,,,
1079,,,,LEX DIGITAL,123456789,,,110053,BHAJANPURA,DELHI,BHAJANPURA,CHAITAN NAYAK,123456789,,832108,JHARKHAND,JHARKHAND,PANCHAYAT DUGDHA POST BADAKATAND SERAIKELA KHARSAWAN SERAIKELA-KHARSAWAN JHARKHAND 832108,PREPAID,20,,,,,,
1080,,,,LEX DIGITAL,123456789,,,110053,BHAJANPURA,DELHI,BHAJANPURA,RAJESH RAM,123456789,,834001,JHARKHAND,JHARKHAND,NEAR SHIV MANDIR HARIJAN BASTI HINDPIRI RANCHI JHARKHAND 834001,PREPAID,20,,,,,,
1081,,,,LEX DIGITAL,123456789,,,110053,BHAJANPURA,DELHI,BHAJANPURA,RUPESH KUMAR,123456789,,828104,JHARKHAND,JHARKHAND,"NH 2 NEAR SANGAM HOTEL G T ROAD KANDRA BHITUI, DHANBAD JHARKHAND 828104",PREPAID,20,,,,,,
1082,,,,LEX DIGITAL,123456789,,,110053,BHAJANPURA,DELHI,BHAJANPURA,MUVVALA POLINAIDU,123456789,,560056,KARNATAKA,KARNATAKA,NO 10 8TH CROSS BHUVANESHWARI NAGAR DODDABASTI MAIN ROAD JNANABHARATHI BANGALORE KARNATAKA 560056,PREPAID,20,,,,,,
1083,,,,LEX DIGITAL,123456789,,,110053,BHAJANPURA,DELHI,BHAJANPURA,KAVITHA KAVITHA,123456789,,560091,KARNATAKA,KARNATAKA,HOUSE NO 4 BALAJI LAYOUT BYADARAHALLI BANGALORE KARNATAKA 560091,PREPAID,20,,,,,,
1084,,,,LEX DIGITAL,123456789,,,110053,BHAJANPURA,DELHI,BHAJANPURA,REHMAN AJAZ AHMED,123456789,,560064,KARNATAKA,KARNATAKA,NO 12 1ST MAIN ROAD 2ND CROSS THIRUMENAHALLI MS NAGAR STAGE BANGALORE KARNATAKA 560064,PREPAID,20,,,,,,
1085,,,,LEX DIGITAL,123456789,,,110053,BHAJANPURA,DELHI,BHAJANPURA,ESHWARA MARATY VEENA,123456789,,560035,KARNATAKA,KARNATAKA,"15/2 NEAR AYYAPPA TEMPLE, JUNNASANDRA BANGALORE KARNATAKA 560035",PREPAID,20,,,,,,
1086,,,,LEX DIGITAL,123456789,,,110053,BHAJANPURA,DELHI,BHAJANPURA,SHAMBHULINGAPPA SHIVARAY,123456789,,585102,KARNATAKA,KARNATAKA,PLOT NO F 7 MAKA RESIDENCY NGO COLONY KALBURGI GULBARGA GBN STATION BAZAR KALABURAGI KARNATAKA 585102,PREPAID,20,,,,,,
1087,,,,LEX DIGITAL,123456789,,,110053,BHAJANPURA,DELHI,BHAJANPURA,MOHAMMED QAISER,123456789,,560032,KARNATAKA,KARNATAKA,"FLAT NO C, IVY COTTAGE FIRST FLOOR 2ND CROSS NP FACTORY ROAD KAVAL BYSANDRA BUS STOP BANGALORE NORTH R T NAGAR BENGALURU KARNATAKA 560032",PREPAID,20,,,,,,
1088,,,,LEX DIGITAL,123456789,,,110053,BHAJANPURA,DELHI,BHAJANPURA,SRINIVAS MAHESH BABU,123456789,,562125,KARNATAKA,KARNATAKA,1761 BANGALORE MAIN ROAD SARJAPURA ANEKAL BEHIND NEW POST OFFICE KARNATAKA 562125,PREPAID,20,,,,,,
1089,,,,LEX DIGITAL,123456789,,,110053,BHAJANPURA,DELHI,BHAJANPURA,MOHAMED HANEEF,123456789,,562104,KARNATAKA,KARNATAKA,"3026 WARD NO 4,DARGAH MOHALLA,5TH CROSS, CHIK BALLAPUR KARNATAKA 562104",PREPAID,20,,,,,,
1090,,,,LEX DIGITAL,123456789,,,110053,BHAJANPURA,DELHI,BHAJANPURA,VINUTA MAHANTESH SHIGIHALLIMATH,123456789,,591104,KARNATAKA,KARNATAKA,MADAR STREET TQ-BAILHONGAL BUDIHAL BELAGAVI KARNATAKA 591104,PREPAID,20,,,,,,
1091,,,,LEX DIGITAL,123456789,,,110053,BHAJANPURA,DELHI,BHAJANPURA,RATHAN RATHAN,123456789,,574214,KARNATAKA,KARNATAKA,"2-357,KARUNYA HOSE MALAVANTHIGE VILLEGE KILLUR POST DAKSHINA KANNADA KARNATAKA 574214",PREPAID,20,,,,,,
1092,,,,LEX DIGITAL,123456789,,,110053,BHAJANPURA,DELHI,BHAJANPURA,SARDAR PARVINDER SINGH,123456789,,570002,KARNATAKA,KARNATAKA,"287 HOUSE,GOKULAM 3RD STAGE 6 TH CROSS MYSORE KARNATAKA 570002",PREPAID,20,,,,,,
1093,,,,LEX DIGITAL,123456789,,,110053,BHAJANPURA,DELHI,BHAJANPURA,VENUGOPAL MUKUNDAN,123456789,,560076,KARNATAKA,KARNATAKA,NO 879 19TH MAIN 4TH CROSSBTM 2ND STAGEBENGALURU 5600 76 BANGALORE KARNATAKA 560076,PREPAID,20,,,,,,
1094,,,,LEX DIGITAL,123456789,,,110053,BHAJANPURA,DELHI,BHAJANPURA,MAHADEVAPRASAD M,123456789,,570010,KARNATAKA,KARNATAKA,120 BASAVESHWARA BEEDI VARUNA HOBLI CHIKKAHALLI MYSORE VAJAMANGALA MYSURU KARNATAKA 570010,PREPAID,20,,,,,,
1095,,,,LEX DIGITAL,123456789,,,110053,BHAJANPURA,DELHI,BHAJANPURA,SUHAS KRISHNARAJAPURAM CHANDRA SHEKAR,123456789,,570023,KARNATAKA,KARNATAKA,47 INDIAN ESTATE CRYSTAL CITY SRIRAMPURA 2ND STAGEMY SORE MYSORE KARNATAKA 570023,PREPAID,20,,,,,,
1096,,,,LEX DIGITAL,123456789,,,110053,BHAJANPURA,DELHI,BHAJANPURA,MADHU SANJAY KASHYAP,123456789,,570023,KARNATAKA,KARNATAKA,"103 MAHALAKSHMI LAYOUT,3RD STAGE MYSORE JT EXTENSI , MYSURU KARNATAKA 570023",PREPAID,20,,,,,,
1097,,,,LEX DIGITAL,123456789,,,110053,BHAJANPURA,DELHI,BHAJANPURA,SRINIVAS BHUVANESH REDDY,123456789,,560037,KARNATAKA,KARNATAKA,1A GAGANA NILAYA 1ST MAINVIVEKANANDA LAYOUT OUTER RING ROAD MUNNEKOLA BANGALORE KARNATAKA 560037,PREPAID,20,,,,,,
1098,,,,LEX DIGITAL,123456789,,,110053,BHAJANPURA,DELHI,BHAJANPURA,HAMID BEPARI,123456789,,580020,KARNATAKA,KARNATAKA,VALLABHABAI NAGAR HUBLI DHARWAD KARNATAKA 580020,PREPAID,20,,,,,,
1099,,,,LEX DIGITAL,123456789,,,110053,BHAJANPURA,DELHI,BHAJANPURA,DIVYABHARATHI DIVYABHARATHI,123456789,,585202,KARNATAKA,KARNATAKA,51213NEAR HANUMAN TEMPLEGANDINAGAR YADGIRI S TATION YADGIR KARNATAKA 585202,PREPAID,20,,,,,,
1100,,,,LEX DIGITAL,123456789,,,110053,BHAJANPURA,DELHI,BHAJANPURA,YASEER AHMED,123456789,,570019,KARNATAKA,KARNATAKA,1971 RAJIV NAGAR 1 STAGEMYSORE MYSORE KARNATAKA 570019,PREPAID,20,,,,,,
1101,,,,LEX DIGITAL,123456789,,,110053,BHAJANPURA,DELHI,BHAJANPURA,IRFAN MOHAMMEDSHA MULLA,123456789,,580024,KARNATAKA,KARNATAKA,HNO61 AREA - OLD HUBBLLI TIPO NAGAR RUD MILAD CARASH JANAATNAGARNEAR BY LANDMARK GUSGAL SHAMIY DHARWAD KARNATAKA 580024,PREPAID,20,,,,,,
1102,,,,LEX DIGITAL,123456789,,,110053,BHAJANPURA,DELHI,BHAJANPURA,VISWANATHAN NARAYANASWAMYGOWDA,123456789,,571440,KARNATAKA,KARNATAKA,"BTTP BUILDING ASHREYA BADAWANE,KONDEGAL POST CHAMRAJNAGAR KARNATAKA 571440",PREPAID,20,,,,,,
1103,,,,LEX DIGITAL,123456789,,,110053,BHAJANPURA,DELHI,BHAJANPURA,MATH VEERESH,123456789,,583123,KARNATAKA,KARNATAKA,WARD NO 3 DEVAMMA GUDI HATTIRA TORANAGALLU BALLARI KARNATAKA 583123,PREPAID,20,,,,,,
1104,,,,LEX DIGITAL,123456789,,,110053,BHAJANPURA,DELHI,BHAJANPURA,MONAVARTI SRIHARI,123456789,,577004,KARNATAKA,KARNATAKA,189121 1ST FLOORNEAR NUTANA COLLEGE L I C COLONY DA VANAGERE PIN 577004 DAVANGERE KARNATAKA,PREPAID,20,,,,,,
1105,,,,LEX DIGITAL,123456789,,,110053,BHAJANPURA,DELHI,BHAJANPURA,ARUN PINTO,123456789,,560054,KARNATAKA,KARNATAKA,"473,GOKULA 1ST STAGE HMT LAYOUT MATHIKERE BANGALORE KARNATAKA 560054",PREPAID,20,,,,,,
1106,,,,LEX DIGITAL,123456789,,,110053,BHAJANPURA,DELHI,BHAJANPURA,SHAKTHIVELU SHAKTHIVELU,123456789,,560100,KARNATAKA,KARNATAKA,38 HARIPRIYA LIFESTYLE LAYOUTDODDANAGAMANGALA BANGALORE KARNATAKA 560100,PREPAID,20,,,,,,
1107,,,,LEX DIGITAL,123456789,,,110053,BHAJANPURA,DELHI,BHAJANPURA,DILEEP M G,123456789,,562123,KARNATAKA,KARNATAKA,"PLOT 2779 2280 MARUTHI KRUPPA NILAYA, PATEL CHANNAPPA EXTESION BEHIND SBI BANK, NELAMANGALA BANGALORE RURAL KARNATAKA 562123",PREPAID,20,,,,,,
1108,,,,LEX DIGITAL,123456789,,,110053,BHAJANPURA,DELHI,BHAJANPURA,HYDER ALI,123456789,,585104,KARNATAKA,KARNATAKA,HNO O 11 1191 SARAF BAZAR ROADD BHAGVAN GALLI MAKTAMP UR KALABURGI KALABURAGI KARNATAKA 585104,PREPAID,20,,,,,,
1109,,,,LEX DIGITAL,123456789,,,110053,BHAJANPURA,DELHI,BHAJANPURA,PARSHURAM,123456789,,585227,KARNATAKA,KARNATAKA,1/5 HANUMAN TEMPLE POLAKPALII BIDAR KARNATAKA 585227,PREPAID,20,,,,,,
1110,,,,LEX DIGITAL,123456789,,,110053,BHAJANPURA,DELHI,BHAJANPURA,CINGANIBETTU MAHAMMAD IBRAHIM,123456789,,574214,KARNATAKA,KARNATAKA,C MAHAMMAD IBRAHIM S/O ABOOBAKKAR T-1-73/C2 ANALIKE H OUSE SINGAANIBETTU THEKKARU POST AND VILLAGE DAKSHINA KANNADA KARNATAKA 574214,PREPAID,20,,,,,,
1111,,,,LEX DIGITAL,123456789,,,110053,BHAJANPURA,DELHI,BHAJANPURA,MURUGESH SHARAVANA,123456789,,560023,KARNATAKA,KARNATAKA,40 ASHWATH NAGAR 1ST CROSS MAGADI ROADBENGALURU BANGALORE KARNATAKA 560023,PREPAID,20,,,,,,
1112,,,,LEX DIGITAL,123456789,,,110053,BHAJANPURA,DELHI,BHAJANPURA,SHRIDHARA E,123456789,,560085,KARNATAKA,KARNATAKA,"1141/A NEHARU ROAD GIRINAGARA,SRINIVASNAGAR BANASHANKARI,SAMPOORNA HOSPITAL BANGALORE KARNATAKA 560085",PREPAID,20,,,,,,
1113,,,,LEX DIGITAL,123456789,,,110053,BHAJANPURA,DELHI,BHAJANPURA,MOHAMMED SATHAR,123456789,,574143,KARNATAKA,KARNATAKA,4-19 VALACHIL JARI HOUSE MANGALORE TALUK ARKULA FARANGIPET NEAR GOVT PRIMARY SCHOOL DAKSHINA KANNADA KARNATAKA 574143,PREPAID,20,,,,,,
1114,,,,LEX DIGITAL,123456789,,,110053,BHAJANPURA,DELHI,BHAJANPURA,VISHWA BHARATHI VASANTH KUMAR,123456789,,560033,KARNATAKA,KARNATAKA,NO 116 AST NILAYA 10TH CROSSSADASHIVA TEMPLE ROAD R S PALYA NEAR LAKSHI STORE BENGALURU 560033 BANGALORE KARNATAKA,PREPAID,20,,,,,,
1115,,,,LEX DIGITAL,123456789,,,110053,BHAJANPURA,DELHI,BHAJANPURA,MOHAMMED RAHAMATHULLA,123456789,,577004,KARNATAKA,KARNATAKA,35811 MAHAVEER NILAYA2ND MAIN 2ND CROSS S LAYOU T B BLOCK DAVANGERE KARNATAKA 577004,PREPAID,20,,,,,,
1116,,,,LEX DIGITAL,123456789,,,110053,BHAJANPURA,DELHI,BHAJANPURA,MYSORE BHASKARNAIDU SANTOSHKUMAR,123456789,,570008,KARNATAKA,KARNATAKA,"EDEN APARTMENT FLAT S 2 2ND FLOOR,SRIRAMPURA STAGE MYSORE KARNATAKA 570008",PREPAID,20,,,,,,
1117,,,,LEX DIGITAL,123456789,,,110053,BHAJANPURA,DELHI,BHAJANPURA,PARVATHI PARVATHI,123456789,,560057,KARNATAKA,KARNATAKA,NO 5 100 FT ROOD JALLAHALLI CROSS CHOKKASANDRA BANGALORE KARNATAKA 560057,PREPAID,20,,,,,,
1118,,,,LEX DIGITAL,123456789,,,110053,BHAJANPURA,DELHI,BHAJANPURA,GURAM PALLY JAGAN MOHAN,123456789,,583222,KARNATAKA,KARNATAKA,2-27MARAMANAHALLI BELLARY KARNATAKA 583222,PREPAID,20,,,,,,
1119,,,,LEX DIGITAL,123456789,,,110053,BHAJANPURA,DELHI,BHAJANPURA,AMEENA SARA,123456789,,571130,KARNATAKA,KARNATAKA,"DOOR 496 1 FLOOR 2 CROSS LILWARA MYSORE NEAR BY POLICE STATION AND BUS STOP,MYSORE, KARNATAKA, 571130,MOON CA FE RESTAURANT OPPOSITE TO RMP COLONY YELWALA 6 KARNATAKA 571130",PREPAID,20,,,,,,
1120,,,,LEX DIGITAL,123456789,,,110053,BHAJANPURA,DELHI,BHAJANPURA,DEVARAJ,123456789,,584128,KARNATAKA,KARNATAKA,GOVT URDU SCHOOL KASAB WADI WARD NO 1 VTC;SINDHNUR PO;SINDHANUR SUB DIST;SINDHNUR DIST;RAICHUR RAICHUR KARNATAKA 584128,PREPAID,20,,,,,,
1121,,,,LEX DIGITAL,123456789,,,110053,BHAJANPURA,DELHI,BHAJANPURA,BRAHMESHI GONIGOWDRU,123456789,,570023,KARNATAKA,KARNATAKA,"61, 6TH CROSS, 1ST STAGE, ARAVIND NAGAR, MYSORE KARNATAKA 570023",PREPAID,20,,,,,,
1122,,,,LEX DIGITAL,123456789,,,110053,BHAJANPURA,DELHI,BHAJANPURA,K H MANJAPPA,123456789,,577512,KARNATAKA,KARNATAKA,"#ALUR ALUR,ALUR DAVANGERE DAVANAGERE KARNATAKA 577512",PREPAID,20,,,,,,
1123,,,,LEX DIGITAL,123456789,,,110053,BHAJANPURA,DELHI,BHAJANPURA,HAMSA HAMSA,123456789,,560091,KARNATAKA,KARNATAKA,576 1ST CROSS DEPO BUILDINGSUMANAHALLI BANGALORE KARNATAKA 560091,PREPAID,20,,,,,,
1124,,,,LEX DIGITAL,123456789,,,110053,BHAJANPURA,DELHI,BHAJANPURA,URDIGERE GANGACHAR HAREESH,123456789,,572140,KARNATAKA,KARNATAKA,"OPP POLICE STATION,URDIGERE TUMKUR KARNATAKA 572140",PREPAID,20,,,,,,
1125,,,,LEX DIGITAL,123456789,,,110053,BHAJANPURA,DELHI,BHAJANPURA,GANGADAR SHIVAPRASAD,123456789,,570008,KARNATAKA,KARNATAKA,ASHOKA PURAM MYSORE 22621CH581CITY KARNATAKA 570008,PREPAID,20,,,,,,
1126,,,,LEX DIGITAL,123456789,,,110053,BHAJANPURA,DELHI,BHAJANPURA,YASUMITRA,123456789,,585402,KARNATAKA,KARNATAKA,240 JANATA COLONY KOLHAR K BIDAR KARNATAKA 585402,PREPAID,20,,,,,,
1127,,,,LEX DIGITAL,123456789,,,110053,BHAJANPURA,DELHI,BHAJANPURA,MOHAMMED USMAN BIJAPUR,123456789,,580008,KARNATAKA,KARNATAKA,ARBI MADRSA BULDINGQADREE CARCAL MALAPUR DHARWAD KARNATAKA 580008,PREPAID,20,,,,,,
1128,,,,LEX DIGITAL,123456789,,,110053,BHAJANPURA,DELHI,BHAJANPURA,RAJESHA RAJESHA,123456789,,577301,KARNATAKA,KARNATAKA,ATARAGANGE V BHARAVATHI T SHIMOGA DANTHARAGANGE D KARNATAKA 577301,PREPAID,20,,,,,,
1129,,,,LEX DIGITAL,123456789,,,110053,BHAJANPURA,DELHI,BHAJANPURA,MADHUKUMAR N S,123456789,,560063,KARNATAKA,KARNATAKA,BANNEGRAGHATTA ROAD NEAR AMODA APARTMENT DODA KAMMANAHALLI BANAGALORE BANGALORE KARNATAKA 560063,PREPAID,20,,,,,,
1130,,,,LEX DIGITAL,123456789,,,110053,BHAJANPURA,DELHI,BHAJANPURA,RAHUL MADAN PATIL,123456789,,590001,KARNATAKA,KARNATAKA,H NO- 30311 PATIL MALANEAR GANESH TEMPLE BELAGAVI KARNATAKA 590001,PREPAID,20,,,,,,
1131,,,,LEX DIGITAL,123456789,,,110053,BHAJANPURA,DELHI,BHAJANPURA,ANAND SELVI,123456789,,560021,KARNATAKA,KARNATAKA,NO 10 1ST FLOOR 4TH MAIN MUDAPPA GARDEN R C PURAM BANGALORE KARNATAKA 560021,PREPAID,20,,,,,,
1132,,,,LEX DIGITAL,123456789,,,110053,BHAJANPURA,DELHI,BHAJANPURA,BHARTI,123456789,,585202,KARNATAKA,KARNATAKA,VISHWASPUR VISWASPUR THANAGUNDI YADGIR KARNATAKA 585202,PREPAID,20,,,,,,
1133,,,,LEX DIGITAL,123456789,,,110053,BHAJANPURA,DELHI,BHAJANPURA,KALYAN SINGH,123456789,,560105,KARNATAKA,KARNATAKA,NO1DODARAMA READY BUILDINGS JIGANI BANGALORE KARNATAKA 560105,PREPAID,20,,,,,,
1134,,,,LEX DIGITAL,123456789,,,110053,BHAJANPURA,DELHI,BHAJANPURA,PRABHAKAR NANDARAGI PRABHAKAR NANDARAGI,123456789,,560091,KARNATAKA,KARNATAKA,NO 134 SHREE SHIVAPRIYA NILAYA MACHOHALLI COLONY DASANPURA BANGALORE KARNATAKA 560091,PREPAID,20,,,,,,
1135,,,,LEX DIGITAL,123456789,,,110053,BHAJANPURA,DELHI,BHAJANPURA,T GOPALARAJA,123456789,,577528,KARNATAKA,KARNATAKA,KAMAGETHANAHALLI BHARAMASAMUDRA SINGASANDRA DAVANGERE KARNATAKA 577528,PREPAID,20,,,,,,
1136,,,,LEX DIGITAL,123456789,,,110053,BHAJANPURA,DELHI,BHAJANPURA,MANCHEGOWDA YOGESHA,123456789,,571101,KARNATAKA,KARNATAKA,"NO 7/83 HORAKERI GARADI BEEDI,BANNUR TOWN MYSORE KARNATAKA 571101",PREPAID,20,,,,,,
1137,,,,LEX DIGITAL,123456789,,,110053,BHAJANPURA,DELHI,BHAJANPURA,RAMESH ..,123456789,,573142,KARNATAKA,KARNATAKA,ARKALGUD TALUKU ADIKE BOMMANAHALLI .CHIKARKALGUD HASSAN KARNATAKA 573142,PREPAID,20,,,,,,
1138,,,,LEX DIGITAL,123456789,,,110053,BHAJANPURA,DELHI,BHAJANPURA,RAKESH KUMAR NAYAK,123456789,,560100,KARNATAKA,KARNATAKA,VINAYAKA BUILDING 1ST MAIN ROAD GOLLAHALLI ELECTRONIC CITY PHASE 2 BANGALORE KARNATAKA 560100,PREPAID,20,,,,,,
1139,,,,LEX DIGITAL,123456789,,,110053,BHAJANPURA,DELHI,BHAJANPURA,JOHN PETER,123456789,,560084,KARNATAKA,KARNATAKA,NO 415 THOMAS TOWN KARIYANAPALYA LINGARAJAPURA2ND CROS S LINGARAAPURAM BANGALORE KARNATAKA 560084,PREPAID,20,,,,,,
1140,,,,LEX DIGITAL,123456789,,,110053,BHAJANPURA,DELHI,BHAJANPURA,SAVITHA BEGLURHOSAHALLI SUBBANNA,123456789,,563133,KARNATAKA,KARNATAKA,131NARASAPURA INDUSTRIAL AREA DODDAVALLABBI KOLAR KARNATAKA 563133,PREPAID,20,,,,,,
1141,,,,LEX DIGITAL,123456789,,,110053,BHAJANPURA,DELHI,BHAJANPURA,MANJULA H N,123456789,,572216,KARNATAKA,KARNATAKA,G HOSAHALLI GUBBI VTC PO SUB DISTRICT TUMAKURU KARNATAKA 572216,PREPAID,20,,,,,,
1142,,,,LEX DIGITAL,123456789,,,110053,BHAJANPURA,DELHI,BHAJANPURA,MINOO SINGH,123456789,,560099,KARNATAKA,KARNATAKA,BUILDING NO 95 5TH CROSS VIDYANAGAR BOMMASANDRA INDLA REA BANGALORE KARNATAKA 560099,PREPAID,20,,,,,,
1143,,,,LEX DIGITAL,123456789,,,110053,BHAJANPURA,DELHI,BHAJANPURA,DIKSHITH RAJ,123456789,,576122,KARNATAKA,KARNATAKA,VAIDHYANATHA KRUPA SARASWA NAGAR PANGALAUDUPI UDUPI KARNATAKA 576122,PREPAID,20,,,,,,
1144,,,,LEX DIGITAL,123456789,,,110053,BHAJANPURA,DELHI,BHAJANPURA,AKASH,123456789,,585309,KARNATAKA,KARNATAKA,50/32 NEAR SHIVAJI TEMPLE CHAMANAL THANDA CHAMNAL B G ROAD YADGIR KARNATAKA 585309,PREPAID,20,,,,,,
1145,,,,LEX DIGITAL,123456789,,,110053,BHAJANPURA,DELHI,BHAJANPURA,GOVINDAPPA NAGARAJA,123456789,,563126,KARNATAKA,KARNATAKA,BELLAMBARI VILLAGE NUKKANAHALLI POST KOLAR TALUK AND DI T KARNATAKA 563126,PREPAID,20,,,,,,
1146,,,,LEX DIGITAL,123456789,,,110053,BHAJANPURA,DELHI,BHAJANPURA,POOJARA MALLESHAPPA,123456789,,583127,KARNATAKA,KARNATAKA,"MATHIHALLI VI AND PSO THARAPANAHALLI TQ BELLARY, DT NBMDS BELLARY DAVANGERE KARNATAKA 583127",PREPAID,20,,,,,,
1147,,,,LEX DIGITAL,123456789,,,110053,BHAJANPURA,DELHI,BHAJANPURA,VISHNUPANTH BALACHANDRA SUNIL,123456789,,573118,KARNATAKA,KARNATAKA,832ASHADEEP NIWAS13THCROSS39THMAINROADSMKNAGARHASSAN573 118HASSAN HASSAN KARNATAKA 573118,PREPAID,20,,,,,,
1148,,,,LEX DIGITAL,123456789,,,110053,BHAJANPURA,DELHI,BHAJANPURA,JAYAMMA G,123456789,,563135,KARNATAKA,KARNATAKA,JONNAPALLI KOTABALLAPALLI SRINIVASPUR KOLAR KARANATAKA KARNATAKA 563135,PREPAID,20,,,,,,
1149,,,,LEX DIGITAL,123456789,,,110053,BHAJANPURA,DELHI,BHAJANPURA,RAHUL KUMAR S,123456789,,560072,KARNATAKA,KARNATAKA,136/1 SHANTHI NIVAS 10TH F CROSS SANJIVINI NAGAR MOODALAPALYA PANCHASHEELA BANGALORE NORTH KARNATAKA 560072,PREPAID,20,,,,,,
1150,,,,LEX DIGITAL,123456789,,,110053,BHAJANPURA,DELHI,BHAJANPURA,NIYATI MANJUNATH TARAGANAHALLI,123456789,,581115,KARNATAKA,KARNATAKA,UMASHANKAR NAGAR RANEBENNUR RANIBENNUR HAVERI KARNATAKA 581115,PREPAID,20,,,,,,
1151,,,,LEX DIGITAL,123456789,,,110053,BHAJANPURA,DELHI,BHAJANPURA,KRISHNA,123456789,,574198,KARNATAKA,KARNATAKA,ALADKA HOUSE VTC KOKKADA PO. SUB DISTRICT BELTHANGADY DAKSHINA KANNADA STATE KARNATAKA 574198,PREPAID,20,,,,,,
1152,,,,LEX DIGITAL,123456789,,,110053,BHAJANPURA,DELHI,BHAJANPURA,NABIN DEKA,123456789,,560103,KARNATAKA,KARNATAKA,NO 186 DEVARABISNAHALLIBELLANDUR BANGALORE KARNATAKA 560103,PREPAID,20,,,,,,
1153,,,,LEX DIGITAL,123456789,,,110053,BHAJANPURA,DELHI,BHAJANPURA,H R LOKESH,123456789,,577553,KARNATAKA,KARNATAKA,IYYANAHALLI MUSTIGARAHALLI DAVANGERE KARNATAKA 577553,PREPAID,20,,,,,,
1154,,,,LEX DIGITAL,123456789,,,110053,BHAJANPURA,DELHI,BHAJANPURA,A N PRAVEEN,123456789,,577003,KARNATAKA,KARNATAKA,NO 337/43 PARVATHIPARAMESHWARA NILAYA GANESHA LAYOUT R M C YARD DAVANAGERE DAVANGERE KARNATAKA 577003,PREPAID,20,,,,,,
1155,,,,LEX DIGITAL,123456789,,,110053,BHAJANPURA,DELHI,BHAJANPURA,NAGESHA B,123456789,,574221,KARNATAKA,KARNATAKA,2-247-1 BANARI HOUSE BALLYA POST AND VILLAGE KADABA TALUK VTC PO SUB DISTRICT PUTTUR DAKSHINA KANNADA KARNATAKA 574221,PREPAID,20,,,,,,
1156,,,,LEX DIGITAL,123456789,,,110053,BHAJANPURA,DELHI,BHAJANPURA,K S RAMACHANDRAN,123456789,,560043,KARNATAKA,KARNATAKA,"T01 BIG SKY ELITE APTS PIL,LA REDDY NAGARKASTURI NAGAR BANGALORE KARNATAKA 560043",PREPAID,20,,,,,,
1157,,,,LEX DIGITAL,123456789,,,110053,BHAJANPURA,DELHI,BHAJANPURA,RAMESH RATHOD,123456789,,582114,KARNATAKA,KARNATAKA,"144,NAGARASHIKOPPA RON,GADAG KARNATAKA GADAG 582114",PREPAID,20,,,,,,
1158,,,,LEX DIGITAL,123456789,,,110053,BHAJANPURA,DELHI,BHAJANPURA,SALAMI L,123456789,,585403,KARNATAKA,KARNATAKA,2/53 CMC COLONY MAILOOR BIDAR MAILLOR KARNATAKA 585403,PREPAID,20,,,,,,
1159,,,,LEX DIGITAL,123456789,,,110053,BHAJANPURA,DELHI,BHAJANPURA,BHARATHI GOPI,123456789,,560076,KARNATAKA,KARNATAKA,702C JANATHA COLONY BG ROADHULIMAVU BANGALORE KARNATAKA 560076,PREPAID,20,,,,,,
1160,,,,LEX DIGITAL,123456789,,,110053,BHAJANPURA,DELHI,BHAJANPURA,HUSSIAN BASHA,123456789,,584113,KARNATAKA,KARNATAKA,MADARKAL RAICHUR KARNATAKA 584113,PREPAID,20,,,,,,
1161,,,,LEX DIGITAL,123456789,,,110053,BHAJANPURA,DELHI,BHAJANPURA,NARAYANSWAMY MOHAN KUMAR,123456789,,560016,KARNATAKA,KARNATAKA,HOUSE NO 8 BENEDICT COTTAGE 1ST FLOOR2ND BLOCK AKAS HYANAGAR12THCROSSRM NAGAR BANGALORE 560016 KARNATAKA,PREPAID,20,,,,,,
1162,,,,LEX DIGITAL,123456789,,,110053,BHAJANPURA,DELHI,BHAJANPURA,NANDA KUMAR SANTHOSH KUMAR,123456789,,577301,KARNATAKA,KARNATAKA,NRUPA TUNGA NAGAR HOSMANE BHADRAVATHISHIVAMOGGA SHIMOGA KARNATAKA 577301,PREPAID,20,,,,,,
1163,,,,LEX DIGITAL,123456789,,,110053,BHAJANPURA,DELHI,BHAJANPURA,H R PRAKASH,123456789,,570009,KARNATAKA,KARNATAKA,NO 101 6TH CROSS JANATHA NAGARA MYSORE KARNATAKA 570009,PREPAID,20,,,,,,
1164,,,,LEX DIGITAL,123456789,,,110053,BHAJANPURA,DELHI,BHAJANPURA,RAJANNA DIVAKAR,123456789,,560089,KARNATAKA,KARNATAKA,"NO.167/6, THOTADA MANE KODAGI THIRUMALAPURA HESARAGHATTA LAKE POST HESSARGHATTA HOBLI, YALAHANKA TALUK BANGALORE KARNATAKA 560089",PREPAID,20,,,,,,
1165,,,,LEX DIGITAL,123456789,,,110053,BHAJANPURA,DELHI,BHAJANPURA,KOTTURANAKOTTIGE HIRIYANNACHAR KALAVATHI,123456789,,572227,KARNATAKA,KARNATAKA,KOTTURANAKOTTIGE TURUVEKERE TOWN RAGHAVENDRA NAGARA TUMKUR KARNATAKA 572227,PREPAID,20,,,,,,
1166,,,,LEX DIGITAL,123456789,,,110053,BHAJANPURA,DELHI,BHAJANPURA,AMBRISH,123456789,,585213,KARNATAKA,KARNATAKA,NEAR GOVT SCHOOL STN GANAGAPUR GUDUR GULBARGA KALABURAGI KARNATAKA 585213,PREPAID,20,,,,,,
1167,,,,LEX DIGITAL,123456789,,,110053,BHAJANPURA,DELHI,BHAJANPURA,NERIGA RAJAPPA ANIL KUMAR,123456789,,562125,KARNATAKA,KARNATAKA,VARTHUR POLICE STATION BACK BANGALORE KARNATAKA 562125,PREPAID,20,,,,,,
1168,,,,LEX DIGITAL,123456789,,,110053,BHAJANPURA,DELHI,BHAJANPURA,SHIVAPPA IRAPPA KHOT,123456789,,591248,KARNATAKA,KARNATAKA,73ADAHALATTI TQ ATHANI DT BELGAUMBAS SYND BELAGAVI KARNATAKA 591248,PREPAID,20,,,,,,
1169,,,,LEX DIGITAL,123456789,,,110053,BHAJANPURA,DELHI,BHAJANPURA,RAJU SHIVARAMA,123456789,,577201,KARNATAKA,KARNATAKA,HOUSE NO 23 SRI HANUMA PRASANN NILAYA6 TH CROSS BAPUJI NAGAR SHIMOGA KARNATAKA 577201,PREPAID,20,,,,,,
1170,,,,LEX DIGITAL,123456789,,,110053,BHAJANPURA,DELHI,BHAJANPURA,SHANU S,123456789,,560056,KARNATAKA,KARNATAKA,"NO 599 KENGUNTE MALLATHAHALLIJANA,THA COLONY MALLATHAHALLI BENGALURU BANGALORE KARNATAKA 560056",PREPAID,20,,,,,,
1171,,,,LEX DIGITAL,123456789,,,110053,BHAJANPURA,DELHI,BHAJANPURA,CHANNABASAVAIAH H M,123456789,,577512,KARNATAKA,KARNATAKA,#KANDANAKOVI ANAJI DAVANAGERE DAVANGERE KARNATAKA 577512,PREPAID,20,,,,,,
1172,,,,LEX DIGITAL,123456789,,,110053,BHAJANPURA,DELHI,BHAJANPURA,KESHAVAMOORTHI H D,123456789,,571235,KARNATAKA,KARNATAKA,DEVEGOWDA H E HAROHALLI MALAMBI POST KODAGU KARNATAKA 571235,PREPAID,20,,,,,,
1173,,,,LEX DIGITAL,123456789,,,110053,BHAJANPURA,DELHI,BHAJANPURA,RAJESAB ABDULSAB MASI,123456789,,591304,KARNATAKA,KARNATAKA,426 KURABAR GALLI SAVADIATHANI BELAGAVI KARNATAKA 591304,PREPAID,20,,,,,,
1174,,,,LEX DIGITAL,123456789,,,110053,BHAJANPURA,DELHI,BHAJANPURA,SUSHMA MADAPPA,123456789,,570026,KARNATAKA,KARNATAKA,635A4 BANK COLONYNEAR SAI SARASWATHI SCHOOL BOGADI MYSORE KARNATAKA 570026,PREPAID,20,,,,,,
1175,,,,LEX DIGITAL,123456789,,,110053,BHAJANPURA,DELHI,BHAJANPURA,MANJUNATH,123456789,,585103,KARNATAKA,KARNATAKA,"11 370 DHANAGAR GALLI G,ALLI GULBARGA GULBARGAKALABURAGI KALABURAGI KARNATAKA 585103",PREPAID,20,,,,,,
1176,,,,LEX DIGITAL,123456789,,,110053,BHAJANPURA,DELHI,BHAJANPURA,DEEPAK GUPTA,123456789,,560097,KARNATAKA,KARNATAKA,C-108WING-27TH FLOOR SARAVANA TARNQUIL HEIGHTS APAM SPALYA VIDYRANYAPURA NEAR SBI SAI NAGAR BANGALORE KARNATAKA 560097,PREPAID,20,,,,,,
1177,,,,LEX DIGITAL,123456789,,,110053,BHAJANPURA,DELHI,BHAJANPURA,SHIVASHANKAR REDDY JYOTHSNA,123456789,,560064,KARNATAKA,KARNATAKA,NO 212 2ND CROSS MAIN ATTURLAYOUT ROAD YELAHA NKA BANGALORE KARNATAKA 560064,PREPAID,20,,,,,,
1178,,,,LEX DIGITAL,123456789,,,110053,BHAJANPURA,DELHI,BHAJANPURA,JAGDISH KUMAR,123456789,,580030,KARNATAKA,KARNATAKA,HIG BUILDING 3 102 GF AKSHYA PARK GOKUL ROAD HUBLI DHARWAD KARNATAKA 580030,PREPAID,20,,,,,,
1179,,,,LEX DIGITAL,123456789,,,110053,BHAJANPURA,DELHI,BHAJANPURA,PAPANNA MANJANNA,123456789,,560105,KARNATAKA,KARNATAKA,HOUSEVILLAGE BANGALORE KARNATAKA 560105,PREPAID,20,,,,,,
1180,,,,LEX DIGITAL,123456789,,,110053,BHAJANPURA,DELHI,BHAJANPURA,MALLIKARJUN MALLIKARJUN,123456789,,585216,KARNATAKA,KARNATAKA,4109SONNAD STREET KEMBHAVI YADGIR KARNATAKA 585216,PREPAID,20,,,,,,
1181,,,,LEX DIGITAL,123456789,,,110053,BHAJANPURA,DELHI,BHAJANPURA,ADGURU BOMMARASAIAH DARSHAN,123456789,,571418,KARNATAKA,KARNATAKA,MAHAVEERA ROOAD BELLURSCHOOL MANDYA KARNATAKA 571418,PREPAID,20,,,,,,
1182,,,,LEX DIGITAL,123456789,,,110053,BHAJANPURA,DELHI,BHAJANPURA,ABDUL KHADAR,123456789,,574202,KARNATAKA,KARNATAKA,4-241-1 KOORNADKA HOUSE KEMMINJE TEMPLE POST DARBE DAKSHINA KANNADA KARNATAKA 574202,PREPAID,20,,,,,,
1183,,,,LEX DIGITAL,123456789,,,110053,BHAJANPURA,DELHI,BHAJANPURA,BYLUVADDIGERI YANKAPPA,123456789,,583123,KARNATAKA,KARNATAKA,648 WARD NO 3 NEAR CHAPPARADA HALLI TALUR BELLARY KARNATAKA 583123,PREPAID,20,,,,,,
1184,,,,LEX DIGITAL,123456789,,,110053,BHAJANPURA,DELHI,BHAJANPURA,MOHAMMED SHEIKH IRFAN,123456789,,560054,KARNATAKA,KARNATAKA,NO 589 GROUND FLOOR 4TH MAIN 1ST CROSS MUTHYALANAGER BANGALORE NORTH MSRIT NEAR M E S ROAD BENGALURU KARNATAKA 560054,PREPAID,20,,,,,,
1185,,,,LEX DIGITAL,123456789,,,110053,BHAJANPURA,DELHI,BHAJANPURA,SIDDARAJU MAHADEVANAYAKA,123456789,,570008,KARNATAKA,KARNATAKA,272T KATURU JAYAPURA HOBLI MYSORE TALUK DIS TRICT KARNATAKA 570008,PREPAID,20,,,,,,
1186,,,,LEX DIGITAL,123456789,,,110053,BHAJANPURA,DELHI,BHAJANPURA,SANTHOSH KUMAR,123456789,,575017,KARNATAKA,KARNATAKA,"3/376,MUNNURU,ANGANAVADI KENDRA DAKSHINA KANNADA KARNATAKA 575017",PREPAID,20,,,,,,
1187,,,,LEX DIGITAL,123456789,,,110053,BHAJANPURA,DELHI,BHAJANPURA,RAJANNA SHASHIKIRAN,123456789,,560085,KARNATAKA,KARNATAKA,NO 711HOSAKEREHALLI BANGALORE KARNATAKA 560085,PREPAID,20,,,,,,
1188,,,,LEX DIGITAL,123456789,,,110053,BHAJANPURA,DELHI,BHAJANPURA,PRADEEPA,123456789,,573130,KARNATAKA,KARNATAKA,VADVANAHOSAHALLI VILLAGE KONANUR HOBLI ARAKALGUD TQ HASSAN KARNATAKA 573130,PREPAID,20,,,,,,
1189,,,,LEX DIGITAL,123456789,,,110053,BHAJANPURA,DELHI,BHAJANPURA,PRABHAKAR PRABHAKAR,123456789,,560051,KARNATAKA,KARNATAKA,"58,D NO 2 ND STREET BROAD WAY ROAD CROSS SHIVAJINAGAR B ANGALORE BANGALORE KARNATAKA 560051",PREPAID,20,,,,,,
1190,,,,LEX DIGITAL,123456789,,,110053,BHAJANPURA,DELHI,BHAJANPURA,YOGESH M V,123456789,,571602,KARNATAKA,KARNATAKA,"23TH WARD MADHUVANAHALLI BADAVANE K R NAGARATOWN/POST VTC:MADHUVAHALLI MADHUVANAHALLI, MYSORE KARNATAKA 571602",PREPAID,20,,,,,,
1191,,,,LEX DIGITAL,123456789,,,110053,BHAJANPURA,DELHI,BHAJANPURA,AMMULU AMMULU,123456789,,560018,KARNATAKA,KARNATAKA,NO 351 A LANEANJANAPPA GARDEN MYSORE ROAD BANGALORE SO UTH BANGLORE KARNATAKA 560018,PREPAID,20,,,,,,
1192,,,,LEX DIGITAL,123456789,,,110053,BHAJANPURA,DELHI,BHAJANPURA,FAIYAZ FAIYAZ,123456789,,560077,KARNATAKA,KARNATAKA,NO15 1ST CROSS ASHWATHNAGAR THANISANDRA MAIN ROADB ANGALORE-560077 BANGALORE KARNATAKA 560077,PREPAID,20,,,,,,
1193,,,,LEX DIGITAL,123456789,,,110053,BHAJANPURA,DELHI,BHAJANPURA,NEELESH BHARAT SHINDE,123456789,,590019,KARNATAKA,KARNATAKA,"37 KONADAPP STREET,JADHAV NAGAR SADASHIV NAGAR,POLICE STATION BELAGAVI KARNATAKA 590019",PREPAID,20,,,,,,
1194,,,,LEX DIGITAL,123456789,,,110053,BHAJANPURA,DELHI,BHAJANPURA,RAMESHA Y,123456789,,577536,KARNATAKA,KARNATAKA,VTC GIDDAPURA PO N MAHADEVAPURA SUB DISTRICT CHALLAKERE CHITRADURGA STATE KARNATAKA 577536,PREPAID,20,,,,,,
1195,,,,LEX DIGITAL,123456789,,,110053,BHAJANPURA,DELHI,BHAJANPURA,DHARMA TEJA DAMARLA,123456789,,560066,KARNATAKA,KARNATAKA,HNO201 1ST CROSS SJP LAYOUTNAGONDANAHALLI WHITEFIEL D BANGALORE KARNATAKA 560066,PREPAID,20,,,,,,
1196,,,,LEX DIGITAL,123456789,,,110053,BHAJANPURA,DELHI,BHAJANPURA,SANJAY,123456789,,563114,KARNATAKA,KARNATAKA,"S/O RAMAPPA,, INDIA, THYRANAHALLI KARAMANGALA BANGARAPET KOLAR KARNATAKA 563114",PREPAID,20,,,,,,
1197,,,,LEX DIGITAL,123456789,,,110053,BHAJANPURA,DELHI,BHAJANPURA,AJAZ PASHA,123456789,,572130,KARNATAKA,KARNATAKA,TUMAKURUKUNIGAL TOWN TUMKUR KARNATAKA 572130,PREPAID,20,,,,,,
1198,,,,LEX DIGITAL,123456789,,,110053,BHAJANPURA,DELHI,BHAJANPURA,CHEEMACHANAHALLI PATALAPPA KEMPARAJU,123456789,,562135,KARNATAKA,KARNATAKA,NO95 CHEEMACHANAHALLI VILLAGEDEVANAHALLI TALUKU BANGALORE KARNATAKA 562135,PREPAID,20,,,,,,
1199,,,,LEX DIGITAL,123456789,,,110053,BHAJANPURA,DELHI,BHAJANPURA,SANDEEP R,123456789,,562123,KARNATAKA,KARNATAKA,NO 18/3 30FEET ROAD SRI KRISHNA COLONY KUDUREGERE MAIN ALUR POST DASANAPURA HOBLI BANGALORE KARNATAKA 562123,PREPAID,20,,,,,,
1200,,,,LEX DIGITAL,123456789,,,110053,BHAJANPURA,DELHI,BHAJANPURA,AMBARESH,123456789,,585310,KARNATAKA,KARNATAKA,TALUKA JEWARGI KUTNOOR KALHANGARGA KALABURGI KALABURAGI KARNATAKA 585310,PREPAID,20,,,,,,
1201,,,,LEX DIGITAL,123456789,,,110053,BHAJANPURA,DELHI,BHAJANPURA,RAMESH S,123456789,,560059,KARNATAKA,KARNATAKA,"N0.36/2, 102 BYATARAYANAPURA BANGALORE KARNATAKA 560059",PREPAID,20,,,,,,
1202,,,,LEX DIGITAL,123456789,,,110053,BHAJANPURA,DELHI,BHAJANPURA,SWAMY BHASKARA,123456789,,571301,KARNATAKA,KARNATAKA,2242MYSORE MYSORE KARNATAKA 571301,PREPAID,20,,,,,,
1203,,,,LEX DIGITAL,123456789,,,110053,BHAJANPURA,DELHI,BHAJANPURA,VINAY KUMAR N C,123456789,,560058,KARNATAKA,KARNATAKA,"40,CHOWDESHWARI NAGAR, MUNISWARA HEGGANAHALLI,37 1ST MAIN RD, BANGALORE KARNATAKA 560058",PREPAID,20,,,,,,
1204,,,,LEX DIGITAL,123456789,,,110053,BHAJANPURA,DELHI,BHAJANPURA,SHARANAMMA B,123456789,,585201,KARNATAKA,KARNATAKA,CHATTAN AREA YADGIR YADGIRI 585201 KARNATAKA,PREPAID,20,,,,,,
1205,,,,LEX DIGITAL,123456789,,,110053,BHAJANPURA,DELHI,BHAJANPURA,SAMEER SIDDIQUE GANODWALA,123456789,,560077,KARNATAKA,KARNATAKA,GKVK MAIN ROAD BANGALORE KARNATAKA 560077,PREPAID,20,,,,,,
1206,,,,LEX DIGITAL,123456789,,,110053,BHAJANPURA,DELHI,BHAJANPURA,MANJUNATH T,123456789,,560065,KARNATAKA,KARNATAKA,122 KOLI THOTA ALLALASANDRA BANGALORE KARNATAKA 560065,PREPAID,20,,,,,,
1207,,,,LEX DIGITAL,123456789,,,110053,BHAJANPURA,DELHI,BHAJANPURA,ANANDA MANOJ KUMAR,123456789,,577202,KARNATAKA,KARNATAKA,GANDHINAGAR AGASAVALLI SHIVAMOGAGANDHINAGARA SHIMOGA KARNATAKA 577202,PREPAID,20,,,,,,
1208,,,,LEX DIGITAL,123456789,,,110053,BHAJANPURA,DELHI,BHAJANPURA,MADESH LAKSHMI MANU,123456789,,560057,KARNATAKA,KARNATAKA,173 5TH CROSS BUVAN MAIN ROADMALLASANDRA T DASARAHALLI BANGALORE KARNATAKA 560057,PREPAID,20,,,,,,
1209,,,,LEX DIGITAL,123456789,,,110053,BHAJANPURA,DELHI,BHAJANPURA,ASHOKA,123456789,,583131,KARNATAKA,KARNATAKA,UDDAGATTI THOGARIKATTE THOGARIKATTI DAVANAGERE DAVANGERE KARNATAKA 583131,PREPAID,20,,,,,,
1210,,,,LEX DIGITAL,123456789,,,110053,BHAJANPURA,DELHI,BHAJANPURA,HUNJUNALLU MUNIMAYANNA MANJULA,123456789,,572118,KARNATAKA,KARNATAKA,467 HETTHENAHALLI GULUR POST TUMKURNEAR MARAMMA TEMPL E TUMKUR KARNATAKA 572118,PREPAID,20,,,,,,
1211,,,,LEX DIGITAL,123456789,,,110053,BHAJANPURA,DELHI,BHAJANPURA,JAYADEV LAXMAN PATIL,123456789,,590014,KARNATAKA,KARNATAKA,#138 PATIL GALLI DESUR BELGAUM BELAGAVI KARNATAKA 590014,PREPAID,20,,,,,,
1212,,,,LEX DIGITAL,123456789,,,110053,BHAJANPURA,DELHI,BHAJANPURA,HAZARATH ALI SAVANUR,123456789,,580030,KARNATAKA,KARNATAKA,"98 AAROODH NAGAR,ANAND NAGAR OLD HUBLI DHARWAD KARNATAKA 580030",PREPAID,20,,,,,,
1213,,,,LEX DIGITAL,123456789,,,110053,BHAJANPURA,DELHI,BHAJANPURA,H DEVIPRASAD,123456789,,562157,KARNATAKA,KARNATAKA,"101,HOSAHALLI BANGALORE KARNATAKA 562157",PREPAID,20,,,,,,
1214,,,,LEX DIGITAL,123456789,,,110053,BHAJANPURA,DELHI,BHAJANPURA,MALLAYYA,123456789,,584115,KARNATAKA,KARNATAKA,NEAR DURUGAMMA TEMPLE VTC MALLAPUR.PO CHINCHARKI LINGASUGUR RAICHUR KARNATAKA 584115,PREPAID,20,,,,,,
1215,,,,LEX DIGITAL,123456789,,,110053,BHAJANPURA,DELHI,BHAJANPURA,BASHIRUDDIN SIRAJUDDIN KHAN,123456789,,581320,KARNATAKA,KARNATAKA,TOWNBHATKAL TOWN UTTARA KANNADA KARNATAKA 581320,PREPAID,20,,,,,,
1216,,,,LEX DIGITAL,123456789,,,110053,BHAJANPURA,DELHI,BHAJANPURA,KOTRESHA S,123456789,,583213,KARNATAKA,KARNATAKA,KUNCHUR DAVANAGERE DAVANGERE KARNATAKA 583213,PREPAID,20,,,,,,
1217,,,,LEX DIGITAL,123456789,,,110053,BHAJANPURA,DELHI,BHAJANPURA,GIRISH B B,123456789,,577514,KARNATAKA,KARNATAKA,KANDAGAL AT POST DAVANAGERE KARNATAKA 577514,PREPAID,20,,,,,,
1218,,,,LEX DIGITAL,123456789,,,110053,BHAJANPURA,DELHI,BHAJANPURA,MANJULA,123456789,,562130,KARNATAKA,KARNATAKA,NO 14 GURAVABOVI PALYA BAICHAGUPPE TAVAREKERE BENGALURU KARNATAKA 562130,PREPAID,20,,,,,,
1219,,,,LEX DIGITAL,123456789,,,110053,BHAJANPURA,DELHI,BHAJANPURA,CHIKKAMADAIAH MOHAN KUMAR,123456789,,570008,KARNATAKA,KARNATAKA,"HOUSE NUMBER 189 KANAK GIRE VIDYARNYAPURAM,MYSORE MYSORE KARNATAKA 570008",PREPAID,20,,,,,,
1220,,,,LEX DIGITAL,123456789,,,110053,BHAJANPURA,DELHI,BHAJANPURA,MAHANTESH MADAR,123456789,,587125,KARNATAKA,KARNATAKA,#120 HEMAWADGI BAGALKOT KARANATAKA 587125 KARNATAKA,PREPAID,20,,,,,,
1221,,,,LEX DIGITAL,123456789,,,110053,BHAJANPURA,DELHI,BHAJANPURA,CHANDAN KUMAR SUMAN,123456789,,560096,KARNATAKA,KARNATAKA,NO 90KHB COLONYKRISHNAANAND NAGAR BANGALORE KARNATAKA 560096,PREPAID,20,,,,,,
1222,,,,LEX DIGITAL,123456789,,,110053,BHAJANPURA,DELHI,BHAJANPURA,VASNTHA S H,123456789,,577101,KARNATAKA,KARNATAKA,S G KOPPALU JIGENEHALLI KADUR CHICKMAGALUR 577548 CHIKMAGALUR KARNATAKA 577101,PREPAID,20,,,,,,
1223,,,,LEX DIGITAL,123456789,,,110053,BHAJANPURA,DELHI,BHAJANPURA,DEVARAJU DASUDI THORE,123456789,,572218,KARNATAKA,KARNATAKA,07 SEETHRAMPALY HOODI MAIN ROAD BANGALORE SEETHRAMPAL Y NEAR BY MADAGADAMMA TEMPLE TUMKUR KARNATAKA 572218,PREPAID,20,,,,,,
1224,,,,LEX DIGITAL,123456789,,,110053,BHAJANPURA,DELHI,BHAJANPURA,PRANIL RAMESH KURANE,123456789,,591214,KARNATAKA,KARNATAKA,SHIRAGANV CHIKODI BHIM NAGAR VTC: SHIRGAON PO: SUB DISTRICT: BELAGAVI KARNATAKA 591214,PREPAID,20,,,,,,
1225,,,,LEX DIGITAL,123456789,,,110053,BHAJANPURA,DELHI,BHAJANPURA,HANAMANTH HOSAMANI,123456789,,585103,KARNATAKA,KARNATAKA,H NO 11-425/10B M S K MILL GULBARGA BAHAMANIPURA KALBURAGI KALABURAGI KARNATAKA 585103,PREPAID,20,,,,,,
1226,,,,LEX DIGITAL,123456789,,,110053,BHAJANPURA,DELHI,BHAJANPURA,SHIVANAND,123456789,,570009,KARNATAKA,KARNATAKA,"1801 , 5TH CROSS NEAR PETROL BUNK JANATHA NAGAR, PO SARASWATHIPURAM, DIST; MYSURU KARNATAKA 570009",PREPAID,20,,,,,,
1227,,,,LEX DIGITAL,123456789,,,110053,BHAJANPURA,DELHI,BHAJANPURA,SHARATH G A,123456789,,573116,KARNATAKA,KARNATAKA,"GULEHONNENAHALLI , MATTANAVILE HASAN HASSAN KARNATAKA 573116",PREPAID,20,,,,,,
1228,,,,LEX DIGITAL,123456789,,,110053,BHAJANPURA,DELHI,BHAJANPURA,HANAMANTH SA SOLINKE,123456789,,580024,KARNATAKA,KARNATAKA,KARNATAKA HUBLI ANAND NAGAR ROAD INDRAPRASTHANAGARROA DANAND INDRAPRASTHANAGARROAD DHARWAD 580024,PREPAID,20,,,,,,
1229,,,,LEX DIGITAL,123456789,,,110053,BHAJANPURA,DELHI,BHAJANPURA,SHIVANAND CHANDRASHEKHAR KURER,123456789,,591112,KARNATAKA,KARNATAKA,"JANATA PLOT, GANDIGAWAD, GANDIGWAD KHANAPUR BELGAUM BELAGAVI KARNATAKA 591112",PREPAID,20,,,,,,
1230,,,,LEX DIGITAL,123456789,,,110053,BHAJANPURA,DELHI,BHAJANPURA,RAVI NAYAKA,123456789,,571130,KARNATAKA,KARNATAKA,"72, YELWAL HOBLI, S HEMMANAHALLI VILLAGE MYSORE KARNATAKA 571130",PREPAID,20,,,,,,
1231,,,,LEX DIGITAL,123456789,,,110053,BHAJANPURA,DELHI,BHAJANPURA,HANUMEGOWDA C H,123456789,,572111,KARNATAKA,KARNATAKA,"MMARKONAHALLI AT POST AMRUTURU HOBLI KUNIGAL TQ,TUMKUR DIST TUMKUR KARNATAKA 572111",PREPAID,20,,,,,,
1232,,,,LEX DIGITAL,123456789,,,110053,BHAJANPURA,DELHI,BHAJANPURA,MANJUNATH Y M,123456789,,560105,KARNATAKA,KARNATAKA,"NO9,RUDRAMMA LAYOUT KACHINAYAKANAHALLI HENNAGARAMAIN ROAD,ANEKAL BANGALORE KARNATAKA 560105",PREPAID,20,,,,,,
1233,,,,LEX DIGITAL,123456789,,,110053,BHAJANPURA,DELHI,BHAJANPURA,NAGARAJU SANTHOSH KUMAR,123456789,,560091,KARNATAKA,KARNATAKA,LINGADHEERANA HALLIEANDRAHALLIE MAIN ROAD BANGALORE KARNATAKA 560091,PREPAID,20,,,,,,
1234,,,,LEX DIGITAL,123456789,,,110053,BHAJANPURA,DELHI,BHAJANPURA,MEGHA MEGHA,123456789,,585237,KARNATAKA,KARNATAKA,HNO - 140 MARNALA TANADA TAL SHURPUR DIST YAD GIR YADGIR KARNATAKA 585237,PREPAID,20,,,,,,
1235,,,,LEX DIGITAL,123456789,,,110053,BHAJANPURA,DELHI,BHAJANPURA,BALAPPA BHIMAPPA,123456789,,584112,KARNATAKA,KARNATAKA,"1, M GUDADUR KUSHTAGI KOPPAL KARNATAKA 584112",PREPAID,20,,,,,,
1236,,,,LEX DIGITAL,123456789,,,110053,BHAJANPURA,DELHI,BHAJANPURA,NARAYANAPPA MUNIRAJU,123456789,,561210,KARNATAKA,KARNATAKA,HOUSE COLLEGE ROAD NEAR BABU LAYOUT KOLAR KARNATAKA 561210,PREPAID,20,,,,,,
1237,,,,LEX DIGITAL,123456789,,,110053,BHAJANPURA,DELHI,BHAJANPURA,M BABU,123456789,,560037,KARNATAKA,KARNATAKA,"MARIYAMMA TEMPLE ROAD, VIBUTHIPURA NORTH MARATAHALLI COLONY BANGLORE BANGALORE KARNATAKA 560037",PREPAID,20,,,,,,
1238,,,,LEX DIGITAL,123456789,,,110053,BHAJANPURA,DELHI,BHAJANPURA,DAYANAND BALEGAR,123456789,,581318,KARNATAKA,KARNATAKA,"KAMANAGALLI ROAD , SIRSI BANAVASI UTTARA KANNADA KARNATAKA 581318",PREPAID,20,,,,,,
1239,,,,LEX DIGITAL,123456789,,,110053,BHAJANPURA,DELHI,BHAJANPURA,AMBARISH JADERI SOMASHEKHAR,123456789,,563126,KARNATAKA,KARNATAKA,09JADERI BUS STOP JADERI KOLAR KARNATAKA 563126,PREPAID,20,,,,,,
1240,,,,LEX DIGITAL,123456789,,,110053,BHAJANPURA,DELHI,BHAJANPURA,RAJESH KALATHIPARAMBIL SURENDRAN,123456789,,680123,KERALA,KERALA,"KALATHIPARAMBIL HOUSE, PO KARUMATHRA KADALAYITHRISSUR K ERALA THRISSUR KERALA 680123",PREPAID,20,,,,,,
1241,,,,LEX DIGITAL,123456789,,,110053,BHAJANPURA,DELHI,BHAJANPURA,MUHAMMED KUTTY KALLAYIL,123456789,,679304,KERALA,KERALA,KALLAYIL HOUSECHEMBRA ODUPARA PALAKKAD- KERALA 679304,PREPAID,20,,,,,,
1242,,,,LEX DIGITAL,123456789,,,110053,BHAJANPURA,DELHI,BHAJANPURA,AMEER ALAM KAMARUDDIN,123456789,,678531,KERALA,KERALA,VILLA NO 1 RAHATH MANZIL CHATHAMKULAM GARDENSTOWN PALAKKAD KERALA 678531,PREPAID,20,,,,,,
1243,,,,LEX DIGITAL,123456789,,,110053,BHAJANPURA,DELHI,BHAJANPURA,KUNCHU RAJEEV,123456789,,678004,KERALA,KERALA,"KALATHIL HOUSE,PALAKKAD PALAKKAD- KERALA 678004",PREPAID,20,,,,,,
1244,,,,LEX DIGITAL,123456789,,,110053,BHAJANPURA,DELHI,BHAJANPURA,KUNJUMON PALLIKUDIYIL VINEESH,123456789,,686664,KERALA,KERALA,PALLIKUDIYIL 23155PIRAVOM KALAMBOOR KOTTAPURAM ERNAKULAM KERALA 686664,PREPAID,20,,,,,,
1245,,,,LEX DIGITAL,123456789,,,110053,BHAJANPURA,DELHI,BHAJANPURA,RAJESH RAJESH,123456789,,680586,KERALA,KERALA,CHAKKOTTIL HOUSECHELAKKARA THRISSUR KERALA 680586,PREPAID,20,,,,,,
1246,,,,LEX DIGITAL,123456789,,,110053,BHAJANPURA,DELHI,BHAJANPURA,LALKRISHNA RAVIKUMAR,123456789,,680668,KERALA,KERALA,THAKARAMKUNNATH ALA KOTHAPARAMBA P O THRISSUR KERALA 680668,PREPAID,20,,,,,,
1247,,,,LEX DIGITAL,123456789,,,110053,BHAJANPURA,DELHI,BHAJANPURA,SIRAJUDDIN PUTHIYAVEETTIL ABDUL ASEES,123456789,,680681,KERALA,KERALA,"11 238,KOORIKUZHI THRISSUR KERALA 680681",PREPAID,20,,,,,,
1248,,,,LEX DIGITAL,123456789,,,110053,BHAJANPURA,DELHI,BHAJANPURA,CHERUVAKKARA REVI KRISHNARAAG,123456789,,680003,KERALA,KERALA,THRISSUR KERALA 680003,PREPAID,20,,,,,,
1249,,,,LEX DIGITAL,123456789,,,110053,BHAJANPURA,DELHI,BHAJANPURA,SHABEEB RAHMAN VARIKKOOTTIL,123456789,,676307,KERALA,KERALA,VARIKKOTTIL THANALUR PO TANALUR MALAPPURAM KERALA 676307,PREPAID,20,,,,,,
1250,,,,LEX DIGITAL,123456789,,,110053,BHAJANPURA,DELHI,BHAJANPURA,ALOYSIUS JOBAI,123456789,,680689,KERALA,KERALA,PANAVILA HOUSE KANAKAMALA KODAKARA THRISSURVILLAGE THRISSUR KERALA 680689,PREPAID,20,,,,,,
1251,,,,LEX DIGITAL,123456789,,,110053,BHAJANPURA,DELHI,BHAJANPURA,NAZARUDEEN K,123456789,,691011,KERALA,KERALA,SAJITHA MANZIL VALATHUNGAL P O ERAVIPURAM KOLLAM KERALA 691011,PREPAID,20,,,,,,
1252,,,,LEX DIGITAL,123456789,,,110053,BHAJANPURA,DELHI,BHAJANPURA,JINESH P A,123456789,,680302,KERALA,KERALA,PANIYATH HOUSE K S E B ROAD AMBALLUR ALAGAPPANAGAR P O THRISSUR KERALA 680302,PREPAID,20,,,,,,
1253,,,,LEX DIGITAL,123456789,,,110053,BHAJANPURA,DELHI,BHAJANPURA,MUHAMMED RASHID PACHARATHODI,123456789,,678583,KERALA,KERALA,MANNARKKAD PALAKKAD- KERALA 678583,PREPAID,20,,,,,,
1254,,,,LEX DIGITAL,123456789,,,110053,BHAJANPURA,DELHI,BHAJANPURA,VISHNU RADHAKRISHNA PANICKER,123456789,,690516,KERALA,KERALA,ALAPPUZHAKERALAHARIPAD ALAPPUZHA KERALA 690516,PREPAID,20,,,,,,
1255,,,,LEX DIGITAL,123456789,,,110053,BHAJANPURA,DELHI,BHAJANPURA,FAIZAL M A,123456789,,682002,KERALA,KERALA,8/2311 MAMMALAPARANBU MATTANCHERRY CHULLIKKAL ERNAKULAM KERALA 682002,PREPAID,20,,,,,,
1256,,,,LEX DIGITAL,123456789,,,110053,BHAJANPURA,DELHI,BHAJANPURA,BICHITRA MOHANTY,123456789,,683520,KERALA,KERALA,84ATHATHAPALITHATHAPALLINORTH PARURERNAKULAM ERNAKULAM KERALA 683520,PREPAID,20,,,,,,
1257,,,,LEX DIGITAL,123456789,,,110053,BHAJANPURA,DELHI,BHAJANPURA,ROHITH S NAIR,123456789,,686016,KERALA,KERALA,THOOTHUKUNNEL PERUMBAIKKADU VILLAGE KUMARANALLOOR P O ETTUMANOOR THELLAKOM VAIKOM NEAR VALIYALIN CHUVADU KOTTAYAM KERALA 686016,PREPAID,20,,,,,,
1258,,,,LEX DIGITAL,123456789,,,110053,BHAJANPURA,DELHI,BHAJANPURA,MARY JIBI,123456789,,683520,KERALA,KERALA,584ATHATHAPILLY PARAVUR ERNAKULAM KERALA 683520,PREPAID,20,,,,,,
1259,,,,LEX DIGITAL,123456789,,,110053,BHAJANPURA,DELHI,BHAJANPURA,JEENA SASI,123456789,,695502,KERALA,KERALA,"BETHEL BHAVAN,KURUMKUTTY THIRUVANANTHAPURAM KERALA 695502",PREPAID,20,,,,,,
1260,,,,LEX DIGITAL,123456789,,,110053,BHAJANPURA,DELHI,BHAJANPURA,SALEEMA MOL PAPPANKATTIL,123456789,,679122,KERALA,KERALA,VADAKKETHODI KANAYAM POILUR SHORNUR 2KANAYAM PALAKKAD PALAKKAD- KERALA 679122,PREPAID,20,,,,,,
1261,,,,LEX DIGITAL,123456789,,,110053,BHAJANPURA,DELHI,BHAJANPURA,GREESHMA P,123456789,,695015,KERALA,KERALA,GV E2 MURALI BHAVAN NALANCHIRA P O THIRUVANANTHAPURAM KERALA 695015,PREPAID,20,,,,,,
1262,,,,LEX DIGITAL,123456789,,,110053,BHAJANPURA,DELHI,BHAJANPURA,ABBAS KUNHUMUHAMMED,123456789,,673639,KERALA,KERALA,PUTHAN PEEDIKA HOUSE THACHAM PARAMBU MAITHRA PO URANGATTIRI MALAPPURAM KERALA 673639,PREPAID,20,,,,,,
1263,,,,LEX DIGITAL,123456789,,,110053,BHAJANPURA,DELHI,BHAJANPURA,SURYA SUNIL,123456789,,689504,KERALA,KERALA,PADINJARE VEEDU KIDANGANNUR PATHANAMTHITTA ALAPPUZHA KERALA 689504,PREPAID,20,,,,,,
1264,,,,LEX DIGITAL,123456789,,,110053,BHAJANPURA,DELHI,BHAJANPURA,SENAD MUHAMED HASHIM CHERIYA PEEDIYEKKAL,123456789,,676108,KERALA,KERALA,TIRUR MALAPPURAM KERALA 676108,PREPAID,20,,,,,,
1265,,,,LEX DIGITAL,123456789,,,110053,BHAJANPURA,DELHI,BHAJANPURA,ASHA ASHA,123456789,,695503,KERALA,KERALA,216SHOULD KOLLAYIL VILLAGE THIRUVANANTHAPURAM KERALA 695503,PREPAID,20,,,,,,
1266,,,,LEX DIGITAL,123456789,,,110053,BHAJANPURA,DELHI,BHAJANPURA,SINI ANTONY,123456789,,683546,KERALA,KERALA,489(10/562) EMBASSERY 1 VENGOOR ERNAKULAM KERALA 683546,PREPAID,20,,,,,,
1267,,,,LEX DIGITAL,123456789,,,110053,BHAJANPURA,DELHI,BHAJANPURA,VISHNU SYAMALA VISRUTHAN ASARI,123456789,,695305,KERALA,KERALA,"PUTHENVILA VEEDU, SASTHANVATTOM, THIRUVANANTHAPURAM, TRIVANDRUM KERALA 695305",PREPAID,20,,,,,,
1268,,,,LEX DIGITAL,123456789,,,110053,BHAJANPURA,DELHI,BHAJANPURA,PRAKASAN PRAKASAN,123456789,,679536,KERALA,KERALA,MADATHIL PADIPERUMANNOOR POST CHALISSERY PALAKKADVIL LAGE PALAKKAD KERALA 679536,PREPAID,20,,,,,,
1269,,,,LEX DIGITAL,123456789,,,110053,BHAJANPURA,DELHI,BHAJANPURA,RADHA P R,123456789,,689614,KERALA,KERALA,PARAKKALAYIL HOUSE KAITHAKODI KAITAHKODI P O PATHANAMTHITTA KERALA 689614,PREPAID,20,,,,,,
1270,,,,LEX DIGITAL,123456789,,,110053,BHAJANPURA,DELHI,BHAJANPURA,SANOJ SATHEESHANNAIR SARADHA,123456789,,695013,KERALA,KERALA,MYLAM ARUVIKKARA THIRUVANANTHAPURAM KERALA 695013,PREPAID,20,,,,,,
1271,,,,LEX DIGITAL,123456789,,,110053,BHAJANPURA,DELHI,BHAJANPURA,KAMLA KANT MISHRA,123456789,,485001,MADHYA PRADESH,MADHYA PRADESH,PREM VIHAR COLONY PAWAR HOUSE KE PICHE SATNA RAGHURAJNAGAR GALI NO. 3 MADHYA PRADESH 485001,PREPAID,20,,,,,,
1272,,,,LEX DIGITAL,123456789,,,110053,BHAJANPURA,DELHI,BHAJANPURA,SHAKTI KANHEYALAL,123456789,,452001,MADHYA PRADESH,MADHYA PRADESH,3223 ALOK NAGAR MUSAKHEDI INDORE MADHYA PRADESH 452001,PREPAID,20,,,,,,
1273,,,,LEX DIGITAL,123456789,,,110053,BHAJANPURA,DELHI,BHAJANPURA,MUKESH RAWAT,123456789,,482001,MADHYA PRADESH,MADHYA PRADESH,HNO C/6 SANJAVANI NAGAR RANITAL GARHA JABALPUR MADHYA PRADESH 482001,PREPAID,20,,,,,,
1274,,,,LEX DIGITAL,123456789,,,110053,BHAJANPURA,DELHI,BHAJANPURA,RAJA AHIRWAR,123456789,,480001,MADHYA PRADESH,MADHYA PRADESH,"SO NAREDRA AHIRWAR WARD N 06 SATNOOR CHHINDWARA GANGIWADA MADHYA PRADESH INDIA , 480001",PREPAID,20,,,,,,
1275,,,,LEX DIGITAL,123456789,,,110053,BHAJANPURA,DELHI,BHAJANPURA,ABHISHEK RAJPOOT,123456789,,464001,MADHYA PRADESH,MADHYA PRADESH,WARD 2 TEELE WAALI GALI VIDISHA CHOPRA MADHYA PRADESH 464001,PREPAID,20,,,,,,
1276,,,,LEX DIGITAL,123456789,,,110053,BHAJANPURA,DELHI,BHAJANPURA,ARUN,123456789,,453771,MADHYA PRADESH,MADHYA PRADESH,"143, A.B ROAD GRAM LASUDIYA PARMAR, DAKACHLA. INDOR,SAWER MADHYA PRADESH, NEAR GOVERMENT SCHOOL INDORE PRADESH 453771",PREPAID,20,,,,,,
1277,,,,LEX DIGITAL,123456789,,,110053,BHAJANPURA,DELHI,BHAJANPURA,DHARMENDRA JI,123456789,,456006,MADHYA PRADESH,MADHYA PRADESH,"01, GRAM KITHODA JAGIR, KITHODAJAGIR UJJAIN MADHYA PRADESH 456006",PREPAID,20,,,,,,
1278,,,,LEX DIGITAL,123456789,,,110053,BHAJANPURA,DELHI,BHAJANPURA,SHRAVAN PARMAR,123456789,,456776,MADHYA PRADESH,MADHYA PRADESH,01 GRAM BALODA LAKKHA BALODALAKHA BADNAGAR UJJAIN MADHYA PRADESH 456776,PREPAID,20,,,,,,
1279,,,,LEX DIGITAL,123456789,,,110053,BHAJANPURA,DELHI,BHAJANPURA,PUNEET JHA,123456789,,462023,MADHYA PRADESH,MADHYA PRADESH,"HOUSE- 216 OLD ASHOKA GARDEN, RAISEN ROAD, NEAR SILVER INN HOTEL, GARDEN BHOPAL, HUZUR, MADHYA PRADESH BHOPAL 462023",PREPAID,20,,,,,,
1280,,,,LEX DIGITAL,123456789,,,110053,BHAJANPURA,DELHI,BHAJANPURA,NAGESHWAR SOLANKI,123456789,,456441,MADHYA PRADESH,MADHYA PRADESH,GRAM CHAJJUKHEDI POST AZMABAD UJJAIN MADHYA PRADESH 456441,PREPAID,20,,,,,,
1281,,,,LEX DIGITAL,123456789,,,110053,BHAJANPURA,DELHI,BHAJANPURA,ANANDI BAI MEENA,123456789,,452018,MADHYA PRADESH,MADHYA PRADESH,INDORE MADHYA PRADESH 452018,PREPAID,20,,,,,,
1282,,,,LEX DIGITAL,123456789,,,110053,BHAJANPURA,DELHI,BHAJANPURA,ABHISHEK JAIN,123456789,,452001,MADHYA PRADESH,MADHYA PRADESH,82 KALANI NAGAR PANKAJ SCHOOL K PASS INDORE MADHYA PRADESH 452001,PREPAID,20,,,,,,
1283,,,,LEX DIGITAL,123456789,,,110053,BHAJANPURA,DELHI,BHAJANPURA,RASID MANSURI,123456789,,458883,MADHYA PRADESH,MADHYA PRADESH,MAKAN N 273 WARD NO 15 POST KHAJURI PANTH TEH SHAMGARH MANDSAUR MADHYA PRADESH 458883,PREPAID,20,,,,,,
1284,,,,LEX DIGITAL,123456789,,,110053,BHAJANPURA,DELHI,BHAJANPURA,SARDAR SINGH,123456789,,458888,MADHYA PRADESH,MADHYA PRADESH,GRAM DHABALA BHAGWAN MANDSAUR MADHYA PRADESH 458888,PREPAID,20,,,,,,
1285,,,,LEX DIGITAL,123456789,,,110053,BHAJANPURA,DELHI,BHAJANPURA,SHIVAKANT BELE,123456789,,460449,MADHYA PRADESH,MADHYA PRADESH,WARD NO 33 SANJAY GANDHI SHOBHAPUR PATHAKHEDA BETUL PATHAKHERA MADHYA PRADESH 460449,PREPAID,20,,,,,,
1286,,,,LEX DIGITAL,123456789,,,110053,BHAJANPURA,DELHI,BHAJANPURA,SADARAM MISHRILAL,123456789,,465677,MADHYA PRADESH,MADHYA PRADESH,S/O - MISHRILAL. KADIYAHAT KADIA HAT RAJGARH MADHYA PRADESH 465677,PREPAID,20,,,,,,
1287,,,,LEX DIGITAL,123456789,,,110053,BHAJANPURA,DELHI,BHAJANPURA,DINESH AHIRWAL,123456789,,455001,MADHYA PRADESH,MADHYA PRADESH,MAKAN NO 231 WARK 16 SANJAY NAGAR DEWAS GANDHI CHOUK MADHYA PRADESH 455001,PREPAID,20,,,,,,
1288,,,,LEX DIGITAL,123456789,,,110053,BHAJANPURA,DELHI,BHAJANPURA,SHANKAR GIR,123456789,,457114,MADHYA PRADESH,MADHYA PRADESH,"S/O: SHRI GIR JI, SIPAWARA POST-BARKHEDA KALA , RATLAM BARKHEDAKALAN MADHYA PRADESH 457114",PREPAID,20,,,,,,
1289,,,,LEX DIGITAL,123456789,,,110053,BHAJANPURA,DELHI,BHAJANPURA,GATTU SINGH,123456789,,458558,MADHYA PRADESH,MADHYA PRADESH,KHEDI TAHSIL SITAMAU KHAJURI GOUD MANDSAUR MADHYA PRADESH 458558,PREPAID,20,,,,,,
1290,,,,LEX DIGITAL,123456789,,,110053,BHAJANPURA,DELHI,BHAJANPURA,RAJEEV KUMAR,123456789,,464668,MADHYA PRADESH,MADHYA PRADESH,1TO180DIMADA RAISEN MADHYA PRADESH 464668,PREPAID,20,,,,,,
1291,,,,LEX DIGITAL,123456789,,,110053,BHAJANPURA,DELHI,BHAJANPURA,MEENA,123456789,,477117,MADHYA PRADESH,MADHYA PRADESH,77 TUDILA GAON GOHAD BHIND MADHYA PRADESH 477117,PREPAID,20,,,,,,
1292,,,,LEX DIGITAL,123456789,,,110053,BHAJANPURA,DELHI,BHAJANPURA,HARIBAKS ..,123456789,,465679,MADHYA PRADESH,MADHYA PRADESH,BADRI PO. PAPDEL TA. KHILCHIPUR RAJGARH MADHYA PRADESH 465679,PREPAID,20,,,,,,
1293,,,,LEX DIGITAL,123456789,,,110053,BHAJANPURA,DELHI,BHAJANPURA,SHOYABURREHMAN INNAMURREHMAN,123456789,,456006,MADHYA PRADESH,MADHYA PRADESH,63 VAJIR PARK COLONY UJJAIN MADHYA PRADESH 456006,PREPAID,20,,,,,,
1294,,,,LEX DIGITAL,123456789,,,110053,BHAJANPURA,DELHI,BHAJANPURA,ARVIND DANGI,123456789,,465669,MADHYA PRADESH,MADHYA PRADESH,GRAM MUNDLA BAJRANG NARSINGHGARH MUNDALA PO GANIYARI DIST RAJGARH MADHYA PRADESH 465669,PREPAID,20,,,,,,
1295,,,,LEX DIGITAL,123456789,,,110053,BHAJANPURA,DELHI,BHAJANPURA,SUSHIL MALVIYA,123456789,,462039,MADHYA PRADESH,MADHYA PRADESH,HOUSE NO. 77 GULAB NAGAR SABJI FORM ARERA COLONY BHOPAL HUZUR MADHYA PRADESH 462039,PREPAID,20,,,,,,
1296,,,,LEX DIGITAL,123456789,,,110053,BHAJANPURA,DELHI,BHAJANPURA,GOPAL,123456789,,473551,MADHYA PRADESH,MADHYA PRADESH,"VILLAGE DABARA POST BARA, BARA - SHIVPURI MADHYA PRADESH 473551",PREPAID,20,,,,,,
1297,,,,LEX DIGITAL,123456789,,,110053,BHAJANPURA,DELHI,BHAJANPURA,MOHD FIROJ,123456789,,456443,MADHYA PRADESH,MADHYA PRADESH,"IDGAH COLONY,MAHIDPUR MAHIDPUR UJJAIN MADHYA PRADESH 456443",PREPAID,20,,,,,,
1298,,,,LEX DIGITAL,123456789,,,110053,BHAJANPURA,DELHI,BHAJANPURA,SHARUKH,123456789,,458880,MADHYA PRADESH,MADHYA PRADESH,NEW AABDI KOTDA BUZURG KOTADA PO: BUJURG DIST MANDSAUR MADHYA PRADESH 458880,PREPAID,20,,,,,,
1299,,,,LEX DIGITAL,123456789,,,110053,BHAJANPURA,DELHI,BHAJANPURA,VISHNUPRASAD BUGHICHAND,123456789,,453661,MADHYA PRADESH,MADHYA PRADESH,KODIYA ROAD MANPUR INDORE MADHYA PRADESH 453661,PREPAID,20,,,,,,
1300,,,,LEX DIGITAL,123456789,,,110053,BHAJANPURA,DELHI,BHAJANPURA,NANDKISHORE CHOUHAN,123456789,,456550,MADHYA PRADESH,MADHYA PRADESH,DHABALA HARDU TARANA DHABLAHARDU TEH N/R CHAMUNDA MATA MANDIR UJJAIN MADHYA PRADESH 456550,PREPAID,20,,,,,,
1301,,,,LEX DIGITAL,123456789,,,110053,BHAJANPURA,DELHI,BHAJANPURA,BAJE SINGH,123456789,,465691,MADHYA PRADESH,MADHYA PRADESH,"69, WARD NO.09, DANGI MOHALLA ZIRAPUR, JIRAPUR - RAJGARH- MADHYA PRADESH 465691",PREPAID,20,,,,,,
1302,,,,LEX DIGITAL,123456789,,,110053,BHAJANPURA,DELHI,BHAJANPURA,SANJAY SHARMA,123456789,,452002,MADHYA PRADESH,MADHYA PRADESH,145/7/600 SHRIRAM TALAWALI GRAM NAVADA PANTH INDORE CITY-2 MADHYA PRADESH 452002,PREPAID,20,,,,,,
1303,,,,LEX DIGITAL,123456789,,,110053,BHAJANPURA,DELHI,BHAJANPURA,RAMLAKHAN KATARIYA,123456789,,473443,MADHYA PRADESH,MADHYA PRADESH,GRAM TARAI ASHOK NAGAR MADHYA PRADESH 473443,PREPAID,20,,,,,,
1304,,,,LEX DIGITAL,123456789,,,110053,BHAJANPURA,DELHI,BHAJANPURA,RAJU PARIHAR,123456789,,458888,MADHYA PRADESH,MADHYA PRADESH,MAKAN N 47 WARD N03 DEVPURA BAMNI PARIHAR MOHALLA MANDSAUR MADHYA PRADESH 458888,PREPAID,20,,,,,,
1305,,,,LEX DIGITAL,123456789,,,110053,BHAJANPURA,DELHI,BHAJANPURA,VIKRAM SINGH THAKUR,123456789,,458880,MADHYA PRADESH,MADHYA PRADESH,MAKAN N 11 WARD GRAM PAWTI TEH GAROTH DIST MANDSAUR MADHYA PRADESH 458880,PREPAID,20,,,,,,
1306,,,,LEX DIGITAL,123456789,,,110053,BHAJANPURA,DELHI,BHAJANPURA,PHULSINGH RAM KISHAN,123456789,,465669,MADHYA PRADESH,MADHYA PRADESH,AANDALHEDA RAJGARH MADHYA PRADESH 465669,PREPAID,20,,,,,,
1307,,,,LEX DIGITAL,123456789,,,110053,BHAJANPURA,DELHI,BHAJANPURA,KANIRAM MOTI LAL,123456789,,465679,MADHYA PRADESH,MADHYA PRADESH,SEDARA PO . SADIYAKUA RAJGARH SEDRA RAJGARH- MADHYA PRADESH 465679,PREPAID,20,,,,,,
1308,,,,LEX DIGITAL,123456789,,,110053,BHAJANPURA,DELHI,BHAJANPURA,DINESH KOL,123456789,,486331,MADHYA PRADESH,MADHYA PRADESH,WARD NO 09 GRAM RAJADHAU POST SHAHPUR SHAHPURA MADHYA PRADESH REWA 486331,PREPAID,20,,,,,,
1309,,,,LEX DIGITAL,123456789,,,110053,BHAJANPURA,DELHI,BHAJANPURA,RAHUL CHOUHAN,123456789,,455227,MADHYA PRADESH,MADHYA PRADESH,POST CHAPDA TEH BAGLI GHUDIYA GUDIYA DEWAS MADHYA PRADESH 455227,PREPAID,20,,,,,,
1310,,,,LEX DIGITAL,123456789,,,110053,BHAJANPURA,DELHI,BHAJANPURA,RAJVEER SINGH,123456789,,476111,MADHYA PRADESH,MADHYA PRADESH,KISROLI AMBAH MORENA MADHYA PRADESH 476111,PREPAID,20,,,,,,
1311,,,,LEX DIGITAL,123456789,,,110053,BHAJANPURA,DELHI,BHAJANPURA,AYAZ UDDIN,123456789,,462008,MADHYA PRADESH,MADHYA PRADESH,"165, PAL SAHAB KI GALI JAHANGIRABAD JINSI ROOD BHOPAL BERKHEDI MADHYA PRADESH 462008",PREPAID,20,,,,,,
1312,,,,LEX DIGITAL,123456789,,,110053,BHAJANPURA,DELHI,BHAJANPURA,DEVISINGH,123456789,,456665,MADHYA PRADESH,MADHYA PRADESH,BARNAWAD TARANA UJJAIN MADHYA PRADESH 456665,PREPAID,20,,,,,,
1313,,,,LEX DIGITAL,123456789,,,110053,BHAJANPURA,DELHI,BHAJANPURA,ABDUL SADIK,123456789,,465447,MADHYA PRADESH,MADHYA PRADESH,"MAKAN NO, WARD NO 3, 50/5 INDOR KOTA MARG, SOYAT KALA, VTC: SUSNER, PO: BARDA RAOJI, KALA SUSNER RAOJI SHAJAPUR MADHYA PRADESH 465447",PREPAID,20,,,,,,
1314,,,,LEX DIGITAL,123456789,,,110053,BHAJANPURA,DELHI,BHAJANPURA,SHAITAN NARSINGH PARMAR,123456789,,457779,MADHYA PRADESH,MADHYA PRADESH,DHEBAR BADI POST PIPLIYA JHABUA MADHYA PRADESH 457779,PREPAID,20,,,,,,
1315,,,,LEX DIGITAL,123456789,,,110053,BHAJANPURA,DELHI,BHAJANPURA,MANOJ,123456789,,476001,MADHYA PRADESH,MADHYA PRADESH,GRAM HANSAI POST MORENA GOAN MADHYA PRADESH 476001,PREPAID,20,,,,,,
1316,,,,LEX DIGITAL,123456789,,,110053,BHAJANPURA,DELHI,BHAJANPURA,MANJU BAI,123456789,,465679,MADHYA PRADESH,MADHYA PRADESH,GRAM KHAJLA POST SADIYAKUAA TAHSIL KHILCHIPUR RAJGARH MADHYA PRADESH 465679,PREPAID,20,,,,,,
1317,,,,LEX DIGITAL,123456789,,,110053,BHAJANPURA,DELHI,BHAJANPURA,UPENDRA SHARMA,123456789,,476229,MADHYA PRADESH,MADHYA PRADESH,GRAM GULALAI RAMPAHADI MORENA MADHYA PRADESH 476229,PREPAID,20,,,,,,
1318,,,,LEX DIGITAL,123456789,,,110053,BHAJANPURA,DELHI,BHAJANPURA,GOPAL PAWAR,123456789,,452009,MADHYA PRADESH,MADHYA PRADESH,32-DRAVID NAGAR INDORE MADHYA PRADESH 452009,PREPAID,20,,,,,,
1319,,,,LEX DIGITAL,123456789,,,110053,BHAJANPURA,DELHI,BHAJANPURA,HARI SINGH JATAV,123456789,,473551,MADHYA PRADESH,MADHYA PRADESH,GRAM RAHA KI MUDERI SHIVPURI MADHYA PRADESH 473551,PREPAID,20,,,,,,
1320,,,,LEX DIGITAL,123456789,,,110053,BHAJANPURA,DELHI,BHAJANPURA,RAKESH BANJARA,123456789,,465661,MADHYA PRADESH,MADHYA PRADESH,GRAM PANSARA SAWASDA RAJGARH RAJGARH- MADHYA PRADESH 465661,PREPAID,20,,,,,,
1321,,,,LEX DIGITAL,123456789,,,110053,BHAJANPURA,DELHI,BHAJANPURA,MAHESH CHANDRA MEWADA,123456789,,465220,MADHYA PRADESH,MADHYA PRADESH,POST SIMROL SEMLI CHACHA KALISINDH SHAJAPUR MADHYA PRADESH 465220,PREPAID,20,,,,,,
1322,,,,LEX DIGITAL,123456789,,,110053,BHAJANPURA,DELHI,BHAJANPURA,HOTAM SINGH,123456789,,477660,MADHYA PRADESH,MADHYA PRADESH,"GRAM SITARAM KI LAWAN ,GORAM ,BHIND BHIND MADHYA PRADESH 477660",PREPAID,20,,,,,,
1323,,,,LEX DIGITAL,123456789,,,110053,BHAJANPURA,DELHI,BHAJANPURA,RAJEN DAMOR,123456789,,457661,MADHYA PRADESH,MADHYA PRADESH,KHARDU BADI JHABUA MADHYA PRADESH 457661,PREPAID,20,,,,,,
1324,,,,LEX DIGITAL,123456789,,,110053,BHAJANPURA,DELHI,BHAJANPURA,DARYAV SINGH SONDIYA,123456789,,465693,MADHYA PRADESH,MADHYA PRADESH,GRAM NANDARI POST LAKHONI NANDRI JIRAPUR TAHASIL JEERAPUR RAJGARH MADHYA PRADESH 465693,PREPAID,20,,,,,,
1325,,,,LEX DIGITAL,123456789,,,110053,BHAJANPURA,DELHI,BHAJANPURA,KAMAL SINGH,123456789,,465679,MADHYA PRADESH,MADHYA PRADESH,SEDARA POST SADIYAKUA TAH KHILCHIPUR SEDRA RAJGARH MADHYA PRADESH 465679,PREPAID,20,,,,,,
1326,,,,LEX DIGITAL,123456789,,,110053,BHAJANPURA,DELHI,BHAJANPURA,GABBAR SINGH GURJAR,123456789,,476001,MADHYA PRADESH,MADHYA PRADESH,GRAM IMLIYA KA PURA POST NOORABAD JARONI - MORENA MADHYA PRADESH 476001,PREPAID,20,,,,,,
1327,,,,LEX DIGITAL,123456789,,,110053,BHAJANPURA,DELHI,BHAJANPURA,AMAR SINGH BABU KHICHI,123456789,,454111,MADHYA PRADESH,MADHYA PRADESH,"GRAM SALWAKHEDI, TEHSIL SARDARPUR, SALWA, DHAR, DHAR MADHYA PRADESH 454111",PREPAID,20,,,,,,
1328,,,,LEX DIGITAL,123456789,,,110053,BHAJANPURA,DELHI,BHAJANPURA,JITENDRA LODHI,123456789,,473331,MADHYA PRADESH,MADHYA PRADESH,GRAM SIJAWAT POST RATIKHEDA THANA ASHOK NAGAR KHAJURIYA SUBEDAR MADHYA PRADESH 473331,PREPAID,20,,,,,,
1329,,,,LEX DIGITAL,123456789,,,110053,BHAJANPURA,DELHI,BHAJANPURA,KRISHNAPAL SINGH,123456789,,457226,MADHYA PRADESH,MADHYA PRADESH,GRAM NAGDI POST LUHARI TEHSSIL JAOR A RATLAM MADHYA PRADESH 457226,PREPAID,20,,,,,,
1330,,,,LEX DIGITAL,123456789,,,110053,BHAJANPURA,DELHI,BHAJANPURA,LAL SINGH,123456789,,456665,MADHYA PRADESH,MADHYA PRADESH,BARNAWAD TARANA UJJAIN MADHYA PRADESH 456665,PREPAID,20,,,,,,
1331,,,,LEX DIGITAL,123456789,,,110053,BHAJANPURA,DELHI,BHAJANPURA,RAJLALAN SAKET,123456789,,485226,MADHYA PRADESH,MADHYA PRADESH,WARD 09 GRAM TIKURI POST LAULACHH SATNA MADHYA PRADESH 485226,PREPAID,20,,,,,,
1332,,,,LEX DIGITAL,123456789,,,110053,BHAJANPURA,DELHI,BHAJANPURA,NAIM KHAN,123456789,,466651,MADHYA PRADESH,MADHYA PRADESH,"519GA, IMLIKHEDA, SHYAMPUR VILLAGE TEHSIL SEHORE DISTRICT MP MADHYA PRADESH 466651",PREPAID,20,,,,,,
1333,,,,LEX DIGITAL,123456789,,,110053,BHAJANPURA,DELHI,BHAJANPURA,SHAMBHU OD,123456789,,458883,MADHYA PRADESH,MADHYA PRADESH,"POST SAGORIYA , TEH GAROTH GRAM GURADIYA MATA SAGORIA MANDSAUR MADHYA PRADESH 458883",PREPAID,20,,,,,,
1334,,,,LEX DIGITAL,123456789,,,110053,BHAJANPURA,DELHI,BHAJANPURA,PAWAN RATHOD,123456789,,458883,MADHYA PRADESH,MADHYA PRADESH,"KUMAR MOHALLA , GRAM CHANDWASA VILLAGE TEHSIL SHAMGARH MANDSAUR MADHYA PRADESH 458883",PREPAID,20,,,,,,
1335,,,,LEX DIGITAL,123456789,,,110053,BHAJANPURA,DELHI,BHAJANPURA,DEEPAK YADAV,123456789,,487881,MADHYA PRADESH,MADHYA PRADESH,"GRAM DURSARA, POST SINGHPUR CHHOTA, TAHASIL GADARWARA JILA NARSINGHPUR, SALI CHOKA ROAD, NARSINGHPUR MADHYA PRADESH 487881",PREPAID,20,,,,,,
1336,,,,LEX DIGITAL,123456789,,,110053,BHAJANPURA,DELHI,BHAJANPURA,JAGAT NARAYAN GUPTA,123456789,,284003,UTTAR PRADESH,UTTAR PRADESH,B-406 AVAS VIKAS COLONY JHANSI SIPRI BAZAR UTTAR PRADESH 284003,PREPAID,20,,,,,,
1337,,,,LEX DIGITAL,123456789,,,110053,BHAJANPURA,DELHI,BHAJANPURA,ASHOK GHETE,123456789,,452001,MADHYA PRADESH,MADHYA PRADESH,"599, HANUMAN MANDIR KE PASS, NIRANJANPUR, INDORE, NIRANJANPUR INDORE MADHYA PRADESH 452001",PREPAID,20,,,,,,
1338,,,,LEX DIGITAL,123456789,,,110053,BHAJANPURA,DELHI,BHAJANPURA,DEVENDRA YADAV,123456789,,473287,MADHYA PRADESH,MADHYA PRADESH,GRAM MERKHEDI POST PARKANA TEHSIL RAGHOGARH GUNA MADHYA PRADESH . 473287,PREPAID,20,,,,,,
1339,,,,LEX DIGITAL,123456789,,,110053,BHAJANPURA,DELHI,BHAJANPURA,VIJAY,123456789,,456550,MADHYA PRADESH,MADHYA PRADESH,GRAM RUDHAHEDA TEHSIL GHATTIYA J JILA UJJAIN RUDAHEDA MADHYA PRADESH 456550,PREPAID,20,,,,,,
1340,,,,LEX DIGITAL,123456789,,,110053,BHAJANPURA,DELHI,BHAJANPURA,SANDEEP SINGH SURYAVANSHI,123456789,,465113,MADHYA PRADESH,MADHYA PRADESH,WARD NO 03 JARKHI POST MAKODI.MAKODI. SHAJAPUR MADHYA PRADESH 465113,PREPAID,20,,,,,,
1341,,,,LEX DIGITAL,123456789,,,110053,BHAJANPURA,DELHI,BHAJANPURA,KUSHAL,123456789,,452001,MADHYA PRADESH,MADHYA PRADESH,497/10/E NANDBAAG INDORE NAND BAGH COLONY MADHYA PRADESH 452001,PREPAID,20,,,,,,
1342,,,,LEX DIGITAL,123456789,,,110053,BHAJANPURA,DELHI,BHAJANPURA,NAGULALJI,123456789,,456668,MADHYA PRADESH,MADHYA PRADESH,BHAGVTPUR BHAGWATPUR UJJAIN MAKDONE MADHYA PRADESH 456668,PREPAID,20,,,,,,
1343,,,,LEX DIGITAL,123456789,,,110053,BHAJANPURA,DELHI,BHAJANPURA,JAGATRAM AHIRWAR,123456789,,471111,MADHYA PRADESH,MADHYA PRADESH,GRAM-RAGAULI POST-IMILIYA TEH-NOWGONG DISTT-CHHATARPUR MP CHHATARPUR MADHYA PRADESH 471111,PREPAID,20,,,,,,
1344,,,,LEX DIGITAL,123456789,,,110053,BHAJANPURA,DELHI,BHAJANPURA,RAJENDRA GURJAR,123456789,,465669,MADHYA PRADESH,MADHYA PRADESH,"WARD N 03 SURAJPOL, KOTI BAAGH NARSINGHGARH RAJGARH MADHYA PRADESH 465669",PREPAID,20,,,,,,
1345,,,,LEX DIGITAL,123456789,,,110053,BHAJANPURA,DELHI,BHAJANPURA,ADIL SHAH,123456789,,465110,MADHYA PRADESH,MADHYA PRADESH,MAKAN NO 1239 WARD 18 GRAM BERCHHA SHAJAPUR MADHYA PRADESH 465110,PREPAID,20,,,,,,
1346,,,,LEX DIGITAL,123456789,,,110053,BHAJANPURA,DELHI,BHAJANPURA,BHERULAL BHATI,123456789,,458990,MADHYA PRADESH,MADHYA PRADESH,MAKAN N 23 WARD 7 TEH. SETAMAU POST KHEDA DHARAKHEDI MANDSAUR MADHYA PRADESH 458990,PREPAID,20,,,,,,
1347,,,,LEX DIGITAL,123456789,,,110053,BHAJANPURA,DELHI,BHAJANPURA,MUNNI,123456789,,476219,MADHYA PRADESH,MADHYA PRADESH,GRAM BUDHWALI TILAVALI MORENA MADHYA PRADESH 476219,PREPAID,20,,,,,,
1348,,,,LEX DIGITAL,123456789,,,110053,BHAJANPURA,DELHI,BHAJANPURA,KAMAL SINGH HARBAGAS,123456789,,473118,MADHYA PRADESH,MADHYA PRADESH,"SHYAMPURA, GUNA, CHACHAUDA GUNA MADHYA PRADESH 473118",PREPAID,20,,,,,,
1349,,,,LEX DIGITAL,123456789,,,110053,BHAJANPURA,DELHI,BHAJANPURA,VINIT KUMAR MISHRA,123456789,,453441,MADHYA PRADESH,MADHYA PRADESH,UTKARSH PREDISE MHOW BHATKHEDI INDORE MADHYA PRADESH 453441,PREPAID,20,,,,,,
1350,,,,LEX DIGITAL,123456789,,,110053,BHAJANPURA,DELHI,BHAJANPURA,KRISHNAKANT KUSHWAH,123456789,,464665,MADHYA PRADESH,MADHYA PRADESH,"374, KUSHWAH MOHALLA, BHARKACHH, BHARKACHCHH KALAN, RAISEN, BHARKAICHIN, . RAISEN MADHYA PRADESH 464665",PREPAID,20,,,,,,
1351,,,,LEX DIGITAL,123456789,,,110053,BHAJANPURA,DELHI,BHAJANPURA,LAL SINGH VERMA,123456789,,465693,MADHYA PRADESH,MADHYA PRADESH,GRAM BHANPURA POST TAHSIL JIRAPUR RAJGARH MADHYA PRADESH 465693,PREPAID,20,,,,,,
1352,,,,LEX DIGITAL,123456789,,,110053,BHAJANPURA,DELHI,BHAJANPURA,DINESH SHARMA,123456789,,477557,MADHYA PRADESH,MADHYA PRADESH,BHRADWAJ NAGAR MEHGAON BHIND MADHYA PRADESH 477557,PREPAID,20,,,,,,
1353,,,,LEX DIGITAL,123456789,,,110053,BHAJANPURA,DELHI,BHAJANPURA,PAVAN UIKEY,123456789,,480999,MADHYA PRADESH,MADHYA PRADESH,"DONDAWANI, DHANORA, DHANAURA, SEONI SHAHPUR KUTHAR BHOPAL TEHSIL HUZUR MADHYA PRADESH 480999",PREPAID,20,,,,,,
1354,,,,LEX DIGITAL,123456789,,,110053,BHAJANPURA,DELHI,BHAJANPURA,BALRAM GURJAR,123456789,,465674,MADHYA PRADESH,MADHYA PRADESH,GRAM PANCHAYAT BALCHIDI POST KACHNARIYA RAJGARH MADHYA PRADESH 465674,PREPAID,20,,,,,,
1355,,,,LEX DIGITAL,123456789,,,110053,BHAJANPURA,DELHI,BHAJANPURA,GOPAL PRABHULAL,123456789,,458389,MADHYA PRADESH,MADHYA PRADESH,WAED NO 17 DEVRA CHOUK LADUNA SITAMAU MANDSOUR MANDSAUR MADHYA PRADESH 458389,PREPAID,20,,,,,,
1356,,,,LEX DIGITAL,123456789,,,110053,BHAJANPURA,DELHI,BHAJANPURA,J RAKUYUI PFOZHE,123456789,,795129,MANIPUR,MANIPUR,HOUSE NO. 24 PHYAPOU SADAR HILLS WEST SUB-DIVISION KANGPOKPI SENAPATI MANIPUR 795129,PREPAID,20,,,,,,
1357,,,,LEX DIGITAL,123456789,,,110053,BHAJANPURA,DELHI,BHAJANPURA,PRADIP SOLANKI,123456789,,456668,MADHYA PRADESH,MADHYA PRADESH,GRAM- TILAVDI TEH TARANA UJJAIN MADHYA PRADESH 456668,PREPAID,20,,,,,,
1358,,,,LEX DIGITAL,123456789,,,110053,BHAJANPURA,DELHI,BHAJANPURA,RAHUL SINGH TOMAR,123456789,,476111,MADHYA PRADESH,MADHYA PRADESH,WARD NO 12 AAMAD THOK LUDHAWALI AMBAH MORENA MADHYA PRADESH 476111,PREPAID,20,,,,,,
1359,,,,LEX DIGITAL,123456789,,,110053,BHAJANPURA,DELHI,BHAJANPURA,GOVIND LAL SINGH,123456789,,465001,MADHYA PRADESH,MADHYA PRADESH,"GRAM PIPLIYA NOVLAY,TEH MO. BADODIYA,JILA SHAJAPUR,PIPLIYA NOVLAY,DUPADA,SHAJAPUR,DUPADA SHAJAPUR MADHYA PRADESH 465001",PREPAID,20,,,,,,
1360,,,,LEX DIGITAL,123456789,,,110053,BHAJANPURA,DELHI,BHAJANPURA,DHARMENDRA SINGH,123456789,,475330,MADHYA PRADESH,MADHYA PRADESH,INDERGARH SUBHASHPURA DISTT SHIVPURI GWALIOR MADHYA PRADESH 475330,PREPAID,20,,,,,,
1361,,,,LEX DIGITAL,123456789,,,110053,BHAJANPURA,DELHI,BHAJANPURA,VED PRAKASH CHATURVEDI,123456789,,485226,MADHYA PRADESH,MADHYA PRADESH,S/O BALESH PRASAD CHATURVEDI HALAWAN POST BAIRAHANA SATNA MADHYA PRADESH 485226,PREPAID,20,,,,,,
1362,,,,LEX DIGITAL,123456789,,,110053,BHAJANPURA,DELHI,BHAJANPURA,SHANKAR LAL GOUND,123456789,,487001,MADHYA PRADESH,MADHYA PRADESH,MU KHAMARIYA PO MUNGWANI NARSINGHPUR MADHYA PRADESH 487001,PREPAID,20,,,,,,
1363,,,,LEX DIGITAL,123456789,,,110053,BHAJANPURA,DELHI,BHAJANPURA,RAJU HARIJAN,123456789,,465669,MADHYA PRADESH,MADHYA PRADESH,BERIYA KHEDI RAJGARH GANGAHONI RAJGARH- MADHYA PRADESH 465669,PREPAID,20,,,,,,
1364,,,,LEX DIGITAL,123456789,,,110053,BHAJANPURA,DELHI,BHAJANPURA,RAKESH BALAI,123456789,,457114,MADHYA PRADESH,MADHYA PRADESH,MKAN NO WARD 13 BARGAD KE PED PASS TAH TAL POST KASARI HAROD RATLAM MADHYA PRADESH 457114,PREPAID,20,,,,,,
1365,,,,LEX DIGITAL,123456789,,,110053,BHAJANPURA,DELHI,BHAJANPURA,MANSHARAM,123456789,,477555,MADHYA PRADESH,MADHYA PRADESH,GRAM BHEEMPURA POST PHOOP BHIND MADHYA PRADESH 477555,PREPAID,20,,,,,,
1366,,,,LEX DIGITAL,123456789,,,110053,BHAJANPURA,DELHI,BHAJANPURA,BAURA GOUND,123456789,,470880,MADHYA PRADESH,MADHYA PRADESH,"156, ADHROTA, GRAM DAMOH, PATNARAJA ADHROTHA DAMOH MADHYA PRADESH 470880",PREPAID,20,,,,,,
1367,,,,LEX DIGITAL,123456789,,,110053,BHAJANPURA,DELHI,BHAJANPURA,ASHISH KUMAR GAUTAM,123456789,,485773,MADHYA PRADESH,MADHYA PRADESH,S/O RAMJI GAUTAM MAKAN NO WARD 013 GRAM BORI POST PAKARIYA AMADARA SATNA MADHYA PRADESH 485773,PREPAID,20,,,,,,
1368,,,,LEX DIGITAL,123456789,,,110053,BHAJANPURA,DELHI,BHAJANPURA,KAMAL MEVADA,123456789,,465337,MADHYA PRADESH,MADHYA PRADESH,MAKAN-N-439 WARD-N-14 TEH KALAPIPAL NANDNI PRATAP PURA ROD PAR SHAJAPUR MADHYA PRADESH 465337,PREPAID,20,,,,,,
1369,,,,LEX DIGITAL,123456789,,,110053,BHAJANPURA,DELHI,BHAJANPURA,MITHLESH DEVI,123456789,,476115,MADHYA PRADESH,MADHYA PRADESH,GRAM BAGHEL KOLUA PORSA MORENA MADHYA PRADESH 476115,PREPAID,20,,,,,,
1370,,,,LEX DIGITAL,123456789,,,110053,BHAJANPURA,DELHI,BHAJANPURA,HALKE BHAIYA,123456789,,464668,MADHYA PRADESH,MADHYA PRADESH,NEAR SHIVA GARDEN TALAIYA MOHALLA KAMTON KAMTONE RAISEN MADHYA PRADESH 464668,PREPAID,20,,,,,,
1371,,,,LEX DIGITAL,123456789,,,110053,BHAJANPURA,DELHI,BHAJANPURA,KHERURAM YADAV,123456789,,473793,MADHYA PRADESH,MADHYA PRADESH,GRAM KHAIRAIDABAR POST ENCHAWADA BAIRAD SHIVPURI AINCHWARA MADHYA PRADESH 473793,PREPAID,20,,,,,,
1372,,,,LEX DIGITAL,123456789,,,110053,BHAJANPURA,DELHI,BHAJANPURA,VISHWANATH SINGH,123456789,,486881,MADHYA PRADESH,MADHYA PRADESH,KURSA DHONGA DEOSAR SINGRAULI MADHYA PRADESH 486881,PREPAID,20,,,,,,
1373,,,,LEX DIGITAL,123456789,,,110053,BHAJANPURA,DELHI,BHAJANPURA,PRDIP GHANASHYAM,123456789,,466651,MADHYA PRADESH,MADHYA PRADESH,"188, KH, COLONY BAIRAGARH KHUMAN, COLONY, VILLAGE BAIRAGAD TEHSIL SEHORE, DISTRICT SEHORE MP MADHYA PRADESH 466651",PREPAID,20,,,,,,
1374,,,,LEX DIGITAL,123456789,,,110053,BHAJANPURA,DELHI,BHAJANPURA,NAVEEN GURJAR,123456789,,476221,MADHYA PRADESH,MADHYA PRADESH,WARD NO. 13 POST OFFICE ROAD PURANA JOURA MORENA MADHYA PRADESH 476221,PREPAID,20,,,,,,
1375,,,,LEX DIGITAL,123456789,,,110053,BHAJANPURA,DELHI,BHAJANPURA,MEENA BAI,123456789,,464001,MADHYA PRADESH,MADHYA PRADESH,KILE ANDAR KAYASTHPURA WARD N 5 VIDISHA MADHYA PRADESH 464001,PREPAID,20,,,,,,
1376,,,,LEX DIGITAL,123456789,,,110053,BHAJANPURA,DELHI,BHAJANPURA,SHIV CHARAN YADAV,123456789,,473110,MADHYA PRADESH,MADHYA PRADESH,GRAM PURENA DORANA GUNA MADHYA PRADESH 473110,PREPAID,20,,,,,,
1377,,,,LEX DIGITAL,123456789,,,110053,BHAJANPURA,DELHI,BHAJANPURA,ARJUN VERMA,123456789,,465691,MADHYA PRADESH,MADHYA PRADESH,"WARD 09, GANDHI BASTI ZIRAPUR JIRAPUR ZEERAPUR RAJGARH MADHYA PRADESH 465691",PREPAID,20,,,,,,
1378,,,,LEX DIGITAL,123456789,,,110053,BHAJANPURA,DELHI,BHAJANPURA,MAHAVEER MEENA,123456789,,476339,MADHYA PRADESH,MADHYA PRADESH,GRAM MED KHEDI POST MAKADAWADA KALAN TAHSIL BARODA SHEOPUR MADHYA PRADESH 476339,PREPAID,20,,,,,,
1379,,,,LEX DIGITAL,123456789,,,110053,BHAJANPURA,DELHI,BHAJANPURA,NARENDRA KUMAR JHARIYA,123456789,,487001,MADHYA PRADESH,MADHYA PRADESH,YADAV COLONY GALI NO 1 NARSINGHPUR MADHYA PRADESH 487001,PREPAID,20,,,,,,
1380,,,,LEX DIGITAL,123456789,,,110053,BHAJANPURA,DELHI,BHAJANPURA,REETA MALVIYA,123456789,,458556,MADHYA PRADESH,MADHYA PRADESH,MAKAN NO 254 WARD 10 GRAM RATAN PIPLIYA POST MAGRANA TEH MALHARGARH JILA MANDSAUR PIPLYA MADHYA PRADESH 458556,PREPAID,20,,,,,,
1381,,,,LEX DIGITAL,123456789,,,110053,BHAJANPURA,DELHI,BHAJANPURA,LAKHAN GURJAR,123456789,,465693,MADHYA PRADESH,MADHYA PRADESH,GRAM KACHNARIYA POST PIPLYA KULMI TEHSIL ZIRAPUR DIST RAJGARH MADHYA PRADESH 465693,PREPAID,20,,,,,,
1382,,,,LEX DIGITAL,123456789,,,110053,BHAJANPURA,DELHI,BHAJANPURA,MANISH RAJARAM,123456789,,480115,MADHYA PRADESH,MADHYA PRADESH,"BINJHWADA, BIJHAWARA CHHINDWARA MADHYA PRADESH 480115",PREPAID,20,,,,,,
1383,,,,LEX DIGITAL,123456789,,,110053,BHAJANPURA,DELHI,BHAJANPURA,JAGDISH BERULAL,123456789,,456668,MADHYA PRADESH,MADHYA PRADESH,HATHI BAD NANDED TARANA UJJAIN MADHYA PRADESH 456668,PREPAID,20,,,,,,
1384,,,,LEX DIGITAL,123456789,,,110053,BHAJANPURA,DELHI,BHAJANPURA,GANGA SHARMA,123456789,,451111,MADHYA PRADESH,MADHYA PRADESH,RAILWAY STATION ROAD GANESH MANDIR KE PAS SANAWAD WEST NIMAR MADHYA PRADESH 451111,PREPAID,20,,,,,,
1385,,,,LEX DIGITAL,123456789,,,110053,BHAJANPURA,DELHI,BHAJANPURA,RADHESHYAM SARAWAT,123456789,,465693,MADHYA PRADESH,MADHYA PRADESH,GRAM GULKHEDI POST BADGAON TAHSIL JIRAPUR RAJGARH MACHALPUR MADHYA PRADESH 465693,PREPAID,20,,,,,,
1386,,,,LEX DIGITAL,123456789,,,110053,BHAJANPURA,DELHI,BHAJANPURA,JITENDRA MEENA,123456789,,456001,MADHYA PRADESH,MADHYA PRADESH,"PRAJAPAT NAGAR,ATIRIKAT WISHW BANK COLONY, UJJAIN, MADHYA PRADESH 456001 NAGARATIRIKAT COLONY UJJAIN",PREPAID,20,,,,,,
1387,,,,LEX DIGITAL,123456789,,,110053,BHAJANPURA,DELHI,BHAJANPURA,ADITYA NIGAM,123456789,,471001,MADHYA PRADESH,MADHYA PRADESH,QUARTER NUMBER G 4 NEW COLONY CHHATARPUR BAGAUTA BIJAWAR INFRONT JAGDEESH SHUKLA MADHYA PRADESH 471001,PREPAID,20,,,,,,
1388,,,,LEX DIGITAL,123456789,,,110053,BHAJANPURA,DELHI,BHAJANPURA,NEELU YADAV,123456789,,452001,MADHYA PRADESH,MADHYA PRADESH,SHIV DARSHAN NAGAR MUSAKHEDI INDORE MADHYA PRADESH 452001,PREPAID,20,,,,,,
1389,,,,LEX DIGITAL,123456789,,,110053,BHAJANPURA,DELHI,BHAJANPURA,KANIRAM SISODIYA,123456789,,465679,MADHYA PRADESH,MADHYA PRADESH,GRAM RAMGANJ POST DOLAJ TAHSIL KHILCHIPUR RAJGARH RAJGARH- MADHYA PRADESH 465679,PREPAID,20,,,,,,
1390,,,,LEX DIGITAL,123456789,,,110053,BHAJANPURA,DELHI,BHAJANPURA,NADEEM SHAIKH,123456789,,452007,MADHYA PRADESH,MADHYA PRADESH,9/1 DOULAT GANJ INDORE MADHYA PRADESH 452007,PREPAID,20,,,,,,
1391,,,,LEX DIGITAL,123456789,,,110053,BHAJANPURA,DELHI,BHAJANPURA,DURJAN MEHAR,123456789,,463111,MADHYA PRADESH,MADHYA PRADESH,"MEGRA KALAN, KALAN BHOPAL MADHYA PRADESH 463111",PREPAID,20,,,,,,
1392,,,,LEX DIGITAL,123456789,,,110053,BHAJANPURA,DELHI,BHAJANPURA,RODSINGH BANJARA,123456789,,465441,MADHYA PRADESH,MADHYA PRADESH,M N 99 PO GATA TEH AGAR JETPURA SHAJAPUR MADHYA PRADESH 465441,PREPAID,20,,,,,,
1393,,,,LEX DIGITAL,123456789,,,110053,BHAJANPURA,DELHI,BHAJANPURA,GAJENDER SINGH,123456789,,284001,UTTAR PRADESH,UTTAR PRADESH,MISHRA COLONY NEAR SAPNA GARDEN PICHHOR JHANSI KHAS UTTAR PRADESH 284001,PREPAID,20,,,,,,
1394,,,,LEX DIGITAL,123456789,,,110053,BHAJANPURA,DELHI,BHAJANPURA,BADANSINGH RAWAT,123456789,,476335,MADHYA PRADESH,MADHYA PRADESH,"BAROTHA, GRAM BAROTHA , KAIMARA KALAN MORENA, KEMARA MADHYA PRADESH SHEOPUR 476335",PREPAID,20,,,,,,
1395,,,,LEX DIGITAL,123456789,,,110053,BHAJANPURA,DELHI,BHAJANPURA,MAHESH ARJARIYA,123456789,,471111,MADHYA PRADESH,MADHYA PRADESH,"WARD NUMBER 2,ARJARIYA COLONY, HARPALPUR CHHATARPUR MADHYA PRADESH 471111",PREPAID,20,,,,,,
1396,,,,LEX DIGITAL,123456789,,,110053,BHAJANPURA,DELHI,BHAJANPURA,RAMCHARAN MALVIYA,123456789,,453771,MADHYA PRADESH,MADHYA PRADESH,LASUDIYA KAANKAD VISTARA TOWNSHIP KE PASS INDORE NEAR SANTOSH KIRANA STORE MADHYA PRADESH 453771,PREPAID,20,,,,,,
1397,,,,LEX DIGITAL,123456789,,,110053,BHAJANPURA,DELHI,BHAJANPURA,KAMAL AJNAR,123456789,,457882,MADHYA PRADESH,MADHYA PRADESH,PUJARA FALIYA ALIRAJPUR MADHYA PRADESH 457882,PREPAID,20,,,,,,
1398,,,,LEX DIGITAL,123456789,,,110053,BHAJANPURA,DELHI,BHAJANPURA,SEETARANI PATEL,123456789,,470227,MADHYA PRADESH,MADHYA PRADESH,"SAHAJPURI KHURD, KHURD REHLI SAGAR MADHYA PRADESH 470227",PREPAID,20,,,,,,
1399,,,,LEX DIGITAL,123456789,,,110053,BHAJANPURA,DELHI,BHAJANPURA,ASHUTOSH SINGH,123456789,,486223,MADHYA PRADESH,MADHYA PRADESH,MAHUHA TOLA JAWA REWA MADHYA PRADESH 486223,PREPAID,20,,,,,,
1400,,,,LEX DIGITAL,123456789,,,110053,BHAJANPURA,DELHI,BHAJANPURA,BABULAL AHIRWAR,123456789,,471408,MADHYA PRADESH,MADHYA PRADESH,"HOUSE NUMBER 59, WARD 16 NEAR NEEM, AURIYA, HIMMATPURA CHHATARPUR MADHYA PRADESH 471408",PREPAID,20,,,,,,
1401,,,,LEX DIGITAL,123456789,,,110053,BHAJANPURA,DELHI,BHAJANPURA,MAHENDRA DANGI,123456789,,465116,MADHYA PRADESH,MADHYA PRADESH,WARD NO 06 NICHE KA SATH MORTA KEVDI TEHSIL POLAY KALAN MORTAKEWADI MORTAKHEVDI SHUJALPUR SHAJAPUR MADHYA PRADESH 465116,PREPAID,20,,,,,,
1402,,,,LEX DIGITAL,123456789,,,110053,BHAJANPURA,DELHI,BHAJANPURA,MAN SINGH BANJARA,123456789,,458220,MADHYA PRADESH,MADHYA PRADESH,GRAM-KHEDA BANGRED THE-JAWAD NEEMUCH MADHYA PRADESH 458220,PREPAID,20,,,,,,
1403,,,,LEX DIGITAL,123456789,,,110053,BHAJANPURA,DELHI,BHAJANPURA,DEVENDRA,123456789,,465337,MADHYA PRADESH,MADHYA PRADESH,"MAKAN NO-179/1 WARD 5 ,NANDNI,SHAJAPUR, TEHSIL KALPIPAL , SHAJAPUR MADHYA PRADESH 465337",PREPAID,20,,,,,,
1404,,,,LEX DIGITAL,123456789,,,110053,BHAJANPURA,DELHI,BHAJANPURA,SANTOSH KUMAR DOHARE,123456789,,462010,MADHYA PRADESH,MADHYA PRADESH,H.NO 15 CHAAND BAD KHUSIPURA HUZUR SIKANDRI SARAAI BHOPAL M.P MADHYA PRADESH 462010,PREPAID,20,,,,,,
1405,,,,LEX DIGITAL,123456789,,,110053,BHAJANPURA,DELHI,BHAJANPURA,AZAM EHMAD,123456789,,450001,MADHYA PRADESH,MADHYA PRADESH,WARD NO.45 INDRA NAGAR CHIPA COLONY KHANDWA EAST NIMAR MADHYA PRADESH 450001,PREPAID,20,,,,,,
1406,,,,LEX DIGITAL,123456789,,,110053,BHAJANPURA,DELHI,BHAJANPURA,BHAGWAN SINGH PARMAR,123456789,,465693,MADHYA PRADESH,MADHYA PRADESH,GRAAM BADGAON POST TAHSIL ZIRAPUR RAJGARH MADHYA PRADESH 465693,PREPAID,20,,,,,,
1407,,,,LEX DIGITAL,123456789,,,110053,BHAJANPURA,DELHI,BHAJANPURA,PEERU LAL,123456789,,457001,MADHYA PRADESH,MADHYA PRADESH,"MAKAN NO, WARD BANJALI, BANJLI, RATLAM MADHYA PRADESH 457001",PREPAID,20,,,,,,
1408,,,,LEX DIGITAL,123456789,,,110053,BHAJANPURA,DELHI,BHAJANPURA,RAMKUMAR SINGH,123456789,,452010,MADHYA PRADESH,MADHYA PRADESH,"491, BHAGIRATHPURA POOJA TENT BALI GALI INDORE MADHYA PRADESH 452010",PREPAID,20,,,,,,
1409,,,,LEX DIGITAL,123456789,,,110053,BHAJANPURA,DELHI,BHAJANPURA,KISHAN NATH,123456789,,457336,MADHYA PRADESH,MADHYA PRADESH,WARD 02 POST MATAMGANJ GAV. DHATRAWDA RATLAM MADHYA PRADESH 457336,PREPAID,20,,,,,,
1410,,,,LEX DIGITAL,123456789,,,110053,BHAJANPURA,DELHI,BHAJANPURA,BIRESING DHURVE,123456789,,460220,MADHYA PRADESH,MADHYA PRADESH,"WARD NO. 18, GRAM - JUNAPANI, SAWAL MENDHA RYT, BETUL, SAWALMENDHA, MADHYA PRADESH, 460220 SAWALMENDA BHAINSDEHI BETUL PRADESH",PREPAID,20,,,,,,
1411,,,,LEX DIGITAL,123456789,,,110053,BHAJANPURA,DELHI,BHAJANPURA,MUSKAN NAMDEV,123456789,,480223,MADHYA PRADESH,MADHYA PRADESH,WARD NUMBER 07 HINDUSTAN LEEVER LEHGADUA GRAM LALGADUA SARNA CHHINDWARA MADHYA PRADESH 480223,PREPAID,20,,,,,,
1412,,,,LEX DIGITAL,123456789,,,110053,BHAJANPURA,DELHI,BHAJANPURA,HOTAM SINGH,123456789,,477660,MADHYA PRADESH,MADHYA PRADESH,"GRAM SITARAM KI LAWAN ,GORAM ,BHIND BHIND MADHYA PRADESH 477660",PREPAID,20,,,,,,
1413,,,,LEX DIGITAL,123456789,,,110053,BHAJANPURA,DELHI,BHAJANPURA,HEMANT SINGH DEVDA,123456789,,457333,MADHYA PRADESH,MADHYA PRADESH,"MAKAN NO 182, WARD 12, TAH-PIPLODA BACHHODIYA RATLAM MADHYA PRADESH 457333",PREPAID,20,,,,,,
1414,,,,LEX DIGITAL,123456789,,,110053,BHAJANPURA,DELHI,BHAJANPURA,PANKAJ PORWAL,123456789,,456440,MADHYA PRADESH,MADHYA PRADESH,MAIN ROAD MAHIDPUR UJJAIN MADHYA PRADESH 456440,PREPAID,20,,,,,,
1415,,,,LEX DIGITAL,123456789,,,110053,BHAJANPURA,DELHI,BHAJANPURA,KASIYA KUSHWAHA,123456789,,471001,MADHYA PRADESH,MADHYA PRADESH,VILL HATWAHA POST LAKHERI TEH RAJNAGAR CHHATRPUR CHHATARPUR MADHYA PRADESH 471001,PREPAID,20,,,,,,
1416,,,,LEX DIGITAL,123456789,,,110053,BHAJANPURA,DELHI,BHAJANPURA,SAMEER KHAN,123456789,,474010,MADHYA PRADESH,MADHYA PRADESH,00 CHAMBAL COLONY MOTIJHEEL GIRD GWALIOR THANA BAHODAPUR MADHYA PRADESH 474010,PREPAID,20,,,,,,
1417,,,,LEX DIGITAL,123456789,,,110053,BHAJANPURA,DELHI,BHAJANPURA,MOHAN PREM SINGH,123456789,,462010,MADHYA PRADESH,MADHYA PRADESH,"H. N. 90 AAMONI. AAMONI BALAMPUR, BHOPAL- BHOPAL MADHYA PRADESH 462010",PREPAID,20,,,,,,
1418,,,,LEX DIGITAL,123456789,,,110053,BHAJANPURA,DELHI,BHAJANPURA,SURENDRA KALICHARAN,123456789,,284303,UTTAR PRADESH,UTTAR PRADESH,"LUDHIYAI, LUDHIYAI JHANSI UTTAR PRADESH 284303",PREPAID,20,,,,,,
1419,,,,LEX DIGITAL,123456789,,,110053,BHAJANPURA,DELHI,BHAJANPURA,BHAGWAN DAS KUSHWAHA,123456789,,472338,MADHYA PRADESH,MADHYA PRADESH,GRAM RAJAPUR NARAI KHIRAK POST LADWARI TAH NIWARI TIKAMGARH MADHYA PRADESH 472338,PREPAID,20,,,,,,
1420,,,,LEX DIGITAL,123456789,,,110053,BHAJANPURA,DELHI,BHAJANPURA,MAHENDRA SINGH DHAKAD,123456789,,473105,MADHYA PRADESH,MADHYA PRADESH,GRAM DONGARKHEDI POST COLONY DONGAR KHEDI GUNA RAMPURCOLONY MADHYA PRADESH 473105,PREPAID,20,,,,,,
1421,,,,LEX DIGITAL,123456789,,,110053,BHAJANPURA,DELHI,BHAJANPURA,SOORAJ KEVAT,123456789,,452015,MADHYA PRADESH,MADHYA PRADESH,"484, KUMEDI KANKAD, SANWER ROAD , INDORE . MADHYA PRADESH 452015",PREPAID,20,,,,,,
1422,,,,LEX DIGITAL,123456789,,,110053,BHAJANPURA,DELHI,BHAJANPURA,BHARAT SEN,123456789,,471525,MADHYA PRADESH,MADHYA PRADESH,VILL-VYASH BADORA POST-BANSIYA THE-CHANDLA CHHATARPUR MADHYA PRADESH 471525,PREPAID,20,,,,,,
1423,,,,LEX DIGITAL,123456789,,,110053,BHAJANPURA,DELHI,BHAJANPURA,DEVENDRA YADAV,123456789,,486550,MADHYA PRADESH,MADHYA PRADESH,S/O RAMASHRAY YADAV 349 WARD 10 BANSA REWA MADHYA PRADESH 486550,PREPAID,20,,,,,,
1424,,,,LEX DIGITAL,123456789,,,110053,BHAJANPURA,DELHI,BHAJANPURA,DEVESH SINGH,123456789,,477116,MADHYA PRADESH,MADHYA PRADESH,GRAM-SUHANS POST-SUHANS TEHSEEL-GOHAD THANA INDORI SUHAS BHIND . MADHYA PRADESH 477116,PREPAID,20,,,,,,
1425,,,,LEX DIGITAL,123456789,,,110053,BHAJANPURA,DELHI,BHAJANPURA,DIVYANSHU SHIVAJI OKATE,123456789,,480001,MADHYA PRADESH,MADHYA PRADESH,C/O ANIL CHARPE BAJRANG NAGAR GURAIYA ROAD CHHINDWARA MADHYA PRADESH 480001,PREPAID,20,,,,,,
1426,,,,LEX DIGITAL,123456789,,,110053,BHAJANPURA,DELHI,BHAJANPURA,SURESH SINGH,123456789,,476115,MADHYA PRADESH,MADHYA PRADESH,VILL KHERIYA PORSA BUDHARA THANA DISST-MORENA MORENA MADHYA PRADESH 476115,PREPAID,20,,,,,,
1427,,,,LEX DIGITAL,123456789,,,110053,BHAJANPURA,DELHI,BHAJANPURA,ABHISHEK SONI,123456789,,457001,MADHYA PRADESH,MADHYA PRADESH,86 SILAWATO KA WAS RATLAM MADHYA PRADESH 457001,PREPAID,20,,,,,,
1428,,,,LEX DIGITAL,123456789,,,110053,BHAJANPURA,DELHI,BHAJANPURA,RAHUL BALCHAND,123456789,,465693,MADHYA PRADESH,MADHYA PRADESH,GRAM KUNDIKHEDA POST GOGHATPUR TEHSIL ZIRAPUR RAJGARH RAJGARH- MADHYA PRADESH 465693,PREPAID,20,,,,,,
1429,,,,LEX DIGITAL,123456789,,,110053,BHAJANPURA,DELHI,BHAJANPURA,DHARMENDRA BHEEKHERAM,123456789,,477445,MADHYA PRADESH,MADHYA PRADESH,"GRAM-LAPWAHA,TEH-LAHAR,DISTT-BHIND MADHAY PRADESH BHIND MADHYA 477445",PREPAID,20,,,,,,
1430,,,,LEX DIGITAL,123456789,,,110053,BHAJANPURA,DELHI,BHAJANPURA,VISHVANATH SINGH,123456789,,486882,MADHYA PRADESH,MADHYA PRADESH,"HOUSE NO 56, WORD 19, GRAAM LALIMATI POST CHITRANGI, SINGRAULI, SIDHI MADHYA PRADESH 486882",PREPAID,20,,,,,,
1431,,,,LEX DIGITAL,123456789,,,110053,BHAJANPURA,DELHI,BHAJANPURA,MANOJ KUMAR,123456789,,484440,MADHYA PRADESH,MADHYA PRADESH,WARD NO 04 JAMUNA COLTILY HARD ANUPPUR MADHYA PRADESH 484440,PREPAID,20,,,,,,
1432,,,,LEX DIGITAL,123456789,,,110053,BHAJANPURA,DELHI,BHAJANPURA,SHANKUNTLA DEVI,123456789,,476111,MADHYA PRADESH,MADHYA PRADESH,BARWAI MORENA MADHYA PRADESH 476111,PREPAID,20,,,,,,
1433,,,,LEX DIGITAL,123456789,,,110053,BHAJANPURA,DELHI,BHAJANPURA,RAIS KHAN,123456789,,466116,MADHYA PRADESH,MADHYA PRADESH,BADJHIRI GRAM BHOURA SEHORE MADHYA PRADESH 466116,PREPAID,20,,,,,,
1434,,,,LEX DIGITAL,123456789,,,110053,BHAJANPURA,DELHI,BHAJANPURA,RAMNARESH SINGH,123456789,,476554,MADHYA PRADESH,MADHYA PRADESH,GOPI AMBAAH KATELA PURA BAWADIPURA KHADIAHAR MORENA AMBAH MADHYA PRADESH 476554,PREPAID,20,,,,,,
1435,,,,LEX DIGITAL,123456789,,,110053,BHAJANPURA,DELHI,BHAJANPURA,SHIVAM PATIDAR,123456789,,458220,MADHYA PRADESH,MADHYA PRADESH,TAHASIL JAWAD JANAKPUR NEEMUCH MADHYA PRADESH 458220,PREPAID,20,,,,,,
1436,,,,LEX DIGITAL,123456789,,,110053,BHAJANPURA,DELHI,BHAJANPURA,JAGADISH SURVANSHI,123456789,,458990,MADHYA PRADESH,MADHYA PRADESH,MN 27 WARD N 12 SASRI PIPALYA SANSRIPIPLYA SITAMAU MANDSAUR MADHYA PRADESH 458990,PREPAID,20,,,,,,
1437,,,,LEX DIGITAL,123456789,,,110053,BHAJANPURA,DELHI,BHAJANPURA,KRISHN KANT DIXIT,123456789,,485115,MADHYA PRADESH,MADHYA PRADESH,GRAM POST CHORMARI BADA TOLA TAHSIL RAMPUR BAGHELAN SATNA MADHYA PRADESH 485115,PREPAID,20,,,,,,
1438,,,,LEX DIGITAL,123456789,,,110053,BHAJANPURA,DELHI,BHAJANPURA,MADHAV PRASAD KONDAR,123456789,,471201,MADHYA PRADESH,MADHYA PRADESH,"WARD NUMBER 02,POLITEKNIC COLONY, NOWGONG CHHATARPUR MADHYA PRADESH 471201",PREPAID,20,,,,,,
1439,,,,LEX DIGITAL,123456789,,,110053,BHAJANPURA,DELHI,BHAJANPURA,OM PRAKASH PATEL,123456789,,471515,MADHYA PRADESH,MADHYA PRADESH,VILL-WARD NO-08 GAURIHAR TEH-GAURIHAR CHHATARPUR MADHYA PRADESH 471515,PREPAID,20,,,,,,
1440,,,,LEX DIGITAL,123456789,,,110053,BHAJANPURA,DELHI,BHAJANPURA,SHANKAR ADIVASI,123456789,,471301,MADHYA PRADESH,MADHYA PRADESH,"578, KUNDROLA MOHALLA, GRAM ANGOR, POST CHHATARPUR, MADHYA PRADESH CHHATARPUR 471301",PREPAID,20,,,,,,
1441,,,,LEX DIGITAL,123456789,,,110053,BHAJANPURA,DELHI,BHAJANPURA,MOHAMMAD NADEEM SHAIKH,123456789,,421301,MAHARASHTRA,MAHARASHTRA,ROOM NO 7 FIRST FLOOR BLDG SHAMIYANA CHS VALIPEER ROAD KALYAN THANE MAHARASHTRA 421301,PREPAID,20,,,,,,
1442,,,,LEX DIGITAL,123456789,,,110053,BHAJANPURA,DELHI,BHAJANPURA,PRAVIN SUDAM BIRHADE,123456789,,421503,MAHARASHTRA,MAHARASHTRA,"FLAT NO-106,NEW SHREEJI DARSHAN CHS VALIVALI,BADLAPUR WEST BADLAPUR KULGAON AMBARNATH THANE MAHARASHTRA 421503",PREPAID,20,,,,,,
1443,,,,LEX DIGITAL,123456789,,,110053,BHAJANPURA,DELHI,BHAJANPURA,SATISH GOKUL CHALSE,123456789,,422101,MAHARASHTRA,MAHARASHTRA,"FLAT NO-12 DREAM ANGAN SOCIETY, CITY ROAD, NEAR DEEPANJALI APARTMENT, SHIVAJI NAGAR NASHIK ROAD MAHARASHTRA 422101",PREPAID,20,,,,,,
1444,,,,LEX DIGITAL,123456789,,,110053,BHAJANPURA,DELHI,BHAJANPURA,PRAKASH SOLANKI,123456789,,400068,MAHARASHTRA,MAHARASHTRA,ROOM NO A/8 SAI NIKETAN CHAWL SV ROAD OPP ANUJ PLASTIC DAHISAR EAST MUMBAI MAHARASHTRA 400068,PREPAID,20,,,,,,
1445,,,,LEX DIGITAL,123456789,,,110053,BHAJANPURA,DELHI,BHAJANPURA,NITIN KUMAR KALE,123456789,,440026,MAHARASHTRA,MAHARASHTRA,PLOT NO 30 NEAR GRAM PANCHAYAT BHILGAON UPPALWADI NAGPUR MAHARASHTRA 440026,PREPAID,20,,,,,,
1446,,,,LEX DIGITAL,123456789,,,110053,BHAJANPURA,DELHI,BHAJANPURA,SAGAR VITHOBA RANPISE,123456789,,400089,MAHARASHTRA,MAHARASHTRA,"INDIA,, , MUKUND NAGAR ADARSH CHAWL P.L LOKHANDE MARG CHEMBUR TILAK MUMBAI MAHARASHTRA 400089",PREPAID,20,,,,,,
1447,,,,LEX DIGITAL,123456789,,,110053,BHAJANPURA,DELHI,BHAJANPURA,AMRUT JAYRAM TAMBE,123456789,,400014,MAHARASHTRA,MAHARASHTRA,"389 MAHATMA JYOTIBA PHULE ROAD KOHINOOR COMPOUND, BUILDING NO.7, NAIGOAN, DADAR EAST THANE MAHARASHTRA 400014",PREPAID,20,,,,,,
1448,,,,LEX DIGITAL,123456789,,,110053,BHAJANPURA,DELHI,BHAJANPURA,PRATIK SHRIDHAR PATIL,123456789,,416416,MAHARASHTRA,MAHARASHTRA,"INDIA,, , SAMDOLI SAMDOLII SANGLI MAHARASHTRA 416416",PREPAID,20,,,,,,
1449,,,,LEX DIGITAL,123456789,,,110053,BHAJANPURA,DELHI,BHAJANPURA,AFAJALBHAI S ANSARI,123456789,,441108,MAHARASHTRA,MAHARASHTRA,FLAT NO.204 WARD NO.3 HBL TOWN BUTTIBORI NAGPUR MAHARASHTRA 441108,PREPAID,20,,,,,,
1450,,,,LEX DIGITAL,123456789,,,110053,BHAJANPURA,DELHI,BHAJANPURA,NARAYAN RAMCHANDRA PATIL,123456789,,421302,MAHARASHTRA,MAHARASHTRA,"INDIA,, , SUPEGAON BHIWANDI THANE MAHARASHTRA 421302",PREPAID,20,,,,,,
1451,,,,LEX DIGITAL,123456789,,,110053,BHAJANPURA,DELHI,BHAJANPURA,IRFAN NAYYUM QURESHI,123456789,,431511,MAHARASHTRA,MAHARASHTRA,CO NAYYUM QURESHI VIJAY NAGAR PURNA PARBHANI MAHARASHTRA 431511,PREPAID,20,,,,,,
1452,,,,LEX DIGITAL,123456789,,,110053,BHAJANPURA,DELHI,BHAJANPURA,MANOJ KUMAR PRAJAPATI,123456789,,401501,MAHARASHTRA,MAHARASHTRA,HOUSE NO.12281 GANESH NAGAR RANI SHIGAON ROAD BOISAR PALGHAR MAHARASHTRA 401501,PREPAID,20,,,,,,
1453,,,,LEX DIGITAL,123456789,,,110053,BHAJANPURA,DELHI,BHAJANPURA,INDRASHAN RAMSHAMUKH VISHWAKARMA,123456789,,421003,MAHARASHTRA,MAHARASHTRA,FLAT NO 10 BHD CENTURY RAYON HS SOC PRABUDHA C BLOCK NAGAR UNR 3 VHTC GROUND NEAR DOLPHIN CLUB MANISHA LODGE RAIGARH MH MAHARASHTRA 421003,PREPAID,20,,,,,,
1454,,,,LEX DIGITAL,123456789,,,110053,BHAJANPURA,DELHI,BHAJANPURA,SHAIKH AADIL SHAIKH SALEEM,123456789,,431001,MAHARASHTRA,MAHARASHTRA,"PLOT NO 336 S 33 ALHILAL COLONY, HIMAYAT NAGAR AURANGABAD MH MAHARASHTRA 431001",PREPAID,20,,,,,,
1455,,,,LEX DIGITAL,123456789,,,110053,BHAJANPURA,DELHI,BHAJANPURA,VIRAJ RAVINDRA VED,123456789,,425001,MAHARASHTRA,MAHARASHTRA,"32 VISANJI NAGAR,JAIKISAN WADI,IFB POINT JALGAON MAHARASHTRA 425001",PREPAID,20,,,,,,
1456,,,,LEX DIGITAL,123456789,,,110053,BHAJANPURA,DELHI,BHAJANPURA,NILESH BHAGCHAND WALKE,123456789,,412210,MAHARASHTRA,MAHARASHTRA,"97,KARDE,DONLAI TEMPLE PUNE MAHARASHTRA 412210",PREPAID,20,,,,,,
1457,,,,LEX DIGITAL,123456789,,,110053,BHAJANPURA,DELHI,BHAJANPURA,ANSAR INAYAT SAYYED,123456789,,414001,MAHARASHTRA,MAHARASHTRA,FLAT NO 55 SANJOG NAGAR MUKUNDNAGAR AHMEDNAGAR AHMED MAHARASHTRA 414001,PREPAID,20,,,,,,
1458,,,,LEX DIGITAL,123456789,,,110053,BHAJANPURA,DELHI,BHAJANPURA,RASHMIN KARIM PUNJANI,123456789,,400053,MAHARASHTRA,MAHARASHTRA,H/ 1204 USHA DARSHAN CHS GREEN PARK NEAR SHANTIVAN MAHADA ANDHERI WEST 400053 MUMBAI MAHARASHTRA,PREPAID,20,,,,,,
1459,,,,LEX DIGITAL,123456789,,,110053,BHAJANPURA,DELHI,BHAJANPURA,SHARMISTHA BHATTACHARJEE,123456789,,400063,MAHARASHTRA,MAHARASHTRA,"C1206,WESTERN EXPRESS HIGHWAY MUMBAI MAHARASHTRA 400063",PREPAID,20,,,,,,
1460,,,,LEX DIGITAL,123456789,,,110053,BHAJANPURA,DELHI,BHAJANPURA,RISHI AGARWAL,123456789,,400068,MAHARASHTRA,MAHARASHTRA,303 B WING CHANDAK NISCHAY S V ROAD PARBAT NAGAR AMBAWADI DAHISAR E MUMBAI MAHARASHTRA 400068,PREPAID,20,,,,,,
1461,,,,LEX DIGITAL,123456789,,,110053,BHAJANPURA,DELHI,BHAJANPURA,ROHIDAS SAHEBRAO CHAVHAN,123456789,,445209,MAHARASHTRA,MAHARASHTRA,AT INAPUR POST SAWARGAV B TQ PUSAD YAVATMAL SAWARGAON BUNGLOW MAHARASHTRA DIS 445209,PREPAID,20,,,,,,
1462,,,,LEX DIGITAL,123456789,,,110053,BHAJANPURA,DELHI,BHAJANPURA,AMIT J SAKHARE,123456789,,440014,MAHARASHTRA,MAHARASHTRA,"NEAR BUDDHA VIHAR,PLOT NO 44 GALLI 2 BEZONBAGH KAMPTEE ROAD,JARIPATKA NAGPUR MAHARASHTRA 440014",PREPAID,20,,,,,,
1463,,,,LEX DIGITAL,123456789,,,110053,BHAJANPURA,DELHI,BHAJANPURA,BABHULKAR NITESH SHESHRAO,123456789,,440023,MAHARASHTRA,MAHARASHTRA,HOUSE NO 3770 PLOT 102 SHRI KRUSHNA MANDIR KOHALE LAYOUT WADI NAGPUR MAHARASHTRA 440023,PREPAID,20,,,,,,
1464,,,,LEX DIGITAL,123456789,,,110053,BHAJANPURA,DELHI,BHAJANPURA,ASHOK SUNDAR MANDAL,123456789,,412205,MAHARASHTRA,MAHARASHTRA,"M.NO-973/183/7 AT-POST. VELU TALUKA - BHOR A/P-VELU, TAL-BHOR, DIST-PUNE PUNE MAHARASHTRA 412205",PREPAID,20,,,,,,
1465,,,,LEX DIGITAL,123456789,,,110053,BHAJANPURA,DELHI,BHAJANPURA,PURUSHOTTAM SONYABAPU TANVADE,123456789,,413203,MAHARASHTRA,MAHARASHTRA,BHAGATWADI JINTTI KARMALA SOLAPUR MAHARASHTRA 413203,PREPAID,20,,,,,,
1466,,,,LEX DIGITAL,123456789,,,110053,BHAJANPURA,DELHI,BHAJANPURA,GAUTAMESHWAR JALINDAR PANDGALE,123456789,,413208,MAHARASHTRA,MAHARASHTRA,AMBAD TA MADHA DIS SOLAPUR MAHARASHTRA 413208,PREPAID,20,,,,,,
1467,,,,LEX DIGITAL,123456789,,,110053,BHAJANPURA,DELHI,BHAJANPURA,SUBHASH KUMAR YADAV,123456789,,400005,MAHARASHTRA,MAHARASHTRA,D/291 PART-3 GANESH MURTI NAGAR CUFFE PARADE ROAD COLABA MUMBAI THANE MAHARASHTRA 400005,PREPAID,20,,,,,,
1468,,,,LEX DIGITAL,123456789,,,110053,BHAJANPURA,DELHI,BHAJANPURA,ARBAZ AYYUB SAYYED,123456789,,411032,MAHARASHTRA,MAHARASHTRA,SITAI COMPLEX FLAT NO 7 PLOT 34 SECOND FLOOR VIDYA NAGAR TINGARE NEAR LAST BUS STOP PUNE CITY MAHARASHTRA 411032,PREPAID,20,,,,,,
1469,,,,LEX DIGITAL,123456789,,,110053,BHAJANPURA,DELHI,BHAJANPURA,RUPESH JAYSING PAWAR,123456789,,412210,MAHARASHTRA,MAHARASHTRA,DHOR AALI MARATHI SHALA NEAR SHIRUR PUNE MAHARASHTRA 412210,PREPAID,20,,,,,,
1470,,,,LEX DIGITAL,123456789,,,110053,BHAJANPURA,DELHI,BHAJANPURA,SAKHARAM BUDHARU SAHU,123456789,,445002,MAHARASHTRA,MAHARASHTRA,MAITHILI NAGAR LOHARA YAVATMAL MAHARASHTRA 445002,PREPAID,20,,,,,,
1471,,,,LEX DIGITAL,123456789,,,110053,BHAJANPURA,DELHI,BHAJANPURA,PRASHANT JAYENDRA GOSAVI,123456789,,424309,MAHARASHTRA,MAHARASHTRA,"EKLAVYA CHOUK,SONGIR, SONGIR,DHULE,DHULE. NEAR N G BAGUL HIGHSCHOOL DHULE MAHARASHTRA 424309",PREPAID,20,,,,,,
1472,,,,LEX DIGITAL,123456789,,,110053,BHAJANPURA,DELHI,BHAJANPURA,KISHOR SANJAY SHINDE,123456789,,411014,MAHARASHTRA,MAHARASHTRA,SR NO 221 LEAN 9SAMARTH HOSPITAL PUNE MAHARASHTRA 411014,PREPAID,20,,,,,,
1473,,,,LEX DIGITAL,123456789,,,110053,BHAJANPURA,DELHI,BHAJANPURA,AKASH NARAYAN KENGAR,123456789,,413004,MAHARASHTRA,MAHARASHTRA,58/59 GURUDEV DATTA NAGAR JULE SOLAPUR INDIRANAGAR MAHARASHTRA 413004,PREPAID,20,,,,,,
1474,,,,LEX DIGITAL,123456789,,,110053,BHAJANPURA,DELHI,BHAJANPURA,VIJAY RASTE,123456789,,411027,MAHARASHTRA,MAHARASHTRA,8R 7 PL 6 HIRKANI SOCY SSANGAVI PUNE MAHARASHTRA 411027,PREPAID,20,,,,,,
1475,,,,LEX DIGITAL,123456789,,,110053,BHAJANPURA,DELHI,BHAJANPURA,SUBHASH ARJUN LOKHANDE,123456789,,444002,MAHARASHTRA,MAHARASHTRA,BHARTI PLOT OLD CITY AKOLABALAPUR ROAD AKOLA MAHARASHTRA 444002,PREPAID,20,,,,,,
1476,,,,LEX DIGITAL,123456789,,,110053,BHAJANPURA,DELHI,BHAJANPURA,DIPESH KOLI,123456789,,400016,MAHARASHTRA,MAHARASHTRA,MACHIMAR COLONY BUILDING NO 6 ROOM 222 S L RAHEJA ROAD HOSPITAL MAHIM WEST MUMBAI MAHARASHTRA 400016,PREPAID,20,,,,,,
1477,,,,LEX DIGITAL,123456789,,,110053,BHAJANPURA,DELHI,BHAJANPURA,PARMESHWAR HARICHANDRA SAINDAR,123456789,,431203,MAHARASHTRA,MAHARASHTRA,"S/O HARICHANDRA SAINDAR,, INDIA, , DEOLGAON RAJA ROAD KANHAIYANAGAR JALNA MAHARASHTRA 431203",PREPAID,20,,,,,,
1478,,,,LEX DIGITAL,123456789,,,110053,BHAJANPURA,DELHI,BHAJANPURA,YASHASVI MAROTI SAVLE,123456789,,411028,MAHARASHTRA,MAHARASHTRA,FLAT NO B7 SR 224/1 PRAGATI PARK SOCIETY OPPO SWAMI SAMARTHA TEMPLE HADAPSAR GADITAL PUNE MAHARASHTRA 411028,PREPAID,20,,,,,,
1479,,,,LEX DIGITAL,123456789,,,110053,BHAJANPURA,DELHI,BHAJANPURA,SHAHID HUSSAIN,123456789,,400037,MAHARASHTRA,MAHARASHTRA,BHARTIYA KAMLA NAGAR SALT PAN ROAD CHANDNI AGAR SANGAM NAGARANTOFHILL MUMBAI MAHARASHTRA 400037,PREPAID,20,,,,,,
1480,,,,LEX DIGITAL,123456789,,,110053,BHAJANPURA,DELHI,BHAJANPURA,RAHUL BHAGWAN CHANDEL,123456789,,440026,MAHARASHTRA,MAHARASHTRA,LIG 68 NARI ROAD SUGAT NAGAR UPALWADU NAGPUR MAHARASHTRA 440026,PREPAID,20,,,,,,
1481,,,,LEX DIGITAL,123456789,,,110053,BHAJANPURA,DELHI,BHAJANPURA,SHAIKH REHAN SHAIKH RIYAZ,123456789,,424001,MAHARASHTRA,MAHARASHTRA,PLOT NO 34 MILLAT NAGAR NEAR FALADARAN MADRASA DHULE MAHARASHTRA 424001,PREPAID,20,,,,,,
1482,,,,LEX DIGITAL,123456789,,,110053,BHAJANPURA,DELHI,BHAJANPURA,PRASHANT RAJABHAU GHADGE,123456789,,431504,MAHARASHTRA,MAHARASHTRA,1657 KHARAT NIVAS DEVI ROAD MANTHA DIST JALNA MAHARASHTRA 431504,PREPAID,20,,,,,,
1483,,,,LEX DIGITAL,123456789,,,110053,BHAJANPURA,DELHI,BHAJANPURA,IRFAN AHMED ZAHOORUDDIN SIDDIQUE,123456789,,400037,MAHARASHTRA,MAHARASHTRA,FLAT NO 103 E WING PENTA GALAXY CHS S M D ROAD OPP ANTOP HILL FIRE BRIDGE MUMBAI MAHARASHTRA 400037,PREPAID,20,,,,,,
1484,,,,LEX DIGITAL,123456789,,,110053,BHAJANPURA,DELHI,BHAJANPURA,SACHIN DAMODAR GAIKWAD,123456789,,424001,MAHARASHTRA,MAHARASHTRA,PLOT N 29 ARUNODAY NAGAR SAKRI ROAD NEAR RAM VTC DHULE MAHARASHTRA 424001,PREPAID,20,,,,,,
1485,,,,LEX DIGITAL,123456789,,,110053,BHAJANPURA,DELHI,BHAJANPURA,MANOJ SHASHIKANT NAIK,123456789,,400012,MAHARASHTRA,MAHARASHTRA,"1405,PAREL,CANCER SOCIETY MUMBAI MAHARASHTRA 400012",PREPAID,20,,,,,,
1486,,,,LEX DIGITAL,123456789,,,110053,BHAJANPURA,DELHI,BHAJANPURA,ANIKET ANUP DAS,123456789,,412207,MAHARASHTRA,MAHARASHTRA,"A906,BAKORI ROAD,A1403, PUNE MAHARASHTRA 412207",PREPAID,20,,,,,,
1487,,,,LEX DIGITAL,123456789,,,110053,BHAJANPURA,DELHI,BHAJANPURA,CHETAN KARTARANAWARE,123456789,,421301,MAHARASHTRA,MAHARASHTRA,"WAGHCHOURE CHAWL ASHOK NAGAR WALDHUNI, AMBERNATH ROAD,NEAR SAMAJ MANDIR HALL, KALYAN WEST,KALYAN D.C., THANE MAHARASHTRA 421301",PREPAID,20,,,,,,
1488,,,,LEX DIGITAL,123456789,,,110053,BHAJANPURA,DELHI,BHAJANPURA,SAGAR SANJAY GAIKWAD,123456789,,431002,MAHARASHTRA,MAHARASHTRA,HOUSE NO-189 GUT NO-145 MHADA COLONY DEVLAI AURANGABAD MAHARASHTRA 431002,PREPAID,20,,,,,,
1489,,,,LEX DIGITAL,123456789,,,110053,BHAJANPURA,DELHI,BHAJANPURA,SUBHASH SAROJ,123456789,,400074,MAHARASHTRA,MAHARASHTRA,"M S BUILDING NO 01, OPP SANATAN SCHOOL, CHEMBUR, NEAR KALI MATA TEMPLE, MUMBAI, PO: FCI, DIST: MUMBAI SUBURBAN, CHAMRUPUR URF NANDOUT MAHARASHTRA 400074",PREPAID,20,,,,,,
1490,,,,LEX DIGITAL,123456789,,,110053,BHAJANPURA,DELHI,BHAJANPURA,KUMAR SUBRAMANI MUDALIAR,123456789,,421505,MAHARASHTRA,MAHARASHTRA,"FLAT NO. 301, A-WING, VASTUDEEP BLDG. NEAR VITHAL MANDIR AMBARNATH WEST NETAJI BAZAR KHOJGAON THANE MAHARASHTRA 421505",PREPAID,20,,,,,,
1491,,,,LEX DIGITAL,123456789,,,110053,BHAJANPURA,DELHI,BHAJANPURA,RAVI MADHAVDAS KHANCHANDANI,123456789,,414003,MAHARASHTRA,MAHARASHTRA,"PLOT NO 12 PANCHSHEEL NAGAR, BORUDE MALA, AHMADNAGAR, AHMEDNAGAR, NASHIK DIVISION AHMEDNAGAR MAHARASHTRA 414003",PREPAID,20,,,,,,
1492,,,,LEX DIGITAL,123456789,,,110053,BHAJANPURA,DELHI,BHAJANPURA,LATA SARJERAO PATHARE,123456789,,431001,MAHARASHTRA,MAHARASHTRA,H. NO 21 PLOT NO. S. 32-2-5 FULE NAGAR PETHE AURANGABAD MAHARASHTRA 431001,PREPAID,20,,,,,,
1493,,,,LEX DIGITAL,123456789,,,110053,BHAJANPURA,DELHI,BHAJANPURA,GANESH HARINARAYAN VISHWAKARMA,123456789,,421203,MAHARASHTRA,MAHARASHTRA,"505,DHANASHREE HEIGHTS KALYAN,DAWADI N.V. KALYAN DOMBIVALI I.A. THANE MAHARASHTRA 421203",PREPAID,20,,,,,,
1494,,,,LEX DIGITAL,123456789,,,110053,BHAJANPURA,DELHI,BHAJANPURA,RAVINDRA LOHAJYA BADOLE,123456789,,425107,MAHARASHTRA,MAHARASHTRA,AT POST MALHARPURA KHAI WADA CHOPDA TAL DIST JALGAON MAHARASHTRA 425107,PREPAID,20,,,,,,
1495,,,,LEX DIGITAL,123456789,,,110053,BHAJANPURA,DELHI,BHAJANPURA,AMOL ANNASAHEB KANDE,123456789,,414502,MAHARASHTRA,MAHARASHTRA,"S/O ANNASAHEB KANDE,, INDIA DAHIGAON NE. AURANGABAD MAHARASHTRA 414502",PREPAID,20,,,,,,
1496,,,,LEX DIGITAL,123456789,,,110053,BHAJANPURA,DELHI,BHAJANPURA,KALYAN BABAN GANGURDE,123456789,,431127,MAHARASHTRA,MAHARASHTRA,"SANJAY NAGAR GEORAI GEORAI, GEVRAI - BEED MAHARASHTRA 431127",PREPAID,20,,,,,,
1497,,,,LEX DIGITAL,123456789,,,110053,BHAJANPURA,DELHI,BHAJANPURA,AMAR SIDDHARTH SAWANT,123456789,,400710,MAHARASHTRA,MAHARASHTRA,EL 200 TTC ELECTRONIC ZONE SHIL MAHAPE ROAD NAVI MUMBAI THANE MAHARASHTRA 400710,PREPAID,20,,,,,,
1498,,,,LEX DIGITAL,123456789,,,110053,BHAJANPURA,DELHI,BHAJANPURA,RAHUL KANKAR GAIKWAD,123456789,,421302,MAHARASHTRA,MAHARASHTRA,"557,BHIWANDI THANE MAHARASHTRA 421302",PREPAID,20,,,,,,
1499,,,,LEX DIGITAL,123456789,,,110053,BHAJANPURA,DELHI,BHAJANPURA,DATTA DEVIDAS PADUL,123456789,,431001,MAHARASHTRA,MAHARASHTRA,AT GOLATGAON TQ DIST AUANAGABAD AURANGABAD MAHARASHTRA 431001,PREPAID,20,,,,,,
1500,,,,LEX DIGITAL,123456789,,,110053,BHAJANPURA,DELHI,BHAJANPURA,RAJU BABURAO MORE,123456789,,423203,MAHARASHTRA,MAHARASHTRA,"AAYESHA NAGAR, 36, KHOLI GHAR, N, 151, VTC: MALEGAON, DISTRICT: NASHIK MAHARASHTRA 423203",PREPAID,20,,,,,,
1501,,,,LEX DIGITAL,123456789,,,110053,BHAJANPURA,DELHI,BHAJANPURA,SHRISHAIL DEVAPPA THAMB,123456789,,413227,MAHARASHTRA,MAHARASHTRA,A/P-NAGANSUR TAL-AKKALKOT DIST-SOLAPUR SOLAPUR MAHARASHTRA 413227,PREPAID,20,,,,,,
1502,,,,LEX DIGITAL,123456789,,,110053,BHAJANPURA,DELHI,BHAJANPURA,ADITYA KATARIA,123456789,,410206,MAHARASHTRA,MAHARASHTRA,FLAT NO 104 /DREAM HOME CHS/PLOT 113 SECTOR 19 ULAVE ULWE ULAWE ULWA NEAR INDIAN MODEL SCHOOL RAIGAD MAHARASHTRA 410206,PREPAID,20,,,,,,
1503,,,,LEX DIGITAL,123456789,,,110053,BHAJANPURA,DELHI,BHAJANPURA,MAHENDRA RAMCHANDRA GHUTE,123456789,,401606,MAHARASHTRA,MAHARASHTRA,"S/O RAMCHANDRA GHUTE,, INDIA, PALGHAR, GANDHINAGAR PATILPADA TALASARI PALGHAR MAHARASHTRA 401606",PREPAID,20,,,,,,
1504,,,,LEX DIGITAL,123456789,,,110053,BHAJANPURA,DELHI,BHAJANPURA,JUNED MEHBOOB SHAIKH,123456789,,413005,MAHARASHTRA,MAHARASHTRA,50. TELAGNI. PACHNA PETH SOLAPUR .NORTH.SOLAPUR MAHARASHTRA 413005,PREPAID,20,,,,,,
1505,,,,LEX DIGITAL,123456789,,,110053,BHAJANPURA,DELHI,BHAJANPURA,SUNITA GANESH JUMADE,123456789,,444506,MAHARASHTRA,MAHARASHTRA,"INDIA,, , NIJAMPUR RISOD WASHIM MAHARASHTRA 444506",PREPAID,20,,,,,,
1506,,,,LEX DIGITAL,123456789,,,110053,BHAJANPURA,DELHI,BHAJANPURA,CHANDRAKANT VIJAY MALI,123456789,,416303,MAHARASHTRA,MAHARASHTRA,AP JULEWADI TAL TASGAON DIST SANGLI MAHARASHTRA 416303,PREPAID,20,,,,,,
1507,,,,LEX DIGITAL,123456789,,,110053,BHAJANPURA,DELHI,BHAJANPURA,ANJUM MUSTAFA SAYYAD,123456789,,413201,MAHARASHTRA,MAHARASHTRA,SADAFULE WASTI AT PO JAMKHED AHMADNAGAR TAL DIST AHMEDNAGAR AHMED NAGAR MAHARASHTRA 413201,PREPAID,20,,,,,,
1508,,,,LEX DIGITAL,123456789,,,110053,BHAJANPURA,DELHI,BHAJANPURA,SANDIP VASANT ROKADE,123456789,,423105,MAHARASHTRA,MAHARASHTRA,"BAJRANG COLONY,BHAYGAON NASHIK MAHARASHTRA 423105",PREPAID,20,,,,,,
1509,,,,LEX DIGITAL,123456789,,,110053,BHAJANPURA,DELHI,BHAJANPURA,AMIR SOHEL SARFARAZ ANSARI,123456789,,400102,MAHARASHTRA,MAHARASHTRA,"S/O SARFARAZ ANSARI ROOM NO.17,SALIM CHAWL,GULSHANN,AGAR,R.M.ROAD OPP RAGHVENDRA MANDIR ROAD JOGESHWARI MUMBAI MAHARASHTRA 400102",PREPAID,20,,,,,,
1510,,,,LEX DIGITAL,123456789,,,110053,BHAJANPURA,DELHI,BHAJANPURA,DILIP BHAGWAN POLE,123456789,,431542,MAHARASHTRA,MAHARASHTRA,"S/O BHAGWAN POLE,, INDIA, WAD HIWARA BHANKHEDA SENGAON HINGOLI MAHARASHTRA 431542",PREPAID,20,,,,,,
1511,,,,LEX DIGITAL,123456789,,,110053,BHAJANPURA,DELHI,BHAJANPURA,SHITAL PRASHANT THORAT,123456789,,414306,MAHARASHTRA,MAHARASHTRA,"NIGHOJ, NIGHOJ AHMADNAGAR - AHMED NAGAR MAHARASHTRA 414306",PREPAID,20,,,,,,
1512,,,,LEX DIGITAL,123456789,,,110053,BHAJANPURA,DELHI,BHAJANPURA,MAHESH BHIVA KHANDEKER,123456789,,413222,MAHARASHTRA,MAHARASHTRA,"MU MANGULI POST VALUJ, MANGOLI, SOLAPUR, TAL.MOHOL DIST.SOLAPUR SOLAPUR MAHARASHTRA 413222",PREPAID,20,,,,,,
1513,,,,LEX DIGITAL,123456789,,,110053,BHAJANPURA,DELHI,BHAJANPURA,MOHAMMED YUSUF SHAIKH,123456789,,400058,MAHARASHTRA,MAHARASHTRA,ROOM NO 2 GULSTAN WELFARE SOCIETY OPP KOHINOOR HOTEL JUHU LANE WIRELESS ROAD ANDHERI WEST MUMBAI MAHARASHTRA 400058,PREPAID,20,,,,,,
1514,,,,LEX DIGITAL,123456789,,,110053,BHAJANPURA,DELHI,BHAJANPURA,NITA RAVINDRA KOCHURE,123456789,,425507,MAHARASHTRA,MAHARASHTRA,898 AMBEDKAR NAGARAT POST KHIRDI BU TAA RAVER B U JALGAON MAHARASHTRA 425507,PREPAID,20,,,,,,
1515,,,,LEX DIGITAL,123456789,,,110053,BHAJANPURA,DELHI,BHAJANPURA,CHANDAN RAJAN GHOGALE,123456789,,421306,MAHARASHTRA,MAHARASHTRA,"I- 9 SWAPNAPURTI SOCIETY, BADLAPIUR KATAI PIPELINE ROAD, AATMARAM NAGAR, NEVALI NAKA, KALYAN MAHARASHTRA THANE 421306",PREPAID,20,,,,,,
1516,,,,LEX DIGITAL,123456789,,,110053,BHAJANPURA,DELHI,BHAJANPURA,AMAR HARICHANRA JADHAV,123456789,,413213,MAHARASHTRA,MAHARASHTRA,BHOIRE TAL MOHOL A.T POST..NARKHED SOLAPUR MAHARASHTRA 413213,PREPAID,20,,,,,,
1517,,,,LEX DIGITAL,123456789,,,110053,BHAJANPURA,DELHI,BHAJANPURA,DASHRATH DATTATRAY GHOGARE,123456789,,413206,MAHARASHTRA,MAHARASHTRA,WASHIBE TAL KARAMALA SOLAPUR MAHARASHTRA 413206,PREPAID,20,,,,,,
1518,,,,LEX DIGITAL,123456789,,,110053,BHAJANPURA,DELHI,BHAJANPURA,SHRIKANT VITTHAL KONDA,123456789,,413005,MAHARASHTRA,MAHARASHTRA,AMBABAI MANDIR JAVAL 168 VAJRESHWARI NAGAR AKKALKOT ROAD SOLAPUR MAHARASHTRA 413005,PREPAID,20,,,,,,
1519,,,,LEX DIGITAL,123456789,,,110053,BHAJANPURA,DELHI,BHAJANPURA,RIYAZ BAIG PIR BAIG MOGAL,123456789,,431802,MAHARASHTRA,MAHARASHTRA,AT POST UMAR CHOCK HIMAYATNAGAR NANDED MAHARASHTRA 431802,PREPAID,20,,,,,,
1520,,,,LEX DIGITAL,123456789,,,110053,BHAJANPURA,DELHI,BHAJANPURA,MOTISINH VIJYSINH CHAVHAN,123456789,,431805,MAHARASHTRA,MAHARASHTRA,AT POST JAVARALA TQ KINWAT NANDED JAWARLA JAWARALA MAHARASHTRA 431805,PREPAID,20,,,,,,
1521,,,,LEX DIGITAL,123456789,,,110053,BHAJANPURA,DELHI,BHAJANPURA,AJIT DHONDIBA WAGHMARE,123456789,,411017,MAHARASHTRA,MAHARASHTRA,"SNO 58/1/2A/2 SAI COLONY, SHRI NAGAR, RAHATANI, PUNE COLONY NO 1, ARYA VEDANT RESIDENCY, MAHARASHTRA 411017",PREPAID,20,,,,,,
1522,,,,LEX DIGITAL,123456789,,,110053,BHAJANPURA,DELHI,BHAJANPURA,RAJU KALYANRAO NIKAM,123456789,,431007,MAHARASHTRA,MAHARASHTRA,AT TAKALI VAIDYA TQ DIST AURANGABAD MAHARASHTRA 431007,PREPAID,20,,,,,,
1523,,,,LEX DIGITAL,123456789,,,110053,BHAJANPURA,DELHI,BHAJANPURA,SK MOSHIN SK ABRAR,123456789,,444503,MAHARASHTRA,MAHARASHTRA,JAMA MASJID CHOWK WARD NO 1 AT PO TA MALEGAON WASIM WASHIM MAHARASHTRA 444503,PREPAID,20,,,,,,
1524,,,,LEX DIGITAL,123456789,,,110053,BHAJANPURA,DELHI,BHAJANPURA,PRTIBHA PAAWAR,123456789,,413309,MAHARASHTRA,MAHARASHTRA,"SHIVAJI NAGAR,KADLAS TAL-SANGOLA SOLAPUR MAHARASHTRA 413309",PREPAID,20,,,,,,
1525,,,,LEX DIGITAL,123456789,,,110053,BHAJANPURA,DELHI,BHAJANPURA,SADANAND VISHWAMBHAR SHINDE,123456789,,413521,MAHARASHTRA,MAHARASHTRA,SINGNAL LATUR DIST MAHARASHTRA 413521,PREPAID,20,,,,,,
1526,,,,LEX DIGITAL,123456789,,,110053,BHAJANPURA,DELHI,BHAJANPURA,SHANKAR BHERARAM PRAJAPATI,123456789,,410210,MAHARASHTRA,MAHARASHTRA,A/32/18 ASHMITA SOCIETY KHARGHAR SECTOR 12 RAIGARH MH MAHARASHTRA 410210,PREPAID,20,,,,,,
1527,,,,LEX DIGITAL,123456789,,,110053,BHAJANPURA,DELHI,BHAJANPURA,SHAMSUNDAR TIKANDE,123456789,,431209,MAHARASHTRA,MAHARASHTRA,MO BOLEGAON PO TA GHANSAWANGI JALNA MAHARASHTRA 431209,PREPAID,20,,,,,,
1528,,,,LEX DIGITAL,123456789,,,110053,BHAJANPURA,DELHI,BHAJANPURA,SAYYAD AYAJALI FARUKHALI,123456789,,413709,MAHARASHTRA,MAHARASHTRA,FLAT NO ST3 GONDHAWANI ROAD LAKE TOWN B WING WARD 01 SHRIRAMPUR AHMED NAGAR MAHARASHTRA 413709,PREPAID,20,,,,,,
1529,,,,LEX DIGITAL,123456789,,,110053,BHAJANPURA,DELHI,BHAJANPURA,KHUTUB ABBAS SHAIKH,123456789,,431001,MAHARASHTRA,MAHARASHTRA,N 13 MAULANA AZAD COLONY ROJA BHAGH AURANGABAD MAHARASHTRA 431001,PREPAID,20,,,,,,
1530,,,,LEX DIGITAL,123456789,,,110053,BHAJANPURA,DELHI,BHAJANPURA,RAMESHWAR SANJAY BHALEKAR,123456789,,431007,MAHARASHTRA,MAHARASHTRA,AT NIPANI POST BHALGAON TQ DIST AURANGABAD MAHARASHTRA 431007,PREPAID,20,,,,,,
1531,,,,LEX DIGITAL,123456789,,,110053,BHAJANPURA,DELHI,BHAJANPURA,SUNNY DASHRATH KESARWANI,123456789,,421302,MAHARASHTRA,MAHARASHTRA,ROOM NO-452 PARVATI APARTMENT KALYAN ROAD NEAR HANUMAN MANDIR SUNDER BENI COMPOUND BHIWANDI THANE MAHARASHTRA 421302,PREPAID,20,,,,,,
1532,,,,LEX DIGITAL,123456789,,,110053,BHAJANPURA,DELHI,BHAJANPURA,MAHESH VASANTRAO GORE,123456789,,416234,MAHARASHTRA,MAHARASHTRA,775 NAVNATH NAGAR GOKUL SHIRGAVON SHIRGAON KOLHAPUR MAHARASHTRA 416234,PREPAID,20,,,,,,
1533,,,,LEX DIGITAL,123456789,,,110053,BHAJANPURA,DELHI,BHAJANPURA,SUREDRA MADANASING RAJAPUT,123456789,,425114,MAHARASHTRA,MAHARASHTRA,"PATIL GALLI, AT.PO. NERI DIGAR TAL.JAMNER DIST.JALGAON JALGAON MAHARASHTRA 425114",PREPAID,20,,,,,,
1534,,,,LEX DIGITAL,123456789,,,110053,BHAJANPURA,DELHI,BHAJANPURA,SYED ASGAR ALI SYED SHAUKAT ALI,123456789,,444601,MAHARASHTRA,MAHARASHTRA,NEAR HAYATUL ISLAM MASJID YASMIN NAGAR AMRAVATI MAHARASHTRA 444601,PREPAID,20,,,,,,
1535,,,,LEX DIGITAL,123456789,,,110053,BHAJANPURA,DELHI,BHAJANPURA,SHAIKH MEHEBUB SHAIKH MASTHAN,123456789,,431001,MAHARASHTRA,MAHARASHTRA,H NO-4-13-57/P SANJAY NAGAR AURANGABAD MAHARASHTRA 431001,PREPAID,20,,,,,,
1536,,,,LEX DIGITAL,123456789,,,110053,BHAJANPURA,DELHI,BHAJANPURA,MAHESH SADASHIV JAMDARE,123456789,,411033,MAHARASHTRA,MAHARASHTRA,JAY MALHAR COLONY NO 1 NEAR RAHATANI PHATATHERGAON PUN E 411033 PUNE MAHARASHTRA,PREPAID,20,,,,,,
1537,,,,LEX DIGITAL,123456789,,,110053,BHAJANPURA,DELHI,BHAJANPURA,DATTATRAY DNYANDEV MANDHRE,123456789,,414403,MAHARASHTRA,MAHARASHTRA,"MANDHARE VASTI. KALYACHIWADI, TAL-KARJAT DIST-HMEDNAGAR AHMED NAGAR MAHARASHTRA 414403",PREPAID,20,,,,,,
1538,,,,LEX DIGITAL,123456789,,,110053,BHAJANPURA,DELHI,BHAJANPURA,ANIKET SUDHIR PAWAR,123456789,,413101,MAHARASHTRA,MAHARASHTRA,A/P-ANANDNAGAR TAL-MALSHIRAS DIST-SOLAPUR SOLAPUR MAHARASHTRA 413101,PREPAID,20,,,,,,
1539,,,,LEX DIGITAL,123456789,,,110053,BHAJANPURA,DELHI,BHAJANPURA,RAMKISAN LALCHAND MAHER,123456789,,431114,MAHARASHTRA,MAHARASHTRA,AT- KALYANI POST- SURANGALI JALNA MAHARASHTRA 431114,PREPAID,20,,,,,,
1540,,,,LEX DIGITAL,123456789,,,110053,BHAJANPURA,DELHI,BHAJANPURA,SADDAM GANI SHAIKH,123456789,,431001,MAHARASHTRA,MAHARASHTRA,"S/O GANI SHAIKH,AURANGABAD BANGAON AURANGABAD MAHARASHTRA 431001",PREPAID,20,,,,,,
1541,,,,LEX DIGITAL,123456789,,,110053,BHAJANPURA,DELHI,BHAJANPURA,SUBHAM SHANKAR GAYKWAD,123456789,,412101,MAHARASHTRA,MAHARASHTRA,CO SHREE SHAMTH GENERAL HOSPITAL TARAS COMPLAX NEAR PUNERI SWEETS MART SHOP NO 8 AND 9 MUKAI CHOWK KIWALE PUNE MAHARASHTRA 412101,PREPAID,20,,,,,,
1542,,,,LEX DIGITAL,123456789,,,110053,BHAJANPURA,DELHI,BHAJANPURA,PUJA HIRU DAWARE,123456789,,400093,MAHARASHTRA,MAHARASHTRA,"D/O HIRU DAWARE,, INDIA, , NEAR SUN CITY HOTEL, ROOM N-135, MULGAON ADIWASI RAHI SANGH, M.I.D.C. ANDHERI E MUMBAI MAHARASHTRA 400093",PREPAID,20,,,,,,
1543,,,,LEX DIGITAL,123456789,,,110053,BHAJANPURA,DELHI,BHAJANPURA,VIDHYA ATUL KUBADIA,123456789,,421202,MAHARASHTRA,MAHARASHTRA,"RNO3SAVITRI SHANKAR NIWAS GUPTE RD DOMBIVLI WEST,DOMBI VLI WEST THANE MAHARASHTRA 421202",PREPAID,20,,,,,,
1544,,,,LEX DIGITAL,123456789,,,110053,BHAJANPURA,DELHI,BHAJANPURA,PATIL ARCHANA BABGONDA,123456789,,416101,MAHARASHTRA,MAHARASHTRA,"NEAR POST OFFICE,PATIL GALLI,POST OFFICE KOLHAPUR MAHARASHTRA 416101",PREPAID,20,,,,,,
1545,,,,LEX DIGITAL,123456789,,,110053,BHAJANPURA,DELHI,BHAJANPURA,ATTAM BHAGAWAN RATHOD,123456789,,431122,MAHARASHTRA,MAHARASHTRA,AT LAXMI AAI TANDAA POST NALWANDI - BEED MAHARASHTRA 431122,PREPAID,20,,,,,,
1546,,,,LEX DIGITAL,123456789,,,110053,BHAJANPURA,DELHI,BHAJANPURA,SUBHASH VILAS KALBHOR,123456789,,413130,MAHARASHTRA,MAHARASHTRA,KHADAKI A/P TAL DAUND DIST PUNE MAHARASHTRA 413130,PREPAID,20,,,,,,
1547,,,,LEX DIGITAL,123456789,,,110053,BHAJANPURA,DELHI,BHAJANPURA,AJIZ HABIB SHAIKH,123456789,,431131,MAHARASHTRA,MAHARASHTRA,"SABALE GALLI, PATRUD ,TA. MAJALGAON, PATHRUD,BID BEED MAHARASHTRA 431131",PREPAID,20,,,,,,
1548,,,,LEX DIGITAL,123456789,,,110053,BHAJANPURA,DELHI,BHAJANPURA,ITTADAR IFTIKAR AHMED ANSARI,123456789,,400022,MAHARASHTRA,MAHARASHTRA,ROOM NO 430 SUNDER KAMLA NAGAR BAUBAJI ROAD SION EAST MUMBAI MAHARASHTRA 400022,PREPAID,20,,,,,,
1549,,,,LEX DIGITAL,123456789,,,110053,BHAJANPURA,DELHI,BHAJANPURA,SIDDHESH BABAN DHUMAL,123456789,,422601,MAHARASHTRA,MAHARASHTRA,GAVTHAN DHUMALWADI AKOLE AHMED NAGAR MAHARASHTRA 422601,PREPAID,20,,,,,,
1550,,,,LEX DIGITAL,123456789,,,110053,BHAJANPURA,DELHI,BHAJANPURA,LAXMAN BHIMRAV JADHAV,123456789,,413202,MAHARASHTRA,MAHARASHTRA,"GAVTHAN, BITARGAON (WANGI), BITERGAON SOLAPUR, KARMALA, MAHARASHTRA SOLAPUR 413202",PREPAID,20,,,,,,
1551,,,,LEX DIGITAL,123456789,,,110053,BHAJANPURA,DELHI,BHAJANPURA,AJIT POPAT PAWAR,123456789,,400604,MAHARASHTRA,MAHARASHTRA,THANE MAHARASHTRA 400604,PREPAID,20,,,,,,
1552,,,,LEX DIGITAL,123456789,,,110053,BHAJANPURA,DELHI,BHAJANPURA,VINOD S MAHAJAN,123456789,,411033,MAHARASHTRA,MAHARASHTRA,S/O SURESH MAHAJAN NEAR PCMC WATER TANK KAILAS NAGAR THERGAON PUNE CITY MAHARASHTRA 411033,PREPAID,20,,,,,,
1553,,,,LEX DIGITAL,123456789,,,110053,BHAJANPURA,DELHI,BHAJANPURA,BAKIR M UDAIPURWALA,123456789,,400003,MAHARASHTRA,MAHARASHTRA,"UDAIPURWALA, 179 A BLOCK ROSHAN MANZIL 4TH FLOOR ROOM NO 43, ABDUL REHMAN STREET, ABOVE NADERI HOTEL, CRAWFORD MARKET, MUMBAI, B.P.LANE, MAHARASHTRA, MUMBAI MAHARASHTRA 400003",PREPAID,20,,,,,,
1554,,,,LEX DIGITAL,123456789,,,110053,BHAJANPURA,DELHI,BHAJANPURA,SHIVA SHESHRAO KOTHALKAR,123456789,,444806,MAHARASHTRA,MAHARASHTRA,"AT- NEAR RAM MANDIR, ABBASPURA, ACHALPUR, AMRAVATI, MAHARASHTRA, 444806 AMRAVATI MAHARASHTRA",PREPAID,20,,,,,,
1555,,,,LEX DIGITAL,123456789,,,110053,BHAJANPURA,DELHI,BHAJANPURA,BARIKRAO PARBHATI PAWAR,123456789,,414208,MAHARASHTRA,MAHARASHTRA,AP KASARI PO KADASAKHAR TQ ASHTI BEED MAHARASHTRA 414208,PREPAID,20,,,,,,
1556,,,,LEX DIGITAL,123456789,,,110053,BHAJANPURA,DELHI,BHAJANPURA,NAGARAJ ISHWAR KHOBREKAR,123456789,,400063,MAHARASHTRA,MAHARASHTRA,42 5 16 SWATANTRA CHAWL ITT BHATTIGEN AKV MARG NR OBEROI SIGNAL CORNER GOREGAON EAST MUMBAI MAHARASHTRA 400063,PREPAID,20,,,,,,
1557,,,,LEX DIGITAL,123456789,,,110053,BHAJANPURA,DELHI,BHAJANPURA,TIDKE BHASKAR TRIMBAK,123456789,,431530,MAHARASHTRA,MAHARASHTRA,PANGRI BEED MAHARASHTRA 431530,PREPAID,20,,,,,,
1558,,,,LEX DIGITAL,123456789,,,110053,BHAJANPURA,DELHI,BHAJANPURA,KEDAR NATHURAM PANVELKAR,123456789,,402107,MAHARASHTRA,MAHARASHTRA,KUMBHAR ALI AT POST HAMARAPUR NEAR SAI MANDHIR HAMRAPUR RAIGARH MH MAHARASHTRA 402107,PREPAID,20,,,,,,
1559,,,,LEX DIGITAL,123456789,,,110053,BHAJANPURA,DELHI,BHAJANPURA,SANJY BAPURAO ARNE,123456789,,411015,MAHARASHTRA,MAHARASHTRA,"NEAR MARATHI SCHOOL, DIGHI, VTC: PUNE CITY, PO: DIGHI CAMP, SUB DISTRICT: PUNE, CITY MAHARASHTRA 411015",PREPAID,20,,,,,,
1560,,,,LEX DIGITAL,123456789,,,110053,BHAJANPURA,DELHI,BHAJANPURA,TUSHAR ARUN BANSODE,123456789,,413112,MAHARASHTRA,MAHARASHTRA,A/P-MAHALUNG TAL-MALSHIRAS DIST-SOLAPUR SOLAPUR MAHARASHTRA 413112,PREPAID,20,,,,,,
1561,,,,LEX DIGITAL,123456789,,,110053,BHAJANPURA,DELHI,BHAJANPURA,SANTOSH LAXMAN DAMSE,123456789,,422010,MAHARASHTRA,MAHARASHTRA,"43,DALIT VASTI, AMBEBAHULA, VILHOLI, NASHIK MAHARASHTRA 422010",PREPAID,20,,,,,,
1562,,,,LEX DIGITAL,123456789,,,110053,BHAJANPURA,DELHI,BHAJANPURA,MADHAVE VENKAT VANDALE,123456789,,412208,MAHARASHTRA,MAHARASHTRA,05 PUNE ROAD SHIKRAPUR BAJARANGWADI TAL SHIRUR MAHARASHTRA 412208,PREPAID,20,,,,,,
1563,,,,LEX DIGITAL,123456789,,,110053,BHAJANPURA,DELHI,BHAJANPURA,DIPAK LIMBRAJ KSHIRSAGAR,123456789,,400104,MAHARASHTRA,MAHARASHTRA,HNO 1GOREGAV WEST MUMBAI MAHARASHTRA 400104,PREPAID,20,,,,,,
1564,,,,LEX DIGITAL,123456789,,,110053,BHAJANPURA,DELHI,BHAJANPURA,SOHEL YUNUS MUJAWAR,123456789,,413406,MAHARASHTRA,MAHARASHTRA,AT ZAREGAON PO GAUDGAON TA BARSHI JI SOLAPUR MAHARASHTRA 413406,PREPAID,20,,,,,,
1565,,,,LEX DIGITAL,123456789,,,110053,BHAJANPURA,DELHI,BHAJANPURA,VILAS MANGU PAWAR,123456789,,445230,MAHARASHTRA,MAHARASHTRA,S/O MANGU PAWAR CHINCHOLI NINGNUR GAHAGIR YAVATMAL NINGNOOR MAHARASTRA MAHARASHTRA 445230,PREPAID,20,,,,,,
1566,,,,LEX DIGITAL,123456789,,,110053,BHAJANPURA,DELHI,BHAJANPURA,BHASKAR PANDURANG PHAD,123456789,,431514,MAHARASHTRA,MAHARASHTRA,AT UKHALI KHURD POST HARANGUL TQ GANGAKHED DIST PARBHANI GANHAKHED MAHARASHTRA 431514,PREPAID,20,,,,,,
1567,,,,LEX DIGITAL,123456789,,,110053,BHAJANPURA,DELHI,BHAJANPURA,ABASAHEB SAKHARAM PATIL,123456789,,431121,MAHARASHTRA,MAHARASHTRA,ROHILAGAD JALNA MAHARASHTRA 431121,PREPAID,20,,,,,,
1568,,,,LEX DIGITAL,123456789,,,110053,BHAJANPURA,DELHI,BHAJANPURA,AMIT RAMESH CHOUGULE,123456789,,413001,MAHARASHTRA,MAHARASHTRA,"15,BHARAT RATNA INDIRA NAGAR,MASJID JAVAL SOLAPUR MAHARASHTRA 413001",PREPAID,20,,,,,,
1569,,,,LEX DIGITAL,123456789,,,110053,BHAJANPURA,DELHI,BHAJANPURA,NAMU BHURA KASDEKAR,123456789,,444807,MAHARASHTRA,MAHARASHTRA,AT DAHENDRI PO CHURNI TQ CHIKHALDARA AMRAVATI MAHARASHTRA 444807,PREPAID,20,,,,,,
1570,,,,LEX DIGITAL,123456789,,,110053,BHAJANPURA,DELHI,BHAJANPURA,SHAKHAR RASHID TADVI,123456789,,424205,MAHARASHTRA,MAHARASHTRA,"INDIA,, HIVARI DIGAR JALGAON MAHARASHTRA 424205",PREPAID,20,,,,,,
1571,,,,LEX DIGITAL,123456789,,,110053,BHAJANPURA,DELHI,BHAJANPURA,GAJANAN LAKDA BARELA,123456789,,425303,MAHARASHTRA,MAHARASHTRA,AT RAMJI PADA PO ADAWAD TAL CHOPDA JALGAON MAHARASHTRA 425303,PREPAID,20,,,,,,
1572,,,,LEX DIGITAL,123456789,,,110053,BHAJANPURA,DELHI,BHAJANPURA,KIRAN KUMAR KACHARE,123456789,,416410,MAHARASHTRA,MAHARASHTRA,063MIRAJ SANGLI MAHARASHTRA 416410,PREPAID,20,,,,,,
1573,,,,LEX DIGITAL,123456789,,,110053,BHAJANPURA,DELHI,BHAJANPURA,KISHOR SHAMRAO INGALE,123456789,,444107,MAHARASHTRA,MAHARASHTRA,MU CHIKHALI POST SONORI AKOLA MAHARASHTRA 444107,PREPAID,20,,,,,,
1574,,,,LEX DIGITAL,123456789,,,110053,BHAJANPURA,DELHI,BHAJANPURA,SANDIP YALLAPPA TAGANE,123456789,,413008,MAHARASHTRA,MAHARASHTRA,AT POST TAKLI TAL SOUTH SOLAPUR DIST MAHARASHTRA 413008,PREPAID,20,,,,,,
1575,,,,LEX DIGITAL,123456789,,,110053,BHAJANPURA,DELHI,BHAJANPURA,VENKATESH SAGADEVAN NADAR,123456789,,400080,MAHARASHTRA,MAHARASHTRA,"INDIRA NAGAR NO1 1, J N ROAD,MULUND WEST,OPP POOJA HOSPITAL MUMBAI MAHARASHTRA 400080",PREPAID,20,,,,,,
1576,,,,LEX DIGITAL,123456789,,,110053,BHAJANPURA,DELHI,BHAJANPURA,ASLAM RIYAJ KHAN,123456789,,431001,MAHARASHTRA,MAHARASHTRA,JAMA MASJID DEVLAI AURANGABAD MAHARASHTRA 431001,PREPAID,20,,,,,,
1577,,,,LEX DIGITAL,123456789,,,110053,BHAJANPURA,DELHI,BHAJANPURA,AHTESHAM AHMAD SAYEED AHMAD,123456789,,443101,MAHARASHTRA,MAHARASHTRA,MANGAL GET ROAD MALVI PURA MALKAPUR BULDHANA MAHARASHTRA 443101,PREPAID,20,,,,,,
1578,,,,LEX DIGITAL,123456789,,,110053,BHAJANPURA,DELHI,BHAJANPURA,RAVINDRA SAHEBRAO SALUNKE,123456789,,425003,MAHARASHTRA,MAHARASHTRA,BAHER PAETH A/P FAIZPUR JALGAON MAHARASHTRA 425003,PREPAID,20,,,,,,
1579,,,,LEX DIGITAL,123456789,,,110053,BHAJANPURA,DELHI,BHAJANPURA,SANGEETA GANESH PAWAR,123456789,,431147,MAHARASHTRA,MAHARASHTRA,AT DHAMANI POST NAGAPUR DHAMI KHURD PO KARANJKHEDA SUB DISTRICT KANNAD AURANGABAD GALLI NO 02 SR 63 PLOT 35 SANTOSHI MATA NAGAR MUKUNDWADI MAHARASHTRA 431147,PREPAID,20,,,,,,
1580,,,,LEX DIGITAL,123456789,,,110053,BHAJANPURA,DELHI,BHAJANPURA,BHAUSAHEB MAHADU NAVALE,123456789,,431206,MAHARASHTRA,MAHARASHTRA,"AT.DAWARGAON TALUKA JAFRABAD, DAWAEGAON, JALNA, AURANGABAD MAHARASHTRA 431206",PREPAID,20,,,,,,
1581,,,,LEX DIGITAL,123456789,,,110053,BHAJANPURA,DELHI,BHAJANPURA,SATISH SHINDE,123456789,,431209,MAHARASHTRA,MAHARASHTRA,HATADI GHANSAWANGI JALNA MAHARASHTRA 431209,PREPAID,20,,,,,,
1582,,,,LEX DIGITAL,123456789,,,110053,BHAJANPURA,DELHI,BHAJANPURA,RAJKUMAR SANGAYAPPA SWAMI,123456789,,412308,MAHARASHTRA,MAHARASHTRA,"SARVE NO-222, HISSA NO-01 SWAMIRAJ PARK DHANGARWASTI HAVELI URULI DEWACHI PUNE MAHARASHTRA 412308",PREPAID,20,,,,,,
1583,,,,LEX DIGITAL,123456789,,,110053,BHAJANPURA,DELHI,BHAJANPURA,NAVINKUMAR MAHESH YADAV,123456789,,422010,MAHARASHTRA,MAHARASHTRA,"R NO 06,PLOT 12/13, SNO 3A, GAJANAN APP ,SANJIV NAGAR, CHUNCHALE AMBAD AMBAD,NASHIK NASHIK MAHARASHTRA 422010",PREPAID,20,,,,,,
1584,,,,LEX DIGITAL,123456789,,,110053,BHAJANPURA,DELHI,BHAJANPURA,ATIK RASHID SHAIKH,123456789,,431001,MAHARASHTRA,MAHARASHTRA,SAI NAGAR AT PISADEVI AURANGABAD MAHARASHTRA 431001,PREPAID,20,,,,,,
1585,,,,LEX DIGITAL,123456789,,,110053,BHAJANPURA,DELHI,BHAJANPURA,ANILKUMAR KANHAIYALAL JAISWANI,123456789,,444101,MAHARASHTRA,MAHARASHTRA,2284 SINDHI CAMP RAJDE PLOT AKOT MAHARASHTRA 444101,PREPAID,20,,,,,,
1586,,,,LEX DIGITAL,123456789,,,110053,BHAJANPURA,DELHI,BHAJANPURA,AVINASH DEVCHAND PATIL,123456789,,424201,MAHARASHTRA,MAHARASHTRA,GHAR NO - 59 BHADGAON ROAD KALIKA NAGAR PACHORA JALGAON MAHARASHTRA 424201,PREPAID,20,,,,,,
1587,,,,LEX DIGITAL,123456789,,,110053,BHAJANPURA,DELHI,BHAJANPURA,ANIL PANJABRAO TAYADE,123456789,,444602,MAHARASHTRA,MAHARASHTRA,NEAR VITABHATTI BICCHU TEKADI GAJANAN NAGAR SINDI BK AMRAVATI MAHARASHTRA 444602,PREPAID,20,,,,,,
1588,,,,LEX DIGITAL,123456789,,,110053,BHAJANPURA,DELHI,BHAJANPURA,RANJEET BABANRAO KHANDAGALE,123456789,,431129,MAHARASHTRA,MAHARASHTRA,"AT MALIPARGAON POST WAGHORA TQ. MAJALGAON MALIPARGAON, - BEED MAHARASHTRA 431129",PREPAID,20,,,,,,
1589,,,,LEX DIGITAL,123456789,,,110053,BHAJANPURA,DELHI,BHAJANPURA,RAVINDRA SADASHIV SAVKARE,123456789,,424105,MAHARASHTRA,MAHARASHTRA,AT/POST TALUKA BHADGAON MAHINDALE JALGAON MAHARASHTRA 424105,PREPAID,20,,,,,,
1590,,,,LEX DIGITAL,123456789,,,110053,BHAJANPURA,DELHI,BHAJANPURA,SHAKIL AMIR SHAIKH,123456789,,425001,MAHARASHTRA,MAHARASHTRA,BUILDING NO 05 ROOM 13/14 NEW KHWAJA NAGAR PIMPRALA JALGAON MAHARASHTRA 425001,PREPAID,20,,,,,,
1591,,,,LEX DIGITAL,123456789,,,110053,BHAJANPURA,DELHI,BHAJANPURA,UJALA SINGH,123456789,,421302,MAHARASHTRA,MAHARASHTRA,C 901 CASA TREETOP LODHA UPPER THANE BHIWANDI MAHARASHTRA 421302,PREPAID,20,,,,,,
1592,,,,LEX DIGITAL,123456789,,,110053,BHAJANPURA,DELHI,BHAJANPURA,RAHUL SHRIDHAR HOLAMBE,123456789,,412101,MAHARASHTRA,MAHARASHTRA,F 704 PARVATARA ADARSH NAGAR KIWALE NEAR MUKAI CHOWK PUNE MAHARASHTRA 412101,PREPAID,20,,,,,,
1593,,,,LEX DIGITAL,123456789,,,110053,BHAJANPURA,DELHI,BHAJANPURA,AMIT ANKUSH MASURKAR,123456789,,400011,MAHARASHTRA,MAHARASHTRA,4/44 B I T CHAWL MEGHRAJ SETHI MARG AGRIPADA MUMBAI MAHARASHTRA 400011,PREPAID,20,,,,,,
1594,,,,LEX DIGITAL,123456789,,,110053,BHAJANPURA,DELHI,BHAJANPURA,VISHAL DATTATRAYA BARKADE,123456789,,411057,MAHARASHTRA,MAHARASHTRA,FLAT NO 201 MARIYAM APARTMENT DATTA MANDIR ROAD WAKAD W AKADPUNE PUNE MAHARASHTRA 411057,PREPAID,20,,,,,,
1595,,,,LEX DIGITAL,123456789,,,110053,BHAJANPURA,DELHI,BHAJANPURA,SHYAM ATMARAM PANCHAL,123456789,,431602,MAHARASHTRA,MAHARASHTRA,AT JAITAPUR POST RAHATI BK NANDED MAHARASHTRA 431602,PREPAID,20,,,,,,
1596,,,,LEX DIGITAL,123456789,,,110053,BHAJANPURA,DELHI,BHAJANPURA,LALMUNNISA LALMUNNISA,123456789,,440012,MAHARASHTRA,MAHARASHTRA,TAJ ROYAL PALACEFLAT NO101NAGPUR NAGPUR MAHARASHTRA 440012,PREPAID,20,,,,,,
1597,,,,LEX DIGITAL,123456789,,,110053,BHAJANPURA,DELHI,BHAJANPURA,EDWARD LAMKANG,123456789,,795135,MANIPUR,MANIPUR,"S/O J RANGSHUL LAMKANG,, INDIA, LAMKANG KHUNOU PALLEL CHANDEL SUB-DIVISION MANIPUR 795135",PREPAID,20,,,,,,
1598,,,,LEX DIGITAL,123456789,,,110053,BHAJANPURA,DELHI,BHAJANPURA,HITO B,123456789,,797112,NAGALAND,NAGALAND,"H/NO-42,ARMY SUPPLY ROAD,WARD-07,XUVIHE COLONY,DIMAPUR SADAR,PO:DIMAPUR,DIST:DIMAPUR,NAGALAND XUVIHE COLONY, DIMAPUR, DIMAPUR NAGALAND 797112",PREPAID,20,,,,,,
1599,,,,LEX DIGITAL,123456789,,,110053,BHAJANPURA,DELHI,BHAJANPURA,KOTTURU ESWAR RAO,123456789,,761208,ODISHA,ODISHA,K. SITAPUR GAJAPATI ODISHA KASINAGAR 761208,PREPAID,20,,,,,,
1600,,,,LEX DIGITAL,123456789,,,110053,BHAJANPURA,DELHI,BHAJANPURA,MAHENDRA BEHERA,123456789,,768005,ODISHA,ODISHA,35 DHANUPALI SAMBALPUR ODISHA 768005,PREPAID,20,,,,,,
1601,,,,LEX DIGITAL,123456789,,,110053,BHAJANPURA,DELHI,BHAJANPURA,PARBATI NAYAK,123456789,,754204,ODISHA,ODISHA,CHAYAN PAL BAGHASWARPUR CUTTACK ODISHA 754204,PREPAID,20,,,,,,
1602,,,,LEX DIGITAL,123456789,,,110053,BHAJANPURA,DELHI,BHAJANPURA,PRADIPA KUMAR PAUL,123456789,,754035,ODISHA,ODISHA,MANIABANDHA MATIAPADA BADAMBA CUTTACK ODISHA 754035,PREPAID,20,,,,,,
1603,,,,LEX DIGITAL,123456789,,,110053,BHAJANPURA,DELHI,BHAJANPURA,LAXMAN HEMBRAM,123456789,,757081,ODISHA,ODISHA,SATPAUTIA KESHARPUR CHANDUA MAYURBHANJ ODISHA 757081,PREPAID,20,,,,,,
1604,,,,LEX DIGITAL,123456789,,,110053,BHAJANPURA,DELHI,BHAJANPURA,KALI PRASAD MAJHI,123456789,,768113,ODISHA,ODISHA,DAKARA SAMBALPUR ODISHA 768113,PREPAID,20,,,,,,
1605,,,,LEX DIGITAL,123456789,,,110053,BHAJANPURA,DELHI,BHAJANPURA,SAROJ KUMAR DAS,123456789,,755022,ODISHA,ODISHA,"DIHASAHI,KORAI,ALADAJALESWARPUR KOREI JAJPUR JAJAPUR ODISHA 755022",PREPAID,20,,,,,,
1606,,,,LEX DIGITAL,123456789,,,110053,BHAJANPURA,DELHI,BHAJANPURA,RAMA KHORA,123456789,,764020,ODISHA,ODISHA,PARAJA STREET KORAPUT ODISHA 764020,PREPAID,20,,,,,,
1607,,,,LEX DIGITAL,123456789,,,110053,BHAJANPURA,DELHI,BHAJANPURA,BIRENDRA PRATAP BHANJADEO,123456789,,751019,ODISHA,ODISHA,B/148 PH-5 HB COLONY DUMDUMA KHORDA ODISHA 751019,PREPAID,20,,,,,,
1608,,,,LEX DIGITAL,123456789,,,110053,BHAJANPURA,DELHI,BHAJANPURA,MANOJA MALLIK,123456789,,754142,ODISHA,ODISHA,"LOCONATH COLONY 7J8X Q83, PARADEEP, ODISHA 754142, INDIA PARADEEP 754142",PREPAID,20,,,,,,
1609,,,,LEX DIGITAL,123456789,,,110053,BHAJANPURA,DELHI,BHAJANPURA,GITANJALI BEHERA,123456789,,756047,ODISHA,ODISHA,"W/O BHARAT SHIAL,BHATAPADA,SAUNDIA TURIGARIA, BALESWAR ODISHA 756047",PREPAID,20,,,,,,
1610,,,,LEX DIGITAL,123456789,,,110053,BHAJANPURA,DELHI,BHAJANPURA,KARMU BHOI,123456789,,759103,ODISHA,ODISHA,"TENTULAI,VTC:TENTULEI,PO:TENTULEI DISTRICT:ANGUL,STATE:ODISHA PS-VIKRAMAPUR ANGUL ODISHA 759103",PREPAID,20,,,,,,
1611,,,,LEX DIGITAL,123456789,,,110053,BHAJANPURA,DELHI,BHAJANPURA,BASANTA MAHAPATRA,123456789,,752109,ODISHA,ODISHA,AT-KENDRAPATI PO-NAMARO PS-KAKATPUR PURI ODISHA 752109,PREPAID,20,,,,,,
1612,,,,LEX DIGITAL,123456789,,,110053,BHAJANPURA,DELHI,BHAJANPURA,K ANURADHA,123456789,,764020,ODISHA,ODISHA,NEW DHEPO SAHI KORAPUT ODISHA 764020,PREPAID,20,,,,,,
1613,,,,LEX DIGITAL,123456789,,,110053,BHAJANPURA,DELHI,BHAJANPURA,BIRANCHI LOHAR,123456789,,768233,ODISHA,ODISHA,KALINAGARA KALINAGAR ORIENTA KOLIARI ORIENT JHARSUGUDA ODISHA 768233,PREPAID,20,,,,,,
1614,,,,LEX DIGITAL,123456789,,,110053,BHAJANPURA,DELHI,BHAJANPURA,M ASMA,123456789,,761211,ODISHA,ODISHA,SATAMAIL KHARSANDA GAJAPATI ODISHA 761211,PREPAID,20,,,,,,
1615,,,,LEX DIGITAL,123456789,,,110053,BHAJANPURA,DELHI,BHAJANPURA,DAGRESWAR MEHER,123456789,,767040,ODISHA,ODISHA,BELPARA BHALUMUNDA BANGOMUNDA BALANGIR ODISHA 767040,PREPAID,20,,,,,,
1616,,,,LEX DIGITAL,123456789,,,110053,BHAJANPURA,DELHI,BHAJANPURA,ASHA BEHERA,123456789,,759100,ODISHA,ODISHA,"HANDIDHUA, HANDIDHUA TALCHER SADAR, - ANGUL ODISHA 759100",PREPAID,20,,,,,,
1617,,,,LEX DIGITAL,123456789,,,110053,BHAJANPURA,DELHI,BHAJANPURA,SUDAM CHARAN MURMU,123456789,,757046,ODISHA,ODISHA,MORANDA PITIDHIRI MORONDA MAYURBHANJ ODISHA 757046,PREPAID,20,,,,,,
1618,,,,LEX DIGITAL,123456789,,,110053,BHAJANPURA,DELHI,BHAJANPURA,AMULYA KUMAR SWAIN,123456789,,761120,ODISHA,ODISHA,"KALINJINUAPALLI,PO-JHADABHUMI AT-KALINJINUAPALLI,KANDARASINGI,GANJAM GANJAM ODISHA 761120",PREPAID,20,,,,,,
1619,,,,LEX DIGITAL,123456789,,,110053,BHAJANPURA,DELHI,BHAJANPURA,SHYAMA SUNDAR RATH,123456789,,752002,ODISHA,ODISHA,P.K.DA COLONY PURI-2 E.W.S-102 PURI STATION ROAD ODISHA 752002,PREPAID,20,,,,,,
1620,,,,LEX DIGITAL,123456789,,,110053,BHAJANPURA,DELHI,BHAJANPURA,BHAGYALATA KULDIP,123456789,,764046,ODISHA,ODISHA,PANCHABATI MALKANGIRI ODISHA 764046,PREPAID,20,,,,,,
1621,,,,LEX DIGITAL,123456789,,,110053,BHAJANPURA,DELHI,BHAJANPURA,ABHIMANYU MOHANTY,123456789,,756056,ODISHA,ODISHA,KURUDA HARIDA BALESWAR BALESHWAR SADAR ODISHA 756056,PREPAID,20,,,,,,
1622,,,,LEX DIGITAL,123456789,,,110053,BHAJANPURA,DELHI,BHAJANPURA,RABINDRANATH KHILAR,123456789,,768108,ODISHA,ODISHA,"82(1), ORAMPADA, JHARAGOGJA GOILO, DEBAGARH - ODISHA 768108",PREPAID,20,,,,,,
1623,,,,LEX DIGITAL,123456789,,,110053,BHAJANPURA,DELHI,BHAJANPURA,RANGALATA PARIDA,123456789,,756003,ODISHA,ODISHA,FULWAR KASABA BALESHWAR BALESWAR ODISHA 756003,PREPAID,20,,,,,,
1624,,,,LEX DIGITAL,123456789,,,110053,BHAJANPURA,DELHI,BHAJANPURA,BALABHADRA NATHA,123456789,,759120,ODISHA,ODISHA,"VTC- PITIN,PO-PARJANG, SUB DISTRICT -PARAJANG DISTRICT-DHENKANAL STATE -ODISHA PARJANA DHENKANAL ODISHA 759120",PREPAID,20,,,,,,
1625,,,,LEX DIGITAL,123456789,,,110053,BHAJANPURA,DELHI,BHAJANPURA,PRASANTA KUMAR SAHOO,123456789,,752023,ODISHA,ODISHA,BINDHANIA CHANDESWAR KHORDA ODISHA 752023,PREPAID,20,,,,,,
1626,,,,LEX DIGITAL,123456789,,,110053,BHAJANPURA,DELHI,BHAJANPURA,SUJIT KUMAR BEHERA,123456789,,767065,ODISHA,ODISHA,PUINTALA BOLANGIR SADAR ODISHA 767065,PREPAID,20,,,,,,
1627,,,,LEX DIGITAL,123456789,,,110053,BHAJANPURA,DELHI,BHAJANPURA,MOHAMMED AZHARUDDIN,123456789,,754037,ODISHA,ODISHA,NARASINGHPUR PATHANSAHI CUTTACK ODISHA 754037,PREPAID,20,,,,,,
1628,,,,LEX DIGITAL,123456789,,,110053,BHAJANPURA,DELHI,BHAJANPURA,JYOTIPRAKASH OJHA,123456789,,759016,ODISHA,ODISHA,VILLAGE POST-BIDHARPUR BIDHARPUR DHENKANAL ODISHA 759016,PREPAID,20,,,,,,
1629,,,,LEX DIGITAL,123456789,,,110053,BHAJANPURA,DELHI,BHAJANPURA,NISHIKANTA MALIK,123456789,,756043,ODISHA,ODISHA,RAJANAGAR PADAGAON PRATAPADA BALESWAR ODISHA 756043,PREPAID,20,,,,,,
1630,,,,LEX DIGITAL,123456789,,,110053,BHAJANPURA,DELHI,BHAJANPURA,BABULI BEHERA,123456789,,752027,ODISHA,ODISHA,"CORRECT VILLAGE MANSINGHAPUR SORAN, SORANA, KHORDA - ODISHA 752027",PREPAID,20,,,,,,
1631,,,,LEX DIGITAL,123456789,,,110053,BHAJANPURA,DELHI,BHAJANPURA,ISWAR SAMANTARAY,123456789,,752056,ODISHA,ODISHA,"DANDA SAHI , KAIPADAR KHURDA SADAR ODISHA KHORDA 752056",PREPAID,20,,,,,,
1632,,,,LEX DIGITAL,123456789,,,110053,BHAJANPURA,DELHI,BHAJANPURA,DURYODHAN BEPARI,123456789,,764049,ODISHA,ODISHA,BEPARISAHI KAMATA NABARANGAPUR ODISHA 764049,PREPAID,20,,,,,,
1633,,,,LEX DIGITAL,123456789,,,110053,BHAJANPURA,DELHI,BHAJANPURA,MAHENDRA DAS,123456789,,756125,ODISHA,ODISHA,PRABODHAPUR MANDARI BASUDEBPUR BHADRAK ODISHA 756125,PREPAID,20,,,,,,
1634,,,,LEX DIGITAL,123456789,,,110053,BHAJANPURA,DELHI,BHAJANPURA,JADUMANI RANA,123456789,,766107,ODISHA,ODISHA,CHINDAGUDA DAMAPALA KHARIAR NUAPADA ODISHA 766107,PREPAID,20,,,,,,
1635,,,,LEX DIGITAL,123456789,,,110053,BHAJANPURA,DELHI,BHAJANPURA,DEBARAJA JAGADALA,123456789,,762013,ODISHA,ODISHA,RAMGARH BOUDH ODISHA 762013,PREPAID,20,,,,,,
1636,,,,LEX DIGITAL,123456789,,,110053,BHAJANPURA,DELHI,BHAJANPURA,MEGHRAY HANSDAH,123456789,,757053,ODISHA,ODISHA,"NUADIHI, CHANGUA, TIRING, VTC NUADIHI PO SUB DISTRICT TIRINGI, MAYURBHANJ TIRING ODISHA 757053",PREPAID,20,,,,,,
1637,,,,LEX DIGITAL,123456789,,,110053,BHAJANPURA,DELHI,BHAJANPURA,PREMOMANI MONDAR,123456789,,764058,ODISHA,ODISHA,"AT/ BADADUARISAHI,KOTPAD PS-KOTPAD KORAPUT ODISHA 764058",PREPAID,20,,,,,,
1638,,,,LEX DIGITAL,123456789,,,110053,BHAJANPURA,DELHI,BHAJANPURA,JAGATRAM BAGARTTI,123456789,,767002,ODISHA,ODISHA,BHALER BALANGIR ODISHA 767002,PREPAID,20,,,,,,
1639,,,,LEX DIGITAL,123456789,,,110053,BHAJANPURA,DELHI,BHAJANPURA,AJIT KUMAR NAYAK,123456789,,751012,ODISHA,ODISHA,PLOT NO- 687/688 BEHERA SAHI NAYAPALLI BHUBANESWAR KHORDHA KHORDA ODISHA 751012,PREPAID,20,,,,,,
1640,,,,LEX DIGITAL,123456789,,,110053,BHAJANPURA,DELHI,BHAJANPURA,MAMULI PRADHAN,123456789,,759123,ODISHA,ODISHA,SAKOSINGHA SAKASINGHA ANGUL ODISHA 759123,PREPAID,20,,,,,,
1641,,,,LEX DIGITAL,123456789,,,110053,BHAJANPURA,DELHI,BHAJANPURA,PRASANTA SUNA,123456789,,768032,ODISHA,ODISHA,BIJEPUR BARGARH ODISHA 768032,PREPAID,20,,,,,,
1642,,,,LEX DIGITAL,123456789,,,110053,BHAJANPURA,DELHI,BHAJANPURA,BHIMA MURMU,123456789,,757053,ODISHA,ODISHA,"DEVI SAHI,LUPUNG,HESELDIHI LUPUNG,MAYURBHANJ,ODISHA TIRING MAYURBHANJ ODISHA 757053",PREPAID,20,,,,,,
1643,,,,LEX DIGITAL,123456789,,,110053,BHAJANPURA,DELHI,BHAJANPURA,NANDINI BEHERA,123456789,,759001,ODISHA,ODISHA,B 207 BHAGIRATHIBIHAR NEAR KAINTHAPOLIA GUDIANALI DHENKANAL MUNICIPALITY DHENKAL SADAR ODISHA 759001,PREPAID,20,,,,,,
1644,,,,LEX DIGITAL,123456789,,,110053,BHAJANPURA,DELHI,BHAJANPURA,SANTOSH SETHI,123456789,,758076,ODISHA,ODISHA,AT-RANIBEDA PO-BIRABARPUR NUAGOAN PS-TELKOI KENDUJHAR ODISHA 758076,PREPAID,20,,,,,,
1645,,,,LEX DIGITAL,123456789,,,110053,BHAJANPURA,DELHI,BHAJANPURA,NAKUL SAMAL,123456789,,754024,ODISHA,ODISHA,AT-PADMALAVAPUR PO-ARAKHAPUR P-BADACHANA JAJAPUR ODISHA 754024,PREPAID,20,,,,,,
1646,,,,LEX DIGITAL,123456789,,,110053,BHAJANPURA,DELHI,BHAJANPURA,SWARNALATA SWAIN,123456789,,751010,ODISHA,ODISHA,3MANCHESWER KHORDA ODISHA 751010,PREPAID,20,,,,,,
1647,,,,LEX DIGITAL,123456789,,,110053,BHAJANPURA,DELHI,BHAJANPURA,SAURABH PRADHAN,123456789,,756038,ODISHA,ODISHA,S/O-PRAPHULLA PRADHAN TENGARAMARI JAIRAMPUR BHOGRAI BALASORE BALESWAR ODISHA 756038,PREPAID,20,,,,,,
1648,,,,LEX DIGITAL,123456789,,,110053,BHAJANPURA,DELHI,BHAJANPURA,GIRISH MUNDA,123456789,,759125,ODISHA,ODISHA,TANGIANISHA ATHAMALLIK ANGUL ODISHA 759125,PREPAID,20,,,,,,
1649,,,,LEX DIGITAL,123456789,,,110053,BHAJANPURA,DELHI,BHAJANPURA,SATYANARAYAN HARICHANDAN,123456789,,752056,ODISHA,ODISHA,MANGALPUR BANGIDA KHURDA KHORDA ODISHA 752056,PREPAID,20,,,,,,
1650,,,,LEX DIGITAL,123456789,,,110053,BHAJANPURA,DELHI,BHAJANPURA,BIKASH MAHALADAR,123456789,,764087,ODISHA,ODISHA,MV 88 MALAVARAM MALKANGIRI ODISHA 764087,PREPAID,20,,,,,,
1651,,,,LEX DIGITAL,123456789,,,110053,BHAJANPURA,DELHI,BHAJANPURA,BULU KARJI,123456789,,761209,ODISHA,ODISHA,AT-PHARUASAHI PO-TURUBUDI PS-JARADA GANJAM ODISHA 761209,PREPAID,20,,,,,,
1652,,,,LEX DIGITAL,123456789,,,110053,BHAJANPURA,DELHI,BHAJANPURA,PRASANNA PRADHAN,123456789,,759127,ODISHA,ODISHA,"JARADA,JARADA ADAITAPRASAD JARADA ANGUL ODISHA 759127",PREPAID,20,,,,,,
1653,,,,LEX DIGITAL,123456789,,,110053,BHAJANPURA,DELHI,BHAJANPURA,BRAHMANANDA TRIPATHY,123456789,,755031,ODISHA,ODISHA,TIPARA CHAINIPUR JAJPUR PO KAMAGARH PS SADAR ROAD ODISHA 755031,PREPAID,20,,,,,,
1654,,,,LEX DIGITAL,123456789,,,110053,BHAJANPURA,DELHI,BHAJANPURA,RAJAT BARIK,123456789,,768005,ODISHA,ODISHA,SANTIPADA THEMARA SAMBALPUR ODISHA 768005,PREPAID,20,,,,,,
1655,,,,LEX DIGITAL,123456789,,,110053,BHAJANPURA,DELHI,BHAJANPURA,KARNMU SANKAR REDDY,123456789,,761054,ODISHA,ODISHA,GOUTAMI BRAHMAPUR SADAR GANJAM ODISHA 761054,PREPAID,20,,,,,,
1656,,,,LEX DIGITAL,123456789,,,110053,BHAJANPURA,DELHI,BHAJANPURA,SUBHADATTA BARIK,123456789,,752109,ODISHA,ODISHA,ASTARANGA ALANGPUR ATHATIRA PURI ODISHA 752109,PREPAID,20,,,,,,
1657,,,,LEX DIGITAL,123456789,,,110053,BHAJANPURA,DELHI,BHAJANPURA,SK IDUL,123456789,,755043,ODISHA,ODISHA,GOLEIPUR HATASAHI PS PANIKOILI JAJPUR JAJAPUR ODISHA 755043,PREPAID,20,,,,,,
1658,,,,LEX DIGITAL,123456789,,,110053,BHAJANPURA,DELHI,BHAJANPURA,JAGADIS NAIK,123456789,,766023,ODISHA,ODISHA,MATHURA KALAHANDI ODISHA 766023,PREPAID,20,,,,,,
1659,,,,LEX DIGITAL,123456789,,,110053,BHAJANPURA,DELHI,BHAJANPURA,BAPUNI SING,123456789,,757083,ODISHA,ODISHA,HOUSE NO-118 BHIMDA MAYURBHANJ ODISHA 757083,PREPAID,20,,,,,,
1660,,,,LEX DIGITAL,123456789,,,110053,BHAJANPURA,DELHI,BHAJANPURA,SABITA TRIPATHI,123456789,,758022,ODISHA,ODISHA,GIRIGAON ANANDAPUR KENDUJHAR ODISHA 758022,PREPAID,20,,,,,,
1661,,,,LEX DIGITAL,123456789,,,110053,BHAJANPURA,DELHI,BHAJANPURA,RADHANATH PUJAHARI,123456789,,767062,ODISHA,ODISHA,"KAPASIRA PO-PANCHAMAHALA,PS-ULLUNDA,BLOCK-ULLUNDA ULLUNDA ULUNDA SONAPUR ODISHA 767062",PREPAID,20,,,,,,
1662,,,,LEX DIGITAL,123456789,,,110053,BHAJANPURA,DELHI,BHAJANPURA,KRUSHNACHANDRA PADHI,123456789,,760003,ODISHA,ODISHA,PADMAPUR GOLANTHARA GANJAM ODISHA 760003,PREPAID,20,,,,,,
1663,,,,LEX DIGITAL,123456789,,,110053,BHAJANPURA,DELHI,BHAJANPURA,ULLAS NAIK,123456789,,759015,ODISHA,ODISHA,RATHIAPAL DHENKANAL ODISHA 759015,PREPAID,20,,,,,,
1664,,,,LEX DIGITAL,123456789,,,110053,BHAJANPURA,DELHI,BHAJANPURA,PUSHPALATA DASH,123456789,,757074,ODISHA,ODISHA,AT BALIMUNDALI PO TANGANA PS KHUNTA MAYURBHANJ ODISHA 757074,PREPAID,20,,,,,,
1665,,,,LEX DIGITAL,123456789,,,110053,BHAJANPURA,DELHI,BHAJANPURA,SANKAR SAGARIA,123456789,,764044,ODISHA,ODISHA,SIRIBATA COLONY KUDUMULUGUDA MALKANGIRI KORAPUT ODISHA 764044,PREPAID,20,,,,,,
1666,,,,LEX DIGITAL,123456789,,,110053,BHAJANPURA,DELHI,BHAJANPURA,SATYA NARAYAN HATI,123456789,,757101,ODISHA,ODISHA,AT-DIHIRAKUL PO-DIHIRAKUL PS-UDALA MAYURBHANJ ODISHA 757101,PREPAID,20,,,,,,
1667,,,,LEX DIGITAL,123456789,,,110053,BHAJANPURA,DELHI,BHAJANPURA,TAPAS BERA,123456789,,754224,ODISHA,ODISHA,SUNITI KENDRAPARA ODISHA 754224,PREPAID,20,,,,,,
1668,,,,LEX DIGITAL,123456789,,,110053,BHAJANPURA,DELHI,BHAJANPURA,ASIT KUMAR SAMAL,123456789,,754295,ODISHA,ODISHA,AT PO ORANDA PS GURUDIJHATIA CUTTACK ODISHA 754295,PREPAID,20,,,,,,
1669,,,,LEX DIGITAL,123456789,,,110053,BHAJANPURA,DELHI,BHAJANPURA,SRIDHAR BEHERA,123456789,,752030,ODISHA,ODISHA,KUMARPUR RAMALENKA KRUSHNAPRASAD BALUGAON ODISHA 752030,PREPAID,20,,,,,,
1670,,,,LEX DIGITAL,123456789,,,110053,BHAJANPURA,DELHI,BHAJANPURA,KRUSHNA CHANDRA ROUT,123456789,,759018,ODISHA,ODISHA,NILAMADHABPUR MALAPURA DHENKANAL ODISHA 759018,PREPAID,20,,,,,,
1671,,,,LEX DIGITAL,123456789,,,110053,BHAJANPURA,DELHI,BHAJANPURA,UMAKANTA SA,123456789,,767040,ODISHA,ODISHA,BANGOMUNDA BALANGIR ODISHA 767040,PREPAID,20,,,,,,
1672,,,,LEX DIGITAL,123456789,,,110053,BHAJANPURA,DELHI,BHAJANPURA,SAROJ KUMAR NAYAK,123456789,,759120,ODISHA,ODISHA,MUNDEILO GELHALKATENI MUNDELO DHENKANAL PS-PARJANG ODISHA 759120,PREPAID,20,,,,,,
1673,,,,LEX DIGITAL,123456789,,,110053,BHAJANPURA,DELHI,BHAJANPURA,RAMESH PADHAN,123456789,,759120,ODISHA,ODISHA,AT/PO-GARHPALASUNI PS-PARJANG DIST-DHENKANAL DHENKANAL ODISHA 759120,PREPAID,20,,,,,,
1674,,,,LEX DIGITAL,123456789,,,110053,BHAJANPURA,DELHI,BHAJANPURA,BHAGABAT SAA,123456789,,767019,ODISHA,ODISHA,KATAPALI BINIKA SONEPUR SONAPUR ODISHA 767019,PREPAID,20,,,,,,
1675,,,,LEX DIGITAL,123456789,,,110053,BHAJANPURA,DELHI,BHAJANPURA,SAPAN KUMAR MOHANTA,123456789,,757086,ODISHA,ODISHA,AT-BHURSANI PO-BHURSANI PS-JHARPOKHARIA MAYURBHANJ ODISHA 757086,PREPAID,20,,,,,,
1676,,,,LEX DIGITAL,123456789,,,110053,BHAJANPURA,DELHI,BHAJANPURA,HIMANSHU CHAKRABARTTY,123456789,,756080,ODISHA,ODISHA,AT TALAPADA PO IRDA VIA PS BASTA BALESWAR ODISHA 756080,PREPAID,20,,,,,,
1677,,,,LEX DIGITAL,123456789,,,110053,BHAJANPURA,DELHI,BHAJANPURA,SIDHANT PRADHAN,123456789,,759129,ODISHA,ODISHA,KHINDAGOBINDAPUR KHINDA BANTALA ANGUL ODISHA 759129,PREPAID,20,,,,,,
1678,,,,LEX DIGITAL,123456789,,,110053,BHAJANPURA,DELHI,BHAJANPURA,NARENDRA KAHANR,123456789,,762020,ODISHA,ODISHA,KHARBHUIN HARABHANGA BOUDH ODISHA 762020,PREPAID,20,,,,,,
1679,,,,LEX DIGITAL,123456789,,,110053,BHAJANPURA,DELHI,BHAJANPURA,BHAGIRATHI SITHA,123456789,,752079,ODISHA,ODISHA,KAKALAMA DARPAARAYANPUR NAYAGARH ODISHA 752079,PREPAID,20,,,,,,
1680,,,,LEX DIGITAL,123456789,,,110053,BHAJANPURA,DELHI,BHAJANPURA,SANTOSH KUMAR DAS,123456789,,756003,ODISHA,ODISHA,THANAGADIA NIZAMPUR BALASORE BALESWAR ODISHA 756003,PREPAID,20,,,,,,
1681,,,,LEX DIGITAL,123456789,,,110053,BHAJANPURA,DELHI,BHAJANPURA,BIKRAM KESHARI BEHERA,123456789,,754031,ODISHA,ODISHA,"JANISAHI, SASANGA JANISAHI BADAMBA CUTTACK ODISHA 754031",PREPAID,20,,,,,,
1682,,,,LEX DIGITAL,123456789,,,110053,BHAJANPURA,DELHI,BHAJANPURA,SANJAY KUMAR RAY,123456789,,754215,ODISHA,ODISHA,AT-NILAKANTHAPUR PO-SHANDHAPALLI KENDRAPARA PATTAMUNDAI ODISHA 754215,PREPAID,20,,,,,,
1683,,,,LEX DIGITAL,123456789,,,110053,BHAJANPURA,DELHI,BHAJANPURA,LIPUN SAHOO,123456789,,759146,ODISHA,ODISHA,AT-BASULEI PO-GENGUTIA PS-PARJANG DHENKANAL ODISHA 759146,PREPAID,20,,,,,,
1684,,,,LEX DIGITAL,123456789,,,110053,BHAJANPURA,DELHI,BHAJANPURA,BASANTI DHAL,123456789,,756028,ODISHA,ODISHA,BAMADA MAYURBHANJ BALESWAR ODISHA 756028,PREPAID,20,,,,,,
1685,,,,LEX DIGITAL,123456789,,,110053,BHAJANPURA,DELHI,BHAJANPURA,TAPAN KUMAR NAIK,123456789,,757029,ODISHA,ODISHA,"BADJOD, BADJOD BASANTAPUR - MAYURBHANJ ODISHA 757029",PREPAID,20,,,,,,
1686,,,,LEX DIGITAL,123456789,,,110053,BHAJANPURA,DELHI,BHAJANPURA,SRINA PIDIKAKA,123456789,,765026,ODISHA,ODISHA,HENDADHEPA PENDILI GUDARI RAYAGADA ODISHA 765026,PREPAID,20,,,,,,
1687,,,,LEX DIGITAL,123456789,,,110053,BHAJANPURA,DELHI,BHAJANPURA,DILIP NAIK,123456789,,765015,ODISHA,ODISHA,D KOROL KUCHEIPADAR RAYAGADA ODISHA 765015,PREPAID,20,,,,,,
1688,,,,LEX DIGITAL,123456789,,,110053,BHAJANPURA,DELHI,BHAJANPURA,RADHANATH PRADHAN,123456789,,756027,ODISHA,ODISHA,SARTHA BALESHWAR ODISHA PS-SINGLA BALESWAR 756027,PREPAID,20,,,,,,
1689,,,,LEX DIGITAL,123456789,,,110053,BHAJANPURA,DELHI,BHAJANPURA,SHIVA KUMAR HEMBRAM,123456789,,757075,ODISHA,ODISHA,MAHALIBASA MAYURBHANJ KHUNTA ODISHA 757075,PREPAID,20,,,,,,
1690,,,,LEX DIGITAL,123456789,,,110053,BHAJANPURA,DELHI,BHAJANPURA,PRASANTA KUMAR BEHERA,123456789,,756036,ODISHA,ODISHA,KUMBHARMULI KRUSNANAGAR PATANA ORAF BALESWAR ODISHA 756036,PREPAID,20,,,,,,
1691,,,,LEX DIGITAL,123456789,,,110053,BHAJANPURA,DELHI,BHAJANPURA,SUNDAR SAHU,123456789,,767067,ODISHA,ODISHA,BALARPALI MAHALEI BALANGIR ODISHA 767067,PREPAID,20,,,,,,
1692,,,,LEX DIGITAL,123456789,,,110053,BHAJANPURA,DELHI,BHAJANPURA,SHANKAR NAYAK,123456789,,764044,ODISHA,ODISHA,CHEDENGA MALKANGIRI ODISHA 764044,PREPAID,20,,,,,,
1693,,,,LEX DIGITAL,123456789,,,110053,BHAJANPURA,DELHI,BHAJANPURA,GOKUL DANASANA,123456789,,768032,ODISHA,ODISHA,BENIANCHAL PATHARLA BIJEPUR BARGARH ODISHA 768032,PREPAID,20,,,,,,
1694,,,,LEX DIGITAL,123456789,,,110053,BHAJANPURA,DELHI,BHAJANPURA,MANASH MAHANANDA,123456789,,767025,ODISHA,ODISHA,"BHALUDARHA , MUNDOMAHUL BALANGIR ODISHA 767025",PREPAID,20,,,,,,
1695,,,,LEX DIGITAL,123456789,,,110053,BHAJANPURA,DELHI,BHAJANPURA,BASANTI DHAL,123456789,,756028,ODISHA,ODISHA,BAMADA MAYURBHANJ BALESWAR ODISHA 756028,PREPAID,20,,,,,,
1696,,,,LEX DIGITAL,123456789,,,110053,BHAJANPURA,DELHI,BHAJANPURA,MINJA DALEI,123456789,,755026,ODISHA,ODISHA,MARUTIKAR KUMBHIRAGADIA JAJAPUR ODISHA 755026,PREPAID,20,,,,,,
1697,,,,LEX DIGITAL,123456789,,,110053,BHAJANPURA,DELHI,BHAJANPURA,RADHAGOBINDA SWAIN,123456789,,752110,ODISHA,ODISHA,AT-POITARA PO-ALICHAR PS-GOP PURI ODISHA 752110,PREPAID,20,,,,,,
1698,,,,LEX DIGITAL,123456789,,,110053,BHAJANPURA,DELHI,BHAJANPURA,RAMESH DORA,123456789,,765015,ODISHA,ODISHA,TIKARAPADA HADIGUDA KUCHEIPADAR BAGIRIJHOLA KASHIPUR RAYAGADA ODISHA 765015,PREPAID,20,,,,,,
1699,,,,LEX DIGITAL,123456789,,,110053,BHAJANPURA,DELHI,BHAJANPURA,BRAMHANAND NAIK,123456789,,762020,ODISHA,ODISHA,KUSAG BHAGMUUNDA BOUDH ODISHA 762020,PREPAID,20,,,,,,
1700,,,,LEX DIGITAL,123456789,,,110053,BHAJANPURA,DELHI,BHAJANPURA,BIJAY PRADHAN,123456789,,759100,ODISHA,ODISHA,EKAGHARIA JADUNATHPUR ANGUL ODISHA 759100,PREPAID,20,,,,,,
1701,,,,LEX DIGITAL,123456789,,,110053,BHAJANPURA,DELHI,BHAJANPURA,KALEB PANI,123456789,,761214,ODISHA,ODISHA,BHRAMARPUR NUAGADA SERANGO GAJAPATI ODISHA 761214,PREPAID,20,,,,,,
1702,,,,LEX DIGITAL,123456789,,,110053,BHAJANPURA,DELHI,BHAJANPURA,NITYANANDA MALIK,123456789,,755026,ODISHA,ODISHA,BARAGADIA DANAGADI PS KALINGA NAGAR JAJPUR JAJAPUR ODISHA 755026,PREPAID,20,,,,,,
1703,,,,LEX DIGITAL,123456789,,,110053,BHAJANPURA,DELHI,BHAJANPURA,PRASANTA NAIK,123456789,,758032,ODISHA,ODISHA,BANSULI TURUMUNGA KEONJHAR KENDUJHAR ODISHA 758032,PREPAID,20,,,,,,
1704,,,,LEX DIGITAL,123456789,,,110053,BHAJANPURA,DELHI,BHAJANPURA,BABITA SWAIN,123456789,,759018,ODISHA,ODISHA,AT-MALAPURA PO-MALAPURA PS-KAMAKHYANAGAR DHENKANAL ODISHA 759018,PREPAID,20,,,,,,
1705,,,,LEX DIGITAL,123456789,,,110053,BHAJANPURA,DELHI,BHAJANPURA,BANAMALI SOREN,123456789,,757029,ODISHA,ODISHA,BALIPAL JAMDAPAL BETNOTI MAYURBHANJ ODISHA 757029,PREPAID,20,,,,,,
1706,,,,LEX DIGITAL,123456789,,,110053,BHAJANPURA,DELHI,BHAJANPURA,JAYA CHANDRA PATRA,123456789,,766020,ODISHA,ODISHA,JODABANDHA KALAHANDI GOPINATHPUR ODISHA 766020,PREPAID,20,,,,,,
1707,,,,LEX DIGITAL,123456789,,,110053,BHAJANPURA,DELHI,BHAJANPURA,DAKU BHOL,123456789,,752001,ODISHA,ODISHA,GHAN ANAPURI PURI ODISHA 752001,PREPAID,20,,,,,,
1708,,,,LEX DIGITAL,123456789,,,110053,BHAJANPURA,DELHI,BHAJANPURA,BHANJA NAIK,123456789,,761131,ODISHA,ODISHA,AT/PO-TOLADI KAIYAN SAHI PS-TARASINGI GANJAM ODISHA 761131,PREPAID,20,,,,,,
1709,,,,LEX DIGITAL,123456789,,,110053,BHAJANPURA,DELHI,BHAJANPURA,SUDHIRA ROUT,123456789,,754031,ODISHA,ODISHA,AT KIRIKICHA PO MAHULIA CUTTACK ODISHA 754031,PREPAID,20,,,,,,
1710,,,,LEX DIGITAL,123456789,,,110053,BHAJANPURA,DELHI,BHAJANPURA,KAMALA KANTA PATRA,123456789,,766102,ODISHA,ODISHA,URLADANI DUKED KALAHANDI ODISHA 766102,PREPAID,20,,,,,,
1711,,,,LEX DIGITAL,123456789,,,110053,BHAJANPURA,DELHI,BHAJANPURA,SUBHADRA GOPAL,123456789,,766018,ODISHA,ODISHA,JAYAPATNA KALAHANDI ODISHA 766018,PREPAID,20,,,,,,
1712,,,,LEX DIGITAL,123456789,,,110053,BHAJANPURA,DELHI,BHAJANPURA,KSHIRAMATI DURGA,123456789,,766015,ODISHA,ODISHA,BADFURLA KALAHANDI ODISHA 766015,PREPAID,20,,,,,,
1713,,,,LEX DIGITAL,123456789,,,110053,BHAJANPURA,DELHI,BHAJANPURA,NARAYAN PRADHAN,123456789,,752081,ODISHA,ODISHA,KURUMBANKATARA ODA GOAN NAYAGARH ODISHA 752081,PREPAID,20,,,,,,
1714,,,,LEX DIGITAL,123456789,,,110053,BHAJANPURA,DELHI,BHAJANPURA,DILU BHARASAGAR,123456789,,767033,ODISHA,ODISHA,CHINGERMUNDA SIRUL TITILAGARH BALANGIR ODISHA 767033,PREPAID,20,,,,,,
1715,,,,LEX DIGITAL,123456789,,,110053,BHAJANPURA,DELHI,BHAJANPURA,MOHINI HATI,123456789,,760002,ODISHA,ODISHA,DHANAMERA SAHI SRIRAM NAGAR ASKA ROAD BRAHMAPUR SADAR BERHAMPUR CITY GANJAM ODISHA 760002,PREPAID,20,,,,,,
1716,,,,LEX DIGITAL,123456789,,,110053,BHAJANPURA,DELHI,BHAJANPURA,NETRANANDA RAUT,123456789,,768213,ODISHA,ODISHA,BHATALAIDA MURADIPALI JHARSUGUDA BHATLAIDA ODISHA 768213,PREPAID,20,,,,,,
1717,,,,LEX DIGITAL,123456789,,,110053,BHAJANPURA,DELHI,BHAJANPURA,BHASKAR SUNA,123456789,,767016,ODISHA,ODISHA,BRAMHANI RUGUDIPALI BRAHMANI SUBARNAPUR SONAPUR ODISHA 767016,PREPAID,20,,,,,,
1718,,,,LEX DIGITAL,123456789,,,110053,BHAJANPURA,DELHI,BHAJANPURA,KOTTHAPALLI SIVA RAMA RAJU,123456789,,753001,ODISHA,ODISHA,PATTAPOLE BATAMANGALA SAHI POBUXI BAZAR CUTTACK ODISHA 753001,PREPAID,20,,,,,,
1719,,,,LEX DIGITAL,123456789,,,110053,BHAJANPURA,DELHI,BHAJANPURA,PAWAN KUMAR,123456789,,141003,PUNJAB,PUNJAB,"85-7097, 6, SHIV SHAKTI MANDIR, NEW SHIMLA PURI, SHIMLAPURI, PO: MILLERGANJ, DIST: LUDHIANA, PUNJAB PURI LUDHIANA 141003",PREPAID,20,,,,,,
1720,,,,LEX DIGITAL,123456789,,,110053,BHAJANPURA,DELHI,BHAJANPURA,MOHIT MALHOTRA,123456789,,141010,PUNJAB,PUNJAB,"MALHOTRA NIWAS,SUKHDEV NAGAR JAMALPUR,NEAR DAINTY SWEETS LUDHIANA PUNJAB 141010",PREPAID,20,,,,,,
1721,,,,LEX DIGITAL,123456789,,,110053,BHAJANPURA,DELHI,BHAJANPURA,NIKHIL GUPTA,123456789,,152002,PUNJAB,PUNJAB,HOUSE NUMBER.58 TAHLI MOHALLA FEROZEPUR CITY PUNJAB 152002,PREPAID,20,,,,,,
1722,,,,LEX DIGITAL,123456789,,,110053,BHAJANPURA,DELHI,BHAJANPURA,AMAR NATH,123456789,,141007,PUNJAB,PUNJAB,"WARD NO.7STREET NO3 NEARH.P GAS AGENCY SHANKAR COLONY TIBBA ROAD LUDHIANA LUDHIANA, PUNJAB 141007",PREPAID,20,,,,,,
1723,,,,LEX DIGITAL,123456789,,,110053,BHAJANPURA,DELHI,BHAJANPURA,GURSHARAN SINGH,123456789,,160055,CHANDIGARH,CHANDIGARH,5886 56 PALSORA SECTOR 55 CHANDIGARH 160055,PREPAID,20,,,,,,
1724,,,,LEX DIGITAL,123456789,,,110053,BHAJANPURA,DELHI,BHAJANPURA,SUKHDEV SINGH,123456789,,140111,PUNJAB,PUNJAB,BHALIAN RUPNAGAR PUNJAB 140111,PREPAID,20,,,,,,
1725,,,,LEX DIGITAL,123456789,,,110053,BHAJANPURA,DELHI,BHAJANPURA,SHANTI DEVI,123456789,,141014,PUNJAB,PUNJAB,H NO BXXIX5/2/20/B/2 STREET 2 SUNNY KARYAN DHANDARI KALAN LUDHIANA PUNJAB 141014,PREPAID,20,,,,,,
1726,,,,LEX DIGITAL,123456789,,,110053,BHAJANPURA,DELHI,BHAJANPURA,DAMAN KUMAR,123456789,,141016,PUNJAB,PUNJAB,"HNO.212/27/368, ST NO. 11 33 FUTTA RAID GAISPURA AMBEDKAR NAGAR LOHARA LUDHIANA PUNJAB 141016",PREPAID,20,,,,,,
1727,,,,LEX DIGITAL,123456789,,,110053,BHAJANPURA,DELHI,BHAJANPURA,RAJINDER SINGH,123456789,,141001,PUNJAB,PUNJAB,1740/32L BANK CALONY HAIBOWAL KALAN LUDHIANA BHARAT NAGAR CHOWK PUNJAB 141001,PREPAID,20,,,,,,
1728,,,,LEX DIGITAL,123456789,,,110053,BHAJANPURA,DELHI,BHAJANPURA,HUKUM CHANDRA MAURYA,123456789,,141007,PUNJAB,PUNJAB,"HOUSE NO-21, ST NO-01, SHANKAR ENCLAVE NO 3, SUJATWALA, PO:NOORWALA, PS-DHANEYPUR LUDHIANA PUNJAB 141007",PREPAID,20,,,,,,
1729,,,,LEX DIGITAL,123456789,,,110053,BHAJANPURA,DELHI,BHAJANPURA,RAJA RAM,123456789,,141016,PUNJAB,PUNJAB,STREET NO. 2 MOHINDER NAGAR LOHORA LUDHIANA PUNJAB 141016,PREPAID,20,,,,,,
1730,,,,LEX DIGITAL,123456789,,,110053,BHAJANPURA,DELHI,BHAJANPURA,AKWINDER KAUR,123456789,,147001,PUNJAB,PUNJAB,"GURUDWARA SAHIB, VIKAS NAGAR, RANJIT PATIALA, PU NJAB,,INDIA PATIALA PUNJAB 147001",PREPAID,20,,,,,,
1731,,,,LEX DIGITAL,123456789,,,110053,BHAJANPURA,DELHI,BHAJANPURA,RAHUL,123456789,,160014,CHANDIGARH,CHANDIGARH,HOUSE NO 1788 DADU MAJRA COLONY SECTOR 38 WEST CHANDIGARH 160014,PREPAID,20,,,,,,
1732,,,,LEX DIGITAL,123456789,,,110053,BHAJANPURA,DELHI,BHAJANPURA,LADDI SINGH,123456789,,148030,PUNJAB,PUNJAB,LADBANJARA KHURD SUNAM SANGRUR CHHAJLI PUNJAB 148030,PREPAID,20,,,,,,
1733,,,,LEX DIGITAL,123456789,,,110053,BHAJANPURA,DELHI,BHAJANPURA,RAJU DEVI,123456789,,141008,PUNJAB,PUNJAB,H NO 1522 DEEPAK CINEMA ROAD DAMORIA PUL BAHADARKE CENTRAL POST OFFICE LUDHIANA PUNJAB 141008,PREPAID,20,,,,,,
1734,,,,LEX DIGITAL,123456789,,,110053,BHAJANPURA,DELHI,BHAJANPURA,MATLUB ALI,123456789,,140301,PUNJAB,PUNJAB,420 DESU MAJRA SECTOR125 SUNNY ENCLAVE KHARAR420 SECTOR 125 KHARAR MOHALI PUNJAB 140301,PREPAID,20,,,,,,
1735,,,,LEX DIGITAL,123456789,,,110053,BHAJANPURA,DELHI,BHAJANPURA,VIKRAM SINGH,123456789,,141003,PUNJAB,PUNJAB,HOUSE NO 1978/13 STREET 15 GURU GOBIND SINGH NAGAR SHIMLA PURI LUDHIANA PUNJAB 141003,PREPAID,20,,,,,,
1736,,,,LEX DIGITAL,123456789,,,110053,BHAJANPURA,DELHI,BHAJANPURA,PARAMJIT SINGH,123456789,,141014,PUNJAB,PUNJAB,HOUSE NO.881 DHANDARI KALAN LUDHIANA PUNJAB 141014,PREPAID,20,,,,,,
1737,,,,LEX DIGITAL,123456789,,,110053,BHAJANPURA,DELHI,BHAJANPURA,RAHUL VAID,123456789,,160019,CHANDIGARH,CHANDIGARH,HOUSE NO 721/24 BAPU DHAM COLONY SECTOR 26 CHANDIGARH 160019,PREPAID,20,,,,,,
1738,,,,LEX DIGITAL,123456789,,,110053,BHAJANPURA,DELHI,BHAJANPURA,YOGESH NARULA,123456789,,152022,PUNJAB,PUNJAB,HOUS NUMBER 57 WARD 13 GURUHARSAHAI URBAN FIROZPUR MUKTSAR PUNJAB 152022,PREPAID,20,,,,,,
1739,,,,LEX DIGITAL,123456789,,,110053,BHAJANPURA,DELHI,BHAJANPURA,RAJITRAM,123456789,,160101,CHANDIGARH,CHANDIGARH,HOUSE NO 207 KISHANGARH CHANDIGARH 160101,PREPAID,20,,,,,,
1740,,,,LEX DIGITAL,123456789,,,110053,BHAJANPURA,DELHI,BHAJANPURA,JASPAL SINGH,123456789,,141008,PUNJAB,PUNJAB,KAPOOR SINGH WALA BOUNKER DONGRAN LODHOWAL LUDHIANA PUNJAB 141008,PREPAID,20,,,,,,
1741,,,,LEX DIGITAL,123456789,,,110053,BHAJANPURA,DELHI,BHAJANPURA,MUKESH KUMAR,123456789,,141014,PUNJAB,PUNJAB,STREET NO. 3 WARD 75 DHANDARI KALAN LUDHIANA PUNJAB 141014,PREPAID,20,,,,,,
1742,,,,LEX DIGITAL,123456789,,,110053,BHAJANPURA,DELHI,BHAJANPURA,MOHD SALIM RAZA,123456789,,141010,PUNJAB,PUNJAB,"HOUSE NO 865, STREET 3, SHERPUR, MUSLIM COLONY, FOCAL POINT, PO: POINT DIST: LUDHIANA PUNJAB 141010",PREPAID,20,,,,,,
1743,,,,LEX DIGITAL,123456789,,,110053,BHAJANPURA,DELHI,BHAJANPURA,DEEPAK KUMAR,123456789,,152024,PUNJAB,PUNJAB,"S O: MOHAN LAL, 3138, WATER WOKS NUMBER 4 DASHMESH NAGAR, JALALABAD (W), FAZILKA FIROZPUR PUNJAB 152024",PREPAID,20,,,,,,
1744,,,,LEX DIGITAL,123456789,,,110053,BHAJANPURA,DELHI,BHAJANPURA,RAJESH,123456789,,160103,PUNJAB,PUNJAB,H. NO. 213 SINGHA DEVI COLONY NADA SAS NAGAR MOHALI PUNJAB 160103,PREPAID,20,,,,,,
1745,,,,LEX DIGITAL,123456789,,,110053,BHAJANPURA,DELHI,BHAJANPURA,JUGNU SINGH,123456789,,147105,PUNJAB,PUNJAB,"S/O BHURA SINGH,, INDIA, , HARAYU KALAN HARYAOO KHURD SAMANA PATIALA PUNJAB 147105",PREPAID,20,,,,,,
1746,,,,LEX DIGITAL,123456789,,,110053,BHAJANPURA,DELHI,BHAJANPURA,JULAFKAR,123456789,,148023,PUNJAB,PUNJAB,"MOHALLA PATHRAN WALA BHUMSI, MALERKOTLA SANGRUR, MAMA JI DI MASJID SANGRUR PUNJAB 148023",PREPAID,20,,,,,,
1747,,,,LEX DIGITAL,123456789,,,110053,BHAJANPURA,DELHI,BHAJANPURA,ROHTASH BHANVAR LAL,123456789,,335065,RAJASTHAN,RAJASTHAN,"WARD NO.08, 19 MKS MANAKSAR, MANAKSAR HANUMANGARH RAJASTHAN 335065",PREPAID,20,,,,,,
1748,,,,LEX DIGITAL,123456789,,,110053,BHAJANPURA,DELHI,BHAJANPURA,RUVI DEVI,123456789,,141010,PUNJAB,PUNJAB,H NO.2562/1-B ST NO.03 SAHEED BHAGAT SINGH COLONY FOCAL POINT LUDHIANA DREAM LAND SCHOOL PUNJAB 141010,PREPAID,20,,,,,,
1749,,,,LEX DIGITAL,123456789,,,110053,BHAJANPURA,DELHI,BHAJANPURA,YASHPAL DAHIYA,123456789,,151001,PUNJAB,PUNJAB,STREET NO 2PARAS RAM NAGAR BATHINDA PUNJAB 151001,PREPAID,20,,,,,,
1750,,,,LEX DIGITAL,123456789,,,110053,BHAJANPURA,DELHI,BHAJANPURA,SANDEEP KUMAR,123456789,,140603,PUNJAB,PUNJAB,61 NEW JARNAIL ENCLAVE ZIRAKPUR DERA BASSI MOHALI PUNJAB 140603,PREPAID,20,,,,,,
1751,,,,LEX DIGITAL,123456789,,,110053,BHAJANPURA,DELHI,BHAJANPURA,OM PARKASH SHARMA,123456789,,143001,PUNJAB,PUNJAB,24A GAWALA ENCLAVE KOT BABA DEEP SINGHGALI NO 8 AMRI TSAR PUNJAB AMRITSAR 143001,PREPAID,20,,,,,,
1752,,,,LEX DIGITAL,123456789,,,110053,BHAJANPURA,DELHI,BHAJANPURA,DHALWINDER SINGH,123456789,,141109,PUNJAB,PUNJAB,"346,MOHALLA KULLA PATTI,NEAR BARBER SHOP LUDHIANA PUNJAB 141109",PREPAID,20,,,,,,
1753,,,,LEX DIGITAL,123456789,,,110053,BHAJANPURA,DELHI,BHAJANPURA,PRITHVI RAJ,123456789,,335701,RAJASTHAN,RAJASTHAN,WARD NO 01 23 PTD A GANGANAGAR KHOKHRANWALI RAJASTHAN 335701,PREPAID,20,,,,,,
1754,,,,LEX DIGITAL,123456789,,,110053,BHAJANPURA,DELHI,BHAJANPURA,KARTAR SINGH,123456789,,335001,RAJASTHAN,RAJASTHAN,WARD NO.10 NETEWALA GANGANAGAR RAJASTHAN 335001,PREPAID,20,,,,,,
1755,,,,LEX DIGITAL,123456789,,,110053,BHAJANPURA,DELHI,BHAJANPURA,DIKSHA KALYAN,123456789,,140601,PUNJAB,PUNJAB,WARD NO 3 ITI BANUR SAS NAGAR MOHALI PATIALA PUNJAB 140601,PREPAID,20,,,,,,
1756,,,,LEX DIGITAL,123456789,,,110053,BHAJANPURA,DELHI,BHAJANPURA,KAMALJEET KAUR,123456789,,143518,PUNJAB,PUNJAB,SUCHETGARH SOCHETGARH GURDASPUR PUNJAB 143518,PREPAID,20,,,,,,
1757,,,,LEX DIGITAL,123456789,,,110053,BHAJANPURA,DELHI,BHAJANPURA,SANDEEP SINGH,123456789,,143521,PUNJAB,PUNJAB,"TEHSIL GURDASPUR, HARDO BATHWALA, PUNJAB GURDASPUR 143521",PREPAID,20,,,,,,
1758,,,,LEX DIGITAL,123456789,,,110053,BHAJANPURA,DELHI,BHAJANPURA,NEERU KAUR,123456789,,140901,PUNJAB,PUNJAB,PINDSUNK SAS NAGAR MOHALI PUNJAB 140901,PREPAID,20,,,,,,
1759,,,,LEX DIGITAL,123456789,,,110053,BHAJANPURA,DELHI,BHAJANPURA,RAHUL KUMAR,123456789,,147101,PUNJAB,PUNJAB,OMKAR COLONY BHAMNA PATTI NEAR GAS AGENCY SAMANASAMANA PATIALA PUNJAB 147101,PREPAID,20,,,,,,
1760,,,,LEX DIGITAL,123456789,,,110053,BHAJANPURA,DELHI,BHAJANPURA,GURDIP SINGH BRAR,123456789,,142060,PUNJAB,PUNJAB,"S/O AMARJIT SINGH,, INDIA, FEROZEPUR LOHAM PUNJAB 142060",PREPAID,20,,,,,,
1761,,,,LEX DIGITAL,123456789,,,110053,BHAJANPURA,DELHI,BHAJANPURA,DHARMESH ARORA,123456789,,141003,PUNJAB,PUNJAB,"2ND FLOOR 5,STREET NO 4,NEAR RAMA CHARITABLE HOSPITAL PRABHAT NAGAR, MILLERGANJ,LUDHIANA . LUDHIANA PUNJAB 141003",PREPAID,20,,,,,,
1762,,,,LEX DIGITAL,123456789,,,110053,BHAJANPURA,DELHI,BHAJANPURA,RAJ KUMAR,123456789,,141003,PUNJAB,PUNJAB,HOUSE NO1392ST NO7 KWALITY ROAD SHIMLA PURI LUDHI ANA LUDHIANA PUNJAB 141003,PREPAID,20,,,,,,
1763,,,,LEX DIGITAL,123456789,,,110053,BHAJANPURA,DELHI,BHAJANPURA,ZORA SINGH,123456789,,148021,PUNJAB,PUNJAB,HOUSE NO 315JANDALI KALAN JANDALI KHURD DIST MALERKOTL A SANGRUR PUNJAB 148021,PREPAID,20,,,,,,
1764,,,,LEX DIGITAL,123456789,,,110053,BHAJANPURA,DELHI,BHAJANPURA,RAMESH KUMAR,123456789,,335001,RAJASTHAN,RAJASTHAN,VILLAGE 39 LNP BINJHBAYALA GANGANAGAR RAJASTHAN 335001,PREPAID,20,,,,,,
1765,,,,LEX DIGITAL,123456789,,,110053,BHAJANPURA,DELHI,BHAJANPURA,UJJWAL KUMAR SRIVASTAVA,123456789,,144005,PUNJAB,PUNJAB,HOUSE NO 11 MOHINDER SINGH COLONYBIRRING JALANDHAR PUNJAB 144005,PREPAID,20,,,,,,
1766,,,,LEX DIGITAL,123456789,,,110053,BHAJANPURA,DELHI,BHAJANPURA,ASHOK KUMAR,123456789,,147103,PUNJAB,PUNJAB,81 A SANDHU FARM JAGATPURA VILLAGE KOHLE MAJRA SANAUR PATIALA PUNJAB 147103,PREPAID,20,,,,,,
1767,,,,LEX DIGITAL,123456789,,,110053,BHAJANPURA,DELHI,BHAJANPURA,PRABHJOT SINGH,123456789,,142001,PUNJAB,PUNJAB,HOUSE NUMBER 785/29 SEKHAN WALA CHOWK JASWANT SINGH MARKIT MOGA . PUNJAB 142001,PREPAID,20,,,,,,
1768,,,,LEX DIGITAL,123456789,,,110053,BHAJANPURA,DELHI,BHAJANPURA,ABHISHEK SINGH,123456789,,141010,PUNJAB,PUNJAB,A7 FOCAL POINT PHASE VLUDHIANA LUDHIANA PUNJAB 141010,PREPAID,20,,,,,,
1769,,,,LEX DIGITAL,123456789,,,110053,BHAJANPURA,DELHI,BHAJANPURA,PRITPAL SINGH,123456789,,141003,PUNJAB,PUNJAB,H NO 693STREET 17 GOBINDSAR NAGAR LUDHIANA PUNJAB 141003,PREPAID,20,,,,,,
1770,,,,LEX DIGITAL,123456789,,,110053,BHAJANPURA,DELHI,BHAJANPURA,SUNNY,123456789,,141007,PUNJAB,PUNJAB,", HOUSE NO- 109, STREET NO-3, MODEL COLONY, LUDHIANA, PO: BASTI JODHEWAL, DIST: LUDHIANA PUNJAB 141007",PREPAID,20,,,,,,
1771,,,,LEX DIGITAL,123456789,,,110053,BHAJANPURA,DELHI,BHAJANPURA,CHHATKIRAT SINGH,123456789,,141114,PUNJAB,PUNJAB,"BUNDLI LUDHIA,NAV P O BONDLI LUDHIANA PUNJAB 141114",PREPAID,20,,,,,,
1772,,,,LEX DIGITAL,123456789,,,110053,BHAJANPURA,DELHI,BHAJANPURA,KULWINDER SINGH,123456789,,152024,PUNJAB,PUNJAB,110MOHKAM ARIAN FIROZPUR PUNJAB 152024,PREPAID,20,,,,,,
1773,,,,LEX DIGITAL,123456789,,,110053,BHAJANPURA,DELHI,BHAJANPURA,BALDEV SINGH,123456789,,141110,PUNJAB,PUNJAB,"PURAIN, PORAIN LUDHIANA PUNJAB 141110",PREPAID,20,,,,,,
1774,,,,LEX DIGITAL,123456789,,,110053,BHAJANPURA,DELHI,BHAJANPURA,MANDEEP KAUR,123456789,,151001,PUNJAB,PUNJAB,VILLAGE KARAM GARH SHATRANBATHINDA PUNJAB BATHINDA 151001,PREPAID,20,,,,,,
1775,,,,LEX DIGITAL,123456789,,,110053,BHAJANPURA,DELHI,BHAJANPURA,JAG RAM,123456789,,141016,PUNJAB,PUNJAB,HERO SUMAN NAGAR LOHARA LUDHIANA PUNJAB 141016,PREPAID,20,,,,,,
1776,,,,LEX DIGITAL,123456789,,,110053,BHAJANPURA,DELHI,BHAJANPURA,VARUN VERMA,123456789,,143001,PUNJAB,PUNJAB,44 SHASTRI NAGAR MAJITHA ROADMAJITHA ROAD AMRITSAR PUNJAB 143001,PREPAID,20,,,,,,
1777,,,,LEX DIGITAL,123456789,,,110053,BHAJANPURA,DELHI,BHAJANPURA,MANISH KUMAR KHURANA,123456789,,151203,PUNJAB,PUNJAB,373SANJAY NAGAR STREET NO 5 NEAR RAILWAY STATION FARIDKOT PUNJAB 151203,PREPAID,20,,,,,,
1778,,,,LEX DIGITAL,123456789,,,110053,BHAJANPURA,DELHI,BHAJANPURA,RAVINDER SINGH,123456789,,143022,PUNJAB,PUNJAB,H NO 392 KHALSA NAGAR TARN TARAN ROADKOT MIT SINGH CHATIWIND AMRITSAR PUNJAB 143022,PREPAID,20,,,,,,
1779,,,,LEX DIGITAL,123456789,,,110053,BHAJANPURA,DELHI,BHAJANPURA,CHANDAN RAM SINGH,123456789,,160062,PUNJAB,PUNJAB,"# 1095 SECTOR 69, S.A.S. NAGAR (MOHALI), S.A.S PUNJAB PUNJAB,160062 MOHALI 160062",PREPAID,20,,,,,,
1780,,,,LEX DIGITAL,123456789,,,110053,BHAJANPURA,DELHI,BHAJANPURA,KHEM RAJ,123456789,,143001,PUNJAB,PUNJAB,H NO 31 BABA DARSHAN SINGH AVENUE RAM TIRATH ROAD AMR ITSAR AMRITSAR PUNJAB 143001,PREPAID,20,,,,,,
1781,,,,LEX DIGITAL,123456789,,,110053,BHAJANPURA,DELHI,BHAJANPURA,PIYUSH MALHOTRA,123456789,,141008,PUNJAB,PUNJAB,HOUSE NON12462 STREET NO 6 IQBAL NAGAR LUDHIANA PUNJAB 141008,PREPAID,20,,,,,,
1782,,,,LEX DIGITAL,123456789,,,110053,BHAJANPURA,DELHI,BHAJANPURA,HIMANSHI KUKREJA,123456789,,143001,PUNJAB,PUNJAB,GURBAX NAGAR AMRITSAR PUNJAB 143001,PREPAID,20,,,,,,
1783,,,,LEX DIGITAL,123456789,,,110053,BHAJANPURA,DELHI,BHAJANPURA,SHUBHAM SHUBHAM,123456789,,143001,PUNJAB,PUNJAB,SHAID UDAM SINGH NAGARGALI NO 2 AMRITSAR PUNJAB 143001,PREPAID,20,,,,,,
1784,,,,LEX DIGITAL,123456789,,,110053,BHAJANPURA,DELHI,BHAJANPURA,BHARAT KUMAR CHOUHAN,123456789,,305005,RAJASTHAN,RAJASTHAN,"S/O MANOHAR LAL CHOUHAN,, INDIA, , NEAR T. K. ENGINEERING PANKAJ NAGAR FOY SAGAR ROAD AJMER CRPF BHINAY RAJASTHAN 305005",PREPAID,20,,,,,,
1785,,,,LEX DIGITAL,123456789,,,110053,BHAJANPURA,DELHI,BHAJANPURA,ADESH KUMAR,123456789,,302020,RAJASTHAN,RAJASTHAN,"157A AMRIT NAGAR, KHEJARO KA BAS MANSAROVAR EXTN JAIPUR S F RAJASTHAN 302020",PREPAID,20,,,,,,
1786,,,,LEX DIGITAL,123456789,,,110053,BHAJANPURA,DELHI,BHAJANPURA,BRJGOPAL,123456789,,323603,RAJASTHAN,RAJASTHAN,GHAT KA BARANA BUNDI RAJASTHAN 323603,PREPAID,20,,,,,,
1787,,,,LEX DIGITAL,123456789,,,110053,BHAJANPURA,DELHI,BHAJANPURA,MANISHA JANGID,123456789,,302016,RAJASTHAN,RAJASTHAN,1-A 104 SHIV SHAKTI COLONY JAIPUR GUPTA HOSPITAL RAJASTHAN 302016,PREPAID,20,,,,,,
1788,,,,LEX DIGITAL,123456789,,,110053,BHAJANPURA,DELHI,BHAJANPURA,IRSHAD AHMED SHEIKH,123456789,,313001,RAJASTHAN,RAJASTHAN,"304 PALODRA HOUSE ROAD, SECTOR 12, SAVINA, UDAIPUR, UDAIPUR DIVISION RAJASTHAN 313001",PREPAID,20,,,,,,
1789,,,,LEX DIGITAL,123456789,,,110053,BHAJANPURA,DELHI,BHAJANPURA,JITENDRA SHARMA,123456789,,342001,RAJASTHAN,RAJASTHAN,987 MATA KE KUND PAS CHANDPOL JODHPUR RAJASTHAN 342001,PREPAID,20,,,,,,
1790,,,,LEX DIGITAL,123456789,,,110053,BHAJANPURA,DELHI,BHAJANPURA,OM SINGH,123456789,,334001,RAJASTHAN,RAJASTHAN,"1 OM SINGH S/O DEEP SINGH,TILAK NAGAR,THAKUR JI MANDIR KE PASS BHARU KA CHOKH BIKANER RAJASTHAN 334001",PREPAID,20,,,,,,
1791,,,,LEX DIGITAL,123456789,,,110053,BHAJANPURA,DELHI,BHAJANPURA,DIGVIJAY PANWAR,123456789,,342006,RAJASTHAN,RAJASTHAN,PLOT NO 60 VEER TEJA COLONY RAM NAGAR A BHADWASIYA JODHPUR KACHERY BEHIND INDANE GAS GODOWN RAJASTHAN 342006,PREPAID,20,,,,,,
1792,,,,LEX DIGITAL,123456789,,,110053,BHAJANPURA,DELHI,BHAJANPURA,KRISHNA PRASAD CHAURSIYA,123456789,,312001,RAJASTHAN,RAJASTHAN,I T KE PICHE MOHAR MANGRI GANDHI NAGAR CHITTAURGARH CHITTORGARH RAJASTHAN 312001,PREPAID,20,,,,,,
1793,,,,LEX DIGITAL,123456789,,,110053,BHAJANPURA,DELHI,BHAJANPURA,SUNIL JAT,123456789,,303338,RAJASTHAN,RAJASTHAN,PEEPLI KA BAS PHULERA MALYAWAS JAIPUR RAJASTHAN 303338,PREPAID,20,,,,,,
1794,,,,LEX DIGITAL,123456789,,,110053,BHAJANPURA,DELHI,BHAJANPURA,RAMDAYAL,123456789,,331811,RAJASTHAN,RAJASTHAN,WARD NO 10 SUDSAR BIKANER RAJASTHAN 331811,PREPAID,20,,,,,,
1795,,,,LEX DIGITAL,123456789,,,110053,BHAJANPURA,DELHI,BHAJANPURA,RAJU KHAN MADARI,123456789,,301020,RAJASTHAN,RAJASTHAN,VILLAGE MOLIDAYA NA NEEMRANA TEH. BEHROR DIS.ALWAR ALWAR RAJASTHAN 301020,PREPAID,20,,,,,,
1796,,,,LEX DIGITAL,123456789,,,110053,BHAJANPURA,DELHI,BHAJANPURA,PRAMOD KUMAR MEENA,123456789,,303325,RAJASTHAN,RAJASTHAN,MAHARO KI DHANI TITARWARA KHURD DAUSA RAJASTHAN 303325,PREPAID,20,,,,,,
1797,,,,LEX DIGITAL,123456789,,,110053,BHAJANPURA,DELHI,BHAJANPURA,VISHAL CHAPOLA,123456789,,302018,RAJASTHAN,RAJASTHAN,"41 422 SITARAM NAGAR KACHHI BASTI TRIVENI GOPALPURA BY PASS JAIPUR 11, MAHADEV NAGAR, DURGAPURA, JAIPUR, DIVISION RAJASTHAN 302018",PREPAID,20,,,,,,
1798,,,,LEX DIGITAL,123456789,,,110053,BHAJANPURA,DELHI,BHAJANPURA,NEERAJ MEHTA,123456789,,324002,RAJASTHAN,RAJASTHAN,"120 6VCJ H2V, AMBEDKAR COLONY RD, BHADANA, NEW RAILWAY COLONY, STATION AREA, KOTA, RAJASTHAN , INDIA KOTA 324002",PREPAID,20,,,,,,
1799,,,,LEX DIGITAL,123456789,,,110053,BHAJANPURA,DELHI,BHAJANPURA,TRILOK KUMAR,123456789,,302020,RAJASTHAN,RAJASTHAN,"123/168 AGARWAL FARM MANSAROVAR JAIPUR, JAIPUR RAJASTHAN WARD NO-35 SWARN VIHAR 302020",PREPAID,20,,,,,,
1800,,,,LEX DIGITAL,123456789,,,110053,BHAJANPURA,DELHI,BHAJANPURA,KAMLESH KUMAR,123456789,,326033,RAJASTHAN,RAJASTHAN,"MANDIR K SAMNE DEVALI, DEOLI,GEHU KHEDI JHALAWAR, AKLERA JHALAWAR RAJASTHAN 326033",PREPAID,20,,,,,,
1801,,,,LEX DIGITAL,123456789,,,110053,BHAJANPURA,DELHI,BHAJANPURA,NARESH KUMAR NATHIYA,123456789,,312601,RAJASTHAN,RAJASTHAN,"S/O SATYANARAYAN NATHIYA,, INDIA, PARKHO KI GALI NIMBAHERA RATLAM WALO HWELI CHITTORGARH RAJASTHAN 312601",PREPAID,20,,,,,,
1802,,,,LEX DIGITAL,123456789,,,110053,BHAJANPURA,DELHI,BHAJANPURA,OMPRAKASH OMPRAKASH,123456789,,306401,RAJASTHAN,RAJASTHAN,"17,KESHAV NAGAR PALI RAJASTHAN 306401",PREPAID,20,,,,,,
1803,,,,LEX DIGITAL,123456789,,,110053,BHAJANPURA,DELHI,BHAJANPURA,AARIF KHAN,123456789,,305802,RAJASTHAN,RAJASTHAN,S/O SARWAN KHAN KAYAMKHANI MOHALLA PURANA SHAHAR WARD NO.39 KISHANGARH AJMER RAJASTHAN 305802,PREPAID,20,,,,,,
1804,,,,LEX DIGITAL,123456789,,,110053,BHAJANPURA,DELHI,BHAJANPURA,GIRIJA PRASAD,123456789,,301028,RAJASTHAN,RAJASTHAN,NANGAL HEERA KITHOOR ALWAR RAJASTHAN 301028,PREPAID,20,,,,,,
1805,,,,LEX DIGITAL,123456789,,,110053,BHAJANPURA,DELHI,BHAJANPURA,MANISH TEKCHANDANI,123456789,,305001,RAJASTHAN,RAJASTHAN,PLOT NO 5 CHANDRA STORE KE SAMNE AJMER BEESLE MARG RAJASTHAN 305001,PREPAID,20,,,,,,
1806,,,,LEX DIGITAL,123456789,,,110053,BHAJANPURA,DELHI,BHAJANPURA,VIJAYPAL SINGH CHOUHAN,123456789,,311802,RAJASTHAN,RAJASTHAN,AHIRO KA MOHALLA BHUNAS MEGHRAS BHILWARA RAJASTHAN 311802,PREPAID,20,,,,,,
1807,,,,LEX DIGITAL,123456789,,,110053,BHAJANPURA,DELHI,BHAJANPURA,SONURAM,123456789,,321203,RAJASTHAN,RAJASTHAN,BEDHAM BHARATPUR RAJ DEEG RAJASTHAN 321203,PREPAID,20,,,,,,
1808,,,,LEX DIGITAL,123456789,,,110053,BHAJANPURA,DELHI,BHAJANPURA,VISHAL,123456789,,301026,RAJASTHAN,RAJASTHAN,VILL PUTHI KA BAS RAMGARH TEHSIL ALWAR RAJASTHAN 301026,PREPAID,20,,,,,,
1809,,,,LEX DIGITAL,123456789,,,110053,BHAJANPURA,DELHI,BHAJANPURA,UDA LAL,123456789,,305901,RAJASTHAN,RAJASTHAN,"RUPAHELIKALA,JIVANA,MASUDA,DEWAS,BEAWAR,AJMER,RAJASTHAN-305901 AJMER RAJASTHAN 305901",PREPAID,20,,,,,,
1810,,,,LEX DIGITAL,123456789,,,110053,BHAJANPURA,DELHI,BHAJANPURA,DEVENDRA SINGH CHAUHAN,123456789,,302021,RAJASTHAN,RAJASTHAN,P. NO. 53 JHARKHAND MAHADEV QUEENS ROAD VAISHALI NAGAR JAIPUR RAJASTHAN 302021,PREPAID,20,,,,,,
1811,,,,LEX DIGITAL,123456789,,,110053,BHAJANPURA,DELHI,BHAJANPURA,BHARAT NIRANJAN MEHATA,123456789,,313204,RAJASTHAN,RAJASTHAN,HNO 37 BRAHAMPURI NURADA VILL NURDA TEH MVALI DIST UDAIPUR RAJASTHAN 313204,PREPAID,20,,,,,,
1812,,,,LEX DIGITAL,123456789,,,110053,BHAJANPURA,DELHI,BHAJANPURA,AMAR CHAND,123456789,,306001,RAJASTHAN,RAJASTHAN,INDRA COLONI KHARACHI KHARCHI MARWAR JUNCTION BIJALI GAR KE PASS PALI RAJASTHAN 306001,PREPAID,20,,,,,,
1813,,,,LEX DIGITAL,123456789,,,110053,BHAJANPURA,DELHI,BHAJANPURA,HIRA LAL JOGI,123456789,,312614,RAJASTHAN,RAJASTHAN,BENIPURI KHURD CHITTORGARH RAJASTHAN 312614,PREPAID,20,,,,,,
1814,,,,LEX DIGITAL,123456789,,,110053,BHAJANPURA,DELHI,BHAJANPURA,RASHID BHAI,123456789,,326038,RAJASTHAN,RAJASTHAN,FAKIRON KA MOHALLA KHANPUR JHALAWAR RAJASTHAN . 326038,PREPAID,20,,,,,,
1815,,,,LEX DIGITAL,123456789,,,110053,BHAJANPURA,DELHI,BHAJANPURA,LEELA JOSHI,123456789,,313705,RAJASTHAN,RAJASTHAN,"KADI,MORI MODI UDAIPUR GOGUNDA RAJASTHAN 313705",PREPAID,20,,,,,,
1816,,,,LEX DIGITAL,123456789,,,110053,BHAJANPURA,DELHI,BHAJANPURA,LILA BAI,123456789,,326037,RAJASTHAN,RAJASTHAN,PNDOLA JHALAWAR RAJASTHAN 326037,PREPAID,20,,,,,,
1817,,,,LEX DIGITAL,123456789,,,110053,BHAJANPURA,DELHI,BHAJANPURA,SHREE RAM MEENA,123456789,,322203,RAJASTHAN,RAJASTHAN,"WARD NO .02,RANETA ,RANETA POST-NARAULI DANG TEH-SAPOTRA KARAULI RAJASTHAN 322203",PREPAID,20,,,,,,
1818,,,,LEX DIGITAL,123456789,,,110053,BHAJANPURA,DELHI,BHAJANPURA,RAHUL SINGH,123456789,,331505,RAJASTHAN,RAJASTHAN,"S/O KARANI SINGH,, INDIA, , WARD N.1 PARIHARA RATANGARH CHURU RAJASTHAN 331505",PREPAID,20,,,,,,
1819,,,,LEX DIGITAL,123456789,,,110053,BHAJANPURA,DELHI,BHAJANPURA,MANISH KUMAR SHARMA,123456789,,311603,RAJASTHAN,RAJASTHAN,"ASOP,BORDA,BORDA,BHILWARA BHILWARA RAJASTHAN 311603",PREPAID,20,,,,,,
1820,,,,LEX DIGITAL,123456789,,,110053,BHAJANPURA,DELHI,BHAJANPURA,RAMPAL BAIRWA,123456789,,311001,RAJASTHAN,RAJASTHAN,"169,CHUNGI NAKE KE PASS,BAIRWA MOHALLA,BHILWARA BHILWARA RAJASTHAN 311001",PREPAID,20,,,,,,
1821,,,,LEX DIGITAL,123456789,,,110053,BHAJANPURA,DELHI,BHAJANPURA,BIRI SINGH,123456789,,328041,RAJASTHAN,RAJASTHAN,"S/O SHIVRAM SINGH, 1, CHOTA SONHA, CHHOTA DHOLPUR, RAJASTHAN - 328041 SO SINGH SONHA DHOLPUR",PREPAID,20,,,,,,
1822,,,,LEX DIGITAL,123456789,,,110053,BHAJANPURA,DELHI,BHAJANPURA,RUKAMAI DEVI,123456789,,341514,RAJASTHAN,RAJASTHAN,NAYAKO KA BAS BUTATI NAGAUR RAJASTHAN 341514,PREPAID,20,,,,,,
1823,,,,LEX DIGITAL,123456789,,,110053,BHAJANPURA,DELHI,BHAJANPURA,LALARAM,123456789,,303108,RAJASTHAN,RAJASTHAN,"PANIYALA JAIPUR RAJASTHAN, RAJASTHAN 303108",PREPAID,20,,,,,,
1824,,,,LEX DIGITAL,123456789,,,110053,BHAJANPURA,DELHI,BHAJANPURA,SHAKTI SINGH,123456789,,342037,RAJASTHAN,RAJASTHAN,"S/O MADAN SINGH,, INDIA, , RAJPUTO KA BAS DHANARI KHURD KALLAN BHOPALGARH JODHPUR RAJASTHAN 342037",PREPAID,20,,,,,,
1825,,,,LEX DIGITAL,123456789,,,110053,BHAJANPURA,DELHI,BHAJANPURA,NIRMALA KHATIK,123456789,,313001,RAJASTHAN,RAJASTHAN,H NO 212 OAD BASTI AMBA MATA UDAIPUR RAJASTHAN 313001,PREPAID,20,,,,,,
1826,,,,LEX DIGITAL,123456789,,,110053,BHAJANPURA,DELHI,BHAJANPURA,RA MAN,123456789,,327023,RAJASTHAN,RAJASTHAN,DOLAT SINGH KA GADA DAULAT GARA PADOLI RATHOR BANSWARA RAJASTHAN 327023,PREPAID,20,,,,,,
1827,,,,LEX DIGITAL,123456789,,,110053,BHAJANPURA,DELHI,BHAJANPURA,ISHWAR SINGH,123456789,,326516,RAJASTHAN,RAJASTHAN,AKYA KA KHEDA PARMAR JHALAWAR SUNARI RAJASTHAN 326516,PREPAID,20,,,,,,
1828,,,,LEX DIGITAL,123456789,,,110053,BHAJANPURA,DELHI,BHAJANPURA,SATIYA PARMAR,123456789,,327801,RAJASTHAN,RAJASTHAN,DUNGLA PANI PANCHYAT LOHARIYA DOONGRA BANSWARA KUSHALGARH RAJASTHAN . 327801,PREPAID,20,,,,,,
1829,,,,LEX DIGITAL,123456789,,,110053,BHAJANPURA,DELHI,BHAJANPURA,LEKHARAM,123456789,,301024,RAJASTHAN,RAJASTHAN,"WARD NO.2 BALDA KI DHANI THANAGAZI GARHI , MAMOR ,ALWAR RAJASTHAN ALWAR 301024",PREPAID,20,,,,,,
1830,,,,LEX DIGITAL,123456789,,,110053,BHAJANPURA,DELHI,BHAJANPURA,LAXMI BAI,123456789,,322249,RAJASTHAN,RAJASTHAN,MALI BASTI SASERI KARAULUI KARAULI RAJASTHAN 322249,PREPAID,20,,,,,,
1831,,,,LEX DIGITAL,123456789,,,110053,BHAJANPURA,DELHI,BHAJANPURA,MOHAN SINGH,123456789,,342001,RAJASTHAN,RAJASTHAN,CHANDPOL KE BAHAR RAMDEV JI KI GALI JODHPUR RAJASTHAN 342001,PREPAID,20,,,,,,
1832,,,,LEX DIGITAL,123456789,,,110053,BHAJANPURA,DELHI,BHAJANPURA,PANKAJ SINGH,123456789,,305901,RAJASTHAN,RAJASTHAN,01SURDIYA AJMER RAJASTHAN 305901,PREPAID,20,,,,,,
1833,,,,LEX DIGITAL,123456789,,,110053,BHAJANPURA,DELHI,BHAJANPURA,NAVRATN SONI,123456789,,334803,RAJASTHAN,RAJASTHAN,HOUSENO329 NEAR NAMDEV SCHOOLJORAWAR PURA NOKHA BIKANER RAJASTHAN 334803,PREPAID,20,,,,,,
1834,,,,LEX DIGITAL,123456789,,,110053,BHAJANPURA,DELHI,BHAJANPURA,DINESH KUMAR,123456789,,327801,RAJASTHAN,RAJASTHAN,"WARD NO 8, BIJORI BADI KALAN BANSWARA RAJASTHAN 327801",PREPAID,20,,,,,,
1835,,,,LEX DIGITAL,123456789,,,110053,BHAJANPURA,DELHI,BHAJANPURA,PARDHAN SINGH,123456789,,326512,RAJASTHAN,RAJASTHAN,KHOKHARIYA KHURD MARALAWADA JHALAWAR RAJASTHAN 326512,PREPAID,20,,,,,,
1836,,,,LEX DIGITAL,123456789,,,110053,BHAJANPURA,DELHI,BHAJANPURA,MUNNALAL,123456789,,325220,RAJASTHAN,RAJASTHAN,10 SCHOOL KE PAS DEHARI TEHSIL CHHABADA DISTT BARAN (RAJ) RAJASTHAN 325220,PREPAID,20,,,,,,
1837,,,,LEX DIGITAL,123456789,,,110053,BHAJANPURA,DELHI,BHAJANPURA,KAJOD BHEEL,123456789,,304001,RAJASTHAN,RAJASTHAN,"BITHOLA, ARNIYAKEDAR, ARNIYA KEDAR, TONK RAJASTHAN 304001",PREPAID,20,,,,,,
1838,,,,LEX DIGITAL,123456789,,,110053,BHAJANPURA,DELHI,BHAJANPURA,AJAY LAKSHKAR,123456789,,303012,RAJASTHAN,RAJASTHAN,NAYLA JAIPUR RAJASTHAN 303012,PREPAID,20,,,,,,
1839,,,,LEX DIGITAL,123456789,,,110053,BHAJANPURA,DELHI,BHAJANPURA,MOHAN SINGH,123456789,,345023,RAJASTHAN,RAJASTHAN,RAJPUTO KA BASLOHAR KI DISTRICT JAISALMER RAJASTHAN 345023,PREPAID,20,,,,,,
1840,,,,LEX DIGITAL,123456789,,,110053,BHAJANPURA,DELHI,BHAJANPURA,MALKHAN,123456789,,322033,RAJASTHAN,RAJASTHAN,"CHAK NO. 1, BADH PEEPALWADA, BICHCHHI DONA, BICHHI DOONA, SAWAI MADHOPUR, RAJASTHAN MADHOPUR 322033",PREPAID,20,,,,,,
1841,,,,LEX DIGITAL,123456789,,,110053,BHAJANPURA,DELHI,BHAJANPURA,HANUMAN RAM,123456789,,341025,RAJASTHAN,RAJASTHAN,"AKLA,NAGAUR NAGAUR RAJASTHAN 341025",PREPAID,20,,,,,,
1842,,,,LEX DIGITAL,123456789,,,110053,BHAJANPURA,DELHI,BHAJANPURA,RAJESH,123456789,,303119,RAJASTHAN,RAJASTHAN,JOGIYON KI DHANI BAGAWAS CHORIYASI TH VIRAT NAGAR JAIPUR RAJASTHAN 303119,PREPAID,20,,,,,,
1843,,,,LEX DIGITAL,123456789,,,110053,BHAJANPURA,DELHI,BHAJANPURA,RAMESH CHANDEL,123456789,,302029,RAJASTHAN,RAJASTHAN,"386 AA, SHIKSHA SAGAR COLONY TOL TAX GOVINDPURA, SANGANER JAIPUR RAJASTHAN 302029",PREPAID,20,,,,,,
1844,,,,LEX DIGITAL,123456789,,,110053,BHAJANPURA,DELHI,BHAJANPURA,PANKAJ VARMA,123456789,,301402,RAJASTHAN,RAJASTHAN,"KHALILWALI, KHEDA , KHERA, ALWAR TEH-BANSUR RAJASTHAN 301402",PREPAID,20,,,,,,
1845,,,,LEX DIGITAL,123456789,,,110053,BHAJANPURA,DELHI,BHAJANPURA,RAHUL KUMAR,123456789,,344027,RAJASTHAN,RAJASTHAN,"C/O JABRA RAM,, INDIA, PARLOO PARLU PACHPADRA BARMER RAJASTHAN 344027",PREPAID,20,,,,,,
1846,,,,LEX DIGITAL,123456789,,,110053,BHAJANPURA,DELHI,BHAJANPURA,SATISH DAS VAISHNAV,123456789,,313604,RAJASTHAN,RAJASTHAN,ARNIYA UDAIPUR RAJASTHAN 313604,PREPAID,20,,,,,,
1847,,,,LEX DIGITAL,123456789,,,110053,BHAJANPURA,DELHI,BHAJANPURA,PUSHPA,123456789,,328023,RAJASTHAN,RAJASTHAN,"BHURA KA PURA NIDHAIRA, KALAN, DHOLPUR RAJASTHAN 328023",PREPAID,20,,,,,,
1848,,,,LEX DIGITAL,123456789,,,110053,BHAJANPURA,DELHI,BHAJANPURA,NARESH KUMAR SHARMA,123456789,,321614,RAJASTHAN,RAJASTHAN,"S/O HIRA LAL,, INDIA, NAYABAS NADBAI BHARATPUR RAJASTHAN 321614",PREPAID,20,,,,,,
1849,,,,LEX DIGITAL,123456789,,,110053,BHAJANPURA,DELHI,BHAJANPURA,PIYUSH SHARMA,123456789,,311001,RAJASTHAN,RAJASTHAN,142 BHOPAL GANJ BHILWARA RAJASTHAN 311001,PREPAID,20,,,,,,
1850,,,,LEX DIGITAL,123456789,,,110053,BHAJANPURA,DELHI,BHAJANPURA,KAMLA DEVI DAMOR,123456789,,327021,RAJASTHAN,RAJASTHAN,KHODAN KAD BUDA BASSI ADA TEH GANODA BUDHA BANSWARA RAJASTHAN 327021,PREPAID,20,,,,,,
1851,,,,LEX DIGITAL,123456789,,,110053,BHAJANPURA,DELHI,BHAJANPURA,NAVEEN NIHAL,123456789,,305001,RAJASTHAN,RAJASTHAN,"425 RABADIYA MOHLLA LINK ROAD PRATAP NAGAR, AJMER, PO, AJMER DIST RAJASTHAN 305001",PREPAID,20,,,,,,
1852,,,,LEX DIGITAL,123456789,,,110053,BHAJANPURA,DELHI,BHAJANPURA,MANISH KUMAR YADAV,123456789,,333516,RAJASTHAN,RAJASTHAN,"PEETHOLA, PO: SINGHANA, DIST: JHUNJHUNUN ASHOK VIHAR PHASE 2 GURGAON JHUJHUNU RAJASTHAN 333516",PREPAID,20,,,,,,
1853,,,,LEX DIGITAL,123456789,,,110053,BHAJANPURA,DELHI,BHAJANPURA,RAKESH MEENA,123456789,,325601,RAJASTHAN,RAJASTHAN,"HANUMAN JI KI GALI, GRAM MAMOR, SANGOD, KOTA, RAJASTHAN VILL DIST KOTA 325601",PREPAID,20,,,,,,
1854,,,,LEX DIGITAL,123456789,,,110053,BHAJANPURA,DELHI,BHAJANPURA,ARSAD KHAN,123456789,,301025,RAJASTHAN,RAJASTHAN,MUNPUR KARAMLA MOHARSINGH KA BAS KARAMALA ALWAR RAJASTHAN 301025,PREPAID,20,,,,,,
1855,,,,LEX DIGITAL,123456789,,,110053,BHAJANPURA,DELHI,BHAJANPURA,MANOJ KUMAR MEENA,123456789,,301035,RAJASTHAN,RAJASTHAN,DAYOTHANA ALWAR RAJASTHAN 301035,PREPAID,20,,,,,,
1856,,,,LEX DIGITAL,123456789,,,110053,BHAJANPURA,DELHI,BHAJANPURA,FAIZAN ALI,123456789,,302002,RAJASTHAN,RAJASTHAN,"4/28 MOHALLA BILLOCHIYAN PANCH NEEM, BAS BADANPURA BRAHMPURI TRIPOLIYA BAZAR JAIPUR RAJASTHAN 302002",PREPAID,20,,,,,,
1857,,,,LEX DIGITAL,123456789,,,110053,BHAJANPURA,DELHI,BHAJANPURA,UMMEDA RAM,123456789,,343022,RAJASTHAN,RAJASTHAN,VALERA WALERA CHOURAU JALOR RAJASTHAN 343022 TEH SAYALA DIST JALORE,PREPAID,20,,,,,,
1858,,,,LEX DIGITAL,123456789,,,110053,BHAJANPURA,DELHI,BHAJANPURA,DHAPA DEVI,123456789,,303503,RAJASTHAN,RAJASTHAN,"BAGRI,DAUSA,RAJASTHAN DAUSA RAJASTHAN 303503",PREPAID,20,,,,,,
1859,,,,LEX DIGITAL,123456789,,,110053,BHAJANPURA,DELHI,BHAJANPURA,IKRAMUDDIN .,123456789,,325221,RAJASTHAN,RAJASTHAN,"12 NAYA PURA, BARAN, KOTA DIVISION, RAJASTHAN, INDIA BARAN RAJASTHAN 325221",PREPAID,20,,,,,,
1860,,,,LEX DIGITAL,123456789,,,110053,BHAJANPURA,DELHI,BHAJANPURA,CHAUTHMAL,123456789,,324010,RAJASTHAN,RAJASTHAN,ANWALI ROAD DEVNARAYAN MANDIR KE PICHE NAYAGAON ENGINEERING COLLEGE KOTA RAJASTHAN 324010,PREPAID,20,,,,,,
1861,,,,LEX DIGITAL,123456789,,,110053,BHAJANPURA,DELHI,BHAJANPURA,JITENDRA KUMAR BYAWAT,123456789,,312602,RAJASTHAN,RAJASTHAN,"MENARIYA MOHALLA, BHADESAR, BHADESAR CHITTORGARH RAJASTHAN 312602",PREPAID,20,,,,,,
1862,,,,LEX DIGITAL,123456789,,,110053,BHAJANPURA,DELHI,BHAJANPURA,PRADEEP KUMAR CHOUDHARY,123456789,,321605,RAJASTHAN,RAJASTHAN,VILLAGE KHORA TARFBAHATU BAHTOO KALAN ALWAR RAJASTHAN 321605,PREPAID,20,,,,,,
1863,,,,LEX DIGITAL,123456789,,,110053,BHAJANPURA,DELHI,BHAJANPURA,SITA DEVI,123456789,,303325,RAJASTHAN,RAJASTHAN,BHANWATI DAUSA RAJASTHAN 303325,PREPAID,20,,,,,,
1864,,,,LEX DIGITAL,123456789,,,110053,BHAJANPURA,DELHI,BHAJANPURA,IKVAL,123456789,,321204,RAJASTHAN,RAJASTHAN,VILL 19 MALYABAS PAHADI SAMSALKA BHARATPUR UBHAKA RAJASTHAN PAHARI BHARTAPUR 321204,PREPAID,20,,,,,,
1865,,,,LEX DIGITAL,123456789,,,110053,BHAJANPURA,DELHI,BHAJANPURA,INDU KHATRI,123456789,,324004,RAJASTHAN,RAJASTHAN,1-A-31 MASJID KE PICHHE WALI GALI KANSUWA UDYOG PURI KOTA S.O RAJASTHAN 324004,PREPAID,20,,,,,,
1866,,,,LEX DIGITAL,123456789,,,110053,BHAJANPURA,DELHI,BHAJANPURA,SATYVEER SINGH,123456789,,331001,RAJASTHAN,RAJASTHAN,LAKHAU CHURU RAJASTHAN 331001,PREPAID,20,,,,,,
1867,,,,LEX DIGITAL,123456789,,,110053,BHAJANPURA,DELHI,BHAJANPURA,ROHIT YADAV,123456789,,324009,RAJASTHAN,RAJASTHAN,203 SANTOSHI NAGAR DADABARI KOTA RAJASTHAN 324009,PREPAID,20,,,,,,
1868,,,,LEX DIGITAL,123456789,,,110053,BHAJANPURA,DELHI,BHAJANPURA,ANOOP SINGH,123456789,,342001,RAJASTHAN,RAJASTHAN,C 172 KIRTI NAGAR MAGRA PUNJLA JODHPUR RAJASTHAN 342001,PREPAID,20,,,,,,
1869,,,,LEX DIGITAL,123456789,,,110053,BHAJANPURA,DELHI,BHAJANPURA,MUKESH BHARGAV,123456789,,334001,RAJASTHAN,RAJASTHAN,SABJI MANDI KE PICHE WARD NO 01 BIKANER RAJASTHAN 334001,PREPAID,20,,,,,,
1870,,,,LEX DIGITAL,123456789,,,110053,BHAJANPURA,DELHI,BHAJANPURA,MANSINGH BARWAD,123456789,,302029,RAJASTHAN,RAJASTHAN,POORE NO 11 KALYAN NAGER SANGANER THANA . JAIPUR RAJASTHAN 302029,PREPAID,20,,,,,,
1871,,,,LEX DIGITAL,123456789,,,110053,BHAJANPURA,DELHI,BHAJANPURA,MAHAVEER BHOLA RAM,123456789,,342001,RAJASTHAN,RAJASTHAN,SINLI JODHPUR RAJASTHAN 342001,PREPAID,20,,,,,,
1872,,,,LEX DIGITAL,123456789,,,110053,BHAJANPURA,DELHI,BHAJANPURA,DEEPAK KUMAR,123456789,,305801,RAJASTHAN,RAJASTHAN,NEAR LUANKARAN BHAHETI SCHOOL RAJAREDI KISHANGARH AJMER RAJASTHAN 305801,PREPAID,20,,,,,,
1873,,,,LEX DIGITAL,123456789,,,110053,BHAJANPURA,DELHI,BHAJANPURA,RAM KEDAR MEENA,123456789,,303327,RAJASTHAN,RAJASTHAN,JHURAVATO KE DHANI BASWA DAUSA RAJASTHAN 303327,PREPAID,20,,,,,,
1874,,,,LEX DIGITAL,123456789,,,110053,BHAJANPURA,DELHI,BHAJANPURA,GUMAN SINGH,123456789,,326512,RAJASTHAN,RAJASTHAN,KHANDAR VISTUNIYA BISTHUNIA JHALAWAR RAJASTHAN 326512,PREPAID,20,,,,,,
1875,,,,LEX DIGITAL,123456789,,,110053,BHAJANPURA,DELHI,BHAJANPURA,GANGARAM,123456789,,301001,RAJASTHAN,RAJASTHAN,KRASKA INDOK ALWAR MADHOGARH RAJASTHAN 301001,PREPAID,20,,,,,,
1876,,,,LEX DIGITAL,123456789,,,110053,BHAJANPURA,DELHI,BHAJANPURA,JAHID,123456789,,321204,RAJASTHAN,RAJASTHAN,VILLAGE SAMDEEKA TEH PAHARI BHARATPUR BHORI RAJASTHAN 321204,PREPAID,20,,,,,,
1877,,,,LEX DIGITAL,123456789,,,110053,BHAJANPURA,DELHI,BHAJANPURA,RAHAMAT,123456789,,301001,RAJASTHAN,RAJASTHAN,VILLAGE BAGAR MEV TEH RAMGARH RAJPUT ALWAR BAGARRAJPUT RAJASTHAN 301001,PREPAID,20,,,,,,
1878,,,,LEX DIGITAL,123456789,,,110053,BHAJANPURA,DELHI,BHAJANPURA,SANJAY KUMAR JANGID,123456789,,333504,RAJASTHAN,RAJASTHAN,HONO172NEAR GHOTRA BUS STAND KHETRI NAGAR JHUNJHUN U RAJASTHAN JHUJHUNU 333504,PREPAID,20,,,,,,
1879,,,,LEX DIGITAL,123456789,,,110053,BHAJANPURA,DELHI,BHAJANPURA,KULDEEP CHHAPARWAL,123456789,,311001,RAJASTHAN,RAJASTHAN,CHHAPARWALO KA MOHALLA VILLAGE SANGANER BHILWARA RAJASTHAN 311001,PREPAID,20,,,,,,
1880,,,,LEX DIGITAL,123456789,,,110053,BHAJANPURA,DELHI,BHAJANPURA,SATISH KUMAR GURJAR,123456789,,301412,RAJASTHAN,RAJASTHAN,BABARIYA BANSUR ALWAR RAJASTHAN 301412,PREPAID,20,,,,,,
1881,,,,LEX DIGITAL,123456789,,,110053,BHAJANPURA,DELHI,BHAJANPURA,DHARMENDRA KUMAR,123456789,,307022,RAJASTHAN,RAJASTHAN,364VEERWARA SIROHI RAJASTHAN 307022,PREPAID,20,,,,,,
1882,,,,LEX DIGITAL,123456789,,,110053,BHAJANPURA,DELHI,BHAJANPURA,OM PRAKASH SONI,123456789,,344034,RAJASTHAN,RAJASTHAN,PURANA GOAN BAYTU PANJI TEH-BAITU BARMER RAJASTHAN 344034,PREPAID,20,,,,,,
1883,,,,LEX DIGITAL,123456789,,,110053,BHAJANPURA,DELHI,BHAJANPURA,REVAT SINGH,123456789,,342025,RAJASTHAN,RAJASTHAN,"16, PUROHITO KI DHANI, PUGLIYA SOMESAR, JODHPUR RAJASTHAN 342025",PREPAID,20,,,,,,
1884,,,,LEX DIGITAL,123456789,,,110053,BHAJANPURA,DELHI,BHAJANPURA,PURAN,123456789,,321615,RAJASTHAN,RAJASTHAN,"170, BHAISEENA, BHARATPUR, RAJASTHAN, RAJASTHAN BHARATPUR 321615",PREPAID,20,,,,,,
1885,,,,LEX DIGITAL,123456789,,,110053,BHAJANPURA,DELHI,BHAJANPURA,CHETAN PRAKASH SONI,123456789,,302012,RAJASTHAN,RAJASTHAN,"S/O GOPAL LAL SONI,, INDIA, , B-18 JHOTWARA JAIPUR KHORA BISAL B-18, ALAPNA COLONY RAJASTHAN 302012",PREPAID,20,,,,,,
1886,,,,LEX DIGITAL,123456789,,,110053,BHAJANPURA,DELHI,BHAJANPURA,GAJANAND BUNKAR,123456789,,302020,RAJASTHAN,RAJASTHAN,P.NO. 47 KRISHNA SAROVER DHOLI SANGANER JAIPUR RAJASTHAN 302020,PREPAID,20,,,,,,
1887,,,,LEX DIGITAL,123456789,,,110053,BHAJANPURA,DELHI,BHAJANPURA,MITHTHU LAL BHIL,123456789,,313201,RAJASTHAN,RAJASTHAN,SAKRIYA KHEDI POST /O SALERA KALAN TEH MAVLI SAKARIYA KHERI UDAIPUR RAJASTHAN 313201,PREPAID,20,,,,,,
1888,,,,LEX DIGITAL,123456789,,,110053,BHAJANPURA,DELHI,BHAJANPURA,DINESH KUMAR,123456789,,333026,RAJASTHAN,RAJASTHAN,WARD NO.08 NANGLI GUJRAN GOOJRAN JHUNJHUNUN RAJASTHAN JHUJHUNU 333026,PREPAID,20,,,,,,
1889,,,,LEX DIGITAL,123456789,,,110053,BHAJANPURA,DELHI,BHAJANPURA,DURGA KUMARI,123456789,,312601,RAJASTHAN,RAJASTHAN,MADHYA KHERI CHITTORGARH RAJASTHAN 312601,PREPAID,20,,,,,,
1890,,,,LEX DIGITAL,123456789,,,110053,BHAJANPURA,DELHI,BHAJANPURA,SOHAN LAL,123456789,,312613,RAJASTHAN,RAJASTHAN,"NAYI AABADI , BADISAKHATLI PRATAPGARH CHITTORGARH RAJASTHAN 312613",PREPAID,20,,,,,,
1891,,,,LEX DIGITAL,123456789,,,110053,BHAJANPURA,DELHI,BHAJANPURA,DIL KHUSH,123456789,,332709,RAJASTHAN,RAJASTHAN,KANWARPURA SIKAR RAJASTHAN 332709,PREPAID,20,,,,,,
1892,,,,LEX DIGITAL,123456789,,,110053,BHAJANPURA,DELHI,BHAJANPURA,GANESH HARIJAN,123456789,,324007,RAJASTHAN,RAJASTHAN,HARIJAN BASTI RAWATBHATA RODA SHYAM BABA MANDIR GHODEWALA CIRCLE KOTA RAJASTHAN 324007,PREPAID,20,,,,,,
1893,,,,LEX DIGITAL,123456789,,,110053,BHAJANPURA,DELHI,BHAJANPURA,MANISH RAWAT,123456789,,301001,RAJASTHAN,RAJASTHAN,"MOHALLA KALLU PARA,SECTOR 7,NEAR HOPE CIRCUS ALWAR RAJASTHAN 301001",PREPAID,20,,,,,,
1894,,,,LEX DIGITAL,123456789,,,110053,BHAJANPURA,DELHI,BHAJANPURA,KAMLESH KUMAR MEENA,123456789,,303004,RAJASTHAN,RAJASTHAN,40.KOTHI WALI DHANI KHANWAS DAUSA TH-LAWAN RAJASTHAN 303004,PREPAID,20,,,,,,
1895,,,,LEX DIGITAL,123456789,,,110053,BHAJANPURA,DELHI,BHAJANPURA,DINESH GOCHAR,123456789,,325009,RAJASTHAN,RAJASTHAN,KHEDA KUTI KE PASS GRAM KHATOLI PIPLADA KOTA RAJASTHAN 325009,PREPAID,20,,,,,,
1896,,,,LEX DIGITAL,123456789,,,110053,BHAJANPURA,DELHI,BHAJANPURA,TULACH SINGH,123456789,,345001,RAJASTHAN,RAJASTHAN,"VIJAY NAGAR PITHALA PEETHLA JAISALMER, JAISALMER RAJASTHAN 345001",PREPAID,20,,,,,,
1897,,,,LEX DIGITAL,123456789,,,110053,BHAJANPURA,DELHI,BHAJANPURA,MALKHAN,123456789,,322033,RAJASTHAN,RAJASTHAN,"CHAK NO. 1, BADH PEEPALWADA, BICHCHHI DONA, BICHHI DOONA, SAWAI MADHOPUR, RAJASTHAN MADHOPUR 322033",PREPAID,20,,,,,,
1898,,,,LEX DIGITAL,123456789,,,110053,BHAJANPURA,DELHI,BHAJANPURA,AJAY KUMAR,123456789,,333502,RAJASTHAN,RAJASTHAN,WARD 08 PALOTA JHUNJHUNU RAJASTHAN 333502,PREPAID,20,,,,,,
1899,,,,LEX DIGITAL,123456789,,,110053,BHAJANPURA,DELHI,BHAJANPURA,RADHESHYAM,123456789,,326512,RAJASTHAN,RAJASTHAN,77 NAI AABADI NATHU KHEDI NATHOO KHERI JHALAWAR KARAWAN B RAJASTHAN 326512,PREPAID,20,,,,,,
1900,,,,LEX DIGITAL,123456789,,,110053,BHAJANPURA,DELHI,BHAJANPURA,SUMER SINGH,123456789,,305023,RAJASTHAN,RAJASTHAN,VPO.CHACHIYAWAS CHACHIYAWAS CHACHIYAWS AJMER RAJASTHAN 305023,PREPAID,20,,,,,,
1901,,,,LEX DIGITAL,123456789,,,110053,BHAJANPURA,DELHI,BHAJANPURA,ANKIT SINGH,123456789,,302032,RAJASTHAN,RAJASTHAN,"40A,GOKULPURA,SUFAL SCHOOL JAIPUR RAJASTHAN 302032",PREPAID,20,,,,,,
1902,,,,LEX DIGITAL,123456789,,,110053,BHAJANPURA,DELHI,BHAJANPURA,RAKESH KUMHAR,123456789,,305415,RAJASTHAN,RAJASTHAN,"KANOJ, PO: BAGHERA, DIST: AJMER, RAJASTHAN AJMER 305415",PREPAID,20,,,,,,
1903,,,,LEX DIGITAL,123456789,,,110053,BHAJANPURA,DELHI,BHAJANPURA,PAWAN KUMAR JAGIND,123456789,,305802,RAJASTHAN,RAJASTHAN,S/O RAM DHAN JAGIND KACHRIYA ROAD MALIYON KI BADI KISHANGARH AJMER RAJASTHAN 305802,PREPAID,20,,,,,,
1904,,,,LEX DIGITAL,123456789,,,110053,BHAJANPURA,DELHI,BHAJANPURA,KAMLESH MEENA,123456789,,303328,RAJASTHAN,RAJASTHAN,"C/O BHAGWAN SAHAY 17,TURKIYAWAS, BHOJPURA KALAN,JAIPUR JAIPUR RAJASTHAN 303328",PREPAID,20,,,,,,
1905,,,,LEX DIGITAL,123456789,,,110053,BHAJANPURA,DELHI,BHAJANPURA,DINESH KUMAR VERMA,123456789,,303102,RAJASTHAN,RAJASTHAN,VILLAGE GOGERA TEHSIL VIRATNAGAR SOTHANA JAIPUR RAJASTHAN 303102,PREPAID,20,,,,,,
1906,,,,LEX DIGITAL,123456789,,,110053,BHAJANPURA,DELHI,BHAJANPURA,KISHAN PURI,123456789,,344022,RAJASTHAN,RAJASTHAN,"HEERA PANNA GALI, WARD NO.01 BALOTRA BARMER RAJASTHAN 344022",PREPAID,20,,,,,,
1907,,,,LEX DIGITAL,123456789,,,110053,BHAJANPURA,DELHI,BHAJANPURA,JASWANT SINGH,123456789,,342025,RAJASTHAN,RAJASTHAN,HATHIGRO KI DHANI GOGADEO GARH SHEKHALA JODHPUR SHERGARH RAJASTHAN 342025,PREPAID,20,,,,,,
1908,,,,LEX DIGITAL,123456789,,,110053,BHAJANPURA,DELHI,BHAJANPURA,SHANTU,123456789,,327801,RAJASTHAN,RAJASTHAN,KUKDIPADA BADI SARWA BARI BANSWARA RAJASTHAN 327801,PREPAID,20,,,,,,
1909,,,,LEX DIGITAL,123456789,,,110053,BHAJANPURA,DELHI,BHAJANPURA,RAJENDRA SINGH RATHORE,123456789,,331001,RAJASTHAN,RAJASTHAN,"1,1,GANV-DUDHWA MEETHA,WARD NUMBER-3 DUDHWA MEETHA,CHURU CHURU RAJASTHAN 331001",PREPAID,20,,,,,,
1910,,,,LEX DIGITAL,123456789,,,110053,BHAJANPURA,DELHI,BHAJANPURA,SABIR KHAN,123456789,,301019,RAJASTHAN,RAJASTHAN,"111,KAHARANI BHIWADI RAJASTHAN 301019",PREPAID,20,,,,,,
1911,,,,LEX DIGITAL,123456789,,,110053,BHAJANPURA,DELHI,BHAJANPURA,AJIT SINGH GURJAR,123456789,,303313,RAJASTHAN,RAJASTHAN,MAHANA KI DHANI UN BARAGAON DAUSA RAJASTHAN 303313,PREPAID,20,,,,,,
1912,,,,LEX DIGITAL,123456789,,,110053,BHAJANPURA,DELHI,BHAJANPURA,LALIT GAJRAJ,123456789,,332706,RAJASTHAN,RAJASTHAN,PIPALAWALI DHANI KI NEEMKATHANA CHALA SIKAR RAJASTHAN 332706,PREPAID,20,,,,,,
1913,,,,LEX DIGITAL,123456789,,,110053,BHAJANPURA,DELHI,BHAJANPURA,PAPPURAM YOGI,123456789,,301413,RAJASTHAN,RAJASTHAN,NARNOL KALAN ALWAR RAJASTHAN 301413,PREPAID,20,,,,,,
1914,,,,LEX DIGITAL,123456789,,,110053,BHAJANPURA,DELHI,BHAJANPURA,ASHOK KUMAR BUNKAR,123456789,,302012,RAJASTHAN,RAJASTHAN,44 TRIVENI NAGAR NIVAARU ROAD JHOTWARA JAIPURJAIPUR JAIPUR RAJASTHAN 302012,PREPAID,20,,,,,,
1915,,,,LEX DIGITAL,123456789,,,110053,BHAJANPURA,DELHI,BHAJANPURA,CHANDAN SINGH GAWARIYA,123456789,,303503,RAJASTHAN,RAJASTHAN,"ALIPURA,BILONA,DAUSA,LALSOT,RAJASTHAN DAUSA RAJASTHAN 303503",PREPAID,20,,,,,,
1916,,,,LEX DIGITAL,123456789,,,110053,BHAJANPURA,DELHI,BHAJANPURA,DUGAR PURI,123456789,,306401,RAJASTHAN,RAJASTHAN,BHAGESAR PALI RAJASTHAN 306401,PREPAID,20,,,,,,
1917,,,,LEX DIGITAL,123456789,,,110053,BHAJANPURA,DELHI,BHAJANPURA,KARAN JOSHI,123456789,,342801,RAJASTHAN,RAJASTHAN,MAIN MARKET DHUNDHARA JODHPUR RAJASTHAN 342801,PREPAID,20,,,,,,
1918,,,,LEX DIGITAL,123456789,,,110053,BHAJANPURA,DELHI,BHAJANPURA,BABLI KAHNIYA LAL,123456789,,301403,RAJASTHAN,RAJASTHAN,RAIPUR JATAN ALWAR RAJASTHAN 301403,PREPAID,20,,,,,,
1919,,,,LEX DIGITAL,123456789,,,110053,BHAJANPURA,DELHI,BHAJANPURA,AKSHAY MALAV,123456789,,326035,RAJASTHAN,RAJASTHAN,"1,1, SAROLA KALAN JHALAWAR RAJASTHAN 326035",PREPAID,20,,,,,,
1920,,,,LEX DIGITAL,123456789,,,110053,BHAJANPURA,DELHI,BHAJANPURA,KARTAR,123456789,,321203,RAJASTHAN,RAJASTHAN,"S/O GANGA RAM, JATERI , - BHARATPUR RAJASTHAN 321203",PREPAID,20,,,,,,
1921,,,,LEX DIGITAL,123456789,,,110053,BHAJANPURA,DELHI,BHAJANPURA,NARPAT SINGH PANWAR,123456789,,313701,RAJASTHAN,RAJASTHAN,PHALASIYANEAR POLICESTATION PHALASIYA UDAIPUR RAJASTHAN 313701,PREPAID,20,,,,,,
1922,,,,LEX DIGITAL,123456789,,,110053,BHAJANPURA,DELHI,BHAJANPURA,SANWAL RAM,123456789,,342001,RAJASTHAN,RAJASTHAN,"140, PAL CHORAHIYA SANGARIYA BALAJI NAGAR SALAWAS ROAD BAI PASS JODHPUR RAJASTHAN 342001",PREPAID,20,,,,,,
1923,,,,LEX DIGITAL,123456789,,,110053,BHAJANPURA,DELHI,BHAJANPURA,JASVANT SINGH,123456789,,326513,RAJASTHAN,RAJASTHAN,GURJAR MOHALLA AKODIYA JHALAWAR RAJASTHAN 326513,PREPAID,20,,,,,,
1924,,,,LEX DIGITAL,123456789,,,110053,BHAJANPURA,DELHI,BHAJANPURA,RAVINDRA SINGH,123456789,,321404,RAJASTHAN,RAJASTHAN,JATAV MAHOLLA VINAUA RUPBAS BHARATPUR RAJASTHAN 321404,PREPAID,20,,,,,,
1925,,,,LEX DIGITAL,123456789,,,110053,BHAJANPURA,DELHI,BHAJANPURA,SANTOSH KUMARI MEENA,123456789,,306504,RAJASTHAN,RAJASTHAN,"507, GVALA KI DHANI, KOTHAR, PALI DESURI RAJASTHAN 306504",PREPAID,20,,,,,,
1926,,,,LEX DIGITAL,123456789,,,110053,BHAJANPURA,DELHI,BHAJANPURA,PRAKASH MEENA,123456789,,312605,RAJASTHAN,RAJASTHAN,"KUNI, WARD NO.08 MOTI KHERI, PRATAPGARH CHITTORGARH RAJASTHAN 312605",PREPAID,20,,,,,,
1927,,,,LEX DIGITAL,123456789,,,110053,BHAJANPURA,DELHI,BHAJANPURA,BABULAL KHERWA,123456789,,325216,RAJASTHAN,RAJASTHAN,KHERVA BASTI WARD N 1 BHANWARGAR BARAN RAJASTAHAN RAJASTHAN 325216,PREPAID,20,,,,,,
1928,,,,LEX DIGITAL,123456789,,,110053,BHAJANPURA,DELHI,BHAJANPURA,GAYASUDDIN,123456789,,305001,RAJASTHAN,RAJASTHAN,SO FAKHRUDDIN 42 DHOBI GALI ANDER KOT AJMER RAJASTHAN 305001,PREPAID,20,,,,,,
1929,,,,LEX DIGITAL,123456789,,,110053,BHAJANPURA,DELHI,BHAJANPURA,JAGDISH PRASAD,123456789,,332027,RAJASTHAN,RAJASTHAN,173VILLAGE RAGHUNATH GARH WARD NO 3 SIKAR RAJASTHAN 332027,PREPAID,20,,,,,,
1930,,,,LEX DIGITAL,123456789,,,110053,BHAJANPURA,DELHI,BHAJANPURA,RASID,123456789,,321023,RAJASTHAN,RAJASTHAN,FAKEER VALI MASJID JURHERI TEH KAMAN JURHARI PO JURHERA DISIT BHARATPUR RAJASTHAN 321023,PREPAID,20,,,,,,
1931,,,,LEX DIGITAL,123456789,,,110053,BHAJANPURA,DELHI,BHAJANPURA,RAMVEER,123456789,,321401,RAJASTHAN,RAJASTHAN,VILLAGE IMALIYA POST OFFICE BAYANA IMLIYA BHARATPUR RAJASTHAN 321401,PREPAID,20,,,,,,
1932,,,,LEX DIGITAL,123456789,,,110053,BHAJANPURA,DELHI,BHAJANPURA,RAJU LAL,123456789,,311025,RAJASTHAN,RAJASTHAN,"171 , SHIV MANDIR KE PASS, AAMLI PURABATAN, AMLI PURAWATAN BARDOD, BHILWARA RAJASTHAN 311025",PREPAID,20,,,,,,
1933,,,,LEX DIGITAL,123456789,,,110053,BHAJANPURA,DELHI,BHAJANPURA,PARASARAM,123456789,,321025,RAJASTHAN,RAJASTHAN,"TAKHA, TAKHA , BHARATPUR RAJASTHAN 321025",PREPAID,20,,,,,,
1934,,,,LEX DIGITAL,123456789,,,110053,BHAJANPURA,DELHI,BHAJANPURA,SUNDER BAI MEENA,123456789,,312401,RAJASTHAN,RAJASTHAN,"PAYARO KA KHEDA , BANSI TH BADISADRI CHITTORGARH RAJASTHAN 312401",PREPAID,20,,,,,,
1935,,,,LEX DIGITAL,123456789,,,110053,BHAJANPURA,DELHI,BHAJANPURA,MAHARAJ SINGH,123456789,,321401,RAJASTHAN,RAJASTHAN,"NAYA GAON KHURD DAMDAMA, BHARATPUR ,BAYANA , RAJASTHAN 321401",PREPAID,20,,,,,,
1936,,,,LEX DIGITAL,123456789,,,110053,BHAJANPURA,DELHI,BHAJANPURA,RAJESH KUMAR TAILOR,123456789,,302001,RAJASTHAN,RAJASTHAN,"CHAND POLE BAZAR 3146, JAT KE KUWA KA RASTA JAIPUR, JAIPUR G.P.O., RAJASTHAN 302001",PREPAID,20,,,,,,
1937,,,,LEX DIGITAL,123456789,,,110053,BHAJANPURA,DELHI,BHAJANPURA,SHYAM LAL MEENA,123456789,,312605,RAJASTHAN,RAJASTHAN,"WARD 02, AKHEPUR, PRATAPGARH CHITTORGARH RAJASTHAN 312605",PREPAID,20,,,,,,
1938,,,,LEX DIGITAL,123456789,,,110053,BHAJANPURA,DELHI,BHAJANPURA,SHUBHAM PARETA,123456789,,326001,RAJASTHAN,RAJASTHAN,NEW MASTAR COLONY JHALAWAR CITY RAJASTHAN 326001,PREPAID,20,,,,,,
1939,,,,LEX DIGITAL,123456789,,,110053,BHAJANPURA,DELHI,BHAJANPURA,RAMESH .,123456789,,313901,RAJASTHAN,RAJASTHAN,693 LIMBADARA NEVATATAI JAWAR ZAWAR MINES UDAIPUR RAJASTHAN 313901,PREPAID,20,,,,,,
1940,,,,LEX DIGITAL,123456789,,,110053,BHAJANPURA,DELHI,BHAJANPURA,NARAYAN SINGH CHOUNHAN,123456789,,312001,RAJASTHAN,RAJASTHAN,"S/O: UDAY SINGH CHOHUNA, AJAD NAGAR ,GANESHPURA PANDOLIPANDOLIMATAJIKI, CHITTORGARH, CHITTORGARH RAJASTHAN 312001",PREPAID,20,,,,,,
1941,,,,LEX DIGITAL,123456789,,,110053,BHAJANPURA,DELHI,BHAJANPURA,SHRI GOVIND,123456789,,328024,RAJASTHAN,RAJASTHAN,BIRAJA PURA KOTPURA MANIA DHOLPUR RAJASTHAN 328024,PREPAID,20,,,,,,
1942,,,,LEX DIGITAL,123456789,,,110053,BHAJANPURA,DELHI,BHAJANPURA,BHOJARAM NAYAK,123456789,,334601,RAJASTHAN,RAJASTHAN,S/O GANGA RAM 163 JAGDEWALA JAMSAR BIKANER RAJASTHAN 334601,PREPAID,20,,,,,,
1943,,,,LEX DIGITAL,123456789,,,110053,BHAJANPURA,DELHI,BHAJANPURA,GIRRAJ PRASAD CHOUDHARY,123456789,,303305,RAJASTHAN,RAJASTHAN,JATWARA NAY BASS JAIPUR RAJASTHAN 303305,PREPAID,20,,,,,,
1944,,,,LEX DIGITAL,123456789,,,110053,BHAJANPURA,DELHI,BHAJANPURA,GOVIND RAM,123456789,,343027,RAJASTHAN,RAJASTHAN,ISROL JALOR JALORE RAJASTHAN 343027,PREPAID,20,,,,,,
1945,,,,LEX DIGITAL,123456789,,,110053,BHAJANPURA,DELHI,BHAJANPURA,PAPPULAL,123456789,,325216,RAJASTHAN,RAJASTHAN,MOYDA BARAN KISHAN GANJ RAJASTHAN 325216,PREPAID,20,,,,,,
1946,,,,LEX DIGITAL,123456789,,,110053,BHAJANPURA,DELHI,BHAJANPURA,RAMRAJ BAIRWA,123456789,,302021,RAJASTHAN,RAJASTHAN,PLOT NO 669 GIRDHARI PURA GARM DHAW HEERA POWER HOUSE KE PICCHE AJMER ROAD JAIPUR RAJASTHAN 302021,PREPAID,20,,,,,,
1947,,,,LEX DIGITAL,123456789,,,110053,BHAJANPURA,DELHI,BHAJANPURA,SHRAWAN KUMAR THATHERA,123456789,,332301,RAJASTHAN,RAJASTHAN,673 15 CHAUMALO KA MOHALLA FATEHPUR SIKAR RAJASTHAN 332301,PREPAID,20,,,,,,
1948,,,,LEX DIGITAL,123456789,,,110053,BHAJANPURA,DELHI,BHAJANPURA,ROBIN ARORA,123456789,,301001,RAJASTHAN,RAJASTHAN,FLAT NO56BLOCK 7APNA GHAR SHALIMAR EXTENSIONALWAR ALWAR RAJASTHAN 301001,PREPAID,20,,,,,,
1949,,,,LEX DIGITAL,123456789,,,110053,BHAJANPURA,DELHI,BHAJANPURA,PANNA LAL GAYARI,123456789,,312601,RAJASTHAN,RAJASTHAN,"BARDA GADOLA, GADOLA CHITTORGARH RAJASTHAN 312601",PREPAID,20,,,,,,
1950,,,,LEX DIGITAL,123456789,,,110053,BHAJANPURA,DELHI,BHAJANPURA,ASHISH,123456789,,305812,RAJASTHAN,RAJASTHAN,KHATIYO KE MOHALLA HARMARA KISHANGARH AJMER RAJASTHAN 305812,PREPAID,20,,,,,,
1951,,,,LEX DIGITAL,123456789,,,110053,BHAJANPURA,DELHI,BHAJANPURA,RAM NARAYAN,123456789,,301024,RAJASTHAN,RAJASTHAN,"RAM LADOOWAS,ALWAR,RAJASTHAN DISTT ALWAR RAJASTHAN 301024",PREPAID,20,,,,,,
1952,,,,LEX DIGITAL,123456789,,,110053,BHAJANPURA,DELHI,BHAJANPURA,SURAJA RAM,123456789,,342306,RAJASTHAN,RAJASTHAN,RAJAABANDH BIRAI TIWARI JODHPUR RAJASTHAN 342306,PREPAID,20,,,,,,
1953,,,,LEX DIGITAL,123456789,,,110053,BHAJANPURA,DELHI,BHAJANPURA,BATTU SINGH,123456789,,321402,RAJASTHAN,RAJASTHAN,"NOVISA, MAHMADPURA, BHARATPUR, RAJASTHAN BHARATPUR 321402",PREPAID,20,,,,,,
1954,,,,LEX DIGITAL,123456789,,,110053,BHAJANPURA,DELHI,BHAJANPURA,GOVIND KUMAR,123456789,,335707,RAJASTHAN,RAJASTHAN,SRI GANGANAGARWORD NO 04 8PSD B RAWLA MANDI GANGANAGAR RAJASTHAN 335707,PREPAID,20,,,,,,
1955,,,,LEX DIGITAL,123456789,,,110053,BHAJANPURA,DELHI,BHAJANPURA,ANUJ KUMAR,123456789,,333036,RAJASTHAN,RAJASTHAN,JHUJHUNUGORIR JHUJHUNU RAJASTHAN 333036,PREPAID,20,,,,,,
1956,,,,LEX DIGITAL,123456789,,,110053,BHAJANPURA,DELHI,BHAJANPURA,SHANMUGAM KANNAN,123456789,,600068,TAMIL NADU,TAMIL NADU,929 1ST MAIN ROAD M D A MATHUR MANALI TIRUVALLUR TAMIL NADU 600068,PREPAID,20,,,,,,
1957,,,,LEX DIGITAL,123456789,,,110053,BHAJANPURA,DELHI,BHAJANPURA,PALANISAMY BALAKUMARASAMY,123456789,,641664,TAMIL NADU,TAMIL NADU,57 PAVADIGARDEN SITHAPALAM ROAD 7 PALLADAM P VADUGAPALAYAM COIMBATORE TAMIL NADU 641664,PREPAID,20,,,,,,
1958,,,,LEX DIGITAL,123456789,,,110053,BHAJANPURA,DELHI,BHAJANPURA,RAYAR ANUSURIYA,123456789,,605004,PUDUCHERRY,PUDUCHERRY,"255 FOURTH CROSS STREET THULUKANATHAMMAN NAGAR, MURUNGAPAKKAM MUDALIARPET PONDICHERRY PUDUCHERRY 605004",PREPAID,20,,,,,,
1959,,,,LEX DIGITAL,123456789,,,110053,BHAJANPURA,DELHI,BHAJANPURA,ARUN S,123456789,,600037,TAMIL NADU,TAMIL NADU,"PLOT NO. LIG 87, 15TH CROSS STREET, 10TH MAIN ROAD, NOLAMBUR PHASE 1, CHENNAI,NOLAMBUR AMBATTUR INDUSTRIAL ESTATE TIRUVALLUR TAMIL NADU 600037",PREPAID,20,,,,,,
1960,,,,LEX DIGITAL,123456789,,,110053,BHAJANPURA,DELHI,BHAJANPURA,MANASA SREE CHANDANA CHAKKA,123456789,,600058,TAMIL NADU,TAMIL NADU,"BLOCK A FLAT NO 17, 3RD FLOOR, PAMBAL STREET, BALARAGA ICF EMPLOYEES COLONY, AYAPPAKKAM, CHENNAI TIRUVALLUR TAMIL NADU 600058",PREPAID,20,,,,,,
1961,,,,LEX DIGITAL,123456789,,,110053,BHAJANPURA,DELHI,BHAJANPURA,BALAKRISHNAN MURALIDHARAN,123456789,,638009,TAMIL NADU,TAMIL NADU,"12/1 JAGANATHAPURAM COLONY,3RD STREET SURAMPATTI ERODE 9 TAMIL NADU 638009",PREPAID,20,,,,,,
1962,,,,LEX DIGITAL,123456789,,,110053,BHAJANPURA,DELHI,BHAJANPURA,MANOHARAN SUJITHA,123456789,,600054,TAMIL NADU,TAMIL NADU,"178 KRS ILLAM TNHB COLONY,AVADI TIRUVALLUR TAMIL NADU 600054",PREPAID,20,,,,,,
1963,,,,LEX DIGITAL,123456789,,,110053,BHAJANPURA,DELHI,BHAJANPURA,MOHAN KUMAR,123456789,,600004,TAMIL NADU,TAMIL NADU,"NO 44/41 ,ABRAHAM STREET, MYLAPORE CHENNAI TAMIL NADU 600004",PREPAID,20,,,,,,
1964,,,,LEX DIGITAL,123456789,,,110053,BHAJANPURA,DELHI,BHAJANPURA,UMA THANIKACHALAM,123456789,,607105,TAMIL NADU,TAMIL NADU,102 MAIN ROAD KILARUNGUNAM POST CUDDALORE TAMIL NADU 607105,PREPAID,20,,,,,,
1965,,,,LEX DIGITAL,123456789,,,110053,BHAJANPURA,DELHI,BHAJANPURA,JOHN PAUL J,123456789,,641016,TAMIL NADU,TAMIL NADU,"13,MANGALAPURAM COIMBATORE TAMIL NADU 641016",PREPAID,20,,,,,,
1966,,,,LEX DIGITAL,123456789,,,110053,BHAJANPURA,DELHI,BHAJANPURA,MURUGARAJ SELVAKUMAR,123456789,,602024,TAMIL NADU,TAMIL NADU,12A/17 FIRST MAIN STREET GNANAPPAN NAGAR THIRUNINDRAVUR TIRUNINRAVUR RS POONAMALLEE TIRUVALLUR TAMIL NADU 602024,PREPAID,20,,,,,,
1967,,,,LEX DIGITAL,123456789,,,110053,BHAJANPURA,DELHI,BHAJANPURA,MOORTHY S,123456789,,600087,TAMIL NADU,TAMIL NADU,"26/5, B V R NAGAR, CHENNI, VTC: VALASARAVAKKAM, PO: ALWARTHIRUNAGAR, SUB DISTRCT: AMBATTUR, DISTRICT: TIRUVALLUR, MADURAIVOYAL TIRUVALLUR TAMIL NADU 600087",PREPAID,20,,,,,,
1968,,,,LEX DIGITAL,123456789,,,110053,BHAJANPURA,DELHI,BHAJANPURA,ASHOKRAJA,123456789,,600055,TAMIL NADU,TAMIL NADU,"393,VEERAPURAM,AMMAN FAMILY CLINC OPPOSITE STREET TIRUVALLUR TAMIL NADU 600055",PREPAID,20,,,,,,
1969,,,,LEX DIGITAL,123456789,,,110053,BHAJANPURA,DELHI,BHAJANPURA,VINOTH SEETHARAMAN,123456789,,603112,TAMIL NADU,TAMIL NADU,PLOT NO 2 SARDAR VALLABHAI PATEL 2ND STREET CHENNAI KANNATHUR REDDY KUPPAM MUTTUKADU KANCHIPURAM TAMIL NADU 603112,PREPAID,20,,,,,,
1970,,,,LEX DIGITAL,123456789,,,110053,BHAJANPURA,DELHI,BHAJANPURA,M SAINIVETHA,123456789,,600100,TAMIL NADU,TAMIL NADU,"NO.6, MANOHAR NAGAR 5TH STREET IIT PARK PALLIKARANAI KANCHIPURAM TAMIL NADU 600100",PREPAID,20,,,,,,
1971,,,,LEX DIGITAL,123456789,,,110053,BHAJANPURA,DELHI,BHAJANPURA,V SATHIYARAJ,123456789,,632520,TAMIL NADU,TAMIL NADU,297 BAJANAI KOIL STREET R P KANDIGAI SENGALNATHAM WALLAJAH VELLORE TAMIL NADU 632520,PREPAID,20,,,,,,
1972,,,,LEX DIGITAL,123456789,,,110053,BHAJANPURA,DELHI,BHAJANPURA,SAMINATHAN M,123456789,,625002,TAMIL NADU,TAMIL NADU,16/21 RANI ANNANAGAR STREET MADURAI NORTH TALLAKULAM CHOKKIKULAM TAMIL NADU 625002,PREPAID,20,,,,,,
1973,,,,LEX DIGITAL,123456789,,,110053,BHAJANPURA,DELHI,BHAJANPURA,SELVARAJ RAJDURAI,123456789,,607106,TAMIL NADU,TAMIL NADU,PAZHAYAKALANI SEMMEDU POST CUDDALORE TAMIL NADU 607106,PREPAID,20,,,,,,
1974,,,,LEX DIGITAL,123456789,,,110053,BHAJANPURA,DELHI,BHAJANPURA,MUTHURAMALINGAM C,123456789,,625018,TAMIL NADU,TAMIL NADU,"PLOT NO 11 SWN 82/2A,CHOKKALINGA NAGAR KOODAL MADURAI TAMIL NADU 625018",PREPAID,20,,,,,,
1975,,,,LEX DIGITAL,123456789,,,110053,BHAJANPURA,DELHI,BHAJANPURA,ARULPANDI ELUMALAI,123456789,,606102,TAMIL NADU,TAMIL NADU,3/21 EAST STREET KILAPPALAIYAM ADANUR VILUPPURAM VILLUPURAM TAMIL NADU 606102,PREPAID,20,,,,,,
1976,,,,LEX DIGITAL,123456789,,,110053,BHAJANPURA,DELHI,BHAJANPURA,JAYAPRIYA JAGANATHAN,123456789,,636117,TAMIL NADU,TAMIL NADU,NO 42 ADHIDRAVIDAR COLONY YETHAPUR ATTUR SALEM TAMIL NADU 636117,PREPAID,20,,,,,,
1977,,,,LEX DIGITAL,123456789,,,110053,BHAJANPURA,DELHI,BHAJANPURA,RAMACHANDIRAN JAYAPRAKASAM,123456789,,600050,TAMIL NADU,TAMIL NADU,"9/38,KUYAVER STREET,MUNNURPET,PADI TIRUVALLUR TAMIL NADU 600050",PREPAID,20,,,,,,
1978,,,,LEX DIGITAL,123456789,,,110053,BHAJANPURA,DELHI,BHAJANPURA,SEKTHAVUTH MOHAMED IBRAHIM,123456789,,641305,TAMIL NADU,TAMIL NADU,240 3 MAGADEVAPURAM MAIN ROAD METTUPALAYAM MAHADEVAPURAM COIMBATORE TAMIL NADU 641305,PREPAID,20,,,,,,
1979,,,,LEX DIGITAL,123456789,,,110053,BHAJANPURA,DELHI,BHAJANPURA,PARAMASIVAM NAGARAJAN,123456789,,630106,TAMIL NADU,TAMIL NADU,"NO 7, SIVAN KOVIL AGRAKARAM, VELANGUDI KOTTAIYUR,PO:KOTTAIYUR SIVAGANGA TAMIL NADU 630106",PREPAID,20,,,,,,
1980,,,,LEX DIGITAL,123456789,,,110053,BHAJANPURA,DELHI,BHAJANPURA,MUTHUKUMAR K,123456789,,642205,TAMIL NADU,TAMIL NADU,1/53 VADUGAPALAYAM TIRUPPUR COIMBATORE TAMIL NADU 642205,PREPAID,20,,,,,,
1981,,,,LEX DIGITAL,123456789,,,110053,BHAJANPURA,DELHI,BHAJANPURA,CHANDRAN JEGAN,123456789,,641042,TAMIL NADU,TAMIL NADU,433/16 BHARATHIYAR SATHUKAM COIMBATORE SOUTH ARIVOZHI NAGAR TAMIL NADU 641042,PREPAID,20,,,,,,
1982,,,,LEX DIGITAL,123456789,,,110053,BHAJANPURA,DELHI,BHAJANPURA,VISVANATHAN SATHEESKUMAR,123456789,,637003,TAMIL NADU,TAMIL NADU,2182 VALLI COMPLEX PURAMTVS BACK SIDE NAMAKKA L NAMAKKAL TAMIL NADU 637003,PREPAID,20,,,,,,
1983,,,,LEX DIGITAL,123456789,,,110053,BHAJANPURA,DELHI,BHAJANPURA,RAMACHANDRAN KODHANDAPANI,123456789,,600100,TAMIL NADU,TAMIL NADU,2 SEKIZHAR STREET PERIYAR NAGAR PALLIKARANAI KANCHEEPURAM KANCHIPURAM TAMIL NADU 600100,PREPAID,20,,,,,,
1984,,,,LEX DIGITAL,123456789,,,110053,BHAJANPURA,DELHI,BHAJANPURA,SATHISHKUMAR CHENNAIYAN,123456789,,635811,TAMIL NADU,TAMIL NADU,414 MIDDLE STREETRANGAPURAM VENKATASAMUDIRAM POST AM BUR TALUK VELLORE TAMIL NADU 635811,PREPAID,20,,,,,,
1985,,,,LEX DIGITAL,123456789,,,110053,BHAJANPURA,DELHI,BHAJANPURA,ARUNKUMAR M,123456789,,603103,TAMIL NADU,TAMIL NADU,"19B, SHREE RAJALAKSHMI NAGAR,SIVAN KOVIL STREET KANCHIPURAM TAMIL NADU 603103",PREPAID,20,,,,,,
1986,,,,LEX DIGITAL,123456789,,,110053,BHAJANPURA,DELHI,BHAJANPURA,ARON MUTHUMANI PREMKUMAR YABES,123456789,,603319,TAMIL NADU,TAMIL NADU,NO 1116 SCHOOL STREET SENDIVAKKAM MATHUR KANCHEE PURAMCHENALPATU KANCHIPURAM TAMIL NADU 603319,PREPAID,20,,,,,,
1987,,,,LEX DIGITAL,123456789,,,110053,BHAJANPURA,DELHI,BHAJANPURA,RAFIKHAN RAFIKHAN,123456789,,600002,TAMIL NADU,TAMIL NADU,4317RAZA HYDER STREET ELLIS ROAD CHENNAI 600002 TAMIL NADU,PREPAID,20,,,,,,
1988,,,,LEX DIGITAL,123456789,,,110053,BHAJANPURA,DELHI,BHAJANPURA,PERUMAL BHUVANESWARI,123456789,,636110,TAMIL NADU,TAMIL NADU,4482KATTUKOTTAGAIKONDAIYAMPALLI POST GANAGAVALLI SALE M SALEM TAMIL NADU 636110,PREPAID,20,,,,,,
1989,,,,LEX DIGITAL,123456789,,,110053,BHAJANPURA,DELHI,BHAJANPURA,MR VENKATACHALAM NARESHKUMAR,123456789,,637501,TAMIL NADU,TAMIL NADU,"3/152 BARATHIYAR STRE,ET AMMAN KOVIL SAVADI SALEM TAMIL NADU 637501",PREPAID,20,,,,,,
1990,,,,LEX DIGITAL,123456789,,,110053,BHAJANPURA,DELHI,BHAJANPURA,JEEVARATHINAM JEEVARATHINAM,123456789,,641655,TAMIL NADU,TAMIL NADU,139KANNDANKULAMPUDHUR SEVUR AVINASHI COIMBATORE TAMIL NADU 641655,PREPAID,20,,,,,,
1991,,,,LEX DIGITAL,123456789,,,110053,BHAJANPURA,DELHI,BHAJANPURA,RASAPPAN PRABU,123456789,,639110,TAMIL NADU,TAMIL NADU,H N 8635 SEPLAPPATTY SEPILAPATTI KULITHALAI KARUR KARURSEPILAPATTI TAMIL NADU 639110,PREPAID,20,,,,,,
1992,,,,LEX DIGITAL,123456789,,,110053,BHAJANPURA,DELHI,BHAJANPURA,RATHINAVEL GOVINDAN,123456789,,636309,TAMIL NADU,TAMIL NADU,"92/232,RC CHETTIPATTI SALEM TAMIL NADU 636309",PREPAID,20,,,,,,
1993,,,,LEX DIGITAL,123456789,,,110053,BHAJANPURA,DELHI,BHAJANPURA,BALAKRISHNAN MANIVANNAN,123456789,,600039,TAMIL NADU,TAMIL NADU,199 NEHRUJI SWCOND ST NEW KAMARAJ NAGARVYAAARPADI CH ENNAI CHENNAI TAMIL NADU 600039,PREPAID,20,,,,,,
1994,,,,LEX DIGITAL,123456789,,,110053,BHAJANPURA,DELHI,BHAJANPURA,THATTAYIL SHIHABUDEEN,123456789,,676304,KERALA,KERALA,S/O MOIDU THATTAYIL HOUSE CHERUR PO POOCHOLAMADU MALAPPURAM KERALA 676304,PREPAID,20,,,,,,
1995,,,,LEX DIGITAL,123456789,,,110053,BHAJANPURA,DELHI,BHAJANPURA,HARIHARAN HARIHARAN,123456789,,601102,TAMIL NADU,TAMIL NADU,NO 54DHARMARAJA KOVIL STREET TIRUVALLUR TAMIL NADU 601102,PREPAID,20,,,,,,
1996,,,,LEX DIGITAL,123456789,,,110053,BHAJANPURA,DELHI,BHAJANPURA,RUBANRAJ RUBANRAJ,123456789,,621307,TAMIL NADU,TAMIL NADU,100BKALLARAI ROADMELAMANJAMPATTYMANAPPARAITRICHY TIRUCHIRAPPALLI TAMIL NADU 621307,PREPAID,20,,,,,,
1997,,,,LEX DIGITAL,123456789,,,110053,BHAJANPURA,DELHI,BHAJANPURA,VEERAMADHI RAJENDRAN KAARTHIKKHUMAR,123456789,,641602,TAMIL NADU,TAMIL NADU,"8/4045 ANNA NAGAR EAST, SOLAN NAGAR,,POOLUVAPATTI POST, TIRUPPUR TIRUPUR TAMIL NADU 641602",PREPAID,20,,,,,,
1998,,,,LEX DIGITAL,123456789,,,110053,BHAJANPURA,DELHI,BHAJANPURA,MONIKA JAGADEESAN,123456789,,641045,TAMIL NADU,TAMIL NADU,"DOOR NO-10 PERIYAR NAGAR PULIAKULAM,COIMBATORE COIMBATORE SOUTH RAMANATHAPURAM NEAR DENTAL CLINIC TAMIL NADU 641045",PREPAID,20,,,,,,
1999,,,,LEX DIGITAL,123456789,,,110053,BHAJANPURA,DELHI,BHAJANPURA,RANI LAKSHMANAN,123456789,,638003,TAMIL NADU,TAMIL NADU,"51, MARAPALAM ROAD 5, KAS NAGAR KARUNGALPALAYAM, ERODE TAMIL NADU 638003",PREPAID,20,,,,,,
2000,,,,LEX DIGITAL,123456789,,,110053,BHAJANPURA,DELHI,BHAJANPURA,AJITH KUMAR K,123456789,,625012,TAMIL NADU,TAMIL NADU,49 VALLANTHA PURAM AVANIAPURAM MADURAI MAIN TAMIL NADU 625012,PREPAID,20,,,,,,
2001,,,,LEX DIGITAL,123456789,,,110053,BHAJANPURA,DELHI,BHAJANPURA,SARASWATHI KRISHNAN,123456789,,600056,TAMIL NADU,TAMIL NADU,NO 3/79 SURATHAMMAN KOIL ST PARIVAKKAM POONAMALLE CHENNAI TIRUVALLUR TAMIL NADU 600056,PREPAID,20,,,,,,
2002,,,,LEX DIGITAL,123456789,,,110053,BHAJANPURA,DELHI,BHAJANPURA,SEETHARAMAN N,123456789,,609607,PUDUCHERRY,PUDUCHERRY,"20, THOPPU STREET THIRUNALLARU POST, PETTAI - KARAIKAL PUDUCHERRY 609607",PREPAID,20,,,,,,
2003,,,,LEX DIGITAL,123456789,,,110053,BHAJANPURA,DELHI,BHAJANPURA,ASWINI RAJENDRAN,123456789,,600113,TAMIL NADU,TAMIL NADU,NO 23 SHRI GURU ESWAR NILAYARAGHAVENDRA CIRCLE BENGA LURU CHENNAI TAMIL NADU 600113,PREPAID,20,,,,,,
2004,,,,LEX DIGITAL,123456789,,,110053,BHAJANPURA,DELHI,BHAJANPURA,NANDA KISHORE G N V,123456789,,601302,TAMIL NADU,TAMIL NADU,"23B GV NAGAR 2ND CROSS ST VENGAIVASAL MAIN ROAD,SANTHOSAPURAM TIRUVALLUR TAMIL NADU 601302",PREPAID,20,,,,,,
2005,,,,LEX DIGITAL,123456789,,,110053,BHAJANPURA,DELHI,BHAJANPURA,RAMESHBABU THENMOZHI,123456789,,602023,TAMIL NADU,TAMIL NADU,"NO 602,MCS NAGAR TIRUVALLUR TAMIL NADU 602023",PREPAID,20,,,,,,
2006,,,,LEX DIGITAL,123456789,,,110053,BHAJANPURA,DELHI,BHAJANPURA,NAGADEVAN ANNADURAI,123456789,,604407,TAMIL NADU,TAMIL NADU,"35, T M ADHIKESAVA NAGAR CHEYYAR TIRUVANNAMALAI TAMIL NADU 604407",PREPAID,20,,,,,,
2007,,,,LEX DIGITAL,123456789,,,110053,BHAJANPURA,DELHI,BHAJANPURA,BALASUBRAMANIAN S,123456789,,641111,TAMIL NADU,TAMIL NADU,"SO SUBBAIYA 4 PETCHIAMMAN KOIL STREET SIVA NAGAR V,ELLALVELLALORE COIMBATORE VELLALUR TAMIL NADU INDIA 641111",PREPAID,20,,,,,,
2008,,,,LEX DIGITAL,123456789,,,110053,BHAJANPURA,DELHI,BHAJANPURA,KALIMUTHU SUNDARESAN,123456789,,641001,TAMIL NADU,TAMIL NADU,181158 KEMPETTY COLONYBALLAYANTHOTTOM STREET5 COIMBATORE TAMIL NADU 641001,PREPAID,20,,,,,,
2009,,,,LEX DIGITAL,123456789,,,110053,BHAJANPURA,DELHI,BHAJANPURA,GOPALAKRISHNAN SUBBAIYA,123456789,,609309,TAMIL NADU,TAMIL NADU,"NO 2/116, AGRAHARAM,SEMBANARKOVIL, THARANGAMBADI-TALUKA,MUKKARUMBUR,NAGAPATTINAM THARANGAMBADI- TK NAGAPATTINAM TAMIL NADU 609309",PREPAID,20,,,,,,
2010,,,,LEX DIGITAL,123456789,,,110053,BHAJANPURA,DELHI,BHAJANPURA,KARTHIGA M,123456789,,637015,TAMIL NADU,TAMIL NADU,"16,SOUTH STREET,MOHANUR,VTC:MOHANUR PO:MOHANUR,SUB DISTRICT:NAMAKKAL, DISTRICT:NAMAKKAL NAMAKKAL TAMIL NADU 637015",PREPAID,20,,,,,,
2011,,,,LEX DIGITAL,123456789,,,110053,BHAJANPURA,DELHI,BHAJANPURA,SARASWATHI M,123456789,,600028,TAMIL NADU,TAMIL NADU,"3, 7TH MAIN ROAD RAJA ANNAMALAI PURAM,GOVINDASWAMY NAGAR PURAM,HOTEL SANGEETHA RESTAURANT CHENNAI TAMIL NADU 600028",PREPAID,20,,,,,,
2012,,,,LEX DIGITAL,123456789,,,110053,BHAJANPURA,DELHI,BHAJANPURA,SABARIGANESAN NAGARASAN,123456789,,635205,TAMIL NADU,TAMIL NADU,BOTTOM DHARMAPURI TAMIL NADU 635205,PREPAID,20,,,,,,
2013,,,,LEX DIGITAL,123456789,,,110053,BHAJANPURA,DELHI,BHAJANPURA,NAVEEN PALANISAMY,123456789,,637002,TAMIL NADU,TAMIL NADU,1/97 ICHCHAVARI PERUMAPATTI NAMAKKAL BOMMASAMUDRAM TAMIL NADU 637002,PREPAID,20,,,,,,
2014,,,,LEX DIGITAL,123456789,,,110053,BHAJANPURA,DELHI,BHAJANPURA,RAVI GOVINDASAMY,123456789,,621714,TAMIL NADU,TAMIL NADU,"NO 2/227,MARIYAMMAN KOVIL STREET, SIRUKADAMBUR,SENDURAI ARIYALUR TAMIL NADU 621714",PREPAID,20,,,,,,
2015,,,,LEX DIGITAL,123456789,,,110053,BHAJANPURA,DELHI,BHAJANPURA,SELVARAJ BUVANESWARI,123456789,,636204,TAMIL NADU,TAMIL NADU,128-1KALARAMPATTY PALLITHERUPATTI PANAMARATHUPATTI SALEM TAMIL NADU 636204,PREPAID,20,,,,,,
2016,,,,LEX DIGITAL,123456789,,,110053,BHAJANPURA,DELHI,BHAJANPURA,AJITHKUMAR S,123456789,,625582,TAMIL NADU,TAMIL NADU,SOCEITY STREET DOMBUCHERY BODINAYAKKANUR THENI TAMIL NADU 625582,PREPAID,20,,,,,,
2017,,,,LEX DIGITAL,123456789,,,110053,BHAJANPURA,DELHI,BHAJANPURA,T M VINOTHKUMAR,123456789,,631203,TAMIL NADU,TAMIL NADU,27 BAZAAR STREET INDIAN BANK NEAR NEW THIRUPACHUR TIRUVALLUR TAMIL NADU 631203,PREPAID,20,,,,,,
2018,,,,LEX DIGITAL,123456789,,,110053,BHAJANPURA,DELHI,BHAJANPURA,BALACHANDER R,123456789,,636015,TAMIL NADU,TAMIL NADU,362/102 VINAYAGER KOVIL STREET DEVI THEATRE KALARAMPATTI ERUMAPALAYAM SALEM TAMIL NADU 636015,PREPAID,20,,,,,,
2019,,,,LEX DIGITAL,123456789,,,110053,BHAJANPURA,DELHI,BHAJANPURA,RENGASAMY N,123456789,,613301,TAMIL NADU,TAMIL NADU,"NO 338, NORTH STREET, ANDANUR, GANDARVAKOTTAI TALUKA, PUDUKKOTTAI DT TAMIL NADU 613301",PREPAID,20,,,,,,
2020,,,,LEX DIGITAL,123456789,,,110053,BHAJANPURA,DELHI,BHAJANPURA,BALAKRISHNAN MUTHUMANIKAM,123456789,,603202,TAMIL NADU,TAMIL NADU,BULIDINGCITY KANCHIPURAM TAMIL NADU 603202,PREPAID,20,,,,,,
2021,,,,LEX DIGITAL,123456789,,,110053,BHAJANPURA,DELHI,BHAJANPURA,ABDUL RAHEEM BASHA,123456789,,600106,TAMIL NADU,TAMIL NADU,"12,PP GARDEN AMINJIKARAI,ANNA HOSPITAL CHENNAI TAMIL NADU 600106",PREPAID,20,,,,,,
2022,,,,LEX DIGITAL,123456789,,,110053,BHAJANPURA,DELHI,BHAJANPURA,THIRUKALATHI SABARIKALATHI,123456789,,631501,TAMIL NADU,TAMIL NADU,14A36SINGA PERUMAL KOIL SOUTH MADA STREET KANCHIPURA M KANCHIPURAM TAMIL NADU 631501,PREPAID,20,,,,,,
2023,,,,LEX DIGITAL,123456789,,,110053,BHAJANPURA,DELHI,BHAJANPURA,MOORTHY PRAKASH,123456789,,600073,TAMIL NADU,TAMIL NADU,N010 NEW BALAJI NAGER EXTENSION 2CRSS ST SELIYR CHINE CITY KANCHIPURAM TAMIL NADU 600073,PREPAID,20,,,,,,
2024,,,,LEX DIGITAL,123456789,,,110053,BHAJANPURA,DELHI,BHAJANPURA,MUNEESWARAN MUNIYANDI,123456789,,641606,TAMIL NADU,TAMIL NADU,SF NO 252 RAAGAM EXPORTS KANGEYAM MAIN ROAD NALLUR TIRUPUR COIMBATORE TAMIL NADU 641606,PREPAID,20,,,,,,
2025,,,,LEX DIGITAL,123456789,,,110053,BHAJANPURA,DELHI,BHAJANPURA,SELVAM MAYIL,123456789,,625605,TAMIL NADU,TAMIL NADU,11321BHARATHJYAR STREET THAMARAIKULAM THENI TAMIL NADU 625605,PREPAID,20,,,,,,
2026,,,,LEX DIGITAL,123456789,,,110053,BHAJANPURA,DELHI,BHAJANPURA,RAJENDRAN RAJA,123456789,,607807,TAMIL NADU,TAMIL NADU,"200 G,ISMAIL STREET BLOCK 21 NEYVELI CUDDALORE TAMIL NADU 607807",PREPAID,20,,,,,,
2027,,,,LEX DIGITAL,123456789,,,110053,BHAJANPURA,DELHI,BHAJANPURA,VENKATACHALAM KRISHNAN,123456789,,636015,TAMIL NADU,TAMIL NADU,2/344 PARAIKKADU SANNIYASIGUNDU SALEM TAMIL NADU 636015,PREPAID,20,,,,,,
2028,,,,LEX DIGITAL,123456789,,,110053,BHAJANPURA,DELHI,BHAJANPURA,VIJAY MADESH,123456789,,635201,TAMIL NADU,TAMIL NADU,"D NO 2, SAKTHI NAGAR, POCHAMPALLI, BARUR, KRISHNAGIRI TAMIL NADU 635201",PREPAID,20,,,,,,
2029,,,,LEX DIGITAL,123456789,,,110053,BHAJANPURA,DELHI,BHAJANPURA,KUPPUSWAMY GIRIJA,123456789,,600014,TAMIL NADU,TAMIL NADU,"NO.30/44, 1ST FLOOR SHAIK DAWOOD STREET ROYAPETTAH CHENNAI TAMIL NADU 600014",PREPAID,20,,,,,,
2030,,,,LEX DIGITAL,123456789,,,110053,BHAJANPURA,DELHI,BHAJANPURA,MURUGESAN NACHIMUTHU GOBINATTH,123456789,,638001,TAMIL NADU,TAMIL NADU,31 V C R NAGARFIRST STREET ERODE TAMIL NADU 638001,PREPAID,20,,,,,,
2031,,,,LEX DIGITAL,123456789,,,110053,BHAJANPURA,DELHI,BHAJANPURA,RAJA RAJAMANICKAM,123456789,,609607,PUDUCHERRY,PUDUCHERRY,8 KEEZHAPET PETTAI KARAIKAL PUDUCHERRY 609607,PREPAID,20,,,,,,
2032,,,,LEX DIGITAL,123456789,,,110053,BHAJANPURA,DELHI,BHAJANPURA,MANI VENKATESAPERUMAL,123456789,,635207,TAMIL NADU,TAMIL NADU,"62,ATHALIYUR KRISHNAGIRI TAMIL NADU 635207",PREPAID,20,,,,,,
2033,,,,LEX DIGITAL,123456789,,,110053,BHAJANPURA,DELHI,BHAJANPURA,MOOHAN U,123456789,,625016,TAMIL NADU,TAMIL NADU,"111/1, SOUTH ADUKKUMALLI STREET SRI RAM NAGAR ,SAMMATTI PURAM MADURAI TAMIL NADU 625016",PREPAID,20,,,,,,
2034,,,,LEX DIGITAL,123456789,,,110053,BHAJANPURA,DELHI,BHAJANPURA,KOWSHIGAN RAJENDRAN,123456789,,607401,TAMIL NADU,TAMIL NADU,"4 KAMBAN NAGAR P,UDUCHERRY BAHOUR CUDDALORE TAMIL NADU 607401",PREPAID,20,,,,,,
2035,,,,LEX DIGITAL,123456789,,,110053,BHAJANPURA,DELHI,BHAJANPURA,SOLAMON ANTRAN VALTHISAR MIRANDA,123456789,,625008,TAMIL NADU,TAMIL NADU,TOWN MADURAI TAMIL NADU 625008,PREPAID,20,,,,,,
2036,,,,LEX DIGITAL,123456789,,,110053,BHAJANPURA,DELHI,BHAJANPURA,SEBASTIAN LEEMA JOSEPHEEN,123456789,,641008,TAMIL NADU,TAMIL NADU,"99/2 METTUKKADU, NARASEMMAPURAM, KUNIYAMUTHUR COIMBATORE TAMIL NADU 641008",PREPAID,20,,,,,,
2037,,,,LEX DIGITAL,123456789,,,110053,BHAJANPURA,DELHI,BHAJANPURA,NATHIYA BASKAR,123456789,,621714,TAMIL NADU,TAMIL NADU,"1/157A, NORTH STREET, NINNIYUR SENDURAI THALUKA, NAKKAMPADI - ARIYALUR TAMIL NADU 621714",PREPAID,20,,,,,,
2038,,,,LEX DIGITAL,123456789,,,110053,BHAJANPURA,DELHI,BHAJANPURA,BALASUNDARI S,123456789,,641606,TAMIL NADU,TAMIL NADU,NO:49/5 KANGAYAM NAGAR 1ST STREET ROAD TIRUPPUR COIMBATORE TAMIL NADU 641606,PREPAID,20,,,,,,
2039,,,,LEX DIGITAL,123456789,,,110053,BHAJANPURA,DELHI,BHAJANPURA,SIVA PRIYA,123456789,,603107,TAMIL NADU,TAMIL NADU,106 PADAPAI STREET ALAPAKKAMALAPAKKAM KANCHIPURAM TAMIL NADU 603107,PREPAID,20,,,,,,
2040,,,,LEX DIGITAL,123456789,,,110053,BHAJANPURA,DELHI,BHAJANPURA,SIVAKUMAR SIVAKUMAR,123456789,,642001,TAMIL NADU,TAMIL NADU,HNO - 70PALINAPPAN STREET COLLACH COIMATORE TAM ILNADU COIMBATORE TAMIL NADU 642001,PREPAID,20,,,,,,
2041,,,,LEX DIGITAL,123456789,,,110053,BHAJANPURA,DELHI,BHAJANPURA,SARAVANAN KANDHASAMY,123456789,,637001,TAMIL NADU,TAMIL NADU,278 P8 SAVADI STREET ANBU NAGAR 2 RP PUDHUR MAIN ROAD NAMAKKAL TIRUCHIRAPPALLI TAMIL NADU 637001,PREPAID,20,,,,,,
2042,,,,LEX DIGITAL,123456789,,,110053,BHAJANPURA,DELHI,BHAJANPURA,POORNIMA POORNIMA,123456789,,614624,TAMIL NADU,TAMIL NADU,2341A GH BACK SIDE KEERAMANGALAMKEERAMANGALAM PUDUKKOTTAI TAMIL NADU 614624,PREPAID,20,,,,,,
2043,,,,LEX DIGITAL,123456789,,,110053,BHAJANPURA,DELHI,BHAJANPURA,ANITHA SUNDARAMOORTHY,123456789,,612503,TAMIL NADU,TAMIL NADU,"1A NEW STREET SHOLAPURAM, KUMBAKONAM, TALUKA, CHOLAPURAM, THANJAVUR TAMIL NADU 612503",PREPAID,20,,,,,,
2044,,,,LEX DIGITAL,123456789,,,110053,BHAJANPURA,DELHI,BHAJANPURA,PICHAIKARAN PRABAKARAN,123456789,,607805,TAMIL NADU,TAMIL NADU,1123VILLAGE CUDDALORE TAMIL NADU 607805,PREPAID,20,,,,,,
2045,,,,LEX DIGITAL,123456789,,,110053,BHAJANPURA,DELHI,BHAJANPURA,ARUNPRAKASH ARUNPRAKASH,123456789,,600010,TAMIL NADU,TAMIL NADU,77THIRD STREETSECRETARIAT COLONY KELLYSCHENNAI-600 010 CHENNAI TAMIL NADU 600010,PREPAID,20,,,,,,
2046,,,,LEX DIGITAL,123456789,,,110053,BHAJANPURA,DELHI,BHAJANPURA,ABUTHAHIR BASHEER,123456789,,632401,TAMIL NADU,TAMIL NADU,VELLORE11N ZAKIR HUSSAIN STREET VELLORE TAMIL NADU 632401,PREPAID,20,,,,,,
2047,,,,LEX DIGITAL,123456789,,,110053,BHAJANPURA,DELHI,BHAJANPURA,SUBRAMANIYAN K,123456789,,621714,TAMIL NADU,TAMIL NADU,"NO 1/19,MIDDLE STREET, ADHIKUDIKADU,SENDURAI ARIYALUR TAMIL NADU 621714",PREPAID,20,,,,,,
2048,,,,LEX DIGITAL,123456789,,,110053,BHAJANPURA,DELHI,BHAJANPURA,MAHESHKUMAR R,123456789,,625011,TAMIL NADU,TAMIL NADU,"S/O P RAVINDRAN, NO 12, THENNAGARAM STREET, JAIHINDUPURAM, MADURAI, SUBRAMANIYAPURAM, MADURAI TAMIL NADU 625011",PREPAID,20,,,,,,
2049,,,,LEX DIGITAL,123456789,,,110053,BHAJANPURA,DELHI,BHAJANPURA,KUMAR,123456789,,627808,TAMIL NADU,TAMIL NADU,7/200 AVUDAISIVANPATTI AVUDAIYANOOR TIRUNELVELI TENKASI TK TAMIL NADU 627808,PREPAID,20,,,,,,
2050,,,,LEX DIGITAL,123456789,,,110053,BHAJANPURA,DELHI,BHAJANPURA,GOVENTHAN M,123456789,,620012,TAMIL NADU,TAMIL NADU,NO-35 NADU STREET KEELA PANJAPPUR MANIKANDAM VTC:TIRUCHIRAPPALLI PO:EDAMALAIPATTI PUDUR SUB DISTRICT:TIRUCHIRAPPALLI TIRUCHIRAPPALLI TAMIL 620012,PREPAID,20,,,,,,
2051,,,,LEX DIGITAL,123456789,,,110053,BHAJANPURA,DELHI,BHAJANPURA,J SUGANYA,123456789,,641045,TAMIL NADU,TAMIL NADU,92 BHARATHI NAGAR 6 TH STREET OLUMBUS P N PURAM COIMATORE COIMBATORE TAMIL NADU 641045,PREPAID,20,,,,,,
2052,,,,LEX DIGITAL,123456789,,,110053,BHAJANPURA,DELHI,BHAJANPURA,RASIYABANU S,123456789,,611110,TAMIL NADU,TAMIL NADU,6/948 MALAKKA PALLI STREET THIRUPPOONDI WEST NAGAPATTINAM TAMIL NADU 611110,PREPAID,20,,,,,,
2053,,,,LEX DIGITAL,123456789,,,110053,BHAJANPURA,DELHI,BHAJANPURA,MAGESHWARI BOOPATHY,123456789,,638183,TAMIL NADU,TAMIL NADU,8371 KUMARASAMY LINESAMIYAMPALAYAM NAMAKKAL TAMIL NADU 638183,PREPAID,20,,,,,,
2054,,,,LEX DIGITAL,123456789,,,110053,BHAJANPURA,DELHI,BHAJANPURA,SUJITH SUJITH,123456789,,629152,TAMIL NADU,TAMIL NADU,317195A NAGERKUZHIVILLAIVEEDUPUTHENSANTHAI IDAICOD EKKDISTTAMILNADU KANYAKUMARI TAMIL NADU 629152,PREPAID,20,,,,,,
2055,,,,LEX DIGITAL,123456789,,,110053,BHAJANPURA,DELHI,BHAJANPURA,VIJAYABALAN AYYASAMY,123456789,,609309,TAMIL NADU,TAMIL NADU,"NO 1-150, KELA STREET NARASINGANATHAM THARANGAMBADI-TK NAGAPATTINAM TAMIL NADU 609309",PREPAID,20,,,,,,
2056,,,,LEX DIGITAL,123456789,,,110053,BHAJANPURA,DELHI,BHAJANPURA,K HARI,123456789,,600120,TAMIL NADU,TAMIL NADU,NO 16 VINAYAGAR KOVIL STREET KONDAIKARAI VALLUR TIRUVALLUR CHENNAI TAMIL NADU 600120,PREPAID,20,,,,,,
2057,,,,LEX DIGITAL,123456789,,,110053,BHAJANPURA,DELHI,BHAJANPURA,AJITHKUMAR S,123456789,,625582,TAMIL NADU,TAMIL NADU,SOCEITY STREET DOMBUCHERY BODINAYAKKANUR THENI TAMIL NADU 625582,PREPAID,20,,,,,,
2058,,,,LEX DIGITAL,123456789,,,110053,BHAJANPURA,DELHI,BHAJANPURA,MURUGANANTHAM RAJA,123456789,,639115,TAMIL NADU,TAMIL NADU,104/2 MAIN ROAD SIRUGAMANI TRICHY-639115NO SRIRANGAM TALUK TIRUCHIRAPPALLI . TAMIL NADU 639115,PREPAID,20,,,,,,
2059,,,,LEX DIGITAL,123456789,,,110053,BHAJANPURA,DELHI,BHAJANPURA,BATHMASRI A,123456789,,607001,TAMIL NADU,TAMIL NADU,"NO.92, KANNIYAKOVIL ST MANJAKUPPAM CUDDALORE TAMIL NADU 607001",PREPAID,20,,,,,,
2060,,,,LEX DIGITAL,123456789,,,110053,BHAJANPURA,DELHI,BHAJANPURA,SASIKALA VELU,123456789,,600115,TAMIL NADU,TAMIL NADU,2/168F KARPAGA VINAYAGAR NAGAR 8TH MAIN ROAD VETTUVANKANI INJAMBAKKAM KANCHEEPURAM KANCHIPURAM TAMIL NADU 600115,PREPAID,20,,,,,,
2061,,,,LEX DIGITAL,123456789,,,110053,BHAJANPURA,DELHI,BHAJANPURA,NARAYANAN KARTHIK,123456789,,600013,TAMIL NADU,TAMIL NADU,"NO8/17,CGCOLONY 7TH STREET ROYAPURAMCHENNAI CHENNAI TAMIL NADU 600013",PREPAID,20,,,,,,
2062,,,,LEX DIGITAL,123456789,,,110053,BHAJANPURA,DELHI,BHAJANPURA,YASODHA K,123456789,,600021,TAMIL NADU,TAMIL NADU,NO85 MODEL LANE 3R STREETOLD WASHERMANPET CHENNAI TAMIL NADU 600021,PREPAID,20,,,,,,
2063,,,,LEX DIGITAL,123456789,,,110053,BHAJANPURA,DELHI,BHAJANPURA,MELVINRAJ C,123456789,,621102,TAMIL NADU,TAMIL NADU,"5/293, DANAPRAKASA NAGAR. ANNAMANGALAM VTC: VEPPANTHATTAI, PO: ANNAMANGALM, PERAMBALUR TAMIL NADU 621102",PREPAID,20,,,,,,
2064,,,,LEX DIGITAL,123456789,,,110053,BHAJANPURA,DELHI,BHAJANPURA,RANJITHA,123456789,,641607,TAMIL NADU,TAMIL NADU,"19/A,TAMILNADU,KODIKABAM BUS STOP COIMBATORE TAMIL NADU 641607",PREPAID,20,,,,,,
2065,,,,LEX DIGITAL,123456789,,,110053,BHAJANPURA,DELHI,BHAJANPURA,ABDUL RAZAK RABIYA,123456789,,643001,TAMIL NADU,TAMIL NADU,59R JSS COLLEGE ELKILL ROAD OOTYTOWN NILGIRIS TAMIL NADU 643001,PREPAID,20,,,,,,
2066,,,,LEX DIGITAL,123456789,,,110053,BHAJANPURA,DELHI,BHAJANPURA,LAKSHMANAN V,123456789,,635122,TAMIL NADU,TAMIL NADU,DOOR NO 3/172A BALAGURI BELLARAMPALLI PO KRISHNAGIRI TAMIL NADU 635122,PREPAID,20,,,,,,
2067,,,,LEX DIGITAL,123456789,,,110053,BHAJANPURA,DELHI,BHAJANPURA,KANNUSAMY RAJASEKAR,123456789,,600057,TAMIL NADU,TAMIL NADU,28 PERIYAKUPPAM MANIRODE EANNORE CHEEANIPERIYAKUPPAM E ANNORE TIRUVALLUR TAMIL NADU 600057,PREPAID,20,,,,,,
2068,,,,LEX DIGITAL,123456789,,,110053,BHAJANPURA,DELHI,BHAJANPURA,MOHD MUBASHIR ALI,123456789,,500048,TELANGANA,TELANGANA,2.5.26 HAPPY HOME HIGH TECH SUITS CHINTAL MET HYDERABAD TELANGANA 500048,PREPAID,20,,,,,,
2069,,,,LEX DIGITAL,123456789,,,110053,BHAJANPURA,DELHI,BHAJANPURA,OMKAR TONNE OMKAR TONNE,123456789,,500005,TELANGANA,TELANGANA,PO NO 212 NITYA ENCLAVE JALPALLY MAMIDIPALLY MAMIDPALLY HYDERABAD TELANGANA 500005,PREPAID,20,,,,,,
2070,,,,LEX DIGITAL,123456789,,,110053,BHAJANPURA,DELHI,BHAJANPURA,MOHAMMED ASHRAF UDDIN,123456789,,500052,TELANGANA,TELANGANA,"PLOT NO 155 PHASE2 SERVE 40 KINGS COLONY SVPNPARAJENDR,ANAGAR RAJENDRANAGAR K V RANGAREDDYTELANGANA 500052 INDIA RANGA REDDY TELANGANA",PREPAID,20,,,,,,
2071,,,,LEX DIGITAL,123456789,,,110053,BHAJANPURA,DELHI,BHAJANPURA,RAJU SANGU,123456789,,506367,TELANGANA,TELANGANA,"S O SANGU SATYANANDAM H NO 1-69 MADDUR MANDAL, WARANGAL MADDUR, ANDHRA PRADESH, NULL - 506367 TELANGANA",PREPAID,20,,,,,,
2072,,,,LEX DIGITAL,123456789,,,110053,BHAJANPURA,DELHI,BHAJANPURA,G RAKESH,123456789,,500007,TELANGANA,TELANGANA,H NO 12-15-60/A MANIKESWARI NAGAR TARNAKA OU CAMPUS HYDERABAD TELANGANA 500007,PREPAID,20,,,,,,
2073,,,,LEX DIGITAL,123456789,,,110053,BHAJANPURA,DELHI,BHAJANPURA,EEDARA KOTESWARA RAO,123456789,,503213,TELANGANA,TELANGANA,"HNO 2-6/7/1 ,NANDIPET MANDAL,ANDHRA NAGAR ,NIZAMABAD ANDHRA PRADESH NIZAMABAD TELANGANA 503213",PREPAID,20,,,,,,
2074,,,,LEX DIGITAL,123456789,,,110053,BHAJANPURA,DELHI,BHAJANPURA,UPPULETI NARENDAR,123456789,,504251,TELANGANA,TELANGANA,"27-3-74/1 BELLAMPALLI,PEDDANAPALLI RAILWAY STATION BELL AMPALLI ADILABAD TELANGANA 504251",PREPAID,20,,,,,,
2075,,,,LEX DIGITAL,123456789,,,110053,BHAJANPURA,DELHI,BHAJANPURA,NAGARESWARALINGAM SHEELA,123456789,,500025,TELANGANA,TELANGANA,"FLAT A NAVARATNA APARTMENT PADMA RAO NAGAR OLD LANCER LINES, RAILWAY COLONY, CHILAKALGUDA, SECUNDERABAD, HYDERABAD SECUNDARABAD TELANGANA 500025",PREPAID,20,,,,,,
2076,,,,LEX DIGITAL,123456789,,,110053,BHAJANPURA,DELHI,BHAJANPURA,TAOHEED ABBAS KHUSHBOI,123456789,,500023,TELANGANA,TELANGANA,18-7-258/67/68 AMAN NAGAR A YAKUTPURA CHARMINAR RANGELI KHIDKI HYDERABAD TELANGANA 500023,PREPAID,20,,,,,,
2077,,,,LEX DIGITAL,123456789,,,110053,BHAJANPURA,DELHI,BHAJANPURA,HAMJA AMINSAHEB NADAF,123456789,,500050,TELANGANA,TELANGANA,"5/53,SHANTI NAGAR COLONY TIWARI HYDERABAD TELANGANA 500050",PREPAID,20,,,,,,
2078,,,,LEX DIGITAL,123456789,,,110053,BHAJANPURA,DELHI,BHAJANPURA,KOPANATI ARJUN,123456789,,502325,TELANGANA,TELANGANA,8-64 BERRAPA BASTHI BOLLARAM MEDAK TELANGANA 502325,PREPAID,20,,,,,,
2079,,,,LEX DIGITAL,123456789,,,110053,BHAJANPURA,DELHI,BHAJANPURA,VINAY KUMAR KATTA,123456789,,500060,TELANGANA,TELANGANA,"1-6_55/3 ROAD NO 35,HYDERABAD DILSUKHNAGAR CHAITANAYAPU R COLONY NEAR BABU COMPLEX RANGA REDDY TELANGANA 500060",PREPAID,20,,,,,,
2080,,,,LEX DIGITAL,123456789,,,110053,BHAJANPURA,DELHI,BHAJANPURA,JAMMULA SRINIVASA RAO,123456789,,507001,TELANGANA,TELANGANA,"126,SAIPRABHATH NAGAR KHAMMAM TELANGANA 507001",PREPAID,20,,,,,,
2081,,,,LEX DIGITAL,123456789,,,110053,BHAJANPURA,DELHI,BHAJANPURA,KOLIPAKA CHANDHRA REKHA,123456789,,500016,TELANGANA,TELANGANA,"11-3-664/439 SANJEEV PURAM PARSIGUTTA SEC-BAD,OPP UVARA J TEA STAL HYDERABAD TELANGANA 500016",PREPAID,20,,,,,,
2082,,,,LEX DIGITAL,123456789,,,110053,BHAJANPURA,DELHI,BHAJANPURA,DOODI KRISHNA,123456789,,502296,TELANGANA,TELANGANA,HNO 4-35 VILLAGE NAGULDEVPALLY MONDAL HATHNOORA D ISTRICT SANGAREDDY PIN 502296VILLAGE NAGU MEDAK TELANGANA 502296,PREPAID,20,,,,,,
2083,,,,LEX DIGITAL,123456789,,,110053,BHAJANPURA,DELHI,BHAJANPURA,ORAGANTI SAI KUMAR,123456789,,500008,TELANGANA,TELANGANA,9-2-71 LANGAPENSION PURA HYDERABAD 500008 TELANGANA,PREPAID,20,,,,,,
2084,,,,LEX DIGITAL,123456789,,,110053,BHAJANPURA,DELHI,BHAJANPURA,BUCHI SAIBABA,123456789,,500090,TELANGANA,TELANGANA,7911RAJIV GRUHA KALPA COLONY HYDERABAD TELANGANA 500090,PREPAID,20,,,,,,
2085,,,,LEX DIGITAL,123456789,,,110053,BHAJANPURA,DELHI,BHAJANPURA,RANGINENI SHREEKANTH,123456789,,500079,TELANGANA,TELANGANA,"HNO 7-1-57, PLOT NO-36 BALRAMSLGUDA SAGAR RING ROAD RANGA REDDY, TELANGANA KARMANGHAT REDDY K V RANGAREDDY 500079",PREPAID,20,,,,,,
2086,,,,LEX DIGITAL,123456789,,,110053,BHAJANPURA,DELHI,BHAJANPURA,HARITHA GOPARAPU,123456789,,500090,TELANGANA,TELANGANA,"204, SHIVA SAI RESIDENCY, SRI BALAJI ENCLAVE,,MALLA MPET HYDERABAD TELANGANA 500090",PREPAID,20,,,,,,
2087,,,,LEX DIGITAL,123456789,,,110053,BHAJANPURA,DELHI,BHAJANPURA,MORTHALA NAGIREDDY,123456789,,507170,TELANGANA,TELANGANA,"2 50,MADHAPURAM KHAMMAM TELANGANA 507170",PREPAID,20,,,,,,
2088,,,,LEX DIGITAL,123456789,,,110053,BHAJANPURA,DELHI,BHAJANPURA,PITTALA SRILATHA,123456789,,500052,TELANGANA,TELANGANA,"SHIVARAMPALLY RAJENDRA NAGAR HYDERABAD 6,-1-70 RANGA REDDY TELANGANA 500052",PREPAID,20,,,,,,
2089,,,,LEX DIGITAL,123456789,,,110053,BHAJANPURA,DELHI,BHAJANPURA,VADDE NAGARJUNA,123456789,,500008,TELANGANA,TELANGANA,"PLOT NO. 21, FLAT 503 CONCRETE HARMONY, PROSPER VALLEY O U COLONY, SHAIKPET GOLCONDA HYDERABAD TELANGANA 500008",PREPAID,20,,,,,,
2090,,,,LEX DIGITAL,123456789,,,110053,BHAJANPURA,DELHI,BHAJANPURA,MUDARI SRINIVAS,123456789,,500013,TELANGANA,TELANGANA,2-2-108922 NEAR GOLNAKA FISH MARKETCHURCH LANA HYDERABAD TELANGANA 500013,PREPAID,20,,,,,,
2091,,,,LEX DIGITAL,123456789,,,110053,BHAJANPURA,DELHI,BHAJANPURA,RASHAD AHMED,123456789,,500028,TELANGANA,TELANGANA,12-2-417/C/5 PRIYA COLONY ASIF NAGAR ASIFNAGAR HUMAYUNNAGAR HYDERABAD TELANGANA 500028,PREPAID,20,,,,,,
2092,,,,LEX DIGITAL,123456789,,,110053,BHAJANPURA,DELHI,BHAJANPURA,RAJESH ILLA,123456789,,500034,TELANGANA,TELANGANA,8-2-5404 SAI RESIDENCYBANJARA HILLS ROAD NO -4 HYD ERABAD HYDERABAD TELANGANA 500034,PREPAID,20,,,,,,
2093,,,,LEX DIGITAL,123456789,,,110053,BHAJANPURA,DELHI,BHAJANPURA,SATYARAMESH VONTEDDU,123456789,,500087,TELANGANA,TELANGANA,BALAJI NAGAR HYDERABAD TELANGANA 500087,PREPAID,20,,,,,,
2094,,,,LEX DIGITAL,123456789,,,110053,BHAJANPURA,DELHI,BHAJANPURA,VENKATESWARARAO PARVATHANENI,123456789,,500072,TELANGANA,TELANGANA,HOUSE NO 15-21-15036 FLAT -301ANAND RESIDENCY BA LAJI NAGAR KUKATPALLY HYDERABAD TELANGANA 500072,PREPAID,20,,,,,,
2095,,,,LEX DIGITAL,123456789,,,110053,BHAJANPURA,DELHI,BHAJANPURA,ANIL KUMAR YADAV DUNDUKURI,123456789,,500092,TELANGANA,TELANGANA,H NO 65ADARSH NAGAR CHENGICHERLA BODUPPAL HYDERABAD TELANGANA 500092,PREPAID,20,,,,,,
2096,,,,LEX DIGITAL,123456789,,,110053,BHAJANPURA,DELHI,BHAJANPURA,MOHD AHMED ULLAH KHAN,123456789,,500064,TELANGANA,TELANGANA,19-2-1203B TADBANNEAR ZOO PARK HYDERABAD TELANGANA 500064,PREPAID,20,,,,,,
2097,,,,LEX DIGITAL,123456789,,,110053,BHAJANPURA,DELHI,BHAJANPURA,JASMITA MAHESH PARMAR,123456789,,400086,MAHARASHTRA,MAHARASHTRA,"LBS MARG, GHATKOPAR WEST,C-1, NYAL KARAN BUILDING MUMBAI MAHARASHTRA 400086",PREPAID,20,,,,,,
2098,,,,LEX DIGITAL,123456789,,,110053,BHAJANPURA,DELHI,BHAJANPURA,SINAPELLI PRASHANTH,123456789,,506330,TELANGANA,TELANGANA,"21,OOKAL,WATER TANK WARANGAL TELANGANA 506330",PREPAID,20,,,,,,
2099,,,,LEX DIGITAL,123456789,,,110053,BHAJANPURA,DELHI,BHAJANPURA,VALKANDE NAGENDER,123456789,,500002,TELANGANA,TELANGANA,21-3-74/762/1 CHELAPURA CHARMINAR HYDERABAD TELANGANA 500002,PREPAID,20,,,,,,
2100,,,,LEX DIGITAL,123456789,,,110053,BHAJANPURA,DELHI,BHAJANPURA,UPPARI RAJESH KUMAR,123456789,,500048,TELANGANA,TELANGANA,2-3-84 GANDHI NAGAR UPPERPALLY HYDERGUDAATTAPUR HY DERABAD RANGA REDDY TELANGANA 500048,PREPAID,20,,,,,,
2101,,,,LEX DIGITAL,123456789,,,110053,BHAJANPURA,DELHI,BHAJANPURA,AMEENODDIN MOHAMMED,123456789,,505001,TELANGANA,TELANGANA,3-30 SALEHANAGARREKURTHYKARIMNAGAR KARIMNAGAR TELANGANA 505001,PREPAID,20,,,,,,
2102,,,,LEX DIGITAL,123456789,,,110053,BHAJANPURA,DELHI,BHAJANPURA,MALLAPURAM NARENDER,123456789,,500013,TELANGANA,TELANGANA,"H NO 2-3-647/A/56 PATEL WADA AREAS BIT-1,2 AMBERPET HYDERABAD TELANGANA 500013",PREPAID,20,,,,,,
2103,,,,LEX DIGITAL,123456789,,,110053,BHAJANPURA,DELHI,BHAJANPURA,RAJANNA GOUD MACHIDI,123456789,,505215,TELANGANA,TELANGANA,"4-7-165,NTPC RAMAGUNDAM KARIMNAGAR TELANGANA 505215",PREPAID,20,,,,,,
2104,,,,LEX DIGITAL,123456789,,,110053,BHAJANPURA,DELHI,BHAJANPURA,GANESH BONKURI,123456789,,508280,TELANGANA,TELANGANA,"6-187,S C COLONY,MANDAL THUNGA THURTHY NALGONDA TELANGANA 508280",PREPAID,20,,,,,,
2105,,,,LEX DIGITAL,123456789,,,110053,BHAJANPURA,DELHI,BHAJANPURA,NINNEKAR PADMA,123456789,,500048,TELANGANA,TELANGANA,H NO 3-5-42/3 ATTAPUR RAJENDERA NAGAR HYDERABAD TELANGANA 500048,PREPAID,20,,,,,,
2106,,,,LEX DIGITAL,123456789,,,110053,BHAJANPURA,DELHI,BHAJANPURA,JAMMULA MALLESH,123456789,,509320,TELANGANA,TELANGANA,HNO 1-13 RAMREDDY PALLY VTC RAMREDDIPALLE PO MARCHALA SUB DISTRICT MIDJIL MAHABUBNAGAR MAHABUB NAGAR TELANGANA 509320,PREPAID,20,,,,,,
2107,,,,LEX DIGITAL,123456789,,,110053,BHAJANPURA,DELHI,BHAJANPURA,SWAMY PALLE,123456789,,508252,TELANGANA,TELANGANA,5-4942A NEAR RTC BUS STAND CHOUTUPPAL5-4942A RT C CHOUTUPPAL NALGONDA TELANGANA 508252,PREPAID,20,,,,,,
2108,,,,LEX DIGITAL,123456789,,,110053,BHAJANPURA,DELHI,BHAJANPURA,SENAGARI SHASHIDHAR RAO,123456789,,500078,TELANGANA,TELANGANA,6-52DEVAR YAMJAL RANGA REDDY TELANGANA 500078,PREPAID,20,,,,,,
2109,,,,LEX DIGITAL,123456789,,,110053,BHAJANPURA,DELHI,BHAJANPURA,RAJESH KUMAR SIDAGAM,123456789,,500008,TELANGANA,TELANGANA,"8-1-106/A/172/1 VINOBHA NAGAR SHAIKPET, NEAR NAGAMMA TE MPLE HYDERABAD TELANGANA 500008",PREPAID,20,,,,,,
2110,,,,LEX DIGITAL,123456789,,,110053,BHAJANPURA,DELHI,BHAJANPURA,RAJU KODEPAKA,123456789,,500090,TELANGANA,TELANGANA,NO 1-2/34/303 SHUBHODAYAM CLASSIC APARTMENT RENUKA YELLAMMA ROAD BACHUPALLY MEDCHAL-MALKAJGIRI DISTRICT HYDERABAD TELANGANA 500090,PREPAID,20,,,,,,
2111,,,,LEX DIGITAL,123456789,,,110053,BHAJANPURA,DELHI,BHAJANPURA,KAMALA PRANITHA,123456789,,507003,TELANGANA,TELANGANA,20-3-94 DHAMSALAPURAM AGRAHARAM RAILWAY GATE KOTHURU KHAMMAM TELANGANA 507003,PREPAID,20,,,,,,
2112,,,,LEX DIGITAL,123456789,,,110053,BHAJANPURA,DELHI,BHAJANPURA,SYED ISAQ SALMAN,123456789,,500020,TELANGANA,TELANGANA,1-6-772 FT 5025TH FLOOR SIMRA ENCLAVE HYDERABAD TELANGANA MUSHEERABAD 500020,PREPAID,20,,,,,,
2113,,,,LEX DIGITAL,123456789,,,110053,BHAJANPURA,DELHI,BHAJANPURA,KALEPU RAJA PRAKASH,123456789,,500055,TELANGANA,TELANGANA,3-166-233 SRI KRISHNA NAGAR SURARAM QUTUBULLAPUR HYDERABAD TELANGANA 500055,PREPAID,20,,,,,,
2114,,,,LEX DIGITAL,123456789,,,110053,BHAJANPURA,DELHI,BHAJANPURA,RENDLA SRINIVAS,123456789,,505001,TELANGANA,TELANGANA,"SO,RENDLA LAXMAN 2,-1221 SEETHARAMPUR KARIMNAGAR TELANGANA 505001",PREPAID,20,,,,,,
2115,,,,LEX DIGITAL,123456789,,,110053,BHAJANPURA,DELHI,BHAJANPURA,BOINI MURAHARI,123456789,,502271,TELANGANA,TELANGANA,13-9318 MADHAVA NAGAR COLONYTIRUMALAPUR SHANKARAMPET A MEDAK TELANGANA 502271,PREPAID,20,,,,,,
2116,,,,LEX DIGITAL,123456789,,,110053,BHAJANPURA,DELHI,BHAJANPURA,ANILKUMAR BEGARI,123456789,,509217,TELANGANA,TELANGANA,H NO3-48PLOT NO 36 ROAD 2HIMAGIRI NAGAR COLONY GANDAMGUDA BANDLAGUDA JAGIR HYDERABAD RANGA REDDY TELANGANA 509217,PREPAID,20,,,,,,
2117,,,,LEX DIGITAL,123456789,,,110053,BHAJANPURA,DELHI,BHAJANPURA,KETAVATH PAVAN,123456789,,503111,TELANGANA,TELANGANA,5-8-508ASHOK NAGAR ROAD NO 4 KAMAREDDY NIZAMABAD TELANGANA 503111,PREPAID,20,,,,,,
2118,,,,LEX DIGITAL,123456789,,,110053,BHAJANPURA,DELHI,BHAJANPURA,TASLEEM BEGUM,123456789,,500052,TELANGANA,TELANGANA,8-15-85/5/3 MOHAMMEDIYA COLONY VATTEPALLY RANGA REDDY TELANGANA 500052,PREPAID,20,,,,,,
2119,,,,LEX DIGITAL,123456789,,,110053,BHAJANPURA,DELHI,BHAJANPURA,KAUR JAGDISH,123456789,,500048,TELANGANA,TELANGANA,"HNO-4-9-294/10/1/C,CITY RANGA REDDY TELANGANA 500048",PREPAID,20,,,,,,
2120,,,,LEX DIGITAL,123456789,,,110053,BHAJANPURA,DELHI,BHAJANPURA,ASAGAR ANSARI,123456789,,500036,TELANGANA,TELANGANA,"H.NO. 16-3-774, CHANCHALGUDA MALAKPET HYDERABAD TELANGANA 500036",PREPAID,20,,,,,,
2121,,,,LEX DIGITAL,123456789,,,110053,BHAJANPURA,DELHI,BHAJANPURA,JOBY AJITHKUMAR,123456789,,686631,KERALA,KERALA,317AARPOOKARA KOTTAYAM KERALA 686631,PREPAID,20,,,,,,
2122,,,,LEX DIGITAL,123456789,,,110053,BHAJANPURA,DELHI,BHAJANPURA,BHATTU KRANTHI KUMAR,123456789,,500072,TELANGANA,TELANGANA,"5-4-99,KUKATPALLY HYDERABAD TELANGANA 500072",PREPAID,20,,,,,,
2123,,,,LEX DIGITAL,123456789,,,110053,BHAJANPURA,DELHI,BHAJANPURA,RAGHAVENDAR ITHARAJU,123456789,,500070,TELANGANA,TELANGANA,MAHALAXMI NAGAR SAHEBNAGAR0239VANASTALIPURAM K V RAN GAREDDY RANGAREDDY RANGA REDDY TELANGANA 500070,PREPAID,20,,,,,,
2124,,,,LEX DIGITAL,123456789,,,110053,BHAJANPURA,DELHI,BHAJANPURA,RAJENDER SINGH,123456789,,122017,HARYANA,HARYANA,GURUGRAMDHARAM COLONY GURGAON HARYANA 122017,PREPAID,20,,,,,,
2125,,,,LEX DIGITAL,123456789,,,110053,BHAJANPURA,DELHI,BHAJANPURA,KHANDEKAR SURESH KUMAR,123456789,,500067,TELANGANA,TELANGANA,HNO 13-6-37 UPPER BASTI KARWAN HYDERABAD TELANGANA 500067,PREPAID,20,,,,,,
2126,,,,LEX DIGITAL,123456789,,,110053,BHAJANPURA,DELHI,BHAJANPURA,MANTHAPURI RAMA DEVI,123456789,,506223,TELANGANA,TELANGANA,O OO PATHADOMMATA DOMMATA DOMMAT TELANGANA CHERIYAL WARANGAL KARIMNAGAR 506223,PREPAID,20,,,,,,
2127,,,,LEX DIGITAL,123456789,,,110053,BHAJANPURA,DELHI,BHAJANPURA,PAKA SRINIVAS,123456789,,506009,TELANGANA,TELANGANA,5-11-526A SRINAGAR COLONY HANAMKONDA WARANGAL TELANGANA 506009,PREPAID,20,,,,,,
2128,,,,LEX DIGITAL,123456789,,,110053,BHAJANPURA,DELHI,BHAJANPURA,BOYINI SURESH,123456789,,505530,TELANGANA,TELANGANA,5-3/1/B RENIKUNTA THIMMAPUR KARIMNAGAR TELANGANA 505530,PREPAID,20,,,,,,
2129,,,,LEX DIGITAL,123456789,,,110053,BHAJANPURA,DELHI,BHAJANPURA,FAKRUDHEEN ALI,123456789,,627809,TAMIL NADU,TAMIL NADU,130 MELAPALLIVASALSTREET MELUR SHENKOT TIRUNELVELI TAMIL NADU 627809,PREPAID,20,,,,,,
2130,,,,LEX DIGITAL,123456789,,,110053,BHAJANPURA,DELHI,BHAJANPURA,SHRINIWAS SURESH CHALKE,123456789,,421201,MAHARASHTRA,MAHARASHTRA,F 001 MANGALMURTI COMPLEX90 FEET ROAD THAKURLI EAST THANE MAHARASHTRA 421201,PREPAID,20,,,,,,
2131,,,,LEX DIGITAL,123456789,,,110053,BHAJANPURA,DELHI,BHAJANPURA,SANDHIGARI CHANDRAM,123456789,,502248,TELANGANA,TELANGANA,"2-8 ,SHERIPALLY,GANDHI STREET,SHERIPALLY,SHERIPALLE,MEDAK MEDAK TELANGANA 502248",PREPAID,20,,,,,,
2132,,,,LEX DIGITAL,123456789,,,110053,BHAJANPURA,DELHI,BHAJANPURA,ZAHID ALI,123456789,,500008,TELANGANA,TELANGANA,9-3-125204A4MD LINES GOLCONDA TOLICHOWKI HYDERAB AD HYDERABAD TELANGANA 500008,PREPAID,20,,,,,,
2133,,,,LEX DIGITAL,123456789,,,110053,BHAJANPURA,DELHI,BHAJANPURA,MOHAMMAD SOHAIL ALIMIYA MUJAWAR,123456789,,400003,MAHARASHTRA,MAHARASHTRA,ROOM 08 1ST FLOOR23G MEMON WADA ROAD MUMBAI MAHARASHTRA 400003,PREPAID,20,,,,,,
2134,,,,LEX DIGITAL,123456789,,,110053,BHAJANPURA,DELHI,BHAJANPURA,GANDASIRI THIRUPATHI,123456789,,506135,TELANGANA,TELANGANA,968PAPIREDDY COLONY PAPIREDDY CHANDANNAGAR RAILWAYSATION HYDERABAD968PAPI WARANGAL TELANGANA 506135,PREPAID,20,,,,,,
2135,,,,LEX DIGITAL,123456789,,,110053,BHAJANPURA,DELHI,BHAJANPURA,AVADHESH KUMAR THAKUR,123456789,,843301,BIHAR,BIHAR,SHREE NAGAR NAHARDUMRA SITAMARHI BIHAR 843301,PREPAID,20,,,,,,
2136,,,,LEX DIGITAL,123456789,,,110053,BHAJANPURA,DELHI,BHAJANPURA,SUBENDRA RAO NANDAKUMAR,123456789,,560019,KARNATAKA,KARNATAKA,NO 34A MHATHA LAYOUKEMPEGOWDA NAGAR BANGALORE KARNATAKA 560019,PREPAID,20,,,,,,
2137,,,,LEX DIGITAL,123456789,,,110053,BHAJANPURA,DELHI,BHAJANPURA,CHANDRAKALA CHANDRAKALA,123456789,,585228,KARNATAKA,KARNATAKA,NEAR ABBAS ALI DARGA GULBARGULBARA KALABURAGI KARNATAKA 585228,PREPAID,20,,,,,,
2138,,,,LEX DIGITAL,123456789,,,110053,BHAJANPURA,DELHI,BHAJANPURA,HEMA KUMAR JINKA,123456789,,517644,ANDHRA PRADESH,ANDHRA PRADESH,11-142VADDIPALEM SRIKALAHASTITIRUPATI CHITTOOR ANDHRA PRADESH 517644,PREPAID,20,,,,,,
2139,,,,LEX DIGITAL,123456789,,,110053,BHAJANPURA,DELHI,BHAJANPURA,LALIT MALI,123456789,,455001,MADHYA PRADESH,MADHYA PRADESH,55 A PANCHSHEEL NAGARDEWAS DEWAS MADHYA PRADESH 455001,PREPAID,20,,,,,,
2140,,,,LEX DIGITAL,123456789,,,110053,BHAJANPURA,DELHI,BHAJANPURA,DOLA KRISHNA,123456789,,500092,TELANGANA,TELANGANA,"3-106/13/9/1,MALLIKARJUNA NAGAR BODUPPAL,NEAR PALLAVI MODEL SCHOOL HYDERABAD TELANGANA 500092",PREPAID,20,,,,,,
2141,,,,LEX DIGITAL,123456789,,,110053,BHAJANPURA,DELHI,BHAJANPURA,ANI SATHIYANESAN,123456789,,695504,KERALA,KERALA,1734ACITY THIRUVANANTHAPURAM KERALA 695504,PREPAID,20,,,,,,
2142,,,,LEX DIGITAL,123456789,,,110053,BHAJANPURA,DELHI,BHAJANPURA,UJWALA BABAN PAVAR,123456789,,415408,MAHARASHTRA,MAHARASHTRA,"MAIN ROAD,PAWARWADI SANGLI MAHARASHTRA 415408",PREPAID,20,,,,,,
2143,,,,LEX DIGITAL,123456789,,,110053,BHAJANPURA,DELHI,BHAJANPURA,RAMAKANT KUNDLIK SHELKE,123456789,,413112,MAHARASHTRA,MAHARASHTRA,ATPO MALKHAMBI TAL MALSHIRAS DIST SOLAPURSOLAPUR SOLAPUR MAHARASHTRA 413112,PREPAID,20,,,,,,
2144,,,,LEX DIGITAL,123456789,,,110053,BHAJANPURA,DELHI,BHAJANPURA,BODAPATI YASWANTH,123456789,,523201,ANDHRA PRADESH,ANDHRA PRADESH,ADDANKI32-1037 PRAKASAM ANDHRA PRADESH 523201,PREPAID,20,,,,,,
2145,,,,LEX DIGITAL,123456789,,,110053,BHAJANPURA,DELHI,BHAJANPURA,JILS MATHEW,123456789,,680683,KERALA,KERALA,KOOVAPPARAYIL HOUSE MURIYAD NEAR ANDICOMPANY680683 THRISSUR KERALA 680683,PREPAID,20,,,,,,
2146,,,,LEX DIGITAL,123456789,,,110053,BHAJANPURA,DELHI,BHAJANPURA,ANISH GUPTA,123456789,,110085,DELHI,DELHI,"F-1/ 3-4, 3RD FLOOR , NEW DELHI 110085",PREPAID,20,,,,,,
2147,,,,LEX DIGITAL,123456789,,,110053,BHAJANPURA,DELHI,BHAJANPURA,PRASANTH PRASANTH,123456789,,600127,TAMIL NADU,TAMIL NADU,183 SA AMMAN KOIL STREETNEDUNGUNDRAM CHENANI-127 KANCHIPURAM TAMIL NADU 600127,PREPAID,20,,,,,,
2148,,,,LEX DIGITAL,123456789,,,110053,BHAJANPURA,DELHI,BHAJANPURA,VIKAS MANIK MASKE,123456789,,410501,MAHARASHTRA,MAHARASHTRA,GATNO 1913 MOI KURULI ROAD BANDALWASTINEAR CHIMBALI PHATA PUNE-410501 PUNE MAHARASHTRA 410501,PREPAID,20,,,,,,
2149,,,,LEX DIGITAL,123456789,,,110053,BHAJANPURA,DELHI,BHAJANPURA,DHARAM DAS BAJRANG SINGH,123456789,,500006,TELANGANA,TELANGANA,"13-3-506/112,QTR NO1 FIRST FLOOR,D BLOCK DR B R AMBDEKAR NAGAR,DOUBLE BED ROOM COLONY,M C H COLONY,JIYAGUDA,ASIF NAGAR JIYAGUDA HYDERABAD TELANGANA 500006",PREPAID,20,,,,,,
2150,,,,LEX DIGITAL,123456789,,,110053,BHAJANPURA,DELHI,BHAJANPURA,BASHAMONI SRINIVAS,123456789,,500060,TELANGANA,TELANGANA,1-5-670NEW MARUTHINAGAR CHAITANYAPURI RANGA REDDY TELANGANA 500060,PREPAID,20,,,,,,
2151,,,,LEX DIGITAL,123456789,,,110053,BHAJANPURA,DELHI,BHAJANPURA,RABBANI SYED,123456789,,524005,ANDHRA PRADESH,ANDHRA PRADESH,288730VENKATESWARA PURAM JANARDHAN REDDY COLONYNEA R CURRENT OFFICE GUNDALAMMA SCHOOL NELLORE ANDHRA PRADESH 524005,PREPAID,20,,,,,,
2152,,,,LEX DIGITAL,123456789,,,110053,BHAJANPURA,DELHI,BHAJANPURA,RAHUL KUMAR,123456789,,136026,HARYANA,HARYANA,HOUSE NO 2255NEAR POWER VPO HABRI KATHAL HARYANA KAITHAL 136026,PREPAID,20,,,,,,
2153,,,,LEX DIGITAL,123456789,,,110053,BHAJANPURA,DELHI,BHAJANPURA,MUNEERODDIN MOHD,123456789,,505451,TELANGANA,TELANGANA,11/157/1 RADDYRAMPALLI KOTHAPALLY KARIMNAGAR TELANGANA 505451,PREPAID,20,,,,,,
2154,,,,LEX DIGITAL,123456789,,,110053,BHAJANPURA,DELHI,BHAJANPURA,SACHIN MALLINATH PANDHARKAR,123456789,,413005,MAHARASHTRA,MAHARASHTRA,246VIDYANGAR SHELGI SOLAPUR MAHARASHTRA 413005,PREPAID,20,,,,,,
2155,,,,LEX DIGITAL,123456789,,,110053,BHAJANPURA,DELHI,BHAJANPURA,MURUGAN MAGESHWARI,123456789,,638056,TAMIL NADU,TAMIL NADU,3175 KOOLAMOOPPAN THOTTAMPERIYAVERASANGALI ERODE TAMIL NADU 638056,PREPAID,20,,,,,,
2156,,,,LEX DIGITAL,123456789,,,110053,BHAJANPURA,DELHI,BHAJANPURA,VISHAL SURENDRA JAIN,123456789,,431001,MAHARASHTRA,MAHARASHTRA,KALPTARU HEIGHT SATARA PARISAR AAMDAR ROAD AURANGABAD MAHARASHTRA 431001,PREPAID,20,,,,,,
2157,,,,LEX DIGITAL,123456789,,,110053,BHAJANPURA,DELHI,BHAJANPURA,THIRUPATHI REDDY ADUDODLA,123456789,,509209,TELANGANA,TELANGANA,1-42DESIITIKALANAGARKURNOOL MAHABUBNAGARNAGANOOL MA HABUB NAGAR CUSTOMER ID 909505801 TELANGANA- MAHABUB TELANGANA 509209,PREPAID,20,,,,,,
2158,,,,LEX DIGITAL,123456789,,,110053,BHAJANPURA,DELHI,BHAJANPURA,MAMTA SANJAY SHENDE,123456789,,440003,MAHARASHTRA,MAHARASHTRA,NEAR OD SERVICE HOUSE NUMBER 1103IMMAWADA NAGPUR MAHARASHTRA 440003,PREPAID,20,,,,,,
2159,,,,LEX DIGITAL,123456789,,,110053,BHAJANPURA,DELHI,BHAJANPURA,JAKKIDI SHIVANAND REDDY,123456789,,500067,TELANGANA,TELANGANA,"SHIVAM RESIDENCY FLAT NUMBER 101 RATNA ENCLAVEROAD 3 SPRING FIEL,D COLONY GOOD SHEPHEREDSCHOOL JEEDIMETLA VILLAGE PET BASHEERABAD MEDCHAL HYDERABAD TELANGANA 500067",PREPAID,20,,,,,,
2160,,,,LEX DIGITAL,123456789,,,110053,BHAJANPURA,DELHI,BHAJANPURA,PRAKASH SHANKAR RAO TANPURE,123456789,,413501,MAHARASHTRA,MAHARASHTRA,OSMANABAD MAHARASHTRA 413501,PREPAID,20,,,,,,
2161,,,,LEX DIGITAL,123456789,,,110053,BHAJANPURA,DELHI,BHAJANPURA,BRIJESH JOSHI,123456789,,382449,GUJARAT,GUJARAT,E-101 MAHADEV RESIDENCY-3NEW MANINAGAR AHMEDABAD GUJARAT 382449,PREPAID,20,,,,,,
2162,,,,LEX DIGITAL,123456789,,,110053,BHAJANPURA,DELHI,BHAJANPURA,ARUNKUMAR ARUNKUMAR,123456789,,606709,TAMIL NADU,TAMIL NADU,400SATHANOOR MAIN ROAD KONAKUTTAI GATE VILLAGE KARI YAMANGALAM POST CHENGAM TALUKA TIRUVANNAMAL TIRUVANNAMALAI TAMIL NADU 606709,PREPAID,20,,,,,,
2163,,,,LEX DIGITAL,123456789,,,110053,BHAJANPURA,DELHI,BHAJANPURA,GATTEM SYAMSON,123456789,,500052,TELANGANA,TELANGANA,RAGHAVENDRA COLONY SHIVARAMPALLI RANGA REDDY TELANGANA 500052,PREPAID,20,,,,,,
2164,,,,LEX DIGITAL,123456789,,,110053,BHAJANPURA,DELHI,BHAJANPURA,AREWA ASHOK,123456789,,500006,TELANGANA,TELANGANA,12-2-398/1/7 MARKANDEYA NAGAR HYDERABAD TELANGANA 500006,PREPAID,20,,,,,,
2165,,,,LEX DIGITAL,123456789,,,110053,BHAJANPURA,DELHI,BHAJANPURA,KATTA SRINIVAS,123456789,,500055,TELANGANA,TELANGANA,PNO 73/PART 2ND FR MAHA NAGAR E STATFS QUTHBULLAPUR APOORUPA COLONY JEDIMETLA HYDERABAD TELANGANA 500055,PREPAID,20,,,,,,
2166,,,,LEX DIGITAL,123456789,,,110053,BHAJANPURA,DELHI,BHAJANPURA,ABDUL SAMEER,123456789,,500008,TELANGANA,TELANGANA,101 ASIF RESIDENCYTOLICHOWKI HYDERABAD TELANGANA 500008,PREPAID,20,,,,,,
2167,,,,LEX DIGITAL,123456789,,,110053,BHAJANPURA,DELHI,BHAJANPURA,CHANDRASHEKAR VISHWASKUMAR,123456789,,560091,KARNATAKA,KARNATAKA,44 8TH CROSS THULASI NAGARHOSAHALLI ROAD GOLLARAHA TTI BANGALORE KARNATAKA 560091,PREPAID,20,,,,,,
2168,,,,LEX DIGITAL,123456789,,,110053,BHAJANPURA,DELHI,BHAJANPURA,BHAVANI PRASAD MUTYALA,123456789,,522005,ANDHRA PRADESH,ANDHRA PRADESH,119-8-781PEDHA PALAKALURU GUNTUR ANDHRA PRADESH 522005,PREPAID,20,,,,,,
2169,,,,LEX DIGITAL,123456789,,,110053,BHAJANPURA,DELHI,BHAJANPURA,CHINNASAMY KONGU SELVI,123456789,,641004,TAMIL NADU,TAMIL NADU,TIRUPATHI VENKATACHALAPATHY NAGAROPP GEETHANAJALEE SCH OOL COIMBATORE TAMIL NADU 641004,PREPAID,20,,,,,,
2170,,,,LEX DIGITAL,123456789,,,110053,BHAJANPURA,DELHI,BHAJANPURA,VENKATESH GORLE,123456789,,520001,ANDHRA PRADESH,ANDHRA PRADESH,4-7-7 IJAK STREET TAINARPETA VVIJAYAWADA URBANVIJAY AWADA URBANANDHRA KRISHNA ANDHRA PRADESH 520001,PREPAID,20,,,,,,
2171,,,,LEX DIGITAL,123456789,,,110053,BHAJANPURA,DELHI,BHAJANPURA,SONAKSHI SURENDRA YELVE,123456789,,400099,MAHARASHTRA,MAHARASHTRA,MUMBAIE-2 BOMBORI CHAWL PARSI WADA SAHAR ROAD NEAR SO LITARE HOTEL ANDHERI MUMBAI MAHARASHTRA 400099,PREPAID,20,,,,,,
2172,,,,LEX DIGITAL,123456789,,,110053,BHAJANPURA,DELHI,BHAJANPURA,KISHAN BHUKYA,123456789,,500020,TELANGANA,TELANGANA,"1-1-230/3/3, 2ND FLOOR CHIKKADPALLY MUSHEERABAD HYDERABAD TELANGANA 500020",PREPAID,20,,,,,,
2173,,,,LEX DIGITAL,123456789,,,110053,BHAJANPURA,DELHI,BHAJANPURA,A SNEHA,123456789,,500059,TELANGANA,TELANGANA,17-2-628/21/22 FLAT NO 503 RADHA RESIDENCY RR MEADOES VINAYAK NAHAR VTC SAIDABAD PO SUB DISTRICT HYDERABAD STATE TELANGANA 500059,PREPAID,20,,,,,,
2174,,,,LEX DIGITAL,123456789,,,110053,BHAJANPURA,DELHI,BHAJANPURA,ALIYA BEGUM,123456789,,500055,TELANGANA,TELANGANA,H NO 21-689/1 SHIVALAYA NAGAR SURARAM HYDERABAD TELANGANA 500055,PREPAID,20,,,,,,
2175,,,,LEX DIGITAL,123456789,,,110053,BHAJANPURA,DELHI,BHAJANPURA,MARNENI HEMALATHA,123456789,,500070,TELANGANA,TELANGANA,C803NGOS COLONY VANSTHALIPURAM RRD RANGA REDDY TELANGANA 500070,PREPAID,20,,,,,,
2176,,,,LEX DIGITAL,123456789,,,110053,BHAJANPURA,DELHI,BHAJANPURA,ANIRBAN DUTTA,123456789,,700049,WEST BENGAL,WEST BENGAL,3678MBROADNIMTA 24 PARGANAS WEST BENGAL 700049,PREPAID,20,,,,,,
2177,,,,LEX DIGITAL,123456789,,,110053,BHAJANPURA,DELHI,BHAJANPURA,PASHA ANWAR KONDAPURAM,123456789,,518003,ANDHRA PRADESH,ANDHRA PRADESH,"PLOT NO129 9-136,SAMATANAGAR KURNOOL ANDHRA PRADESH 518003",PREPAID,20,,,,,,
2178,,,,LEX DIGITAL,123456789,,,110053,BHAJANPURA,DELHI,BHAJANPURA,DIGAMBAR NIVRUTTI KALE,123456789,,431136,MAHARASHTRA,MAHARASHTRA,GUT NO 170 PLOT 33 AURANGABAD MAHARASHTRA 431136,PREPAID,20,,,,,,
2179,,,,LEX DIGITAL,123456789,,,110053,BHAJANPURA,DELHI,BHAJANPURA,YADAIAH GOUD MANDADI,123456789,,509325,TELANGANA,TELANGANA,AKANPALLY VILLAGE MAHESHWARAM MANDAL RANGA REDDY DIST TELANGANA 509325,PREPAID,20,,,,,,
2180,,,,LEX DIGITAL,123456789,,,110053,BHAJANPURA,DELHI,BHAJANPURA,MALLEVEMULA SHAHEEN,123456789,,518553,ANDHRA PRADESH,ANDHRA PRADESH,2045C GUNTHAPALEM STREET CHAGALAMARRIGUNTHAPALEM STRE ET CHAGALAMARRI MANDAL KURNOOL ANDHRA PRADESH 518553,PREPAID,20,,,,,,
2181,,,,LEX DIGITAL,123456789,,,110053,BHAJANPURA,DELHI,BHAJANPURA,SURESHBABU VALLURU,123456789,,524121,ANDHRA PRADESH,ANDHRA PRADESH,13531 NAGARAJAPURAMSULLURPETA NELLORE ANDHRA PRADESH 524121,PREPAID,20,,,,,,
2182,,,,LEX DIGITAL,123456789,,,110053,BHAJANPURA,DELHI,BHAJANPURA,PRASHANT KUMAR MEENA,123456789,,110046,DELHI,DELHI,RZ-46A9GALI NO-2 MAIN SAGARPUR DELHI NEW 110046,PREPAID,20,,,,,,
2183,,,,LEX DIGITAL,123456789,,,110053,BHAJANPURA,DELHI,BHAJANPURA,LALITH SESHU KUMAR AKULA,123456789,,534201,ANDHRA PRADESH,ANDHRA PRADESH,OWN21 11 29 BHIMAVARAM WEST GODAVARI ANDHRA PRADESH 534201,PREPAID,20,,,,,,
2184,,,,LEX DIGITAL,123456789,,,110053,BHAJANPURA,DELHI,BHAJANPURA,SAMRIN SULTHANA,123456789,,504106,TELANGANA,TELANGANA,NIRMAL SOFINAGER1-1-167NIRMAL DISTIC ADILABAD TELANGANA 504106,PREPAID,20,,,,,,
2185,,,,LEX DIGITAL,123456789,,,110053,BHAJANPURA,DELHI,BHAJANPURA,SHAIK SAMEEYULLAH,123456789,,505209,TELANGANA,TELANGANA,HNO 18-2-432ADDAGUNTA PALLI GODAVARIKHANI KARIMNAGAR TELANGANA 505209,PREPAID,20,,,,,,
2186,,,,LEX DIGITAL,123456789,,,110053,BHAJANPURA,DELHI,BHAJANPURA,BISHMBAR DIYAL,123456789,,127040,HARYANA,HARYANA,WARD NO 14VIKASH NAGAR BHIWANI HARYANA 127040,PREPAID,20,,,,,,
2187,,,,LEX DIGITAL,123456789,,,110053,BHAJANPURA,DELHI,BHAJANPURA,KULSUM BEGUM,123456789,,500064,TELANGANA,TELANGANA,HNO 19-4-290/2 NABI KAREEM BASTI RADBAN BAHADURPURA HYDERABAD TELANGANA 500064,PREPAID,20,,,,,,
2188,,,,LEX DIGITAL,123456789,,,110053,BHAJANPURA,DELHI,BHAJANPURA,SIKKANDAR SHERINA,123456789,,625706,TAMIL NADU,TAMIL NADU,NO 77 KEELAPALIVASAL STREET THIRUMANGALAMKEELAPALLIV ASAL THIRUMANGALAM MADURAI TAMIL NADU 625706,PREPAID,20,,,,,,
2189,,,,LEX DIGITAL,123456789,,,110053,BHAJANPURA,DELHI,BHAJANPURA,SRINIVASARAO CHAGANTI,123456789,,500070,TELANGANA,TELANGANA,FLOT NO 62ROAD 5 RANGA REDDY TELANGANA 500070,PREPAID,20,,,,,,
2190,,,,LEX DIGITAL,123456789,,,110053,BHAJANPURA,DELHI,BHAJANPURA,VICTOR SAMUEL SEQUEIRA,123456789,,643001,TAMIL NADU,TAMIL NADU,15A BELMONT NO3 BANDISHOLAKIL LAKSHMINARAYAN APURA M OOTY 643001 NILGIRIS TAMIL NADU,PREPAID,20,,,,,,
2191,,,,LEX DIGITAL,123456789,,,110053,BHAJANPURA,DELHI,BHAJANPURA,KHANGAR UMESH,123456789,,394210,GUJARAT,GUJARAT,48 GANDHINAGAR 1DINDOLI SURAT GUJARAT 394210,PREPAID,20,,,,,,
2192,,,,LEX DIGITAL,123456789,,,110053,BHAJANPURA,DELHI,BHAJANPURA,KARUPPAIAH MANIKANDAN,123456789,,627753,TAMIL NADU,TAMIL NADU,3189A EAST STREET SANKARANKOIL VELAURHAPURAMPERU MALPARTI TIRUNELVELI TAMIL NADU 627753,PREPAID,20,,,,,,
2193,,,,LEX DIGITAL,123456789,,,110053,BHAJANPURA,DELHI,BHAJANPURA,ABDUL MALEK MOLLA,123456789,,400101,MAHARASHTRA,MAHARASHTRA,576-4 5 TABI SHOP NARSI PADA FISH MARKET AKURLI ROAD K ANDIVALI EAST MUMBAI MAHARASHTRA 400101,PREPAID,20,,,,,,
2194,,,,LEX DIGITAL,123456789,,,110053,BHAJANPURA,DELHI,BHAJANPURA,SHIVAGAL MALLIKARJUN,123456789,,500082,TELANGANA,TELANGANA,8-2-17891 PRATHA NAGAR PANJAGUTTAPANJAGUTTA HYDERABAD TELANGANA 500082,PREPAID,20,,,,,,
2195,,,,LEX DIGITAL,123456789,,,110053,BHAJANPURA,DELHI,BHAJANPURA,BAWA MOTHILAL GANESH,123456789,,625012,TAMIL NADU,TAMIL NADU,8CROSS STREET PRASANNA COLONY AVANIYAPURAM MADURAI8CRO SS MADURAI TAMIL NADU 625012,PREPAID,20,,,,,,
2196,,,,LEX DIGITAL,123456789,,,110053,BHAJANPURA,DELHI,BHAJANPURA,RAMULU TUPAKULA,123456789,,507002,TELANGANA,TELANGANA,KHAMMAAM KHAMMAM TELANGANA 507002,PREPAID,20,,,,,,
2197,,,,LEX DIGITAL,123456789,,,110053,BHAJANPURA,DELHI,BHAJANPURA,UDAY KUMAR CHEVURI,123456789,,522647,ANDHRA PRADESH,ANDHRA PRADESH,26-18 MAINBAZARPOLERAMMA TEMPLE GUNTUR ANDHRA PRADESH 522647,PREPAID,20,,,,,,
2198,,,,LEX DIGITAL,123456789,,,110053,BHAJANPURA,DELHI,BHAJANPURA,DODLLA KISHORE,123456789,,534211,ANDHRA PRADESH,ANDHRA PRADESH,5-1542NEAR BY HIGH SCHOOL DURGA NAGAR TANUKU WEST GODAVARI ANDHRA PRADESH 534211,PREPAID,20,,,,,,
2199,,,,LEX DIGITAL,123456789,,,110053,BHAJANPURA,DELHI,BHAJANPURA,RAJU DASARI,123456789,,500060,TELANGANA,TELANGANA,"1-4-124,RAMA BHAKAT SAMAJ RANGA REDDY TELANGANA 500060",PREPAID,20,,,,,,
2200,,,,LEX DIGITAL,123456789,,,110053,BHAJANPURA,DELHI,BHAJANPURA,MALAY MONDAL,123456789,,700149,WEST BENGAL,WEST BENGAL,BAIKUNTHA PUR M N ROY ROAD SOUTH 24 PARGANAS WEST BENGAL 700149,PREPAID,20,,,,,,
2201,,,,LEX DIGITAL,123456789,,,110053,BHAJANPURA,DELHI,BHAJANPURA,SUBHAMITA BHATTACHARJEE,123456789,,700032,WEST BENGAL,WEST BENGAL,63A NABANAGARJADAVPUR KOLKATA WEST BENGAL 700032,PREPAID,20,,,,,,
2202,,,,LEX DIGITAL,123456789,,,110053,BHAJANPURA,DELHI,BHAJANPURA,LAKHAN SHERIYAR,123456789,,500039,TELANGANA,TELANGANA,2-3-5745NEW SHANTI NAGAR UPPAL HYDERABAD TELANGANA 500039,PREPAID,20,,,,,,
2203,,,,LEX DIGITAL,123456789,,,110053,BHAJANPURA,DELHI,BHAJANPURA,SANDESH ARUN BADEKAR,123456789,,410201,MAHARASHTRA,MAHARASHTRA,AT DEULAVADIKARJAT RAIGARH MH MAHARASHTRA 410201,PREPAID,20,,,,,,
2204,,,,LEX DIGITAL,123456789,,,110053,BHAJANPURA,DELHI,BHAJANPURA,DAGGUMATI RAMANAIAH,123456789,,500054,TELANGANA,TELANGANA,"HYDERABAD,NEAR ASIAN SHA THREAT HYDERABAD TELANGANA 500054",PREPAID,20,,,,,,
2205,,,,LEX DIGITAL,123456789,,,110053,BHAJANPURA,DELHI,BHAJANPURA,KRISHNA ANANDHAN RAJESH,123456789,,641002,TAMIL NADU,TAMIL NADU,HNO 2042F 1 MALAGANESHWARAMCOIMBATORE COIMBATORE TAMIL NADU 641002,PREPAID,20,,,,,,
2206,,,,LEX DIGITAL,123456789,,,110053,BHAJANPURA,DELHI,BHAJANPURA,NILKANTHA GULAB GOSAVI,123456789,,422101,MAHARASHTRA,MAHARASHTRA,ROOM NO49GODAVARI HOUSING SOCIETY -2 NARAYNAN BAPU NA GAR NEAR SWAMI SAMRATH KENDRA JAIL ROAD NASHI NASHIK MAHARASHTRA 422101,PREPAID,20,,,,,,
2207,,,,LEX DIGITAL,123456789,,,110053,BHAJANPURA,DELHI,BHAJANPURA,VIDYASAGAR YASHWANT SHETE,123456789,,416012,MAHARASHTRA,MAHARASHTRA,2028 B WARD MANGALWAR PETH RAM GALLI KOLHAPURKOLHAPUR KOLHAPUR MAHARASHTRA 416012,PREPAID,20,,,,,,
2208,,,,LEX DIGITAL,123456789,,,110053,BHAJANPURA,DELHI,BHAJANPURA,MD AHMED KHAN,123456789,,500018,TELANGANA,TELANGANA,HNO 14-1-94/5/2 PADMAVATHI NAGAR NEW ALLAPUR BALANAGAR HYDERABAD TELANGANA 500018,PREPAID,20,,,,,,
2209,,,,LEX DIGITAL,123456789,,,110053,BHAJANPURA,DELHI,BHAJANPURA,AZHARUDDIN SHAIKH SAIFUDDIN SHAIKH,123456789,,431001,MAHARASHTRA,MAHARASHTRA,PLOT 12 S NO 1744 BARI BAGH HARSU AURANGABAD MAHARASHTRA 431001,PREPAID,20,,,,,,
2210,,,,LEX DIGITAL,123456789,,,110053,BHAJANPURA,DELHI,BHAJANPURA,MOLI DAS,123456789,,700065,WEST BENGAL,WEST BENGAL,941 WEST RAVINDRA NAGARSOUTH DUM 24 PARGANAS NORT H KOLKATA BENGAL 700065,PREPAID,20,,,,,,
2211,,,,LEX DIGITAL,123456789,,,110053,BHAJANPURA,DELHI,BHAJANPURA,MOHAMMED MIZRATH ALI,123456789,,509001,TELANGANA,TELANGANA,TD GUTTA 181955 MAHABUB NAGAR TELANGANA 509001,PREPAID,20,,,,,,
2212,,,,LEX DIGITAL,123456789,,,110053,BHAJANPURA,DELHI,BHAJANPURA,MALLAIAH VADRANAPU,123456789,,500036,TELANGANA,TELANGANA,FNO-302 SAI SUDHA RESIDENCY 3RD FLOOR MALAKPET COLONY AMBERPET PROFESSORS HYDERABAD TELANGANA 500036,PREPAID,20,,,,,,
2213,,,,LEX DIGITAL,123456789,,,110053,BHAJANPURA,DELHI,BHAJANPURA,RAVINDRA NAGAL,123456789,,342008,RAJASTHAN,RAJASTHAN,23264CHOPASNI HOUSING BOARD JODHPUR RAJASTHAN 342008,PREPAID,20,,,,,,
2214,,,,LEX DIGITAL,123456789,,,110053,BHAJANPURA,DELHI,BHAJANPURA,GORDHANBHAI SURMALBHAI SANGADIYA,123456789,,390001,GUJARAT,GUJARAT,"HOUSE NUMBER 125 SABELAV FALIYU GAMLA 2 ,GAMLA DA HOD VADODARA GUJARAT 390001",PREPAID,20,,,,,,
2215,,,,LEX DIGITAL,123456789,,,110053,BHAJANPURA,DELHI,BHAJANPURA,NOOR BASHA SHAIK,123456789,,517247,ANDHRA PRADESH,ANDHRA PRADESH,30-35MELUPATLA CHITTOOR ANDHRA PRADESH 517247,PREPAID,20,,,,,,
2216,,,,LEX DIGITAL,123456789,,,110053,BHAJANPURA,DELHI,BHAJANPURA,AVIJIT PRAMANIK,123456789,,743332,WEST BENGAL,WEST BENGAL,BAGARIA B KULPI UTTAR RAJARAMPUR SOUTH 24 PARGANAS WEST BENGAL 743332,PREPAID,20,,,,,,
2217,,,,LEX DIGITAL,123456789,,,110053,BHAJANPURA,DELHI,BHAJANPURA,MULKA SREENU,123456789,,502334,TELANGANA,TELANGANA,7-17MALAPALLY NEMTOOR MEDAK TELANGANA 502334,PREPAID,20,,,,,,
2218,,,,LEX DIGITAL,123456789,,,110053,BHAJANPURA,DELHI,BHAJANPURA,MUNDAVAR SARITHA,123456789,,500055,TELANGANA,TELANGANA,SY NO 329/1 DEVENDER NAGAR GAJULARAMARAM HYDERABAD TELANGANA 500055,PREPAID,20,,,,,,
2219,,,,LEX DIGITAL,123456789,,,110053,BHAJANPURA,DELHI,BHAJANPURA,MUJAHID SHAIK,123456789,,534005,ANDHRA PRADESH,ANDHRA PRADESH,17-1-53 OPPOSITE ARDGK SCHOOLLALSHMIVARAPU PETA ELURU WEST GODAVARI ANDHRA PRADESH 534005,PREPAID,20,,,,,,
2220,,,,LEX DIGITAL,123456789,,,110053,BHAJANPURA,DELHI,BHAJANPURA,VENKATESHAM SHIVAKOTI,123456789,,508126,TELANGANA,TELANGANA,"1-158,GUDUR 3RD WARD NALGONDA TELANGANA 508126",PREPAID,20,,,,,,
2221,,,,LEX DIGITAL,123456789,,,110053,BHAJANPURA,DELHI,BHAJANPURA,ARIKATLA LAKSHMI NARAYANA REDDY,123456789,,530026,ANDHRA PRADESH,ANDHRA PRADESH,"10-2-43/8,KAILASH NAGAR NEAR RAITU BAZAR,GAJUWAKA VISHAKHAPATNAM ANDHRA PRADESH 530026",PREPAID,20,,,,,,
2222,,,,LEX DIGITAL,123456789,,,110053,BHAJANPURA,DELHI,BHAJANPURA,CHIDAMBARAM ULAGANATHAN,123456789,,637302,TAMIL NADU,TAMIL NADU,1146 KUDI STREET MARAVAMPALAYAMKARUMAPURAM PO TIRUCHA NGODE NAMAKKAL TAMIL NADU 637302,PREPAID,20,,,,,,
2223,,,,LEX DIGITAL,123456789,,,110053,BHAJANPURA,DELHI,BHAJANPURA,SANKET TANAJI NIKAM,123456789,,410201,MAHARASHTRA,MAHARASHTRA,"G WING 405 NEMINATH RESIDENCY MUDRE ,KARJAT RAIGAD RAIGARH MH MAHARASHTRA 410201",PREPAID,20,,,,,,
2224,,,,LEX DIGITAL,123456789,,,110053,BHAJANPURA,DELHI,BHAJANPURA,GOLLU KARTHIK,123456789,,500038,TELANGANA,TELANGANA,"8-3-204/6, PLOT NO 58 59, FLAT 101, SAI KRISHNA NI LAYAM,,VENGALA RAO NAGAR, HYD-38 HYDERABAD TELANGANA 500038",PREPAID,20,,,,,,
2225,,,,LEX DIGITAL,123456789,,,110053,BHAJANPURA,DELHI,BHAJANPURA,RATHOD ARUN,123456789,,504001,TELANGANA,TELANGANA,H NO 2-126 YAPAL GUDA/ PITTAL WADA ADILABAD TELANGANA 504001,PREPAID,20,,,,,,
2226,,,,LEX DIGITAL,123456789,,,110053,BHAJANPURA,DELHI,BHAJANPURA,SWAPNIL GORAKSHNATH BHALE,123456789,,413711,MAHARASHTRA,MAHARASHTRA,1324GAWTHAN AHMED NAGAR MAHARASHTRA 413711,PREPAID,20,,,,,,
2227,,,,LEX DIGITAL,123456789,,,110053,BHAJANPURA,DELHI,BHAJANPURA,SAIBABA MUDIRAJ,123456789,,500008,TELANGANA,TELANGANA,8 100 KUMARWADI GOLCONDA HYDERABAD NEAR TEMPLE PHATHA DARVAZAHYDERABAD TELANGANA 500008,PREPAID,20,,,,,,
2228,,,,LEX DIGITAL,123456789,,,110053,BHAJANPURA,DELHI,BHAJANPURA,SHAREEF MOHAMMED,123456789,,535183,ANDHRA PRADESH,ANDHRA PRADESH,11-63SHIVAJINAGAR KOTHAVALASA VIZIANAGARAM ANDHRA PRADESH 535183,PREPAID,20,,,,,,
2229,,,,LEX DIGITAL,123456789,,,110053,BHAJANPURA,DELHI,BHAJANPURA,RAJU GHOSH,123456789,,741302,WEST BENGAL,WEST BENGAL,RANI CHARA CHEKI PARABOTTLLA NADIA WEST BENGAL 741302,PREPAID,20,,,,,,
2230,,,,LEX DIGITAL,123456789,,,110053,BHAJANPURA,DELHI,BHAJANPURA,KHADER NAWAZ MANSOOR AHMED,123456789,,600043,TAMIL NADU,TAMIL NADU,JAINS APOORVA BLOCK 1 FLAT NOTLNO158 DARGHA ROAD KANCHIPURAM TAMIL NADU 600043,PREPAID,20,,,,,,
2231,,,,LEX DIGITAL,123456789,,,110053,BHAJANPURA,DELHI,BHAJANPURA,HARISH BABU CHADARAM,123456789,,530016,ANDHRA PRADESH,ANDHRA PRADESH,44-5-78TC PALEM AKYPALEM 80 FEET ROAD VISHAKHAPATNAM ANDHRA PRADESH 530016,PREPAID,20,,,,,,
2232,,,,LEX DIGITAL,123456789,,,110053,BHAJANPURA,DELHI,BHAJANPURA,RAS BIHARI PRASAD,123456789,,678621,KERALA,KERALA,HEXAGON ENTERPRISEKINFRA TEXTILES PARKKONJIKODE PALAKKAD KERALA 678621,PREPAID,20,,,,,,
2233,,,,LEX DIGITAL,123456789,,,110053,BHAJANPURA,DELHI,BHAJANPURA,EBRAHIM MANZOORALI,123456789,,606601,TAMIL NADU,TAMIL NADU,NO 199A GANDHI NAGAR TIRUVANNAMALAI 8TH STREET TIRUVA NNAMALAINEAR MAIN ROAD TAMIL NADU 606601,PREPAID,20,,,,,,
2234,,,,LEX DIGITAL,123456789,,,110053,BHAJANPURA,DELHI,BHAJANPURA,SAIPAN LALSAHEB SHAIKH,123456789,,400104,MAHARASHTRA,MAHARASHTRA,MOTILAL NAGAR ROAD NO 2 NEAR MEENAKSHI GENERAL STORE G OREGAON WEST MUMBAI MAHARASHTRA 400104,PREPAID,20,,,,,,
2235,,,,LEX DIGITAL,123456789,,,110053,BHAJANPURA,DELHI,BHAJANPURA,KANDARAPU RAJALAXMI,123456789,,506002,TELANGANA,TELANGANA,19-11-317/3 VISHWANADA COLONY 1 SHAMBUNIPET WARANGAL TELANGANA 506002,PREPAID,20,,,,,,
2236,,,,LEX DIGITAL,123456789,,,110053,BHAJANPURA,DELHI,BHAJANPURA,LALIT THANVI,123456789,,313211,RAJASTHAN,RAJASTHAN,TC16 DARIBAOMEX COLONY RAJSAMAND RAJASTHAN 313211,PREPAID,20,,,,,,
2237,,,,LEX DIGITAL,123456789,,,110053,BHAJANPURA,DELHI,BHAJANPURA,VICKEY SUSAI VICTOR,123456789,,500013,TELANGANA,TELANGANA,3-4-65 CHURCH COLONY RAMANTHAPURHYDERABAD HYDERABAD TELANGANA 500013,PREPAID,20,,,,,,
2238,,,,LEX DIGITAL,123456789,,,110053,BHAJANPURA,DELHI,BHAJANPURA,RUPESH SADASHIV PATIL,123456789,,410203,MAHARASHTRA,MAHARASHTRA,115 NEAR RJP SCHOOL DEVNHAVE PO SAJGAON DIST RAIGAD MAH ARASHTRA115 SAJG RAIGARH MH MAHARASHTRA 410203,PREPAID,20,,,,,,
2239,,,,LEX DIGITAL,123456789,,,110053,BHAJANPURA,DELHI,BHAJANPURA,SANKAR SANKARAMMAL,123456789,,641665,TAMIL NADU,TAMIL NADU,"412, AMARAVATHI NAGAR,MUTHANAMPALAYAM, AMARAVATHIPALAYA M, TIRUPPUR COIMBATORE TAMIL NADU 641665",PREPAID,20,,,,,,
2240,,,,LEX DIGITAL,123456789,,,110053,BHAJANPURA,DELHI,BHAJANPURA,AKKINA RAMU,123456789,,533101,ANDHRA PRADESH,ANDHRA PRADESH,BUILDINGSTREET EAST GODAVARI ANDHRA PRADESH 533101,PREPAID,20,,,,,,
2241,,,,LEX DIGITAL,123456789,,,110053,BHAJANPURA,DELHI,BHAJANPURA,PREM KUMAR PONNU,123456789,,503175,TELANGANA,TELANGANA,8-1372JAKRANPALLY STREET 2 NIZAMABAD TELANGANA 503175,PREPAID,20,,,,,,
2242,,,,LEX DIGITAL,123456789,,,110053,BHAJANPURA,DELHI,BHAJANPURA,KAPIL VITHALANI,123456789,,500027,TELANGANA,TELANGANA,"3-4-308/3 BASANT COLONY LINGAMPALLY NEARBY RELIANCE,HYD ERABAD TELANGANA HYDERABAD 500027",PREPAID,20,,,,,,
2243,,,,LEX DIGITAL,123456789,,,110053,BHAJANPURA,DELHI,BHAJANPURA,UDAY SHANKAR DAS,123456789,,700039,WEST BENGAL,WEST BENGAL,7 PANCHANU GRAM TILJALANEAR BY DAVE DAS BAR SOUTH 24 PARGANAS WEST BENGAL 700039,PREPAID,20,,,,,,
2244,,,,LEX DIGITAL,123456789,,,110053,BHAJANPURA,DELHI,BHAJANPURA,VINIT CHAHAR,123456789,,122004,HARYANA,HARYANA,"B 606 BESTECH ANANDA VIEW PARK, SECTOR 81 GURGAON HARYANA 122004",PREPAID,20,,,,,,
2245,,,,LEX DIGITAL,123456789,,,110053,BHAJANPURA,DELHI,BHAJANPURA,RAM JUARI,123456789,,136117,HARYANA,HARYANA,412PANDIT BASRI KAITHAL HARYANA 136117,PREPAID,20,,,,,,
2246,,,,LEX DIGITAL,123456789,,,110053,BHAJANPURA,DELHI,BHAJANPURA,RAMASAMY ASHOK,123456789,,613504,TAMIL NADU,TAMIL NADU,IRUMBUTHALAI THANJAVUR TAMIL NADU 613504,PREPAID,20,,,,,,
2247,,,,LEX DIGITAL,123456789,,,110053,BHAJANPURA,DELHI,BHAJANPURA,NIKHLESH JAIRAMDAS RAMRAKHYANI,123456789,,444603,MAHARASHTRA,MAHARASHTRA,"1ST BRIDGE 2ND LANE NEAR BHAI RAMCHANDRA GURUDWARA ,SHI VAJI NAGAR RAMPURI CAMP AMRAVATI MAHARASHTRA 444603",PREPAID,20,,,,,,
2248,,,,LEX DIGITAL,123456789,,,110053,BHAJANPURA,DELHI,BHAJANPURA,AMIT DILIP WANKHADE,123456789,,410203,MAHARASHTRA,MAHARASHTRA,B16302 ARIHANT ARSHIYA PEN KHOPOLI ROAD KHALAPURKHALA PUR RAIGARH MH MAHARASHTRA 410203,PREPAID,20,,,,,,
2249,,,,LEX DIGITAL,123456789,,,110053,BHAJANPURA,DELHI,BHAJANPURA,KRISHNAKUMAR MANICKAM,123456789,,635107,TAMIL NADU,TAMIL NADU,HNO 471 LAKKACHANTHIRAMDENKANIKOTTAI KRISHNAGIRI NE AR GOVT BOYS HIGH SCHOOL TAMIL NADU 635107,PREPAID,20,,,,,,
2250,,,,LEX DIGITAL,123456789,,,110053,BHAJANPURA,DELHI,BHAJANPURA,RAVINDRA BABURAO RAYKAR,123456789,,422003,MAHARASHTRA,MAHARASHTRA,FLAT NO 2 PLOT 27 SRNO 101 VEDANT RESIDENCY AKHAND ALABAF NASIKMAKHAMALABAD GAON NASIK 422003 NASHIK MAHARASHTRA,PREPAID,20,,,,,,
2251,,,,LEX DIGITAL,123456789,,,110053,BHAJANPURA,DELHI,BHAJANPURA,ANAND TIRAGATI,123456789,,533450,ANDHRA PRADESH,ANDHRA PRADESH,1-2-60B AGRAHARAMPITHAPURAM EAST GODAVARI ANDHRA PRADESH 533450,PREPAID,20,,,,,,
2252,,,,LEX DIGITAL,123456789,,,110053,BHAJANPURA,DELHI,BHAJANPURA,VISWANATHAN KUPPUSAMY,123456789,,605102,PUDUCHERRY,PUDUCHERRY,1142MARIAMMAN KOVIL STMNKUPPAM PONDICHERRY PUDUCHERRY 605102,PREPAID,20,,,,,,
2253,,,,LEX DIGITAL,123456789,,,110053,BHAJANPURA,DELHI,BHAJANPURA,CHETANBHAI RAMABHAI PATEL,123456789,,389230,GUJARAT,GUJARAT,HOUSE NO 88 MANTHIRA FAZHIYUA ANKALVA LUNAWDA PANCH MAHALS GUJARAT 389230,PREPAID,20,,,,,,
2254,,,,LEX DIGITAL,123456789,,,110053,BHAJANPURA,DELHI,BHAJANPURA,MD PASHA,123456789,,509001,TELANGANA,TELANGANA,1-3-75/12/F/9 RAJENDER NAGAR MAHABUBNAGAR MAHABUB TELANGANA 509001,PREPAID,20,,,,,,
2255,,,,LEX DIGITAL,123456789,,,110053,BHAJANPURA,DELHI,BHAJANPURA,GUMANA RAM,123456789,,506244,TELANGANA,TELANGANA,A 12 RAGHUNATHPA LLE WARANGALRAGHUNATHPA WARANGA L WARANGAL TELANGANA 506244,PREPAID,20,,,,,,
2256,,,,LEX DIGITAL,123456789,,,110053,BHAJANPURA,DELHI,BHAJANPURA,SHAIK AIJAZ AHMED,123456789,,500045,TELANGANA,TELANGANA,8-3-228/678/335 KARMIKA NAAGR YOUSUF GUDA HYDERABAD TELANGANA 500045,PREPAID,20,,,,,,
2257,,,,LEX DIGITAL,123456789,,,110053,BHAJANPURA,DELHI,BHAJANPURA,AKHILESH NARENDRA DHONE,123456789,,440025,MAHARASHTRA,MAHARASHTRA,"EVENT CATALYSER ,SWAROOP NAGAR NAGPUR MAHARASHTRA 440025",PREPAID,20,,,,,,
2258,,,,LEX DIGITAL,123456789,,,110053,BHAJANPURA,DELHI,BHAJANPURA,SUBBA REDDY KAIPU,123456789,,523247,ANDHRA PRADESH,ANDHRA PRADESH,"KOTHA VENKATAPURAM ,DARSI MANDALA ,PRAKASAM DT PRAKASAM ANDHRA PRADESH 523247",PREPAID,20,,,,,,
2259,,,,LEX DIGITAL,123456789,,,110053,BHAJANPURA,DELHI,BHAJANPURA,VIJAYALAKSHMI VIJAYALAKSHMI,123456789,,641602,TAMIL NADU,TAMIL NADU,83867A2JP NAGARESWARAN TEMPLE STREET KOOTHAPALAMPIRI VU TIRUPUR TAMIL NADU 641602,PREPAID,20,,,,,,
2260,,,,LEX DIGITAL,123456789,,,110053,BHAJANPURA,DELHI,BHAJANPURA,SHAIK ZAHEER BASHA,123456789,,515001,ANDHRA PRADESH,ANDHRA PRADESH,18-326 VENUGOPAL NAGAR ANANTAPUR ANDHRA PRADESH 515001,PREPAID,20,,,,,,
2261,,,,LEX DIGITAL,123456789,,,110053,BHAJANPURA,DELHI,BHAJANPURA,ANUSAYA SATISH PHAD,123456789,,411048,MAHARASHTRA,MAHARASHTRA,"SAI DWARIKA SOCIETY YEWALEWADI,BEHIND VITTHAL RUKMINI M ANDIR PUNE MAHARASHTRA 411048",PREPAID,20,,,,,,
2262,,,,LEX DIGITAL,123456789,,,110053,BHAJANPURA,DELHI,BHAJANPURA,BHASKAR BIJJA,123456789,,500013,TELANGANA,TELANGANA,2-3-7204GANGANAGARAMBERPET HYDERABAD TELANGANA 500013,PREPAID,20,,,,,,
2263,,,,LEX DIGITAL,123456789,,,110053,BHAJANPURA,DELHI,BHAJANPURA,GAUTAM SHANTILAL JAIN,123456789,,425114,MAHARASHTRA,MAHARASHTRA,JAIN GALLI NEAR DR L U HOUSE NERI BKJAIN BK JALGAON MAHARASHTRA 425114,PREPAID,20,,,,,,
2264,,,,LEX DIGITAL,123456789,,,110053,BHAJANPURA,DELHI,BHAJANPURA,POKALKAR SRINATH,123456789,,500053,TELANGANA,TELANGANA,18-7-466/46 HANUMAN NAGAR UPPUGUDA CHARMINAR FALAKNUMA MANGAL MUKHI TEMPLE HYDERABAD TELANGANA 500053,PREPAID,20,,,,,,
2265,,,,LEX DIGITAL,123456789,,,110053,BHAJANPURA,DELHI,BHAJANPURA,MUHAMMED SINAN,123456789,,574142,KARNATAKA,KARNATAKA,1-363 JARI NAGAR BAJPEMANGALORE DAKSHINA KANNADA KARNATAKA 574142,PREPAID,20,,,,,,
2266,,,,LEX DIGITAL,123456789,,,110053,BHAJANPURA,DELHI,BHAJANPURA,RAJENDRA EKANATH YADAV,123456789,,413114,MAHARASHTRA,MAHARASHTRA,LASURNI TALUKA INDAPUR JILA PUNE MAHARASHTRA413114JIL A MAHARASHTRA 413114,PREPAID,20,,,,,,
2267,,,,LEX DIGITAL,123456789,,,110053,BHAJANPURA,DELHI,BHAJANPURA,CHANDRAPPA CHANDRAPPA,123456789,,583222,KARNATAKA,KARNATAKA,85 BELLARY KARNATAKA 583222,PREPAID,20,,,,,,
2268,,,,LEX DIGITAL,123456789,,,110053,BHAJANPURA,DELHI,BHAJANPURA,PANKAJ JAGANNATH BORSE,123456789,,412308,MAHARASHTRA,MAHARASHTRA,E3405 SIMPLICITY SOCIETYHANDEWADI ROAD HADAPSAR PU NE PUNE MAHARASHTRA 412308,PREPAID,20,,,,,,
2269,,,,LEX DIGITAL,123456789,,,110053,BHAJANPURA,DELHI,BHAJANPURA,NIYAZ MOHAMMAD BAGWAN,123456789,,457001,MADHYA PRADESH,MADHYA PRADESH,54 SUDHGUDRI MARG RATLAM MADHYA PRADESH 457001,PREPAID,20,,,,,,
2270,,,,LEX DIGITAL,123456789,,,110053,BHAJANPURA,DELHI,BHAJANPURA,GOJE VED PRAKASH,123456789,,503187,TELANGANA,TELANGANA,2-5-80NEAR BIG HANUMAN TEMPLE BANSWADAKAMAREDDY TEL ANGANA NIZAMABAD TELANGANA 503187,PREPAID,20,,,,,,
2271,,,,LEX DIGITAL,123456789,,,110053,BHAJANPURA,DELHI,BHAJANPURA,NASIMA KASIM SHAIKH,123456789,,411015,MAHARASHTRA,MAHARASHTRA,FLAT NO 02 SR 67 LANE 07 VIGHNAHARTA GANESH TEMPL EVIDYANAGAR LAST BUS STOP PUNE MAHARASHTRA 411015,PREPAID,20,,,,,,
2272,,,,LEX DIGITAL,123456789,,,110053,BHAJANPURA,DELHI,BHAJANPURA,RAJA BANERJEE,123456789,,700032,WEST BENGAL,WEST BENGAL,63A NANANAGARJADAVAPUR KOLKATA 700032 WEST BENGAL,PREPAID,20,,,,,,
2273,,,,LEX DIGITAL,123456789,,,110053,BHAJANPURA,DELHI,BHAJANPURA,GADI VARAHALABABU,123456789,,533406,ANDHRA PRADESH,ANDHRA PRADESH,1-155NNPATNAM VROWTHULAPUDI MANDAL EAST GODAVARI ANDHRA PRADESH 533406,PREPAID,20,,,,,,
2274,,,,LEX DIGITAL,123456789,,,110053,BHAJANPURA,DELHI,BHAJANPURA,YOGESH KUMAR YADAV,123456789,,500010,TELANGANA,TELANGANA,HNO2484 2ND FLOOR LAKSHMINAGAR COLONYALWAL SECUNDE RABAD HYDERABAD TELANGANA 500010,PREPAID,20,,,,,,
2275,,,,LEX DIGITAL,123456789,,,110053,BHAJANPURA,DELHI,BHAJANPURA,SRIDHARAN SANKAR PRASATH,123456789,,638005,TAMIL NADU,TAMIL NADU,115 3SANTHOSHAM NAGAR ERODE TAMIL NADU 638005,PREPAID,20,,,,,,
2276,,,,LEX DIGITAL,123456789,,,110053,BHAJANPURA,DELHI,BHAJANPURA,GULSHAN YOSHITAMVIR MONJI,123456789,,400055,MAHARASHTRA,MAHARASHTRA,"B/1 602 HARI OM APARTMENT SV ROAD BORIVARI WEST MUMBA I ,MUMBAI MAHARASHTRA 400092 MUMBAI 400055",PREPAID,20,,,,,,
2277,,,,LEX DIGITAL,123456789,,,110053,BHAJANPURA,DELHI,BHAJANPURA,HOSADURGA SHAIKH THASIR PASHA,123456789,,560078,KARNATAKA,KARNATAKA,120 3RD MAIN ROAD CROSS MINHAJ NAGARJ P NAGAR PO ST BANGALORE 560078 KARNATAKA,PREPAID,20,,,,,,
2278,,,,LEX DIGITAL,123456789,,,110053,BHAJANPURA,DELHI,BHAJANPURA,RAVI KUMAR NAGATI,123456789,,507001,TELANGANA,TELANGANA,8-5-30 NIZAM PETA KHAMMAM URBAN TELANGANA 507001,PREPAID,20,,,,,,
2279,,,,LEX DIGITAL,123456789,,,110053,BHAJANPURA,DELHI,BHAJANPURA,DIMBA ERAPPA ANANDA,123456789,,563101,KARNATAKA,KARNATAKA,06KOLAR KOLAR KARNATAKA 563101,PREPAID,20,,,,,,
2280,,,,LEX DIGITAL,123456789,,,110053,BHAJANPURA,DELHI,BHAJANPURA,BACHU VENKATA AISHWARYA,123456789,,500090,TELANGANA,TELANGANA,"FLAT NO-703,7TH FLOOR, BHAVYAS ANANDAM, NIZAMPET ROAD KUKATPALLY HYDERABAD TELANGANA 500090",PREPAID,20,,,,,,
2281,,,,LEX DIGITAL,123456789,,,110053,BHAJANPURA,DELHI,BHAJANPURA,KIRAN DNYANESHWAR BANSODE,123456789,,413305,MAHARASHTRA,MAHARASHTRA,KRISHNAKUNJLAXMIDAHIWADI TALUKA-MANGALWEDHA SOLAPUR MAHARASHTRA 413305,PREPAID,20,,,,,,
2282,,,,LEX DIGITAL,123456789,,,110053,BHAJANPURA,DELHI,BHAJANPURA,RAKESH KUMAR PANDAY,123456789,,415722,MAHARASHTRA,MAHARASHTRA,01GHANEKHUNT LOTE RATNAGIRI MAHARASHTRA 415722,PREPAID,20,,,,,,
2283,,,,LEX DIGITAL,123456789,,,110053,BHAJANPURA,DELHI,BHAJANPURA,MANDEPUDI MADHAVI,123456789,,522501,ANDHRA PRADESH,ANDHRA PRADESH,"13-664/2, K L RAO COLONY,OPP HOSANNA MANDIR, TADEPALLI GUNTUR ANDHRA PRADESH 522501",PREPAID,20,,,,,,
2284,,,,LEX DIGITAL,123456789,,,110053,BHAJANPURA,DELHI,BHAJANPURA,PRADIP DILIP KASHID,123456789,,412203,MAHARASHTRA,MAHARASHTRA,HOUSE NO 0001NANGAON PUNE MAHARASHTRA 412203,PREPAID,20,,,,,,
2285,,,,LEX DIGITAL,123456789,,,110053,BHAJANPURA,DELHI,BHAJANPURA,KUNAL GIRISH GUPTA,123456789,,400703,MAHARASHTRA,MAHARASHTRA,F-6A-2 SECTOR 10 VASHI NAVI MUMBAI NEAR TRIMURTI HOT ELRAINBOW FLAT SHOP OWNERS ASSOCIATION THANE MAHARASHTRA 400703,PREPAID,20,,,,,,
2286,,,,LEX DIGITAL,123456789,,,110053,BHAJANPURA,DELHI,BHAJANPURA,DASARI NAGARAJU,123456789,,507001,TELANGANA,TELANGANA,5-2-31ASHANTI NAGAR KHAMMAM TELANGANA 507001,PREPAID,20,,,,,,
2287,,,,LEX DIGITAL,123456789,,,110053,BHAJANPURA,DELHI,BHAJANPURA,ATINDRA NATH NAYAK,123456789,,700030,WEST BENGAL,WEST BENGAL,1308 PURBA SINTHEE ROADDUM DUM KOLKATA WEST BENGAL 700030,PREPAID,20,,,,,,
2288,,,,LEX DIGITAL,123456789,,,110053,BHAJANPURA,DELHI,BHAJANPURA,IRFAN ABDUL SATTAR MOAHMMAD,123456789,,443101,MAHARASHTRA,MAHARASHTRA,HOUSE NO 12 JAMA MASJID MOHAN PURAMOHAN PURA MALKAPUR BULDHANA MAHARASHTRA 443101,PREPAID,20,,,,,,
2289,,,,LEX DIGITAL,123456789,,,110053,BHAJANPURA,DELHI,BHAJANPURA,BANTI PODDAR,123456789,,700006,WEST BENGAL,WEST BENGAL,17MOHAMMAD RAMJAN LANE KOLKATA WEST BENGAL 700006,PREPAID,20,,,,,,
2290,,,,LEX DIGITAL,123456789,,,110053,BHAJANPURA,DELHI,BHAJANPURA,KARUPPATHAL KARUPPATHAL,123456789,,641606,TAMIL NADU,TAMIL NADU,3318A60 SENTHIL NAGARMAANUR MUDALIPALAYAM TRIPPUR COIMBATORE TAMIL NADU 641606,PREPAID,20,,,,,,
2291,,,,LEX DIGITAL,123456789,,,110053,BHAJANPURA,DELHI,BHAJANPURA,JAYANTI CHOUHAN,123456789,,452015,MADHYA PRADESH,MADHYA PRADESH,HOUSE NO 26NANDBAG COLONY INDORE MADHYA PRADESH 452015,PREPAID,20,,,,,,
2292,,,,LEX DIGITAL,123456789,,,110053,BHAJANPURA,DELHI,BHAJANPURA,MOHD NASEER,123456789,,500005,TELANGANA,TELANGANA,18-11-242 BARKAS CHABDRAYANGUTTANEAR JAMMA MASJID RANGA REDDY TELANGANA 500005,PREPAID,20,,,,,,
2293,,,,LEX DIGITAL,123456789,,,110053,BHAJANPURA,DELHI,BHAJANPURA,VAISHALI SUSHANT CHAVAN,123456789,,400055,MAHARASHTRA,MAHARASHTRA,"R5,MAULI SAHAKAR CHAWL, ,VAKOLA BRIDGE DHOBI GHAT MUMBAI MAHARASHTRA 400055",PREPAID,20,,,,,,
2294,,,,LEX DIGITAL,123456789,,,110053,BHAJANPURA,DELHI,BHAJANPURA,MANOJ KUMAR,123456789,,140603,PUNJAB,PUNJAB,"289 WARD 9 BHABAT,ZIRAKPUR PATIALA PUNJAB 140603",PREPAID,20,,,,,,
2295,,,,LEX DIGITAL,123456789,,,110053,BHAJANPURA,DELHI,BHAJANPURA,PUTHIYAKUNNATH VARKEY GEORGE,123456789,,673592,KERALA,KERALA,PUTHIYAKUNNATH HOUSRSULTHANBATHERY WAYANAD KERALA 673592,PREPAID,20,,,,,,
2296,,,,LEX DIGITAL,123456789,,,110053,BHAJANPURA,DELHI,BHAJANPURA,PANKAJKUMAR KISHOR AMBULE,123456789,,440023,MAHARASHTRA,MAHARASHTRA,11573 RAO LAYOUT WADDHAMNAAMRAVATI ROAD WADDHAMNA NAG PUR NAGPUR MAHARASHTRA 440023,PREPAID,20,,,,,,
2297,,,,LEX DIGITAL,123456789,,,110053,BHAJANPURA,DELHI,BHAJANPURA,SHAMEEM HASAN,123456789,,242001,UTTAR PRADESH,UTTAR PRADESH,305BEHIND GIC COLLEGE MOHALLA MARHAIYA 01 KANT SHAHJAH ANPUR UTTAR PRADESH SHAHJAHANPUR 242001,PREPAID,20,,,,,,
2298,,,,LEX DIGITAL,123456789,,,110053,BHAJANPURA,DELHI,BHAJANPURA,VENKADESAN VENKADESAN,123456789,,605104,PUDUCHERRY,PUDUCHERRY,NO18BHARATHI NAGAR KOTTAKUPPAM PONDICHERRY PUDUCHERRY 605104,PREPAID,20,,,,,,
2299,,,,LEX DIGITAL,123456789,,,110053,BHAJANPURA,DELHI,BHAJANPURA,SUBHASH CHAND,123456789,,332718,RAJASTHAN,RAJASTHAN,35 VIVAK NAGAR SAYHM BB TOMAR SCHOOLAHMEDABAD SIKAR RAJASTHAN 332718,PREPAID,20,,,,,,
2300,,,,LEX DIGITAL,123456789,,,110053,BHAJANPURA,DELHI,BHAJANPURA,GURRAM JAYASRI,123456789,,515001,ANDHRA PRADESH,ANDHRA PRADESH,13-1-901 NEAR RAMALAYAM TEMPLE REVENUE COLONY ANANTAP UR ANANTAPUR ANDHRA PRADESH 515001,PREPAID,20,,,,,,
2301,,,,LEX DIGITAL,123456789,,,110053,BHAJANPURA,DELHI,BHAJANPURA,AMBADAS SHANKAR DEVKAR,123456789,,413005,MAHARASHTRA,MAHARASHTRA,109 NEW PACCHA PETH PATHRUT CHOWK SOLAPUR MAHARASHTRA 413005,PREPAID,20,,,,,,
2302,,,,LEX DIGITAL,123456789,,,110053,BHAJANPURA,DELHI,BHAJANPURA,RAGHU RAGHU,123456789,,600126,TAMIL NADU,TAMIL NADU,26 VADAKMADAVEDHI MADAMBAKKAM TAMBARAMMADAMBAKKAM T AMBARAM KANCHIPURAM TAMIL NADU 600126,PREPAID,20,,,,,,
2303,,,,LEX DIGITAL,123456789,,,110053,BHAJANPURA,DELHI,BHAJANPURA,LAKHAN SAHEBRAO JADHAV,123456789,,431517,MAHARASHTRA,MAHARASHTRA,LIC COLONY NAGZARI PARISHAR AMBAJOGAIMIT ROAD AMBAJOGA I BEED MAHARASHTRA 431517,PREPAID,20,,,,,,
2304,,,,LEX DIGITAL,123456789,,,110053,BHAJANPURA,DELHI,BHAJANPURA,ROHIT RAJU JADHAV,123456789,,401402,MAHARASHTRA,MAHARASHTRA,MAHIM GAVNJE PADAMAHIM ROAD THANE MAHARASHTRA 401402,PREPAID,20,,,,,,
2305,,,,LEX DIGITAL,123456789,,,110053,BHAJANPURA,DELHI,BHAJANPURA,SUBBIRAMANI MANOJ KUMAR,123456789,,638111,TAMIL NADU,TAMIL NADU,2521BBDASAVANAIKKANPATTIKANGEYAM ROAD TIRUPPUR TAMIL NADU 638111,PREPAID,20,,,,,,
2306,,,,LEX DIGITAL,123456789,,,110053,BHAJANPURA,DELHI,BHAJANPURA,SHAIK ARIF,123456789,,503001,TELANGANA,TELANGANA,10-13-298/706 DHARAMPUR HILLS NIZAMABAD TELANGANA 503001,PREPAID,20,,,,,,
2307,,,,LEX DIGITAL,123456789,,,110053,BHAJANPURA,DELHI,BHAJANPURA,KASANNA RAMALAKSHMI KANAKADURGA,123456789,,534449,ANDHRA PRADESH,ANDHRA PRADESH,1-52SAIBABA TEMPLE WEST GODAVARI ANDHRA PRADESH 534449,PREPAID,20,,,,,,
2308,,,,LEX DIGITAL,123456789,,,110053,BHAJANPURA,DELHI,BHAJANPURA,GHAFAR SHAIK,123456789,,506105,TELANGANA,TELANGANA,H-NO1-38BUSSTAND BAZAR VTHATTUPALLY MKURAVI DMA HABUBABAD WARANGAL TELANGANA 506105,PREPAID,20,,,,,,
2309,,,,LEX DIGITAL,123456789,,,110053,BHAJANPURA,DELHI,BHAJANPURA,DIGAMBAR TANAJI GAIKAWAD,123456789,,413309,MAHARASHTRA,MAHARASHTRA,NRSBI BANK AT PO KADLASTAL SANGOLA DIST SOLAPUR MAHARASHTRA 413309,PREPAID,20,,,,,,
2310,,,,LEX DIGITAL,123456789,,,110053,BHAJANPURA,DELHI,BHAJANPURA,SANDEEP SURESH SALVE,123456789,,431001,MAHARASHTRA,MAHARASHTRA,LANE NO 5 AMBEDKAR NAGARJALGAON ROAD CIDCO N-7 AURANAG ABAD AURANGABAD MAHARASHTRA 431001,PREPAID,20,,,,,,
2311,,,,LEX DIGITAL,123456789,,,110053,BHAJANPURA,DELHI,BHAJANPURA,GAMINI ANIL,123456789,,507002,TELANGANA,TELANGANA,"6/1/16/199/18,SRI NAGAR COLONY KHAMMAM TELANGANA 507002",PREPAID,20,,,,,,
2312,,,,LEX DIGITAL,123456789,,,110053,BHAJANPURA,DELHI,BHAJANPURA,YELAMANCHILI PYDIRAJU,123456789,,530044,ANDHRA PRADESH,ANDHRA PRADESH,DOOR NO22-2-21PEDAGANTYA VISHAKAPATNAM VISHAKHAPATNAM ANDHRA PRADESH 530044,PREPAID,20,,,,,,
2313,,,,LEX DIGITAL,123456789,,,110053,BHAJANPURA,DELHI,BHAJANPURA,AITHARAJU SANKARAIAH,123456789,,501505,TELANGANA,TELANGANA,NEAR POCHAMMA TEMPLE VISWAMITRA COLONYHAYATHNAGAR RANGA REDDY TELANGANA 501505,PREPAID,20,,,,,,
2314,,,,LEX DIGITAL,123456789,,,110053,BHAJANPURA,DELHI,BHAJANPURA,AMBICA KUKRETY,123456789,,400097,MAHARASHTRA,MAHARASHTRA,505 A-3 SWAPNAKIRAN CHSOFF AFILM CITY AORAD MALAD E AST MUMBAI MAHARASHTRA 400097,PREPAID,20,,,,,,
2315,,,,LEX DIGITAL,123456789,,,110053,BHAJANPURA,DELHI,BHAJANPURA,SRINIVAS GAJULA,123456789,,500060,TELANGANA,TELANGANA,HOUSE NO 15-1455AKONDARAMNAGAR DILSUKHNAGARNEARSHA RADA THEATRESAROONAGARRANGAREDDY DISTRICT RANGA REDDY TELANGANA 500060,PREPAID,20,,,,,,
2316,,,,LEX DIGITAL,123456789,,,110053,BHAJANPURA,DELHI,BHAJANPURA,RAJENDRAN SUMATHI,123456789,,641010,TAMIL NADU,TAMIL NADU,HOUSEBHARATHIYRA STREET COIMBATORE TAMIL NADU 641010,PREPAID,20,,,,,,
2317,,,,LEX DIGITAL,123456789,,,110053,BHAJANPURA,DELHI,BHAJANPURA,MAHESH BHAGVANRAO KOTTAPELLIWAR,123456789,,431804,MAHARASHTRA,MAHARASHTRA,55 HOUSE PLOTLOHAR GALLI KINWAT NANDED MAHARASHTRA 431804,PREPAID,20,,,,,,
2318,,,,LEX DIGITAL,123456789,,,110053,BHAJANPURA,DELHI,BHAJANPURA,KIRAN PARASRAM DAMAHE,123456789,,441106,MAHARASHTRA,MAHARASHTRA,624KILLA ROAD NAGARDHAN AT PONAGARDHANTHRAMTEKDIST NAGPUR MAHARASHTRA 441106,PREPAID,20,,,,,,
2319,,,,LEX DIGITAL,123456789,,,110053,BHAJANPURA,DELHI,BHAJANPURA,RAVI MOHAN,123456789,,136027,HARYANA,HARYANA,5399TARA CHAND KI CHAKKI KAITHAL HARYANA 136027,PREPAID,20,,,,,,
2320,,,,LEX DIGITAL,123456789,,,110053,BHAJANPURA,DELHI,BHAJANPURA,SUNITA KOLATI,123456789,,533126,ANDHRA PRADESH,ANDHRA PRADESH,10-34KADIYAPULANKA SC COLONY EAST GODAVARI ANDHRA PRADESH 533126,PREPAID,20,,,,,,
2321,,,,LEX DIGITAL,123456789,,,110053,BHAJANPURA,DELHI,BHAJANPURA,SRINIVAS RAPAKA,123456789,,506002,TELANGANA,TELANGANA,17-10-362URUSU WARANGAL TELANGANA 506002,PREPAID,20,,,,,,
2322,,,,LEX DIGITAL,123456789,,,110053,BHAJANPURA,DELHI,BHAJANPURA,SIRAJ AHMAD MAHAMMAD,123456789,,534005,ANDHRA PRADESH,ANDHRA PRADESH,17-15-5LAKSHMIVARAPU PETA NEAR ASR STADIUM ROAD WEST GODAVARI ANDHRA PRADESH 534005,PREPAID,20,,,,,,
2323,,,,LEX DIGITAL,123456789,,,110053,BHAJANPURA,DELHI,BHAJANPURA,KUNAL KISHORE,123456789,,500068,TELANGANA,TELANGANA,"3-9-614/4, PLOT NO 53,ROAD 5,PADMAVATI NAGAR ,MANSOO RABAD,HYDERABAD RANGA REDDY TELANGANA 500068",PREPAID,20,,,,,,
2324,,,,LEX DIGITAL,123456789,,,110053,BHAJANPURA,DELHI,BHAJANPURA,VAISHNAVI RAMESH NEWARE,123456789,,440024,MAHARASHTRA,MAHARASHTRA,PLOT NO 56SARASWATI NAGAR UDYA NAGPUR MAHARASHTRA 440024,PREPAID,20,,,,,,
2325,,,,LEX DIGITAL,123456789,,,110053,BHAJANPURA,DELHI,BHAJANPURA,SANJAY KUMAR TRIPATHI,123456789,,456010,MADHYA PRADESH,MADHYA PRADESH,171 VEDNAGARNANAKHEDA UJJAIN MADHYA PRADESH 456010,PREPAID,20,,,,,,
2326,,,,LEX DIGITAL,123456789,,,110053,BHAJANPURA,DELHI,BHAJANPURA,SHARADA SURESH YADAV,123456789,,400602,MAHARASHTRA,MAHARASHTRA,C-302 MAHADEV TOWERPANCHPAKHADI THANE MAHARASHTRA 400602,PREPAID,20,,,,,,
2327,,,,LEX DIGITAL,123456789,,,110053,BHAJANPURA,DELHI,BHAJANPURA,VISHAL KUMAR,123456789,,141003,PUNJAB,PUNJAB,HOUSE NO 63462 STREET 16 NEAR MAIR DI CHAKKIMAIR COLONY MILLERGANJ LUDHIANA PUNJAB 141003,PREPAID,20,,,,,,
2328,,,,LEX DIGITAL,123456789,,,110053,BHAJANPURA,DELHI,BHAJANPURA,SYED SHARF UDDIN,123456789,,500005,TELANGANA,TELANGANA,"8-53, VENKATAPUR SHAHEEN NAGAR BALAPUR K.V.RANGAREDDY HYDERABAD TELANGANA 500005",PREPAID,20,,,,,,
2329,,,,LEX DIGITAL,123456789,,,110053,BHAJANPURA,DELHI,BHAJANPURA,BATTU SUBHAKAR,123456789,,507163,TELANGANA,TELANGANA,"11-898,TNGOS COLONY ROAD NO :13,KARUNAGIRI KHAMMAM TELANGANA 507163",PREPAID,20,,,,,,
2330,,,,LEX DIGITAL,123456789,,,110053,BHAJANPURA,DELHI,BHAJANPURA,SUNKARA KUMARI,123456789,,502325,TELANGANA,TELANGANA,H NO 4-109/1 POCHAMMA BASTI AIE BOLLARAM HYDERABAD TELANGANA 502325,PREPAID,20,,,,,,
2331,,,,LEX DIGITAL,123456789,,,110053,BHAJANPURA,DELHI,BHAJANPURA,PERUMAL VOORKATTAN,123456789,,641110,TAMIL NADU,TAMIL NADU,NO 32MGR NAGAR GOVINDANAICKENPALAYAM COIMBATORE TAMIL NADU 641110,PREPAID,20,,,,,,
2332,,,,LEX DIGITAL,123456789,,,110053,BHAJANPURA,DELHI,BHAJANPURA,PUTTABANTHI NAGARAJU,123456789,,500035,TELANGANA,TELANGANA,"H.NO 9-42 DWARKAPURAM, CHAITANYAPURI SAROORNAGAR,MEDCHAL,MALKAJGIRI RANGA REDDY TELANGANA 500035",PREPAID,20,,,,,,
2333,,,,LEX DIGITAL,123456789,,,110053,BHAJANPURA,DELHI,BHAJANPURA,JYOTI UJWAL TAPASE,123456789,,422303,MAHARASHTRA,MAHARASHTRA,GURUDATTA HOUSING SO HOME NO 1JANARDAN SWAMI NAGAR NASHIK MAHARASHTRA 422303,PREPAID,20,,,,,,
2334,,,,LEX DIGITAL,123456789,,,110053,BHAJANPURA,DELHI,BHAJANPURA,NITIN SHARMA,123456789,,132103,HARYANA,HARYANA,158PANIPAT PANIPAT HARYANA 132103,PREPAID,20,,,,,,
2335,,,,LEX DIGITAL,123456789,,,110053,BHAJANPURA,DELHI,BHAJANPURA,SHANTANU GHATA,123456789,,700077,WEST BENGAL,WEST BENGAL,1338R N TAGORE ROAD KOLKATA WEST BENGAL 700077,PREPAID,20,,,,,,
2336,,,,LEX DIGITAL,123456789,,,110053,BHAJANPURA,DELHI,BHAJANPURA,SANDESH MARUTI KALYANKAR,123456789,,410206,MAHARASHTRA,MAHARASHTRA,ADAI GOAN NEW PANVEL NAVI MUMBAI RAIGARH MH MAHARASHTRA 410206,PREPAID,20,,,,,,
2337,,,,LEX DIGITAL,123456789,,,110053,BHAJANPURA,DELHI,BHAJANPURA,SHAIK MANSOOR,123456789,,515581,ANDHRA PRADESH,ANDHRA PRADESH,TALUPULATALUPULA ANANTAPUR ANDHRA PRADESH 515581,PREPAID,20,,,,,,
2338,,,,LEX DIGITAL,123456789,,,110053,BHAJANPURA,DELHI,BHAJANPURA,AKSHAY KISHOR VAZE,123456789,,401404,MAHARASHTRA,MAHARASHTRA,AT SAKHARE SAI NAGAR POST DAHISAR TAL PALGHA R PALGHAR SAKHASAKHARE THANE MAHARASHTRA 401404,PREPAID,20,,,,,,
2339,,,,LEX DIGITAL,123456789,,,110053,BHAJANPURA,DELHI,BHAJANPURA,SAI KIRAN REDDY ANNMULA,123456789,,500008,TELANGANA,TELANGANA,9-1-1154B BAPU NAGAR LANGER HOUSENEAR SHIVALAYAM TEM PLE HYDERABAD TELANGANA 500008,PREPAID,20,,,,,,
2340,,,,LEX DIGITAL,123456789,,,110053,BHAJANPURA,DELHI,BHAJANPURA,JAYABAL KANMANIBABU,123456789,,638001,TAMIL NADU,TAMIL NADU,151 CSL COLONY PUNJLAKKAPURAMLAKKAPURAM ERODE TAMIL NADU 638001,PREPAID,20,,,,,,
2341,,,,LEX DIGITAL,123456789,,,110053,BHAJANPURA,DELHI,BHAJANPURA,DIVYA SHREE PANDIAN,123456789,,560071,KARNATAKA,KARNATAKA,74 2 ND MAIN ROADAK CONLONY BANGALORE KARNATAKA 560071,PREPAID,20,,,,,,
2342,,,,LEX DIGITAL,123456789,,,110053,BHAJANPURA,DELHI,BHAJANPURA,VIJAY MAHESHKUMAR KHIYANI,123456789,,444603,MAHARASHTRA,MAHARASHTRA,HOUSE NO 1 ZULELAL LINERAMPURI CAMP AMRAVATI MAHARASHTRA 444603,PREPAID,20,,,,,,
2343,,,,LEX DIGITAL,123456789,,,110053,BHAJANPURA,DELHI,BHAJANPURA,ABDUL MUJEEB,123456789,,500018,TELANGANA,TELANGANA,"H.NO:8-4-369/211/165 BHARATH NAGAR BORABANDA,HYDERABAD KARIMNAGAR TELANGANA 500018",PREPAID,20,,,,,,
2344,,,,LEX DIGITAL,123456789,,,110053,BHAJANPURA,DELHI,BHAJANPURA,AMARTHULURU YESUBABU,123456789,,522020,ANDHRA PRADESH,ANDHRA PRADESH,2 88 4 HARISCHANDRAPURAMAMARAVATHI GUNTUR ANDHRA PRADESH 522020,PREPAID,20,,,,,,
2345,,,,LEX DIGITAL,123456789,,,110053,BHAJANPURA,DELHI,BHAJANPURA,DATTATRAY NIVRUTTI SHINDE,123456789,,413304,MAHARASHTRA,MAHARASHTRA,"DATTARTYA SHINDE TAKAVASTIKORTI PANDHARPUR ,TAKAVAST IKORTI SOLAPUR MAHARASHTRA 413304",PREPAID,20,,,,,,
2346,,,,LEX DIGITAL,123456789,,,110053,BHAJANPURA,DELHI,BHAJANPURA,SULOCHANA TEJRAJ KALE,123456789,,411017,MAHARASHTRA,MAHARASHTRA,SHAP NO 1PUNE PUNE MAHARASHTRA 411017,PREPAID,20,,,,,,
2347,,,,LEX DIGITAL,123456789,,,110053,BHAJANPURA,DELHI,BHAJANPURA,RAJA UDHAYAKUMAR KARTHIGAI,123456789,,603301,TAMIL NADU,TAMIL NADU,NO09 POLICE LINE STREET ACHARAPAKKAM POST MADHURANTH AGAM TK CHANGAL PATTU DT KANCHIPURAM TAMIL NADU 603301,PREPAID,20,,,,,,
2348,,,,LEX DIGITAL,123456789,,,110053,BHAJANPURA,DELHI,BHAJANPURA,SHOEB ANIS KHAN,123456789,,400037,MAHARASHTRA,MAHARASHTRA,CHAWL NO A 1 ROOM 16 TRANSIT CAMP KOKARI AAGAR MUMBA I ANTOPHILL MUMBAI 2310 MAHARASHTRA 400037,PREPAID,20,,,,,,
2349,,,,LEX DIGITAL,123456789,,,110053,BHAJANPURA,DELHI,BHAJANPURA,ARSAD KHAN,123456789,,465106,MADHYA PRADESH,MADHYA PRADESH,WARD 7 MAKSHIMAJID CHOK MAKSHI SHAJAPUR MADHYA PRADESH 465106,PREPAID,20,,,,,,
2350,,,,LEX DIGITAL,123456789,,,110053,BHAJANPURA,DELHI,BHAJANPURA,SANTOSH KUMAR PALAKURTHI,123456789,,500003,TELANGANA,TELANGANA,3-2-297AVULAMANDASECUNDERABAD 2663 TELANGANASECUN DERABAD RP ROAD HYDERABAD TELANGANA 500003,PREPAID,20,,,,,,
2351,,,,LEX DIGITAL,123456789,,,110053,BHAJANPURA,DELHI,BHAJANPURA,ANUSHA GENTALA,123456789,,500036,TELANGANA,TELANGANA,"D O GENTALA MURALI, 16-2-147 45, MALAKPET ANAND NAGAR, HYDERABAD TELANGANA 500036",PREPAID,20,,,,,,
2352,,,,LEX DIGITAL,123456789,,,110053,BHAJANPURA,DELHI,BHAJANPURA,IMTIYAZ IBRAHIM SAYYED,123456789,,411048,MAHARASHTRA,MAHARASHTRA,METRO TOWER PUNE MAHARASHTRA 411048,PREPAID,20,,,,,,
2353,,,,LEX DIGITAL,123456789,,,110053,BHAJANPURA,DELHI,BHAJANPURA,SACHINDRANATH JAGANNATH NARVEKAR,123456789,,416416,MAHARASHTRA,MAHARASHTRA,FLAT NO4 GURUKRUPA APPARTMENT GAVALI GALLI NEAR SAR KARI TALIMPETH BHAG SANGLI MAHARASHTRA 416416,PREPAID,20,,,,,,
2354,,,,LEX DIGITAL,123456789,,,110053,BHAJANPURA,DELHI,BHAJANPURA,ASHOKKUMAR TRIKAMAJI MALI,123456789,,385540,GUJARAT,GUJARAT,JUNADEESA VASNHA RODEDEESA BANASKANTHA GUJARAT 385540,PREPAID,20,,,,,,
2355,,,,LEX DIGITAL,123456789,,,110053,BHAJANPURA,DELHI,BHAJANPURA,BIDYUT BAURI,123456789,,453331,MADHYA PRADESH,MADHYA PRADESH,SANSKRITI ROYAL PARK FIRST FLOOR ROOM NO 104SANSKRITI RAU INDORE MADHYA PRADESH 453331,PREPAID,20,,,,,,
2356,,,,LEX DIGITAL,123456789,,,110053,BHAJANPURA,DELHI,BHAJANPURA,BHUSHAN GAJANAN TAWRI,123456789,,400052,MAHARASHTRA,MAHARASHTRA,ROOM NO 442 PELU LANE PATIL PADA KHAR DANDAKHAR WEST M UMBAI MUMBAI MAHARASHTRA 400052,PREPAID,20,,,,,,
2357,,,,LEX DIGITAL,123456789,,,110053,BHAJANPURA,DELHI,BHAJANPURA,MOHSIN MURTUZA KHAN,123456789,,411048,MAHARASHTRA,MAHARASHTRA,506 TAHIRA GALAXYLEAN 07 SAI BABANAGAR KONDHWA PUNE NE AR SANDY BAJAR MAHARASHTRA 411048,PREPAID,20,,,,,,
2358,,,,LEX DIGITAL,123456789,,,110053,BHAJANPURA,DELHI,BHAJANPURA,DEEPIKA RAJPOOT,123456789,,464221,MADHYA PRADESH,MADHYA PRADESH,GRAM MADIYA PONIYABASODA VIDISHA MADHYA PRADESH 464221,PREPAID,20,,,,,,
2359,,,,LEX DIGITAL,123456789,,,110053,BHAJANPURA,DELHI,BHAJANPURA,RAVIRAJ SAMPATRAO KANALE,123456789,,416109,MAHARASHTRA,MAHARASHTRA,598SAI LANENAGRAJ CHOWKSAVARDE KOLHAPUR MAHARASHTRA 416109,PREPAID,20,,,,,,
2360,,,,LEX DIGITAL,123456789,,,110053,BHAJANPURA,DELHI,BHAJANPURA,MALLIKARJUNA VELPULA,123456789,,583117,KARNATAKA,KARNATAKA,SO JAGANNATHA KUMBAR STREET MOKAKUMBAR BELLARY KARNATAKA 583117,PREPAID,20,,,,,,
2361,,,,LEX DIGITAL,123456789,,,110053,BHAJANPURA,DELHI,BHAJANPURA,SARIKA ROHIDAS HOLE,123456789,,413801,MAHARASHTRA,MAHARASHTRA,"GOKULNAGAR,GOPALWADI DAUND PUNE MAHARASHTRA 413801",PREPAID,20,,,,,,
2362,,,,LEX DIGITAL,123456789,,,110053,BHAJANPURA,DELHI,BHAJANPURA,PRASAD HARIMANIKYAM,123456789,,520001,ANDHRA PRADESH,ANDHRA PRADESH,HOUSEVIJAYAWADA KRISHNA ANDHRA PRADESH 520001,PREPAID,20,,,,,,
2363,,,,LEX DIGITAL,123456789,,,110053,BHAJANPURA,DELHI,BHAJANPURA,PANDI MOHAMMED AASHIQ,123456789,,625513,TAMIL NADU,TAMIL NADU,HOUSE NO 73T V K NAGARBODINAYAKANUR THENI TAMIL NADU 625513,PREPAID,20,,,,,,
2364,,,,LEX DIGITAL,123456789,,,110053,BHAJANPURA,DELHI,BHAJANPURA,SUMITHA SUMITHA,123456789,,690108,KERALA,KERALA,150VILLAGE ALAPPUZHA KERALA 690108,PREPAID,20,,,,,,
2365,,,,LEX DIGITAL,123456789,,,110053,BHAJANPURA,DELHI,BHAJANPURA,MANI SELVARAJ,123456789,,641601,TAMIL NADU,TAMIL NADU,15 MUTHUSWAMY GOUNDER VEEDU VALIPALAYAM LANE TIRUPURVA LIPALAYAM TIRUPUR COIMBATORE TAMIL NADU 641601,PREPAID,20,,,,,,
2366,,,,LEX DIGITAL,123456789,,,110053,BHAJANPURA,DELHI,BHAJANPURA,SONALI SANDEEP POWAR,123456789,,416122,MAHARASHTRA,MAHARASHTRA,AT POST TOK TQHATKANDEKOLAHAPUR KOLHAPUR MAHARASHTRA 416122,PREPAID,20,,,,,,
2367,,,,LEX DIGITAL,123456789,,,110053,BHAJANPURA,DELHI,BHAJANPURA,BADDAM SUPRIYA,123456789,,501203,TELANGANA,TELANGANA,H NO 3-90 WARD 5 KONDAKAL K V RANGAREDDY TELANGANA 501203,PREPAID,20,,,,,,
2368,,,,LEX DIGITAL,123456789,,,110053,BHAJANPURA,DELHI,BHAJANPURA,HIRACHAND VASANTRAO MAGAR,123456789,,415540,MAHARASHTRA,MAHARASHTRA,860 LODHAWADEPOST GONDAWALE TAL MAN DIST SATARA MAHARASHTRA 415540,PREPAID,20,,,,,,
2369,,,,LEX DIGITAL,123456789,,,110053,BHAJANPURA,DELHI,BHAJANPURA,BOLLI ARUN KUMAR,123456789,,500028,TELANGANA,TELANGANA,"H NO 12-2-790/167/A/118 SR 1/72 SRI RAM NAGAR,GUDIMALAKPUR, HUMAYUNNAGAR, ASIFNAGAR KARIMNAGAR TELANGANA 500028",PREPAID,20,,,,,,
2370,,,,LEX DIGITAL,123456789,,,110053,BHAJANPURA,DELHI,BHAJANPURA,SHANKAR LAL ADVANA,123456789,,465116,MADHYA PRADESH,MADHYA PRADESH,212NEEM CHOUK SHAJAPUR MADHYA PRADESH 465116,PREPAID,20,,,,,,
2371,,,,LEX DIGITAL,123456789,,,110053,BHAJANPURA,DELHI,BHAJANPURA,BHASKER NAMBI,123456789,,500015,TELANGANA,TELANGANA,H NO 23-522 PNO 16 BHOOFEVI BAGEAR LOTHUKUNTA 2663 TEL ANGANAHYDERABAD HYDERABAD TELANGANA 500015,PREPAID,20,,,,,,
2372,,,,LEX DIGITAL,123456789,,,110053,BHAJANPURA,DELHI,BHAJANPURA,CHEPURI HARI PRASAD,123456789,,500070,TELANGANA,TELANGANA,"PLOT NO 18 ROAD 2,MUDIRAJ COLONY,INFORMATION COLONY RANGA REDDY TELANGANA 500070",PREPAID,20,,,,,,
2373,,,,LEX DIGITAL,123456789,,,110053,BHAJANPURA,DELHI,BHAJANPURA,VIJAY KUMAR PINNINTI,123456789,,531116,ANDHRA PRADESH,ANDHRA PRADESH,14-5RAMARAO PETA NARSIPATNAM VISHAKHAPATNAM ANDHRA PRADESH 531116,PREPAID,20,,,,,,
2374,,,,LEX DIGITAL,123456789,,,110053,BHAJANPURA,DELHI,BHAJANPURA,PRADIP BHATTACHARJEE,123456789,,700059,WEST BENGAL,WEST BENGAL,D-4 SUDIPA APARTMENT RAJARHAT GOPALPURHATIARA ROAD JAG RITI SANGHA CLUB 24 PARGANAS WEST BENGAL 700059,PREPAID,20,,,,,,
2375,,,,LEX DIGITAL,123456789,,,110053,BHAJANPURA,DELHI,BHAJANPURA,GAJENDRA GAJENDRA,123456789,,517424,ANDHRA PRADESH,ANDHRA PRADESH,6-23BANDAPALLI CHITTOOR ANDHRA PRADESH 517424,PREPAID,20,,,,,,
2376,,,,LEX DIGITAL,123456789,,,110053,BHAJANPURA,DELHI,BHAJANPURA,BABIBEN SUDHIRBHAI RAVAT,123456789,,390001,GUJARAT,GUJARAT,6410 DVARKA APARTMENT PM AWAS NR SIMANDHARSTATUS DEVA NAGAR GOTA CHANDLODIYA VADODARA GUJARAT 390001,PREPAID,20,,,,,,
2377,,,,LEX DIGITAL,123456789,,,110053,BHAJANPURA,DELHI,BHAJANPURA,CHIGULLAPALLY CHANDRASEKHAR,123456789,,500005,TELANGANA,TELANGANA,HIG-18 PHESE-2 HB COLONY LAXMIGUDA MAILARDEV PALLY PALLECHERU KESHOGIRI RAJENDRANAGAR HYDERABAD TELANGANA 500005,PREPAID,20,,,,,,
2378,,,,LEX DIGITAL,123456789,,,110053,BHAJANPURA,DELHI,BHAJANPURA,MAHENDRA GUNJI,123456789,,524309,ANDHRA PRADESH,ANDHRA PRADESH,NEAR ASSRAMTHATIPARTHI NELLORE ANDHRA PRADESH 524309,PREPAID,20,,,,,,
2379,,,,LEX DIGITAL,123456789,,,110053,BHAJANPURA,DELHI,BHAJANPURA,SIJU CHIRAMEL PUTHUPPARAMBIL KURIAN,123456789,,686013,KERALA,KERALA,HEAVENS VILLANATTAKYOM KOTTAYAM KERALA 686013,PREPAID,20,,,,,,
2380,,,,LEX DIGITAL,123456789,,,110053,BHAJANPURA,DELHI,BHAJANPURA,VELUSAMY THIYAGARAJAN,123456789,,641687,TAMIL NADU,TAMIL NADU,177 KULATHUPUDUR ANDIPALAYAM COIMBATORE TAMIL NADU 641687,PREPAID,20,,,,,,
2381,,,,LEX DIGITAL,123456789,,,110053,BHAJANPURA,DELHI,BHAJANPURA,NAGESWARA RAO KAMMILA,123456789,,533102,ANDHRA PRADESH,ANDHRA PRADESH,"DNO1-80, GADALA,PALACHARLAROAD,,RAJAHMUNDRY RURAL EAST GODAVARI ANDHRA PRADESH 533102",PREPAID,20,,,,,,
2382,,,,LEX DIGITAL,123456789,,,110053,BHAJANPURA,DELHI,BHAJANPURA,VELUSAMI MASANIMUTHU,123456789,,641666,TAMIL NADU,TAMIL NADU,"1/239, BABUJI NAGAR, KALAMPALAYAM, TIRUPUR COIMBATORE TAMIL NADU 641666",PREPAID,20,,,,,,
2383,,,,LEX DIGITAL,123456789,,,110053,BHAJANPURA,DELHI,BHAJANPURA,TAJVALI SHAIK,123456789,,522101,ANDHRA PRADESH,ANDHRA PRADESH,DOOR NO 4-11-10INDRA COLONY 11TH WARD BAPATLA GUNTUR ANDHRA PRADESH 522101,PREPAID,20,,,,,,
2384,,,,LEX DIGITAL,123456789,,,110053,BHAJANPURA,DELHI,BHAJANPURA,PATHAPALLY KRISHNA,123456789,,500018,TELANGANA,TELANGANA,12-2-136 AMBEDKAR NAGAR HYD HYDERABAD TELANGANA 500018,PREPAID,20,,,,,,
2385,,,,LEX DIGITAL,123456789,,,110053,BHAJANPURA,DELHI,BHAJANPURA,BALWINDER SINGH,123456789,,140301,PUNJAB,PUNJAB,H NO49 VILLAGE BADALI KHARAR MOHALISTREET NO 1 MOHALI PUNJAB 140301,PREPAID,20,,,,,,
2386,,,,LEX DIGITAL,123456789,,,110053,BHAJANPURA,DELHI,BHAJANPURA,SETHUPATHI SETHUPATHI,123456789,,631502,TAMIL NADU,TAMIL NADU,194PERUMAL KOVIL STREET PADUNELLI VILLAGE KANCHEEPURA M KANCHIPURAM TAMIL NADU 631502,PREPAID,20,,,,,,
2387,,,,LEX DIGITAL,123456789,,,110053,BHAJANPURA,DELHI,BHAJANPURA,VIKRAM VIJAY VARSHAN ALLI,123456789,,500079,TELANGANA,TELANGANA,10-222POLT NO83NEW GAYATRINAGARPHASE2ROAD NO 12JE LLIUGUDARRDISTHYDERABAD RANGA REDDY TELANGANA 500079,PREPAID,20,,,,,,
2388,,,,LEX DIGITAL,123456789,,,110053,BHAJANPURA,DELHI,BHAJANPURA,SURAJ RAHI,123456789,,144023,PUNJAB,PUNJAB,530VPO DAKOHA JALANDHAR PUNJAB 144023,PREPAID,20,,,,,,
2389,,,,LEX DIGITAL,123456789,,,110053,BHAJANPURA,DELHI,BHAJANPURA,SONIKA GOEL,123456789,,500027,TELANGANA,TELANGANA,HYDERABADHYDERABAD HYDERABAD TELANGANA 500027,PREPAID,20,,,,,,
2390,,,,LEX DIGITAL,123456789,,,110053,BHAJANPURA,DELHI,BHAJANPURA,UDATA KANAKARAJU,123456789,,500062,TELANGANA,TELANGANA,"PLOT NO 78 NEHURU NAGAR COLONY, KAPRA SECUNDERABAD , HYDERABAD, TELANGANA. HYDERABAD TELANGANA 500062",PREPAID,20,,,,,,
2391,,,,LEX DIGITAL,123456789,,,110053,BHAJANPURA,DELHI,BHAJANPURA,VEERAPRASANNA KUMAR YAMARTHI,123456789,,523262,ANDHRA PRADESH,ANDHRA PRADESH,5-33MAINLINGAMAGUNTAPRAKASAMLINGAMAGUNTA PRAKASAM ANDHRA PRADESH 523262,PREPAID,20,,,,,,
2392,,,,LEX DIGITAL,123456789,,,110053,BHAJANPURA,DELHI,BHAJANPURA,VIJENDRA SINGH,123456789,,456010,MADHYA PRADESH,MADHYA PRADESH,70 SHIVDHAM COLONYPANWASA UJJAIN MADHYA PRADESH 456010,PREPAID,20,,,,,,
2393,,,,LEX DIGITAL,123456789,,,110053,BHAJANPURA,DELHI,BHAJANPURA,KOTTUR SUDARSHAN,123456789,,503001,TELANGANA,TELANGANA,"H.NO.3-3-440/12, GAYATHRI NAGAR NIZAMABAD TELANGANA 503001",PREPAID,20,,,,,,
2394,,,,LEX DIGITAL,123456789,,,110053,BHAJANPURA,DELHI,BHAJANPURA,MANOJ NAIN,123456789,,122001,HARYANA,HARYANA,HOUSE NO 922 4TH FLOORSECTOR 5 GURGAON HARYANA 122001,PREPAID,20,,,,,,
2395,,,,LEX DIGITAL,123456789,,,110053,BHAJANPURA,DELHI,BHAJANPURA,BOBBURI SAI KUMAR,123456789,,500088,TELANGANA,TELANGANA,2-22 SAPTHAGIRI COLONY NAREPALLE SAMSKRUTHI GHATKESAR K V RANGAREDDY TELANGANA 500088,PREPAID,20,,,,,,
2396,,,,LEX DIGITAL,123456789,,,110053,BHAJANPURA,DELHI,BHAJANPURA,KAPIL JAYANTILAL MEHTA,123456789,,600021,TAMIL NADU,TAMIL NADU,53 KRISHNAPPA AGRAHARAM STREET KONDITHOPE CHENNAI TAMIL NADU 600021,PREPAID,20,,,,,,
2397,,,,LEX DIGITAL,123456789,,,110053,BHAJANPURA,DELHI,BHAJANPURA,AASHISH KUMAR,123456789,,134204,HARYANA,HARYANA,HOUSE NO 564V O P GARHI KOTAHA DISTT PANCHKULA HARY ANA HARYANA 134204,PREPAID,20,,,,,,
2398,,,,LEX DIGITAL,123456789,,,110053,BHAJANPURA,DELHI,BHAJANPURA,SUNIL KUMAR YAMULA,123456789,,500097,TELANGANA,TELANGANA,FLAT NO 204 GMRC FORTUNE TOWERSTMR ENCLAVE SITA HOMES MEERPET BALAPUR HYDERABAD TELANGANA 500097,PREPAID,20,,,,,,
2399,,,,LEX DIGITAL,123456789,,,110053,BHAJANPURA,DELHI,BHAJANPURA,VIJAYA KUMAR KONDURU,123456789,,522330,ANDHRA PRADESH,ANDHRA PRADESH,"1-99, CHINNAPALEM,CHINAPALEM, GUNTUR ANDHRA PRADESH 522330",PREPAID,20,,,,,,
2400,,,,LEX DIGITAL,123456789,,,110053,BHAJANPURA,DELHI,BHAJANPURA,ISSAC DEVARAKONDA,123456789,,523201,ANDHRA PRADESH,ANDHRA PRADESH,1-53 CHAKRAYAPALEM ADDANKICHAKRAYAPALEM ADDANKI M D BAPATLA PRAKASAM ANDHRA PRADESH 523201,PREPAID,20,,,,,,
2401,,,,LEX DIGITAL,123456789,,,110053,BHAJANPURA,DELHI,BHAJANPURA,JAIRAM VERMA,123456789,,466111,MADHYA PRADESH,MADHYA PRADESH,WHAT NOB 107 SEHORE MADHYA PRADESH 466111,PREPAID,20,,,,,,
2402,,,,LEX DIGITAL,123456789,,,110053,BHAJANPURA,DELHI,BHAJANPURA,DURGA DEVI BEZAWADA,123456789,,523001,ANDHRA PRADESH,ANDHRA PRADESH,35-3-71SEETHARAMPURAM ONGOLE PRAKASAM ANDHRA PRADESH 523001,PREPAID,20,,,,,,
2403,,,,LEX DIGITAL,123456789,,,110053,BHAJANPURA,DELHI,BHAJANPURA,AMOL PRALHAD SONTAKKE,123456789,,444505,MAHARASHTRA,MAHARASHTRA,AT POST KAJALAMBANEAR BY JILHA PARISHAD SCHOOL KAJALAM BA WASHIM MAHARASHTRA 444505,PREPAID,20,,,,,,
2404,,,,LEX DIGITAL,123456789,,,110053,BHAJANPURA,DELHI,BHAJANPURA,SHRAVANTHI ARUMULLA,123456789,,505215,TELANGANA,TELANGANA,4-2-1901APCOLONYNTPCRAMAGUNDAM KARIMNAGAR TELANGANA 505215,PREPAID,20,,,,,,
2405,,,,LEX DIGITAL,123456789,,,110053,BHAJANPURA,DELHI,BHAJANPURA,SAGAR UMAKANT PALLEWAR,123456789,,413304,MAHARASHTRA,MAHARASHTRA,1585 BHONGDAE GALLI NEAR BY NAG CHOWK PANDHARPUR SOLA PURNEAR SOLAPUR MAHARASHTRA 413304,PREPAID,20,,,,,,
2406,,,,LEX DIGITAL,123456789,,,110053,BHAJANPURA,DELHI,BHAJANPURA,SACHIN SACHIN,123456789,,131001,HARYANA,HARYANA,MAYUR VIHARGALI NO 23 SONIPAT HARYANA 131001,PREPAID,20,,,,,,
2407,,,,LEX DIGITAL,123456789,,,110053,BHAJANPURA,DELHI,BHAJANPURA,SUDIP MAHAPATRA,123456789,,700125,WEST BENGAL,WEST BENGAL,FORTUNE HEIGHTS BARASATBARASAT 24 PARGANAS WEST BENGAL 700125,PREPAID,20,,,,,,
2408,,,,LEX DIGITAL,123456789,,,110053,BHAJANPURA,DELHI,BHAJANPURA,JYOTHI TIRUMALASETTI,123456789,,522307,ANDHRA PRADESH,ANDHRA PRADESH,22-472TURPU BAZAR KHAZIPET GUNTUR ANDHRA PRADESH 522307,PREPAID,20,,,,,,
2409,,,,LEX DIGITAL,123456789,,,110053,BHAJANPURA,DELHI,BHAJANPURA,MAGGIDIWAR VAMSHI KRISHNA,123456789,,504001,TELANGANA,TELANGANA,2-3-123/1 KHANAPUR ADILABAD TELANGANA 504001,PREPAID,20,,,,,,
2410,,,,LEX DIGITAL,123456789,,,110053,BHAJANPURA,DELHI,BHAJANPURA,PAWANKUMAR TIWARI,123456789,,421401,MAHARASHTRA,MAHARASHTRA,C 101 MADHUSUDAN RESHIDENCYMURBAD DIST THANE 421401 MAHARASHTRA,PREPAID,20,,,,,,
2411,,,,LEX DIGITAL,123456789,,,110053,BHAJANPURA,DELHI,BHAJANPURA,NARENDRA NAYUDUGARI,123456789,,517502,ANDHRA PRADESH,ANDHRA PRADESH,3-29DHANALAKSHMI NAGAR CHITTOOR ANDHRA PRADESH 517502,PREPAID,20,,,,,,
2412,,,,LEX DIGITAL,123456789,,,110053,BHAJANPURA,DELHI,BHAJANPURA,UJJOTHULA MAHADEVUDU,123456789,,509128,TELANGANA,TELANGANA,"H.NO-6-121 ITIKYAL MANDALAMU BOCHUVEERAPUR,PUTTANDODDI PUTTANDODDI KARIMNAGAR TELANGANA 509128",PREPAID,20,,,,,,
2413,,,,LEX DIGITAL,123456789,,,110053,BHAJANPURA,DELHI,BHAJANPURA,CHERUKURU KHAJARAHAMTHULLA,123456789,,524228,ANDHRA PRADESH,ANDHRA PRADESH,335MASEED STREET NELLORE ANDHRA PRADESH 524228,PREPAID,20,,,,,,
2414,,,,LEX DIGITAL,123456789,,,110053,BHAJANPURA,DELHI,BHAJANPURA,MANISH SAND,123456789,,641001,TAMIL NADU,TAMIL NADU,23SWASTIK APPARTMENTSHANMUGA NAGAR COIMBATORE TAMIL NADU 641001,PREPAID,20,,,,,,
2415,,,,LEX DIGITAL,123456789,,,110053,BHAJANPURA,DELHI,BHAJANPURA,SUKHDEV SINGH,123456789,,121005,HARYANA,HARYANA,H NO 183 LAL KOTHI SANJAY COLONY SECTOR 23 FARIDABAD HARYANA 121005,PREPAID,20,,,,,,
2416,,,,LEX DIGITAL,123456789,,,110053,BHAJANPURA,DELHI,BHAJANPURA,SUBRAMANI PERUMAL,123456789,,625017,TAMIL NADU,TAMIL NADU,HNO 598 T N H B COLONY TAMIL MAIN VEETHI KAMARAJARST REET KOODALPUDUR SECTOR6 KAMARAJARSTREET KOOD MADURAI NADU 625017,PREPAID,20,,,,,,
2417,,,,LEX DIGITAL,123456789,,,110053,BHAJANPURA,DELHI,BHAJANPURA,ANKURBHAI DHANJIBHAI CHIKHLIYA,123456789,,363641,GUJARAT,GUJARAT,MORBI RAJKOT GUJARAT 363641,PREPAID,20,,,,,,
2418,,,,LEX DIGITAL,123456789,,,110053,BHAJANPURA,DELHI,BHAJANPURA,MOHD JAVED AKHTAR,123456789,,134113,HARYANA,HARYANA,"S/O MOHD JAKIR HUSAIN, 252, ABHAYPUR, SECTOR 19, PANC HKULA PANCHKULA, 15 PANCHKU PANCHKULA HARYANA 134113",PREPAID,20,,,,,,
2419,,,,LEX DIGITAL,123456789,,,110053,BHAJANPURA,DELHI,BHAJANPURA,ATHIMOOLAM PAVENDHAN,123456789,,625205,TAMIL NADU,TAMIL NADU,364MADURAI CITY MADURAI TAMIL NADU 625205,PREPAID,20,,,,,,
2420,,,,LEX DIGITAL,123456789,,,110053,BHAJANPURA,DELHI,BHAJANPURA,VIGNESH VIGNESH,123456789,,613402,TAMIL NADU,TAMIL NADU,T B SANATORIYAM THANJAVUR TAMIL NADU 613402,PREPAID,20,,,,,,
2421,,,,LEX DIGITAL,123456789,,,110053,BHAJANPURA,DELHI,BHAJANPURA,VITTHAL RANGARAO PATIL,123456789,,416205,MAHARASHTRA,MAHARASHTRA,"216,JYOTIRLING MANDIR KOLHAPUR MAHARASHTRA 416205",PREPAID,20,,,,,,
2422,,,,LEX DIGITAL,123456789,,,110053,BHAJANPURA,DELHI,BHAJANPURA,VENKATA ANIL KONDA,123456789,,522601,ANDHRA PRADESH,ANDHRA PRADESH,3-23-31 11TH LANEPEDDA CHERUVU NARASARAOPET GUNTUR ANDHRA PRADESH 522601,PREPAID,20,,,,,,
2423,,,,LEX DIGITAL,123456789,,,110053,BHAJANPURA,DELHI,BHAJANPURA,GADDAKRINDA RAMANA,123456789,,516259,ANDHRA PRADESH,ANDHRA PRADESH,KADAPAOBULANAYANIPALLI VGANDIKOVVURU CHAKRAYAPETAM KADAPA CUDDAPAH ANDHRA PRADESH 516259,PREPAID,20,,,,,,
2424,,,,LEX DIGITAL,123456789,,,110053,BHAJANPURA,DELHI,BHAJANPURA,SHAHED HUSSIAN MEERJA,123456789,,521001,ANDHRA PRADESH,ANDHRA PRADESH,H NO - 3165- 31NOORI NAGAR MTM KRISHNA ANDHRA PRADESH 521001,PREPAID,20,,,,,,
2425,,,,LEX DIGITAL,123456789,,,110053,BHAJANPURA,DELHI,BHAJANPURA,SAJID MOHAMMAD UMAR ANSARI,123456789,,422402,MAHARASHTRA,MAHARASHTRA,2416 ASTVINAYAK NAGAR GHOTIKALUSTA ROAD GHOTI IGATPURI NASHIK MAHARASHTRA 422402,PREPAID,20,,,,,,
2426,,,,LEX DIGITAL,123456789,,,110053,BHAJANPURA,DELHI,BHAJANPURA,MADHURI RAMAKANT SAWANT,123456789,,411014,MAHARASHTRA,MAHARASHTRA,SARVE NO481B KAMBLE HOUSE FLT2EKNATH KAKA PATHARE VAS TI CHANDAN NAGER DURGA MATA TEMPLE BIHAND PUNE MAHARASHTRA 411014,PREPAID,20,,,,,,
2427,,,,LEX DIGITAL,123456789,,,110053,BHAJANPURA,DELHI,BHAJANPURA,VAJROJU RAGHAVA CHARY,123456789,,500047,TELANGANA,TELANGANA,7-55/1/9 BALA SARASWATHI NAGAR MALKAJGIRI HYDERABAD TELANGANA 500047,PREPAID,20,,,,,,
2428,,,,LEX DIGITAL,123456789,,,110053,BHAJANPURA,DELHI,BHAJANPURA,MADAN KUMAR,123456789,,122107,HARYANA,HARYANA,PLOT NO 103VITIKA KUNJC- BLOCKGALI 12EGURGAON GURGAON HARYANA 122107,PREPAID,20,,,,,,
2429,,,,LEX DIGITAL,123456789,,,110053,BHAJANPURA,DELHI,BHAJANPURA,ASIF KHAN,123456789,,457001,MADHYA PRADESH,MADHYA PRADESH,J9 JAWAHAR NAGAR RATLAMJAWAHAR RATLAM MP MADHYA PRADESH 457001,PREPAID,20,,,,,,
2430,,,,LEX DIGITAL,123456789,,,110053,BHAJANPURA,DELHI,BHAJANPURA,MOHAMMED OMER AHMED,123456789,,500059,TELANGANA,TELANGANA,"18-8-250/3,JAMAL COLONY HYDERABAD TELANGANA 500059",PREPAID,20,,,,,,
2431,,,,LEX DIGITAL,123456789,,,110053,BHAJANPURA,DELHI,BHAJANPURA,UMESH HARIBHAU MODHOHIYA,123456789,,441302,MAHARASHTRA,MAHARASHTRA,10 SHIVAJI NAGAR SAWARGAON TOAD KATOLNEAR SHIVMERI B AR AND RESTAURANT KATOL NAGPUR MAHARASHTRA 441302,PREPAID,20,,,,,,
2432,,,,LEX DIGITAL,123456789,,,110053,BHAJANPURA,DELHI,BHAJANPURA,RAMASAMY KANNUSAMY,123456789,,641602,TAMIL NADU,TAMIL NADU,3483 A2S GURUVAYURAPPAN NAGAREST NRT 7TH STREET SAMAY APURAMMAARIYAMMAN KOVIL NERUPERUCHAL TIRUPPU TIRUPUR TAMIL NADU 641602,PREPAID,20,,,,,,
2433,,,,LEX DIGITAL,123456789,,,110053,BHAJANPURA,DELHI,BHAJANPURA,PANKAJ BALAIYA,123456789,,470002,MADHYA PRADESH,MADHYA PRADESH,45 VAIDHO KI GALICHAKRAGHAT WARD SAGAR MADHYA PRADESH 470002,PREPAID,20,,,,,,
2434,,,,LEX DIGITAL,123456789,,,110053,BHAJANPURA,DELHI,BHAJANPURA,SHISHUPAL SONPAL BAGHEL,123456789,,412201,MAHARASHTRA,MAHARASHTRA,PLOT NO 18 YESHWANT COLONY NEAR LONI KALBHOUR PUNE 4122 01PUNE MAHARASHTRA 412201,PREPAID,20,,,,,,
2435,,,,LEX DIGITAL,123456789,,,110053,BHAJANPURA,DELHI,BHAJANPURA,SREEGIRI JOHN JAYAKAR,123456789,,518002,ANDHRA PRADESH,ANDHRA PRADESH,183MARUTHI NAGAR KURNOOL ANDHRA PRADESH 518002,PREPAID,20,,,,,,
2436,,,,LEX DIGITAL,123456789,,,110053,BHAJANPURA,DELHI,BHAJANPURA,YAMALA RAMA KRISHNA,123456789,,502032,TELANGANA,TELANGANA,SANGAREDDYBEERAMGUDA MEDAK TELANGANA 502032,PREPAID,20,,,,,,
2437,,,,LEX DIGITAL,123456789,,,110053,BHAJANPURA,DELHI,BHAJANPURA,MANMOHANKRISHAN MANMOHANKRISHAN,123456789,,136027,HARYANA,HARYANA,SO BALDEV RAJ HOUSE NUMBER 55GALI 2 KHURANA ROA D WARD 3 KAITHALKAITHAL HARYANA KAITHAL 136027,PREPAID,20,,,,,,
2438,,,,LEX DIGITAL,123456789,,,110053,BHAJANPURA,DELHI,BHAJANPURA,REKANARU REKANARU,123456789,,533005,ANDHRA PRADESH,ANDHRA PRADESH,6-864VENKATESWARA EAST GODAVARI ANDHRA PRADESH 533005,PREPAID,20,,,,,,
2439,,,,LEX DIGITAL,123456789,,,110053,BHAJANPURA,DELHI,BHAJANPURA,KANDAMUTHAN ARJUNAN,123456789,,678004,KERALA,KERALA,9525KODUNTHIRAPULLY PALAKKAD- KERALA 678004,PREPAID,20,,,,,,
2440,,,,LEX DIGITAL,123456789,,,110053,BHAJANPURA,DELHI,BHAJANPURA,VISHAL ASHOK BHAGWAT,123456789,,414111,MAHARASHTRA,MAHARASHTRA,SAIRAJ NAGAR REKUNAKANAR BOLHEGAOBOLHEGAO AHMED MAHARASHTRA 414111,PREPAID,20,,,,,,
2441,,,,LEX DIGITAL,123456789,,,110053,BHAJANPURA,DELHI,BHAJANPURA,SONAL JAYESH RATHOD,123456789,,401303,MAHARASHTRA,MAHARASHTRA,307BSHRIPAL SHANTI COMPLEX SARVA BUILDING VIRAR WEST VIVA COLLEGE ROAD BESIDE DOMINOS THANE MAHARASHTRA 401303,PREPAID,20,,,,,,
2442,,,,LEX DIGITAL,123456789,,,110053,BHAJANPURA,DELHI,BHAJANPURA,ABDUL QAYYUM,123456789,,500064,TELANGANA,TELANGANA,19-5-80/1 NANDI MUSALI GUDA KISHAN BAGH BAHADURPURA NEAR QULI QUTUB SHAHI MASJID HYDERABAD TELANGANA 500064,PREPAID,20,,,,,,
2443,,,,LEX DIGITAL,123456789,,,110053,BHAJANPURA,DELHI,BHAJANPURA,RAJANGAM SELLATHAMBI,123456789,,614207,TAMIL NADU,TAMIL NADU,"4/120,AYYANAR KOIL STREET,RAJAGIRI, THANJAVUR TAMIL NADU 614207",PREPAID,20,,,,,,
2444,,,,LEX DIGITAL,123456789,,,110053,BHAJANPURA,DELHI,BHAJANPURA,SREENUVASU MURALASETTI,123456789,,533445,ANDHRA PRADESH,ANDHRA PRADESH,17-2-50 DEVINAGARAM GOLLAPROLUGOLLAPROLU KAKINADA EAST GODAVARI ANDHRA PRADESH 533445,PREPAID,20,,,,,,
2445,,,,LEX DIGITAL,123456789,,,110053,BHAJANPURA,DELHI,BHAJANPURA,RAVINDRA ISHUJI PAHUNE,123456789,,440017,MAHARASHTRA,MAHARASHTRA,1128A NAGPUR MAHARASHTRA 440017,PREPAID,20,,,,,,
2446,,,,LEX DIGITAL,123456789,,,110053,BHAJANPURA,DELHI,BHAJANPURA,RAJESH NIGAM,123456789,,475110,MADHYA PRADESH,MADHYA PRADESH,225AMBEDKAR COLONY PICHHOR TIRAHA DABRA GWALIOR MADHYA PRADESH 475110,PREPAID,20,,,,,,
2447,,,,LEX DIGITAL,123456789,,,110053,BHAJANPURA,DELHI,BHAJANPURA,POLKAM BHARGAVI,123456789,,500048,TELANGANA,TELANGANA,HNO 4-9-103 HUDA COLONY ATTAPUR RAJENDERA NAGAR RANGAREDDY HYDERABAD TELANGANA 500048,PREPAID,20,,,,,,
2448,,,,LEX DIGITAL,123456789,,,110053,BHAJANPURA,DELHI,BHAJANPURA,SHRIRAM RAOSAHEB WAGHMARE,123456789,,400612,MAHARASHTRA,MAHARASHTRA,NO3DIVA THANE MAHARASHTRA 400612,PREPAID,20,,,,,,
2449,,,,LEX DIGITAL,123456789,,,110053,BHAJANPURA,DELHI,BHAJANPURA,CHENNAIAH BUSSA,123456789,,534211,ANDHRA PRADESH,ANDHRA PRADESH,35258BOMMALAVEEDI WEST GODAVARI ANDHRA PRADESH 534211,PREPAID,20,,,,,,
2450,,,,LEX DIGITAL,123456789,,,110053,BHAJANPURA,DELHI,BHAJANPURA,DANISH ALI SAYYED HIDAYAT QAMAR ALI SAYYED,123456789,,440030,MAHARASHTRA,MAHARASHTRA,PLOT NO 13B GALLI 5 BEHIND HANUMAN MANDIR KIRAD LAYOUT MANKAPUR NAGPUR MAHARASHTRAPLOT MAHARASHTRA 440030,PREPAID,20,,,,,,
2451,,,,LEX DIGITAL,123456789,,,110053,BHAJANPURA,DELHI,BHAJANPURA,MOHAMMD YASIN,123456789,,334001,RAJASTHAN,RAJASTHAN,WARD NO16 SHIPIYAN BIKANER RAJASTHAN 334001,PREPAID,20,,,,,,
2452,,,,LEX DIGITAL,123456789,,,110053,BHAJANPURA,DELHI,BHAJANPURA,ZAKIR HUSSAIN AFZAL BAIG,123456789,,431001,MAHARASHTRA,MAHARASHTRA,"48 SI LAND RAM MANDIR,MILTERY QUTAR AURANGABAD MAHARASHTRA 431001",PREPAID,20,,,,,,
2453,,,,LEX DIGITAL,123456789,,,110053,BHAJANPURA,DELHI,BHAJANPURA,SUDHEER GUDURU,123456789,,524411,ANDHRA PRADESH,ANDHRA PRADESH,000B C COLONY BC VENNKANNAPALEM KOTA V KOTA000B COL NELLORE ANDHRA PRADESH 524411,PREPAID,20,,,,,,
2454,,,,LEX DIGITAL,123456789,,,110053,BHAJANPURA,DELHI,BHAJANPURA,PAWAN PAREEK,123456789,,331403,RAJASTHAN,RAJASTHAN,ASPALSAR BARA SARDARSHAHAR CHURU RAJASTHAN 331403,PREPAID,20,,,,,,
2455,,,,LEX DIGITAL,123456789,,,110053,BHAJANPURA,DELHI,BHAJANPURA,DILIP SURYAVANSHI,123456789,,456006,MADHYA PRADESH,MADHYA PRADESH,171JAITHAL HANUMAN MANDIR KE PAS UJJAIN MADHYA PRADESH 456006,PREPAID,20,,,,,,
2456,,,,LEX DIGITAL,123456789,,,110053,BHAJANPURA,DELHI,BHAJANPURA,SACHIN PRAKASH NAHAK,123456789,,421102,MAHARASHTRA,MAHARASHTRA,ROOM NO C1 DR HOME ANDAKAR ROAD ATALI GAONAMBIWEST THANE MAHARASHTRA 421102,PREPAID,20,,,,,,
2457,,,,LEX DIGITAL,123456789,,,110053,BHAJANPURA,DELHI,BHAJANPURA,YERPULA NIRMALA,123456789,,507122,TELANGANA,TELANGANA,H.NO.-124 KAMEPALLI KHAMMAM TELANGANA 507122,PREPAID,20,,,,,,
2458,,,,LEX DIGITAL,123456789,,,110053,BHAJANPURA,DELHI,BHAJANPURA,GEETHA DHAVAL PRAJAPATHI,123456789,,385310,GUJARAT,GUJARAT,"5/1PATELVASH,THARA THARAD BANASKANTHA GUJARAT 385310",PREPAID,20,,,,,,
2459,,,,LEX DIGITAL,123456789,,,110053,BHAJANPURA,DELHI,BHAJANPURA,GAJANAN BALAJI PAWAR,123456789,,411041,MAHARASHTRA,MAHARASHTRA,MATOSHREE BLDGNEAR RENUKA NAGARI PUNE MAHARASHTRA 411041,PREPAID,20,,,,,,
2460,,,,LEX DIGITAL,123456789,,,110053,BHAJANPURA,DELHI,BHAJANPURA,RAJU MANGILAL TELI,123456789,,380016,GUJARAT,GUJARAT,GUJARAT AHMEDABAD 380016,PREPAID,20,,,,,,
2461,,,,LEX DIGITAL,123456789,,,110053,BHAJANPURA,DELHI,BHAJANPURA,SURAJ SHARAD MORASKAR,123456789,,416216,MAHARASHTRA,MAHARASHTRA,"YASHAVANT KILLA DAVANE GALLI KAGAL,SANGAT NAKA KAGAL KOLHAPUR MAHARASHTRA 416216",PREPAID,20,,,,,,
2462,,,,LEX DIGITAL,123456789,,,110053,BHAJANPURA,DELHI,BHAJANPURA,MONIKA BADGURJAR,123456789,,452010,MADHYA PRADESH,MADHYA PRADESH,H NO 89VIJAY NAGAR INDORE MADHYA PRADESH 452010,PREPAID,20,,,,,,
2463,,,,LEX DIGITAL,123456789,,,110053,BHAJANPURA,DELHI,BHAJANPURA,MAYALURU JAMALBASHA,123456789,,516390,ANDHRA PRADESH,ANDHRA PRADESH,4-5-245 SREE SWAMMY VIVEKANANDA STREET VIV EKANANDA CUDDAPAH ANDHRA PRADESH 516390,PREPAID,20,,,,,,
2464,,,,LEX DIGITAL,123456789,,,110053,BHAJANPURA,DELHI,BHAJANPURA,KRISHNAN SARAVANAN,123456789,,625017,TAMIL NADU,TAMIL NADU,"PLOT NO 5, VEL NAGAR, MELAPANANGA DI, NEAR JERUSALAM SC HOOL, VAGAI KULAM,MADURAI MADURAI TAMIL NADU 625017",PREPAID,20,,,,,,
2465,,,,LEX DIGITAL,123456789,,,110053,BHAJANPURA,DELHI,BHAJANPURA,GANISETTY SRINU,123456789,,531173,ANDHRA PRADESH,ANDHRA PRADESH,1-105KANAMAM SONTYAM VISAKHAPATNAM VISHAKHAPATNAM ANDHRA PRADESH 531173,PREPAID,20,,,,,,
2466,,,,LEX DIGITAL,123456789,,,110053,BHAJANPURA,DELHI,BHAJANPURA,SATHISH CHINDAM,123456789,,500049,TELANGANA,TELANGANA,SREE NILAYAM 201MIYAPUR MAYURI NAGAR HYDERABAD TELANGANA 500049,PREPAID,20,,,,,,
2467,,,,LEX DIGITAL,123456789,,,110053,BHAJANPURA,DELHI,BHAJANPURA,NAGENDRA GATTU,123456789,,524346,ANDHRA PRADESH,ANDHRA PRADESH,3-6-37JANGALA KANDRIGA VILLAGE NELLORE ANDHRA PRADESH 524346,PREPAID,20,,,,,,
2468,,,,LEX DIGITAL,123456789,,,110053,BHAJANPURA,DELHI,BHAJANPURA,MANIK JANA,123456789,,500081,TELANGANA,TELANGANA,MADHAPUR HYDERABAD TELANGANA 500081,PREPAID,20,,,,,,
2469,,,,LEX DIGITAL,123456789,,,110053,BHAJANPURA,DELHI,BHAJANPURA,BHARATJI DIVANJI THAKOR,123456789,,384212,GUJARAT,GUJARAT,10 DABHERA VAS MATRASANMATRASAN MODHERA BECHARAJI MAHE SANA MEHSANA GUJARAT 384212,PREPAID,20,,,,,,
2470,,,,LEX DIGITAL,123456789,,,110053,BHAJANPURA,DELHI,BHAJANPURA,KIRAN KUMAR DEVARALA,123456789,,524004,ANDHRA PRADESH,ANDHRA PRADESH,"CHANAKYA PURI,HOUSE NO 622,OPP WATER PLANT,MASJID STREE T,NEAR VMR NAGAR,NELLORE NELLORE ANDHRA PRADESH 524004",PREPAID,20,,,,,,
2471,,,,LEX DIGITAL,123456789,,,110053,BHAJANPURA,DELHI,BHAJANPURA,KEDAR JAYAWANT SHELKE,123456789,,410206,MAHARASHTRA,MAHARASHTRA,FLAT NO 101 M WING RAJE SHIVAJI SANKUL 2AT USARLI KHUR D PANVEL RAIGAD RAIGARH MH MAHARASHTRA 410206,PREPAID,20,,,,,,
2472,,,,LEX DIGITAL,123456789,,,110053,BHAJANPURA,DELHI,BHAJANPURA,SANTOSH SHASHIKANT MALAGE,123456789,,413006,MAHARASHTRA,MAHARASHTRA,151 KALLAPPANNA NAGER SOLAPURMIDC VINAYAK ROAD S OLAPUR SOLAPUR MAHARASHTRA 413006,PREPAID,20,,,,,,
2473,,,,LEX DIGITAL,123456789,,,110053,BHAJANPURA,DELHI,BHAJANPURA,MOHAMMAD SAHMAT ANSARI,123456789,,141008,PUNJAB,PUNJAB,HOUSE NOE102267 STREET NO3 SANYASH NAGAR NAGA R PHAMRA ROAD LUDHIANA PUNJAB 141008,PREPAID,20,,,,,,
2474,,,,LEX DIGITAL,123456789,,,110053,BHAJANPURA,DELHI,BHAJANPURA,TAJ UDDIN CHOUDHURY,123456789,,400058,MAHARASHTRA,MAHARASHTRA,ROOM 226 AFZAL BHAI DRIVER CHAL CD BORFIEWAL JUHU LAIN ANDHERI WEST MUMBAI 400058CD ROAD MAHARASHTRA 400058,PREPAID,20,,,,,,
2475,,,,LEX DIGITAL,123456789,,,110053,BHAJANPURA,DELHI,BHAJANPURA,SACHIN KEVAL BORSE,123456789,,422010,MAHARASHTRA,MAHARASHTRA,FLAT NO 2 OM SHANTI APPTSR 2981 PLOT 20 PATH ARDI PHATA ANAND NAGAR NASHIK MAHARASHTRA 422010,PREPAID,20,,,,,,
2476,,,,LEX DIGITAL,123456789,,,110053,BHAJANPURA,DELHI,BHAJANPURA,DEEPAK KUMAR SHARMA,123456789,,452002,MADHYA PRADESH,MADHYA PRADESH,1827 JAI BHAVANI NAGARBHUTESHWAR ROAD INDORE MADHYA PRADESH 452002,PREPAID,20,,,,,,
2477,,,,LEX DIGITAL,123456789,,,110053,BHAJANPURA,DELHI,BHAJANPURA,JITENDRA CHANDRAKANT NAVRAT,123456789,,400008,MAHARASHTRA,MAHARASHTRA,A116 TIRANGA CHS 1ST FLOOR A WING MR ROAD NAGPADA NEAR GAS COMPANY MUMBAI-400008 MUMBAI MAHARASHTRA 400008,PREPAID,20,,,,,,
2478,,,,LEX DIGITAL,123456789,,,110053,BHAJANPURA,DELHI,BHAJANPURA,KARRA BABU,123456789,,500084,TELANGANA,TELANGANA,"FLOT NO 134A RAGHAVENDRA RESIDENCY COLONY, KONDAPUR RANGA REDDY TELANGANA 500084",PREPAID,20,,,,,,
2479,,,,LEX DIGITAL,123456789,,,110053,BHAJANPURA,DELHI,BHAJANPURA,MOHD NASIRHUSSAIN,123456789,,110025,DELHI,DELHI,NEW FRIENDS COLONY DELHI 110025,PREPAID,20,,,,,,
2480,,,,LEX DIGITAL,123456789,,,110053,BHAJANPURA,DELHI,BHAJANPURA,MANGESH VISHNU SAWANT,123456789,,400055,MAHARASHTRA,MAHARASHTRA,HARI BHAU PATIL CHAWL NEW AGRIPADA SANTACRUZ EASTG1 HA RI EA MUMBAI MAHARASHTRA 400055,PREPAID,20,,,,,,
2481,,,,LEX DIGITAL,123456789,,,110053,BHAJANPURA,DELHI,BHAJANPURA,RAM KUMAR SHARMA,123456789,,335804,RAJASTHAN,RAJASTHAN,ADDRESSDTOOWNERSHIPNULL PINCODE335804 CITYSU RATGARHSTATERAJASTHAN ADDRESSNULL GANGANAGAR RAJASTHAN 335804,PREPAID,20,,,,,,
2482,,,,LEX DIGITAL,123456789,,,110053,BHAJANPURA,DELHI,BHAJANPURA,BABULAL BABULAL,123456789,,458880,MADHYA PRADESH,MADHYA PRADESH,224 BHANA KA DERA VILLAGE BANJARI TEH GAROTH DISTRICT M ANDSOUR224 MANDSAUR MADHYA PRADESH 458880,PREPAID,20,,,,,,
2483,,,,LEX DIGITAL,123456789,,,110053,BHAJANPURA,DELHI,BHAJANPURA,JAVID YASIN JAGRALA,123456789,,401208,MAHARASHTRA,MAHARASHTRA,JAR EMPAIRR303 E VINGVADAI THANE MAHARASHTRA 401208,PREPAID,20,,,,,,
2484,,,,LEX DIGITAL,123456789,,,110053,BHAJANPURA,DELHI,BHAJANPURA,RAGHURAMI REDDY GALLA,123456789,,516172,ANDHRA PRADESH,ANDHRA PRADESH,32A GALLAVANDLAPALLI VILLAGE POSTMYDUKUR MANDAL KADAP A DISTRICT CUDDAPAH ANDHRA PRADESH 516172,PREPAID,20,,,,,,
2485,,,,LEX DIGITAL,123456789,,,110053,BHAJANPURA,DELHI,BHAJANPURA,SAHID ISLAM GAZI,123456789,,743286,WEST BENGAL,WEST BENGAL,BITHARISWARUPNAGAR 24 PARGANAS WEST BENGAL 743286,PREPAID,20,,,,,,
2486,,,,LEX DIGITAL,123456789,,,110053,BHAJANPURA,DELHI,BHAJANPURA,BOLA VENKATA SURENDRA,123456789,,516172,ANDHRA PRADESH,ANDHRA PRADESH,365GALLAVANDLAPALLE CUDDAPAH ANDHRA PRADESH 516172,PREPAID,20,,,,,,
2487,,,,LEX DIGITAL,123456789,,,110053,BHAJANPURA,DELHI,BHAJANPURA,HAUSRAO SAHEBARAO BHALERAO,123456789,,414205,MAHARASHTRA,MAHARASHTRA,LIMBARUI POST MURSHADPUR BEED BEEDLIMBARUI MAHARASHTRA 414205,PREPAID,20,,,,,,
2488,,,,LEX DIGITAL,123456789,,,110053,BHAJANPURA,DELHI,BHAJANPURA,AKULA THEJA,123456789,,509301,TELANGANA,TELANGANA,14-98 SHIVAJI STREET KAVERAMMAPETA JADCHERLA STN. MAHABUB NAGAR TELANGANA 509301,PREPAID,20,,,,,,
2489,,,,LEX DIGITAL,123456789,,,110053,BHAJANPURA,DELHI,BHAJANPURA,VISHAL BAHETI,123456789,,311001,RAJASTHAN,RAJASTHAN,1-N 43RC VYAS COLONY NEAR JAN PRIYA PAN BHILWARA RAJASTHAN 311001,PREPAID,20,,,,,,
2490,,,,LEX DIGITAL,123456789,,,110053,BHAJANPURA,DELHI,BHAJANPURA,PRASAD ASHOK REVADEKAR,123456789,,400011,MAHARASHTRA,MAHARASHTRA,GOKUL A WING N M JOSHI MARG BYCULLABAKARI ADDA BYCULLA MUMBAI 11 MAHARASHTRA 400011,PREPAID,20,,,,,,
2491,,,,LEX DIGITAL,123456789,,,110053,BHAJANPURA,DELHI,BHAJANPURA,ABHA KISHOR JHA,123456789,,411062,MAHARASHTRA,MAHARASHTRA,"A404 GALAXY AVENUE APPARTMENT SECTOR NO11,NEAR SPINE ROADCHIKHLI PRADHIKARANPUNE PUNE MAHARASHTRA 411062",PREPAID,20,,,,,,
2492,,,,LEX DIGITAL,123456789,,,110053,BHAJANPURA,DELHI,BHAJANPURA,PULLAIAH SIRISALA,123456789,,516360,ANDHRA PRADESH,ANDHRA PRADESH,3102JANGAMPETADORASANIPALLIPRODDATUR PIN516360 CUDDAPAH ANDHRA PRADESH 516360,PREPAID,20,,,,,,
2493,,,,LEX DIGITAL,123456789,,,110053,BHAJANPURA,DELHI,BHAJANPURA,SALONI BAPU GAIKWAD,123456789,,411030,MAHARASHTRA,MAHARASHTRA,33 LBH ROAD DANDEKAR BRIDGE NEAR RUHICHICKEN LOKM ANYANAGARMAHARASHTRA PUNE MAHARASHTRA 411030,PREPAID,20,,,,,,
2494,,,,LEX DIGITAL,123456789,,,110053,BHAJANPURA,DELHI,BHAJANPURA,PALIKA TEJESWARARAO,123456789,,533005,ANDHRA PRADESH,ANDHRA PRADESH,VAKALAPUDI 2-2211KAKINADA SURYAMAHALA BC COLANY KAKI NADA EAST GODAVARI ANDHRA PRADESH 533005,PREPAID,20,,,,,,
2495,,,,LEX DIGITAL,123456789,,,110053,BHAJANPURA,DELHI,BHAJANPURA,RAMA ANNAM,123456789,,524344,ANDHRA PRADESH,ANDHRA PRADESH,2261ATCHANNATHOPUVALLURU MUTHUKURSPSR NELLORE ANDHRA PRADESH 524344,PREPAID,20,,,,,,
2496,,,,LEX DIGITAL,123456789,,,110053,BHAJANPURA,DELHI,BHAJANPURA,VISHAL ARUN DEVADE,123456789,,422012,MAHARASHTRA,MAHARASHTRA,PLOT NO 90SHARMIK NAGAR NASHIK MAHARASHTRA 422012,PREPAID,20,,,,,,
2497,,,,LEX DIGITAL,123456789,,,110053,BHAJANPURA,DELHI,BHAJANPURA,JAYKUMAR CHANDRASHEKHAR GEDAM,123456789,,411046,MAHARASHTRA,MAHARASHTRA,FLAT NO 3JADHAV CORNER BUILDINGAMBEGAON BK PUNE MAHARASHTRA 411046,PREPAID,20,,,,,,
2498,,,,LEX DIGITAL,123456789,,,110053,BHAJANPURA,DELHI,BHAJANPURA,GOPI NISHITH SHAH,123456789,,383001,GUJARAT,GUJARAT,J402 ATRI GREENHADIYOL ROAD SABARKANTHA GUJARAT 383001,PREPAID,20,,,,,,
2499,,,,LEX DIGITAL,123456789,,,110053,BHAJANPURA,DELHI,BHAJANPURA,MASUMA LASKAR,123456789,,743329,WEST BENGAL,WEST BENGAL,"639215961532,TITKUMAR SOUTH 24 PARGANAS WEST BENGAL 743329",PREPAID,20,,,,,,
2500,,,,LEX DIGITAL,123456789,,,110053,BHAJANPURA,DELHI,BHAJANPURA,SANDIP GITARAM SHINDE,123456789,,414602,MAHARASHTRA,MAHARASHTRA,1NIPANI NIMGAV TALKNEWASA AHMED NAGAR MAHARASHTRA 414602,PREPAID,20,,,,,,
2501,,,,LEX DIGITAL,123456789,,,110053,BHAJANPURA,DELHI,BHAJANPURA,ANUP DOLAI,123456789,,400068,MAHARASHTRA,MAHARASHTRA,SP JOWELARY ROOMNO 2DUBRAJ KUNDU PO MAHARAJ PUR P S GHATAL DISTRICT PASCHIM MEDINIPUR MUMBAI MAHARASHTRA 400068,PREPAID,20,,,,,,
2502,,,,LEX DIGITAL,123456789,,,110053,BHAJANPURA,DELHI,BHAJANPURA,KRUSHNA BABAJI TUPLONDHE,123456789,,422303,MAHARASHTRA,MAHARASHTRA,DHARANGOAN ROAD NASHIK MAHARASHTRA 422303,PREPAID,20,,,,,,
2503,,,,LEX DIGITAL,123456789,,,110053,BHAJANPURA,DELHI,BHAJANPURA,VANITA JAYANTI GADA,123456789,,400064,MAHARASHTRA,MAHARASHTRA,102 ASIADLEBARTY GARDEN MUMBAI MAHARASHTRA 400064,PREPAID,20,,,,,,
2504,,,,LEX DIGITAL,123456789,,,110053,BHAJANPURA,DELHI,BHAJANPURA,RAMESH LAL MEGHWAL,123456789,,313004,RAJASTHAN,RAJASTHAN,HOUSE NO 104PRATAPPURA BEDLA UDAIPUR RAJASTHAN 313004,PREPAID,20,,,,,,
2505,,,,LEX DIGITAL,123456789,,,110053,BHAJANPURA,DELHI,BHAJANPURA,AJAY RAJENDRA KAMBALE,123456789,,413304,MAHARASHTRA,MAHARASHTRA,HOUSE NO 197BSATHE NAGR JUNI PETH RAM BAG ROAD PANDHA RPUR SOLAPUR MAHARASHTRA 413304,PREPAID,20,,,,,,
2506,,,,LEX DIGITAL,123456789,,,110053,BHAJANPURA,DELHI,BHAJANPURA,DILIP RAJARAM PATIL,123456789,,416112,MAHARASHTRA,MAHARASHTRA,1842A APARADH VASTI PETH VADGOANHAT KALAGADE KOLHAPUR MAHARASHTRA 416112,PREPAID,20,,,,,,
2507,,,,LEX DIGITAL,123456789,,,110053,BHAJANPURA,DELHI,BHAJANPURA,NEPALA MURTHY RAJU,123456789,,521340,ANDHRA PRADESH,ANDHRA PRADESH,3-49FVALDLAKUTITIPA KAIKALUR MANDAL MAIN ROAD VADLAKUT ITIPA KRISHNA ANDHRA PRADESH 521340,PREPAID,20,,,,,,
2508,,,,LEX DIGITAL,123456789,,,110053,BHAJANPURA,DELHI,BHAJANPURA,CHATLA VAMSI,123456789,,533255,ANDHRA PRADESH,ANDHRA PRADESH,4-35BABU JAGAJEEVAN RAM STREET SC COLONY VENTURU RAYAV AM MANDAL ANDHRAPRADESH EAST GODAVARI ANDHRA PRADESH 533255,PREPAID,20,,,,,,
2509,,,,LEX DIGITAL,123456789,,,110053,BHAJANPURA,DELHI,BHAJANPURA,ASHISH SHARMA,123456789,,474003,MADHYA PRADESH,MADHYA PRADESH,HOUSE NUMBER 11936KESHAVPURI GWALIOR MADHYA PRADESH 474003,PREPAID,20,,,,,,
2510,,,,LEX DIGITAL,123456789,,,110053,BHAJANPURA,DELHI,BHAJANPURA,AMENA ALIYA BEGUM,123456789,,500077,TELANGANA,TELANGANA,"8-15-28/B, SHASTRIPURAM KINGS COLONY RAJENDRANAGAR HYDERABAD TELANGANA 500077",PREPAID,20,,,,,,
2511,,,,LEX DIGITAL,123456789,,,110053,BHAJANPURA,DELHI,BHAJANPURA,RAJARAM DEVRAO DHOBALE,123456789,,431136,MAHARASHTRA,MAHARASHTRA,HAP DAILY BAJAJ NAGAR AURANGABAD MAHARASHTRA 431136,PREPAID,20,,,,,,
2512,,,,LEX DIGITAL,123456789,,,110053,BHAJANPURA,DELHI,BHAJANPURA,NITINKUMAR DNYANESHWAR MARBATE,123456789,,441104,MAHARASHTRA,MAHARASHTRA,"ATPOWARD NO3 NIHARWANI ,SHIWAJI NAGAR NAGPUR MAHARASHTRA 441104",PREPAID,20,,,,,,
2513,,,,LEX DIGITAL,123456789,,,110053,BHAJANPURA,DELHI,BHAJANPURA,ELAILA DASU,123456789,,518218,ANDHRA PRADESH,ANDHRA PRADESH,H NO 3-41PEDDATEKUR KURNOOL ANDHRA PRADESH 518218,PREPAID,20,,,,,,
2514,,,,LEX DIGITAL,123456789,,,110053,BHAJANPURA,DELHI,BHAJANPURA,RAMCHARAN NAGAR,123456789,,465683,MADHYA PRADESH,MADHYA PRADESH,111KACHNARIYA RAJGARH MADHYA PRADESH 465683,PREPAID,20,,,,,,
2515,,,,LEX DIGITAL,123456789,,,110053,BHAJANPURA,DELHI,BHAJANPURA,MAHESH BABASAHEB POKALE,123456789,,414202,MAHARASHTRA,MAHARASHTRA,HOUSE NO 3DHAMANGAON BEED MAHARASHTRA 414202,PREPAID,20,,,,,,
2516,,,,LEX DIGITAL,123456789,,,110053,BHAJANPURA,DELHI,BHAJANPURA,GHOUSE PEERA PINJARI,123456789,,518004,ANDHRA PRADESH,ANDHRA PRADESH,40293BANGARU PETA KURNOOL BUKKAPURAM B ANDHRA PRADESH 518004,PREPAID,20,,,,,,
2517,,,,LEX DIGITAL,123456789,,,110053,BHAJANPURA,DELHI,BHAJANPURA,SIKANDER LAL,123456789,,400095,MAHARASHTRA,MAHARASHTRA,103B 55 MHADA TOWERS EKTA NAGAR JANKALYAN MUMBAI MAHARASHTRA 400095,PREPAID,20,,,,,,
2518,,,,LEX DIGITAL,123456789,,,110053,BHAJANPURA,DELHI,BHAJANPURA,SRIRAMACHANDRAN RAVISELVAN,123456789,,629401,TAMIL NADU,TAMIL NADU,NO 3 JS SUITEALAGAPAPURAM KANYAKUMARI TAMIL NADU 629401,PREPAID,20,,,,,,
2519,,,,LEX DIGITAL,123456789,,,110053,BHAJANPURA,DELHI,BHAJANPURA,RAJIV MAHTO,123456789,,401501,MAHARASHTRA,MAHARASHTRA,3BOISAR PAM THANE MAHARASHTRA 401501,PREPAID,20,,,,,,
2520,,,,LEX DIGITAL,123456789,,,110053,BHAJANPURA,DELHI,BHAJANPURA,RAHIM ALI AHMAD KHAN,123456789,,415709,MAHARASHTRA,MAHARASHTRA,SHEESH MALL BUILDING FLAT 1 ROOM NO 1SHIVAJI NAGAR DAK BANGLA RATNAGIRI MAHARASHTRA 415709,PREPAID,20,,,,,,
2521,,,,LEX DIGITAL,123456789,,,110053,BHAJANPURA,DELHI,BHAJANPURA,PERWEZ IQUBAL,123456789,,834002,JHARKHAND,JHARKHAND,H NO 6 ARVIND NAGAR DORANDA RANCHI JHARKHAND 834002,PREPAID,20,,,,,,
2522,,,,LEX DIGITAL,123456789,,,110053,BHAJANPURA,DELHI,BHAJANPURA,VENGATRAMAN SANTHI,123456789,,625012,TAMIL NADU,TAMIL NADU,165VALLANANTHAPURAMAVANIYAPURAMMADURAI- 625012 MADURAI TAMIL NADU,PREPAID,20,,,,,,
2523,,,,LEX DIGITAL,123456789,,,110053,BHAJANPURA,DELHI,BHAJANPURA,SHIVAM VIG,123456789,,201005,UTTAR PRADESH,UTTAR PRADESH,C 60 FLATE NO B 2SHALIMAR GARDEN SAHIBABAD GHAZIABAD UTTAR PRADESH 201005,PREPAID,20,,,,,,
2524,,,,LEX DIGITAL,123456789,,,110053,BHAJANPURA,DELHI,BHAJANPURA,AJAY VIJAY DHASAL,123456789,,401209,MAHARASHTRA,MAHARASHTRA,SHWETA COLONY BABUL PADA NALASOPARA EASTBABUL NAL ASOPARA EAST THANE MAHARASHTRA 401209,PREPAID,20,,,,,,
2525,,,,LEX DIGITAL,123456789,,,110053,BHAJANPURA,DELHI,BHAJANPURA,NITIN JAGAN RATHOD,123456789,,424201,MAHARASHTRA,MAHARASHTRA,GANAPA NAGAR 248 NIMBHORI KHURD JALGAON MAHARASHTRA 424201,PREPAID,20,,,,,,
2526,,,,LEX DIGITAL,123456789,,,110053,BHAJANPURA,DELHI,BHAJANPURA,VISHAL KAILAS GAIKWAD,123456789,,413501,MAHARASHTRA,MAHARASHTRA,18 GAIKWAD BUILDINGKANGARA OSMANABAD MAHARASHTRA 413501,PREPAID,20,,,,,,
2527,,,,LEX DIGITAL,123456789,,,110053,BHAJANPURA,DELHI,BHAJANPURA,SAGAR ARJUN NANAVARE,123456789,,413112,MAHARASHTRA,MAHARASHTRA,215 A GAVTHAN NANDORETALUKA PANDHARPUR SOLAPUR MAHARASHTRA 413112,PREPAID,20,,,,,,
2528,,,,LEX DIGITAL,123456789,,,110053,BHAJANPURA,DELHI,BHAJANPURA,ANANDAN BALAJI,123456789,,600055,TAMIL NADU,TAMIL NADU,"105,ANS NAGAR,PALAVEDU TIRUVALLUR TAMIL NADU 600055",PREPAID,20,,,,,,
2529,,,,LEX DIGITAL,123456789,,,110053,BHAJANPURA,DELHI,BHAJANPURA,KAKU RAM,123456789,,160059,PUNJAB,PUNJAB,CHEENA HOSPITALPUNJAB FARNITURE MARKET MOHALI PUNJAB 160059,PREPAID,20,,,,,,
2530,,,,LEX DIGITAL,123456789,,,110053,BHAJANPURA,DELHI,BHAJANPURA,VEERA BHASKARARAO GARAPATI,123456789,,533201,ANDHRA PRADESH,ANDHRA PRADESH,164AMALAPURAM 533201 EAST GODAVARI ANDHRA PRADESH,PREPAID,20,,,,,,
2531,,,,LEX DIGITAL,123456789,,,110053,BHAJANPURA,DELHI,BHAJANPURA,KRISHNAPRASAD MYANA,123456789,,505301,TELANGANA,TELANGANA,5-41JYOTHINAGARCHANDRAMPETA KARIMNAGAR TELANGANA 505301,PREPAID,20,,,,,,
2532,,,,LEX DIGITAL,123456789,,,110053,BHAJANPURA,DELHI,BHAJANPURA,VALLAMDASU NIRANJAN,123456789,,508116,TELANGANA,TELANGANA,1-3-4311ABANJARAHILLSBHONGIRYADADRI BHONGIR NALGONDA TELANGANA 508116,PREPAID,20,,,,,,
2533,,,,LEX DIGITAL,123456789,,,110053,BHAJANPURA,DELHI,BHAJANPURA,SARASWATI ATHANKAR,123456789,,452001,MADHYA PRADESH,MADHYA PRADESH,NEEMUCH ROAD MAU COSMOS D428B INDORE MADHYA PRADESH 452001,PREPAID,20,,,,,,
2534,,,,LEX DIGITAL,123456789,,,110053,BHAJANPURA,DELHI,BHAJANPURA,PERIYASAMY NAVEENKUMAR,123456789,,638001,TAMIL NADU,TAMIL NADU,90 MUNIYAPPAN KOVIL STREET MANIKKAMPALAYAMMANIKKAMPALAY AMSIVAJI COMPLEX ERODE TAMIL NADU 638001,PREPAID,20,,,,,,
2535,,,,LEX DIGITAL,123456789,,,110053,BHAJANPURA,DELHI,BHAJANPURA,KAILASH CHANDRA,123456789,,457336,MADHYA PRADESH,MADHYA PRADESH,KALALIYA TAH JAORA DIST RATLAMPATEL MOHHLA RATLAM MADHYA PRADESH 457336,PREPAID,20,,,,,,
2536,,,,LEX DIGITAL,123456789,,,110053,BHAJANPURA,DELHI,BHAJANPURA,SATHAPPAN SASIKUMAR,123456789,,624306,TAMIL NADU,TAMIL NADU,31511PERUMAL KOVIL STREETBILLAMA DINDIGUL TAMIL NADU 624306,PREPAID,20,,,,,,
2537,,,,LEX DIGITAL,123456789,,,110053,BHAJANPURA,DELHI,BHAJANPURA,BIKSHAPATHI KAPARVENI,123456789,,500013,TELANGANA,TELANGANA,2-3-60373108PATELNAGAR AMBERPAT HYDERABAD TELANGANA 500013,PREPAID,20,,,,,,
2538,,,,LEX DIGITAL,123456789,,,110053,BHAJANPURA,DELHI,BHAJANPURA,MANSOOR BUKSH,123456789,,208001,UTTAR PRADESH,UTTAR PRADESH,"89/148 GARIB NAWAZ COMPOUND,BANSMANDI KANPUR NAGAR UTTAR PRADESH 208001",PREPAID,20,,,,,,
2539,,,,LEX DIGITAL,123456789,,,110053,BHAJANPURA,DELHI,BHAJANPURA,MOSAS MANOGARAN,123456789,,621112,TAMIL NADU,TAMIL NADU,112NEW RAJA STREETMAHALIKUDISAMAYAPURAMTRICHY TIRUCHIRAPPALLI TAMIL NADU 621112,PREPAID,20,,,,,,
2540,,,,LEX DIGITAL,123456789,,,110053,BHAJANPURA,DELHI,BHAJANPURA,PANDIARAJ ESAKKIMUTHU,123456789,,626142,TAMIL NADU,TAMIL NADU,5774COLONY STREET SOUTH VENGANALLUR VIRUDHUNAGAR TAMIL NADU 626142,PREPAID,20,,,,,,
2541,,,,LEX DIGITAL,123456789,,,110053,BHAJANPURA,DELHI,BHAJANPURA,PRASHANTH GOLLAPELLI,123456789,,505187,TELANGANA,TELANGANA,5-205RAMAIAHPAIIL KARIMNAGAR TELANGANA 505187,PREPAID,20,,,,,,
2542,,,,LEX DIGITAL,123456789,,,110053,BHAJANPURA,DELHI,BHAJANPURA,SIDDHARTH BAJIRAO WAKDE,123456789,,441102,MAHARASHTRA,MAHARASHTRA,1748BHIM NAGAR WARD NO 3 KHAPERKHEDA NAGPUR MAHARASHTRA 441102,PREPAID,20,,,,,,
2543,,,,LEX DIGITAL,123456789,,,110053,BHAJANPURA,DELHI,BHAJANPURA,RAJ KUMAR,123456789,,144001,PUNJAB,PUNJAB,181TELAK NAGARPANJAB JALANDHAR PUNJAB 144001,PREPAID,20,,,,,,
2544,,,,LEX DIGITAL,123456789,,,110053,BHAJANPURA,DELHI,BHAJANPURA,TANDU RAJ SEKHAR,123456789,,530002,ANDHRA PRADESH,ANDHRA PRADESH,14-5-71ANTHONY NAGAR VISHAKHAPATNAM ANDHRA PRADESH 530002,PREPAID,20,,,,,,
2545,,,,LEX DIGITAL,123456789,,,110053,BHAJANPURA,DELHI,BHAJANPURA,RENGASAMY MUTHUPANDI,123456789,,641663,TAMIL NADU,TAMIL NADU,159-BSAMBALA THOTTAM VELAYUTHAMMANGALAM TIRUPUR COIMBATORE TAMIL NADU 641663,PREPAID,20,,,,,,
2546,,,,LEX DIGITAL,123456789,,,110053,BHAJANPURA,DELHI,BHAJANPURA,MOUNIKA TARITLA,123456789,,500054,TELANGANA,TELANGANA,SRI SAI COLONY DURGA NAGARCHINTALNEAR YELLAMMA TEMPL E- VEG SANTHOSH DHABA DEAD END HYDERABAD TELANGANA 500054,PREPAID,20,,,,,,
2547,,,,LEX DIGITAL,123456789,,,110053,BHAJANPURA,DELHI,BHAJANPURA,SALEHA TABASSUM,123456789,,500052,TELANGANA,TELANGANA,"8-14-149/3/5, OWAISI HILLS SHASHTRIPURAM RAJENDRANAGAR K V RANGAREDDY TELANGANA 500052",PREPAID,20,,,,,,
2548,,,,LEX DIGITAL,123456789,,,110053,BHAJANPURA,DELHI,BHAJANPURA,VENKATARAMANAPPA RAMANJINAPPA,123456789,,562129,KARNATAKA,KARNATAKA,27 MALLENAHALLI REDDIHALLI POST DEVANAHALLI BANGALURU BANGALORE KARNATAKA 562129,PREPAID,20,,,,,,
2549,,,,LEX DIGITAL,123456789,,,110053,BHAJANPURA,DELHI,BHAJANPURA,RENDLA SRINIVAS,123456789,,505001,TELANGANA,TELANGANA,"HNO -122/1,SEETA RAM PUAR,KARIMNAGAR 505001 KARIMNAGAR TELANGANA",PREPAID,20,,,,,,
2550,,,,LEX DIGITAL,123456789,,,110053,BHAJANPURA,DELHI,BHAJANPURA,KUNJIDABATHAM BAKKIYARAJ,123456789,,600042,TAMIL NADU,TAMIL NADU,"150,FT ROAD ,GANAPATHY NAGAR VELACHERY CHENNAI TAMIL NADU 600042",PREPAID,20,,,,,,
2551,,,,LEX DIGITAL,123456789,,,110053,BHAJANPURA,DELHI,BHAJANPURA,PREM TIMALU TUPDHAR,123456789,,411001,MAHARASHTRA,MAHARASHTRA,LANE 2 HOME 17 LUMBHINI NAGARBHIM SHAKTI CHOWK PRIVAT E ROAD NR PUNE RAILWAY STATION MAHARASHTRA 411001,PREPAID,20,,,,,,
2552,,,,LEX DIGITAL,123456789,,,110053,BHAJANPURA,DELHI,BHAJANPURA,RATNAMRAJU MANEPALLI,123456789,,533102,ANDHRA PRADESH,ANDHRA PRADESH,EAST GODAVARIKONTHAMURU RAJAHMUNDRY GODAVARI ANDHRA PRADESH 533102,PREPAID,20,,,,,,
2553,,,,LEX DIGITAL,123456789,,,110053,BHAJANPURA,DELHI,BHAJANPURA,TANNIRU SAI SIVA,123456789,,500072,TELANGANA,TELANGANA,LIG- 478 KPHB ROAD NO-3 PHASE-1 MEDCHAL MALKAJGIRI TS-500072LIG- HYDERABAD TELANGANA 500072,PREPAID,20,,,,,,
2554,,,,LEX DIGITAL,123456789,,,110053,BHAJANPURA,DELHI,BHAJANPURA,RAKESH RAKESH,123456789,,313027,RAJASTHAN,RAJASTHAN,MUKHY BASTI TODAMUKHY BSTI TODA TEHSIL SALUMBER DIST U DAIPUR UDAIPUR RAJASTHAN 313027,PREPAID,20,,,,,,
2555,,,,LEX DIGITAL,123456789,,,110053,BHAJANPURA,DELHI,BHAJANPURA,RAMESH KUNCHANAPALLI,123456789,,523187,ANDHRA PRADESH,ANDHRA PRADESH,18-304CHIRALA PRAKASAM ANDHRA PRADESH 523187,PREPAID,20,,,,,,
2556,,,,LEX DIGITAL,123456789,,,110053,BHAJANPURA,DELHI,BHAJANPURA,BANNE SINGH,123456789,,302012,RAJASTHAN,RAJASTHAN,32-BNARAYAN VIHAR 1ST SHEKHAWAT COLONY MEENAWALA SIRAI ROAD JAIPUR RAJASTHAN 302012,PREPAID,20,,,,,,
2557,,,,LEX DIGITAL,123456789,,,110053,BHAJANPURA,DELHI,BHAJANPURA,MOHD SOHAIL,123456789,,500048,TELANGANA,TELANGANA,PLOT NO 209 A PLEASE HAPPY HEMES UPPERPALLY PILLAR 185 RAJENDRA NAGAR K V RANGA REDDY RANGAREDDY TELANGANA 500048,PREPAID,20,,,,,,
2558,,,,LEX DIGITAL,123456789,,,110053,BHAJANPURA,DELHI,BHAJANPURA,RAMESH GUMMADI,123456789,,524137,ANDHRA PRADESH,ANDHRA PRADESH,KAMAKSHAMMA COLONY PATURV KOVURM NELLORED NELLORE ANDHRA PRADESH 524137,PREPAID,20,,,,,,
2559,,,,LEX DIGITAL,123456789,,,110053,BHAJANPURA,DELHI,BHAJANPURA,SANDESH SURESH JADHAV,123456789,,416505,MAHARASHTRA,MAHARASHTRA,AJARA KOLHAPUR MAHARASHTRA 416505,PREPAID,20,,,,,,
2560,,,,LEX DIGITAL,123456789,,,110053,BHAJANPURA,DELHI,BHAJANPURA,AKSHAY ANNASAHEB DUBILE,123456789,,431136,MAHARASHTRA,MAHARASHTRA,SAI APARTMENT JOGESHWARI VALUJ MIDC AURANGABAD MAHARASHTRA 431136,PREPAID,20,,,,,,
2561,,,,LEX DIGITAL,123456789,,,110053,BHAJANPURA,DELHI,BHAJANPURA,DHARMENDRAN GAYATHRIDEVI,123456789,,620008,TAMIL NADU,TAMIL NADU,4120 NADU KUJILI STGANDHI MARKET TIRUCHIRAPPALLI TAMIL 620008,PREPAID,20,,,,,,
2562,,,,LEX DIGITAL,123456789,,,110053,BHAJANPURA,DELHI,BHAJANPURA,VENKATESH VENKATESH,123456789,,509371,TELANGANA,TELANGANA,H NO 4-19 CHAKALI GERIKOILKONDA MANDAL MAHABUB NAGAR TELANGANA 509371,PREPAID,20,,,,,,
2563,,,,LEX DIGITAL,123456789,,,110053,BHAJANPURA,DELHI,BHAJANPURA,NIHAL NIHAL,123456789,,136131,HARYANA,HARYANA,538PIPLI KURUKSHETRA HARYANA 136131,PREPAID,20,,,,,,
2564,,,,LEX DIGITAL,123456789,,,110053,BHAJANPURA,DELHI,BHAJANPURA,SUBRAMANYAM SURESH,123456789,,560067,KARNATAKA,KARNATAKA,BENGALURUVILLAGES BANGALORE KARNATAKA 560067,PREPAID,20,,,,,,
2565,,,,LEX DIGITAL,123456789,,,110053,BHAJANPURA,DELHI,BHAJANPURA,GOPIGARI SHARATH KUMAR GOUD,123456789,,501504,TELANGANA,TELANGANA,6-1528 SHIVA NAGAR COLONY MOINBAD CHILKUR NEAR LITTER STAR HIGH SCHOOL RANGA REDDY TELANGANA 501504,PREPAID,20,,,,,,
2566,,,,LEX DIGITAL,123456789,,,110053,BHAJANPURA,DELHI,BHAJANPURA,SUNIL VIJAYNATH TIWARI,123456789,,401107,MAHARASHTRA,MAHARASHTRA,102 SAI PARK BUILDING NO 1QUEENS MIRA ROAD EAST THANE MAHARASHTRA 401107,PREPAID,20,,,,,,
2567,,,,LEX DIGITAL,123456789,,,110053,BHAJANPURA,DELHI,BHAJANPURA,GOWRI SHANKAR VASUPILLI,123456789,,530043,ANDHRA PRADESH,ANDHRA PRADESH,A2 SREE SAI RESIDENCY VISALAKSHINAGAR VISAKHAPATNAM VISHAKHAPATNAM ANDHRA PRADESH 530043,PREPAID,20,,,,,,
2568,,,,LEX DIGITAL,123456789,,,110053,BHAJANPURA,DELHI,BHAJANPURA,HUSANDEEP SINGH,123456789,,141421,PUNJAB,PUNJAB,VILLAGE BHATHAL PO BOWANI LUDHIANA PUNJAB 141421,PREPAID,20,,,,,,
2569,,,,LEX DIGITAL,123456789,,,110053,BHAJANPURA,DELHI,BHAJANPURA,KRISHNAN SRINIVASAN,123456789,,635116,TAMIL NADU,TAMIL NADU,5/245 DHARMAPURI MAIN ROAD RAYAKOTTAI KRISHNAGIRI TAMIL NADU 635116,PREPAID,20,,,,,,
2570,,,,LEX DIGITAL,123456789,,,110053,BHAJANPURA,DELHI,BHAJANPURA,SHAIK SHAFI,123456789,,518360,ANDHRA PRADESH,ANDHRA PRADESH,181219-63MUSLIM MINORITY COLONY YEMMIGANOUR KURNOOL ANDHRA PRADESH 518360,PREPAID,20,,,,,,
2571,,,,LEX DIGITAL,123456789,,,110053,BHAJANPURA,DELHI,BHAJANPURA,SUBRAMANIAM MANIKANDAN,123456789,,641602,TAMIL NADU,TAMIL NADU,641602JPNAHAR KOOTHAMPALAYAM PIRIVU TIRUPUR TAMIL NADU 641602,PREPAID,20,,,,,,
2572,,,,LEX DIGITAL,123456789,,,110053,BHAJANPURA,DELHI,BHAJANPURA,KANHAIYA DAS,123456789,,311803,RAJASTHAN,RAJASTHAN,SATOLTEHASIL RAIPURJILABHILWADARAJASTHAN311803RAJ ASTHAN RAIPUR BHILWADA BHILWARA RAJASTHAN 311803,PREPAID,20,,,,,,
2573,,,,LEX DIGITAL,123456789,,,110053,BHAJANPURA,DELHI,BHAJANPURA,SHIVANI THAKUR,123456789,,482001,MADHYA PRADESH,MADHYA PRADESH,H NO 1290 PURANI BASTIKAJARWARA JABALPUR MADHYA PRADESH 482001,PREPAID,20,,,,,,
2574,,,,LEX DIGITAL,123456789,,,110053,BHAJANPURA,DELHI,BHAJANPURA,YOGESHKUMAR HIMATSINH BARAIYA,123456789,,387365,GUJARAT,GUJARAT,342CHAKALIYANAKUVA KHEDA GUJARAT 387365,PREPAID,20,,,,,,
2575,,,,LEX DIGITAL,123456789,,,110053,BHAJANPURA,DELHI,BHAJANPURA,JASMINE JASMINE,123456789,,560058,KARNATAKA,KARNATAKA,NO 163 CHOWDESHWARI NAGARLAGGERE BANGALORE KARNATAKA 560058,PREPAID,20,,,,,,
2576,,,,LEX DIGITAL,123456789,,,110053,BHAJANPURA,DELHI,BHAJANPURA,ABATAHIYUN RAFIKBHAI RATHOD,123456789,,364001,GUJARAT,GUJARAT,BHA NO60HOJUNI MANEK VADI OPP KACHAVALA CHALI BHAVNAGA R BHAVNAGAR GUJARAT 364001,PREPAID,20,,,,,,
2577,,,,LEX DIGITAL,123456789,,,110053,BHAJANPURA,DELHI,BHAJANPURA,VIGNESH BALATHANDAYUTHAM,123456789,,635109,TAMIL NADU,TAMIL NADU,27805 LN NAGERHOSUR KRISHNAGIRI TAMIL NADU 635109,PREPAID,20,,,,,,
2578,,,,LEX DIGITAL,123456789,,,110053,BHAJANPURA,DELHI,BHAJANPURA,SANJIVANI SHANKAR BOINWAD,123456789,,444805,MAHARASHTRA,MAHARASHTRA,VIDUT NAGAR KADLI PARTWADA DISTRICT AAMRAVTIVIDUT NAGA R AAMRAVTI AMRAVATI MAHARASHTRA 444805,PREPAID,20,,,,,,
2579,,,,LEX DIGITAL,123456789,,,110053,BHAJANPURA,DELHI,BHAJANPURA,BABITA DAS JANA,123456789,,700042,WEST BENGAL,WEST BENGAL,503F1ADHARMATALA ROAD KOLKATA WEST BENGAL 700042,PREPAID,20,,,,,,
2580,,,,LEX DIGITAL,123456789,,,110053,BHAJANPURA,DELHI,BHAJANPURA,MAHENDAR KOYYADA,123456789,,501506,TELANGANA,TELANGANA,3-51 ELIMINEDU VILLEGE IBRAHIMPATNAM MANDAL RANGA REDDY TELANGANA 501506,PREPAID,20,,,,,,
2581,,,,LEX DIGITAL,123456789,,,110053,BHAJANPURA,DELHI,BHAJANPURA,SHAILESH SHIVANAND SAHARKAR,123456789,,440034,MAHARASHTRA,MAHARASHTRA,"NILKANTH NAGAR PLOT NO 61 HUDKESHWAR ROAD NAGPUR,NAGPUR PUNE MAHARASHTRA 440034",PREPAID,20,,,,,,
2582,,,,LEX DIGITAL,123456789,,,110053,BHAJANPURA,DELHI,BHAJANPURA,P LAXMIPATHI,123456789,,500072,TELANGANA,TELANGANA,"HNO 4-38-109/2, 2ND FLOOR ROAD -6 DHEENABANDU COLONY JAGATHGIRI GUTTA KUKATPALLY HYDERABAD TELANGANA 500072",PREPAID,20,,,,,,
2583,,,,LEX DIGITAL,123456789,,,110053,BHAJANPURA,DELHI,BHAJANPURA,SANTOSH SUTAR,123456789,,482005,MADHYA PRADESH,MADHYA PRADESH,BADA PATHHAR JABALPUR MADHYA PRADESH 482005,PREPAID,20,,,,,,
2584,,,,LEX DIGITAL,123456789,,,110053,BHAJANPURA,DELHI,BHAJANPURA,SATISH ANIL KUMAR SINGH,123456789,,401107,MAHARASHTRA,MAHARASHTRA,P9 005 NOOPUR PALACE MIRA ROAD EASTNOOPUR EAST THANE MAHARASHTRA 401107,PREPAID,20,,,,,,
2585,,,,LEX DIGITAL,123456789,,,110053,BHAJANPURA,DELHI,BHAJANPURA,SHRIRAM GANGARAM CHOUDHARY,123456789,,411014,MAHARASHTRA,MAHARASHTRA,SR NO 49/1/4 RAJENDRI NAGAR NEAR ANAND PARK BUS STOP WA DGAON SHERI PUNE 411014 MAHARASHTRA,PREPAID,20,,,,,,
2586,,,,LEX DIGITAL,123456789,,,110053,BHAJANPURA,DELHI,BHAJANPURA,MAHESWARI MANDAL,123456789,,501511,TELANGANA,TELANGANA,2-40 MONDAY GWORELLY YACHARAM RANGA REDDY TELANGANA 501511,PREPAID,20,,,,,,
2587,,,,LEX DIGITAL,123456789,,,110053,BHAJANPURA,DELHI,BHAJANPURA,GAGGERA HARISH KUMAR,123456789,,500032,TELANGANA,TELANGANA,NANDU MEN BUILDINGKHAZAGUDANEAR VIBRANT LIVING RANGA REDDY TELANGANA 500032,PREPAID,20,,,,,,
2588,,,,LEX DIGITAL,123456789,,,110053,BHAJANPURA,DELHI,BHAJANPURA,SURESH KUMAR,123456789,,141003,PUNJAB,PUNJAB,SEWAK NAGRDHOLEWAL LUDHIANA PUNJAB 141003,PREPAID,20,,,,,,
2589,,,,LEX DIGITAL,123456789,,,110053,BHAJANPURA,DELHI,BHAJANPURA,MAYNUL HASAN LASKAR,123456789,,743502,WEST BENGAL,WEST BENGAL,21 HOMRAPALTA NAGARTALANAGARTALA SOUTH 24 PARGANAS WEST BENGAL 743502,PREPAID,20,,,,,,
2590,,,,LEX DIGITAL,123456789,,,110053,BHAJANPURA,DELHI,BHAJANPURA,RANAJITBHAI OD,123456789,,382610,GUJARAT,GUJARAT,2794 ODVAS PETHAPUR GANDHINAGARPETHAPUR GANDHINAGAR GUJARAT 382610,PREPAID,20,,,,,,
2591,,,,LEX DIGITAL,123456789,,,110053,BHAJANPURA,DELHI,BHAJANPURA,BALAN GANESAN,123456789,,635112,TAMIL NADU,TAMIL NADU,412SANTHAPURAM KAVERIPATINAM KRISHNAGIRI TAMIL NADU 635112,PREPAID,20,,,,,,
2592,,,,LEX DIGITAL,123456789,,,110053,BHAJANPURA,DELHI,BHAJANPURA,SHAIK MODDIN,123456789,,500055,TELANGANA,TELANGANA,"HNO;-29-55,SAI BABA NAGAR, NARSHIMHA BASTH SURARAM, KARIMNAGAR TELANGANA 500055",PREPAID,20,,,,,,
2593,,,,LEX DIGITAL,123456789,,,110053,BHAJANPURA,DELHI,BHAJANPURA,NITESH CHOUDHARY,123456789,,452001,MADHYA PRADESH,MADHYA PRADESH,PALDA HIMMATNAGAR652INDORE INDORE MADHYA PRADESH 452001,PREPAID,20,,,,,,
2594,,,,LEX DIGITAL,123456789,,,110053,BHAJANPURA,DELHI,BHAJANPURA,IMMADI RAMARAO,123456789,,507167,TELANGANA,TELANGANA,H.NO 2-1 MUDDUNURU VI TALLADA MD KARIMNAGAR TELANGANA 507167,PREPAID,20,,,,,,
2595,,,,LEX DIGITAL,123456789,,,110053,BHAJANPURA,DELHI,BHAJANPURA,ARSHDEEP SINGH,123456789,,147101,PUNJAB,PUNJAB,HOUSE NO 117VILLAMAMNAGAR PATIALA PUNJAB 147101,PREPAID,20,,,,,,
2596,,,,LEX DIGITAL,123456789,,,110053,BHAJANPURA,DELHI,BHAJANPURA,RAMESH RAMDEV SHARMA,123456789,,400093,MAHARASHTRA,MAHARASHTRA,B16 SARIPUT NAGAR JVLR ANDHERI EASTMUMBAI MUMBAI MAHARASHTRA 400093,PREPAID,20,,,,,,
2597,,,,LEX DIGITAL,123456789,,,110053,BHAJANPURA,DELHI,BHAJANPURA,VIPIN THAPLIYAL,123456789,,110094,DELHI,DELHI,218 D BLOCK STREET NO 2 NORTH EAST DELHI 11 0094NEHRU VIHAR KARAWAL NAGAR NEW 110094,PREPAID,20,,,,,,
2598,,,,LEX DIGITAL,123456789,,,110053,BHAJANPURA,DELHI,BHAJANPURA,SAITEJA AVULA,123456789,,500035,TELANGANA,TELANGANA,404 BLOCK 7 PHASE 1 MOHAN NAGAR KOTHAPET RANGA REDDY TELANGANA 500035,PREPAID,20,,,,,,
2599,,,,LEX DIGITAL,123456789,,,110053,BHAJANPURA,DELHI,BHAJANPURA,SHEKAR VIDHYA,123456789,,600088,TAMIL NADU,TAMIL NADU,NO 4 4TH STREET INDRA GANDHINAGAR ADAMBAKKAM KANCHIPURAM TAMIL NADU 600088,PREPAID,20,,,,,,
2600,,,,LEX DIGITAL,123456789,,,110053,BHAJANPURA,DELHI,BHAJANPURA,POLISETTI SATYA SAI DURGA RAO,123456789,,534275,ANDHRA PRADESH,ANDHRA PRADESH,1-103 NEAR MEESEVA CHITTAVARAMCHITTAAVARAM WEST GODAVARI ANDHRA PRADESH 534275,PREPAID,20,,,,,,
2601,,,,LEX DIGITAL,123456789,,,110053,BHAJANPURA,DELHI,BHAJANPURA,UMESH ANANTA GOWARI,123456789,,410209,MAHARASHTRA,MAHARASHTRA,ATPOST KAMOTHE SEC12 RIDHI SIDHI BUIDING PANVEL MAHARASHTRA 410209,PREPAID,20,,,,,,
2602,,,,LEX DIGITAL,123456789,,,110053,BHAJANPURA,DELHI,BHAJANPURA,EFTEKHAR SHAIKH KARIM SHAIKH,123456789,,431122,MAHARASHTRA,MAHARASHTRA,HOUSE NUMBER-1621 MALI GALLI AZIZPURA BID TEH- BEED DIST- BEEDHOUSE AZ MAHARASHTRA 431122,PREPAID,20,,,,,,
2603,,,,LEX DIGITAL,123456789,,,110053,BHAJANPURA,DELHI,BHAJANPURA,VENUGOPAL DEVARAKONDA,123456789,,502319,TELANGANA,TELANGANA,"FLAT NO 502 VRP RESIDENCY ,CHAITANYA NAGER PATANCHERU HYDERABAD TELANGANA 502319",PREPAID,20,,,,,,
2604,,,,LEX DIGITAL,123456789,,,110053,BHAJANPURA,DELHI,BHAJANPURA,PRITPAL SINGH,123456789,,143001,PUNJAB,PUNJAB,H NO 37999GAIL 2 GATE BHAGTANWALA AMRITSAR PUNJAB 143001,PREPAID,20,,,,,,
2605,,,,LEX DIGITAL,123456789,,,110053,BHAJANPURA,DELHI,BHAJANPURA,ANIL BABURAO UGHADE,123456789,,431001,MAHARASHTRA,MAHARASHTRA,PLOT NO 8 TATHAGAT NAGAR P K ANNA PATIL SCHOOLS AURANGABAD MAHARASHTRA 431001,PREPAID,20,,,,,,
2606,,,,LEX DIGITAL,123456789,,,110053,BHAJANPURA,DELHI,BHAJANPURA,NAYAN SUBHASH MACHHI,123456789,,401602,MAHARASHTRA,MAHARASHTRA,DAHANU MASOLI VADKUN COLLEGE ROAD NEAR A-1 BEKARY DAH ANU THANE MAHARASHTRA 401602,PREPAID,20,,,,,,
2607,,,,LEX DIGITAL,123456789,,,110053,BHAJANPURA,DELHI,BHAJANPURA,SOUJATH SOUJATH,123456789,,676102,KERALA,KERALA,KL55TIRUR MALAPPURAM KERALA 676102,PREPAID,20,,,,,,
2608,,,,LEX DIGITAL,123456789,,,110053,BHAJANPURA,DELHI,BHAJANPURA,VEERESH VEERESH,123456789,,585328,KARNATAKA,KARNATAKA,602 LAXMI NILAYAJP NAGAR 8TH CROSS SHAKAMBARI B ANGLORE BIDAR KARNATAKA 585328,PREPAID,20,,,,,,
2609,,,,LEX DIGITAL,123456789,,,110053,BHAJANPURA,DELHI,BHAJANPURA,ARUP ANJAN NAYAK,123456789,,755049,ODISHA,ODISHA,154ANAKA BALICHANDRAPUR JAJAPUR ODISHA 755049,PREPAID,20,,,,,,
2610,,,,LEX DIGITAL,123456789,,,110053,BHAJANPURA,DELHI,BHAJANPURA,AYAZ AHMED,123456789,,635802,TAMIL NADU,TAMIL NADU,AMBUR VELLORE TAMIL NADU 635802,PREPAID,20,,,,,,
2611,,,,LEX DIGITAL,123456789,,,110053,BHAJANPURA,DELHI,BHAJANPURA,NAJIM NAJIM,123456789,,203205,UTTAR PRADESH,UTTAR PRADESH,VILLAGE NIZAMPUR DANKOUR ROAD SIKANDRABADVILLAGE NIZAM PUR NEAR BY QUSEEN PLAZA POST SIKANDRABAD DIS BULANDSHAHR UTTAR PRADESH 203205,PREPAID,20,,,,,,
2612,,,,LEX DIGITAL,123456789,,,110053,BHAJANPURA,DELHI,BHAJANPURA,NARSAIAH SAMALA,123456789,,506002,TELANGANA,TELANGANA,11-22-698 AADHARSHA STREET THILAKROAD KASHIBUGGA WARAN GAL WARANGAL TELANGANA 506002,PREPAID,20,,,,,,
2613,,,,LEX DIGITAL,123456789,,,110053,BHAJANPURA,DELHI,BHAJANPURA,NAROJU HAYAGREEVA CHARY,123456789,,500056,TELANGANA,TELANGANA,PLAT 18 SUDANAGAR COLONY OLDSAFILGUDA MALKAJGIRIMALKAJ GIRI HYDRABAD HYDERABAD TELANGANA 500056,PREPAID,20,,,,,,
2614,,,,LEX DIGITAL,123456789,,,110053,BHAJANPURA,DELHI,BHAJANPURA,GOLAK PRASAD SWAIN,123456789,,753011,ODISHA,ODISHA,HOUSECITY CUTTACK ODISHA 753011,PREPAID,20,,,,,,
2615,,,,LEX DIGITAL,123456789,,,110053,BHAJANPURA,DELHI,BHAJANPURA,HARESH RAMJIBHAI CHHATROLA,123456789,,361210,GUJARAT,GUJARAT,GOKUL PARK4BLOCK NO3NEAR GYAN JYOT SCHOOLDHROL JAMNAGAR- GUJARAT 361210,PREPAID,20,,,,,,
2616,,,,LEX DIGITAL,123456789,,,110053,BHAJANPURA,DELHI,BHAJANPURA,RAVI PRAKASH CHARY AUSULA,123456789,,501504,TELANGANA,TELANGANA,CHILKOOR V MOINABAD MANDAL RANGAREDDY RANGA REDDY TELANGANA 501504,PREPAID,20,,,,,,
2617,,,,LEX DIGITAL,123456789,,,110053,BHAJANPURA,DELHI,BHAJANPURA,VINOD KUMAR KOLLOJU,123456789,,501508,TELANGANA,TELANGANA,H NO 1-3 THIPPAIGUDA RANGA REDDY TELANGANA 501508,PREPAID,20,,,,,,
2618,,,,LEX DIGITAL,123456789,,,110053,BHAJANPURA,DELHI,BHAJANPURA,SANTOSH KUMAR PATNAIK,123456789,,501401,TELANGANA,TELANGANA,210 CANNON RESIDENCYATHIVELLY VILLAGE MEDCHAL HYDERABAD TELANGANA 501401,PREPAID,20,,,,,,
2619,,,,LEX DIGITAL,123456789,,,110053,BHAJANPURA,DELHI,BHAJANPURA,VIJAY SINGH PANWAR,123456789,,305001,RAJASTHAN,RAJASTHAN,173454ST STEPHENS SCHOOL ROAD AJMER RAJASTHAN 305001,PREPAID,20,,,,,,
2620,,,,LEX DIGITAL,123456789,,,110053,BHAJANPURA,DELHI,BHAJANPURA,BALASUBRAMANIAM PONNAMBALAM,123456789,,627809,TAMIL NADU,TAMIL NADU,9SNEGA NAGARULIYAKOVILKOLLAM TIRUNELVELI TAMIL NADU 627809,PREPAID,20,,,,,,
2621,,,,LEX DIGITAL,123456789,,,110053,BHAJANPURA,DELHI,BHAJANPURA,AJAY KARAN KULBHAIYA,123456789,,422007,MAHARASHTRA,MAHARASHTRA,SUMAN APR FALT 36 37SHIVAJI NAGAR SATPUR NASHIK MAHARASHTRA 422007,PREPAID,20,,,,,,
2622,,,,LEX DIGITAL,123456789,,,110053,BHAJANPURA,DELHI,BHAJANPURA,MOHAMMED OMER,123456789,,500020,TELANGANA,TELANGANA,HNO 1-7-10231 HARINAGAR RAMNAGAR MUSHEERABAD HYDE RABAD HYDERABAD MUSHEERABADHNO TELANGANA 500020,PREPAID,20,,,,,,
2623,,,,LEX DIGITAL,123456789,,,110053,BHAJANPURA,DELHI,BHAJANPURA,ABHISHEK DNYANESHWAR BHESAR,123456789,,422007,MAHARASHTRA,MAHARASHTRA,SHAHU NAGARNEAR ITI SIGNAL NASHIK MAHARASHTRA 422007,PREPAID,20,,,,,,
2624,,,,LEX DIGITAL,123456789,,,110053,BHAJANPURA,DELHI,BHAJANPURA,MOHAMMED ABBAS,123456789,,577301,KARNATAKA,KARNATAKA,11 BH ROAD OLD TOWNOLD BRIDGE BHADRAVATHI SHIMOGA KARNATAKA 577301,PREPAID,20,,,,,,
2625,,,,LEX DIGITAL,123456789,,,110053,BHAJANPURA,DELHI,BHAJANPURA,SYAM KURAGUNTLA,123456789,,530002,ANDHRA PRADESH,ANDHRA PRADESH,14-6-5A ANTHONY NAGARJAGADAMBA JUNCTION VISHAKHAPATNAM ANDHRA PRADESH 530002,PREPAID,20,,,,,,
2626,,,,LEX DIGITAL,123456789,,,110053,BHAJANPURA,DELHI,BHAJANPURA,NAVEEN MARAPALLY,123456789,,503175,TELANGANA,TELANGANA,MENTRAJPALLY DICHPALLY NIZAMABAD503175 NIZAMABAD TELANGANA 503175,PREPAID,20,,,,,,
2627,,,,LEX DIGITAL,123456789,,,110053,BHAJANPURA,DELHI,BHAJANPURA,PAPIYA TARAFDAR,123456789,,743245,WEST BENGAL,WEST BENGAL,NORTH 24 PARGANASCHOWGACHA PARGANAS WEST BENGAL 743245,PREPAID,20,,,,,,
2628,,,,LEX DIGITAL,123456789,,,110053,BHAJANPURA,DELHI,BHAJANPURA,SUSHMA CHANDRASHEKHAR DAVDE,123456789,,421505,MAHARASHTRA,MAHARASHTRA,"F703, COREL BLDG, MUKUL PALM, KAMALAKAR NAGAR,OPP IQRA SCHOOL, AMBERNATH WEST THANE MAHARASHTRA 421505",PREPAID,20,,,,,,
2629,,,,LEX DIGITAL,123456789,,,110053,BHAJANPURA,DELHI,BHAJANPURA,SHARADKUMAR MAHAVEER UPADHYE,123456789,,413001,MAHARASHTRA,MAHARASHTRA,"1 PAPARAM NAGAR MASHAL VASTI,VIJAPUR ROAD SOLAPUR MAHARASHTRA 413001",PREPAID,20,,,,,,
2630,,,,LEX DIGITAL,123456789,,,110053,BHAJANPURA,DELHI,BHAJANPURA,RAHUL WALMIK PAWAR,123456789,,422009,MAHARASHTRA,MAHARASHTRA,N-51SF-12012SWAMI SAMARTH KENDRA UTTAM NAGAR NANDAN WAN CHOUCK CIDCO NASHIK MAHARASHTRA 422009,PREPAID,20,,,,,,
2631,,,,LEX DIGITAL,123456789,,,110053,BHAJANPURA,DELHI,BHAJANPURA,TIRUMANI MURALI,123456789,,500045,TELANGANA,TELANGANA,8-3-228678100960 SPR HILLS YOUSUF GUDA HYDERABAD TE LANGANA TELANGANA 500045,PREPAID,20,,,,,,
2632,,,,LEX DIGITAL,123456789,,,110053,BHAJANPURA,DELHI,BHAJANPURA,THANGAVEL THENMOZHI,123456789,,641402,TAMIL NADU,TAMIL NADU,669 WEST STREET RASIPALAYAM PO SULUR TALKUKSULUR COIMBATORE TAMIL NADU 641402,PREPAID,20,,,,,,
2633,,,,LEX DIGITAL,123456789,,,110053,BHAJANPURA,DELHI,BHAJANPURA,MAYANK KUMAR JHA,123456789,,110042,DELHI,DELHI,PLOT NO 72GALI 93 PART 2MUKANDPURDELHI NEW DELHI 110042,PREPAID,20,,,,,,
2634,,,,LEX DIGITAL,123456789,,,110053,BHAJANPURA,DELHI,BHAJANPURA,SHCHIN SAKHARAM KADAM,123456789,,415604,MAHARASHTRA,MAHARASHTRA,HOUSE NUMBER 352 CHIPLUNNEAR BY GANPATI MANDIR RATNAGIRI MAHARASHTRA 415604,PREPAID,20,,,,,,
2635,,,,LEX DIGITAL,123456789,,,110053,BHAJANPURA,DELHI,BHAJANPURA,TANAJI NAGNATH JANRAV,123456789,,413112,MAHARASHTRA,MAHARASHTRA,LAWANG MALSHIRAS SOLAPUR GAVTHAN NR SAMAJ MANDIR SOLAP UR MAHARASHTRA 413112,PREPAID,20,,,,,,
2636,,,,LEX DIGITAL,123456789,,,110053,BHAJANPURA,DELHI,BHAJANPURA,SHAJI JOHNROSE,123456789,,629168,TAMIL NADU,TAMIL NADU,8195TOWN KANYAKUMARI TAMIL NADU 629168,PREPAID,20,,,,,,
2637,,,,LEX DIGITAL,123456789,,,110053,BHAJANPURA,DELHI,BHAJANPURA,BANDI MANJULA,123456789,,500014,TELANGANA,TELANGANA,H NO 7-61/SVS/33B SRI VENKATA SAI COLONY KOMPALLY HYDERABAD TELANGANA 500014,PREPAID,20,,,,,,
2638,,,,LEX DIGITAL,123456789,,,110053,BHAJANPURA,DELHI,BHAJANPURA,KOWLURI AJAY,123456789,,500085,TELANGANA,TELANGANA,2-1-21113 SAI CHARAN COLONY NEAR HMT HILS KUKATPALLY H YDERASAI HILLS KUKATP HYDERABAD TELANGANA 500085,PREPAID,20,,,,,,
2639,,,,LEX DIGITAL,123456789,,,110053,BHAJANPURA,DELHI,BHAJANPURA,GAJERALA PREMALA,123456789,,503224,TELANGANA,TELANGANA,H NO 3-43 MAGGIDI ARMOOR NIZAMABAD TELANGANA 503224,PREPAID,20,,,,,,
2640,,,,LEX DIGITAL,123456789,,,110053,BHAJANPURA,DELHI,BHAJANPURA,MOHAMMAD CHAND,123456789,,502103,TELANGANA,TELANGANA,12-5-351SIDDIPET MEDAK TELANGANA 502103,PREPAID,20,,,,,,
2641,,,,LEX DIGITAL,123456789,,,110053,BHAJANPURA,DELHI,BHAJANPURA,MANE MAG,123456789,,799204,TRIPURA,TRIPURA,S/O MANGLA MAG THOCHING PARA BAGMARA - DHALAI TRIPURA 799204,PREPAID,20,,,,,,
2642,,,,LEX DIGITAL,123456789,,,110053,BHAJANPURA,DELHI,BHAJANPURA,NARUTTAM DEB,123456789,,799102,TRIPURA,TRIPURA,GAKULNAGAR WEST TRIPURA 799102,PREPAID,20,,,,,,
2643,,,,LEX DIGITAL,123456789,,,110053,BHAJANPURA,DELHI,BHAJANPURA,DEBJIT PAUL,123456789,,799143,TRIPURA,TRIPURA,"736, NABAGRAM, GRAM- FULCHARI PO- FULCHARI-799143, DIST- SOUTH TRIPURA 799143",PREPAID,20,,,,,,
2644,,,,LEX DIGITAL,123456789,,,110053,BHAJANPURA,DELHI,BHAJANPURA,JUDHISHTHIR SARKAR,123456789,,799203,TRIPURA,TRIPURA,"HNO.38, DEB PARA, GRAM - GHILATALI P.O GHILATALI, VILL-GHILATALI, DIST -KHOWAI WEST TRIPURA 799203",PREPAID,20,,,,,,
2645,,,,LEX DIGITAL,123456789,,,110053,BHAJANPURA,DELHI,BHAJANPURA,RAVI RAJ,123456789,,226002,UTTAR PRADESH,UTTAR PRADESH,DIPTY GANJ GOLOKPURI SHIV MANDIR MOOD PE LUCKNOW CANTONMENT UTTAR PRADESH 226002,PREPAID,20,,,,,,
2646,,,,LEX DIGITAL,123456789,,,110053,BHAJANPURA,DELHI,BHAJANPURA,SUBHASH CHAND,123456789,,281001,UTTAR PRADESH,UTTAR PRADESH,"S O RAMJI LAL WEST PRATAP NAGAR, MATHURA MAHOLI ROAD, UTTAR PRADESH, NULL - 281001 PRADESH",PREPAID,20,,,,,,
2647,,,,LEX DIGITAL,123456789,,,110053,BHAJANPURA,DELHI,BHAJANPURA,GIRISH KUMAR YADAV,123456789,,222105,UTTAR PRADESH,UTTAR PRADESH,"ISMAILA , JAUNPUR UTTAR PRADESH 222105",PREPAID,20,,,,,,
2648,,,,LEX DIGITAL,123456789,,,110053,BHAJANPURA,DELHI,BHAJANPURA,NIKHIL KUMAR BANSAL,123456789,,203001,UTTAR PRADESH,UTTAR PRADESH,737/16 DEVIPURA 1 BULANDSHAHAR BULANDSHAHR NAVEEN TANT HOUSE WALI GALI UTTAR PRADESH 203001,PREPAID,20,,,,,,
2649,,,,LEX DIGITAL,123456789,,,110053,BHAJANPURA,DELHI,BHAJANPURA,VAHID,123456789,,247662,UTTAR PRADESH,UTTAR PRADESH,"123, TEH-SAHARANPUR,THANA-FATEHPUR, MATHANA, PO: CHUTMALPUR, DIST: SAHARANPUR FIROZABAD UTTAR PRADESH 247662",PREPAID,20,,,,,,
2650,,,,LEX DIGITAL,123456789,,,110053,BHAJANPURA,DELHI,BHAJANPURA,KASIM RAZI,123456789,,283203,UTTAR PRADESH,UTTAR PRADESH,87 BAJE WALI GALI NAQQARCHI FIROZABAD UTTAR PRADESH 283203,PREPAID,20,,,,,,
2651,,,,LEX DIGITAL,123456789,,,110053,BHAJANPURA,DELHI,BHAJANPURA,RAJAT KASHYAP,123456789,,247001,UTTAR PRADESH,UTTAR PRADESH,GANESH NAGAR M.P.D SCHOOL SAHARANPUR NEAR DURGA MANDIR RAM VIHAR LABOUR COLONY UTTAR PRADESH 247001,PREPAID,20,,,,,,
2652,,,,LEX DIGITAL,123456789,,,110053,BHAJANPURA,DELHI,BHAJANPURA,DINESH,123456789,,250002,UTTAR PRADESH,UTTAR PRADESH,JAHAIDPUR NARAHARA BUDHERA ZAHIDPUR HAPUR ROAD MEERUT UTTAR PRADESH 250002,PREPAID,20,,,,,,
2653,,,,LEX DIGITAL,123456789,,,110053,BHAJANPURA,DELHI,BHAJANPURA,NEELESH KUMAR,123456789,,282007,UTTAR PRADESH,UTTAR PRADESH,"24,KAKRAITA,C-10 SHASHTRI NAGAR,BEHIND OFF KUSUM GARDEN AGRA UTTAR PRADESH 282007",PREPAID,20,,,,,,
2654,,,,LEX DIGITAL,123456789,,,110053,BHAJANPURA,DELHI,BHAJANPURA,CHAND RAM,123456789,,272153,UTTAR PRADESH,UTTAR PRADESH,"S/O PALTU,, INDIA, , VILLAGE CHHATWA POST ASOGAWA BANSI SIDDHARTHNAGAR UTTAR PRADESH 272153",PREPAID,20,,,,,,
2655,,,,LEX DIGITAL,123456789,,,110053,BHAJANPURA,DELHI,BHAJANPURA,MOHAMMAD JAVED ANSARI,123456789,,225001,UTTAR PRADESH,UTTAR PRADESH,BP/248 BHITARI PEERBATAWAN NAWAB GANJ BARABANKI UTTAR PRADESH 225001,PREPAID,20,,,,,,
2656,,,,LEX DIGITAL,123456789,,,110053,BHAJANPURA,DELHI,BHAJANPURA,RUNIKA GANGULEE,123456789,,243001,UTTAR PRADESH,UTTAR PRADESH,MADHINATH ROAD OPP POST AVLA KUTEER WALI GALI MOMIS TALAB BAREILLY UTTAR PRADESH 243001,PREPAID,20,,,,,,
2657,,,,LEX DIGITAL,123456789,,,110053,BHAJANPURA,DELHI,BHAJANPURA,SANJAY SINGH,123456789,,250221,UTTAR PRADESH,UTTAR PRADESH,"MACHRI , MEERUT MERRUT DOURALA UTTAR PRADESH 250221",PREPAID,20,,,,,,
2658,,,,LEX DIGITAL,123456789,,,110053,BHAJANPURA,DELHI,BHAJANPURA,ROCHAK SRIVASTAVA,123456789,,227202,UTTAR PRADESH,UTTAR PRADESH,74-B CHAKGANJA CHATTE MILL BAKSHI KA TALAB LUCKNOW UTTAR PRADESH 227202,PREPAID,20,,,,,,
2659,,,,LEX DIGITAL,123456789,,,110053,BHAJANPURA,DELHI,BHAJANPURA,MOHD NAJIM,123456789,,221109,UTTAR PRADESH,UTTAR PRADESH,N15/326A JOLHA BAJARDIHA BAZARDIHA VARANASI UTTAR PRADESH 221109,PREPAID,20,,,,,,
2660,,,,LEX DIGITAL,123456789,,,110053,BHAJANPURA,DELHI,BHAJANPURA,SANTOSH KUMAR,123456789,,227813,UTTAR PRADESH,UTTAR PRADESH,MATHA RAMPUR GHUSIYARIYA PICHHURA SULTANPUR UTTAR PRADESH 227813,PREPAID,20,,,,,,
2661,,,,LEX DIGITAL,123456789,,,110053,BHAJANPURA,DELHI,BHAJANPURA,MOHD ZAFAR,123456789,,226006,UTTAR PRADESH,UTTAR PRADESH,546/3/324 AKBAR NAGAR MAHANAGAR LUCKNOW UTTAR PRADESH 226006,PREPAID,20,,,,,,
2662,,,,LEX DIGITAL,123456789,,,110053,BHAJANPURA,DELHI,BHAJANPURA,AKSHAY KUMAR SINGH,123456789,,262802,UTTAR PRADESH,UTTAR PRADESH,GUPTA COLONY PUNARBHU GRANT KHERI UTTAR PRADESH 262802,PREPAID,20,,,,,,
2663,,,,LEX DIGITAL,123456789,,,110053,BHAJANPURA,DELHI,BHAJANPURA,IMRAN KHAN,123456789,,244001,UTTAR PRADESH,UTTAR PRADESH,E 21 GOKULDAS ROAD TAVELA MORADABAD UTTAR PRADESH 244001,PREPAID,20,,,,,,
2664,,,,LEX DIGITAL,123456789,,,110053,BHAJANPURA,DELHI,BHAJANPURA,BASHART ALI,123456789,,251327,UTTAR PRADESH,UTTAR PRADESH,HOUSE NO 62 GAON SHAHJAHANPUR URF RADAWALI SHAJHAHANPUR RADWALI MUZAFFARNAGAR UTTAR PRADESH 251327,PREPAID,20,,,,,,
2665,,,,LEX DIGITAL,123456789,,,110053,BHAJANPURA,DELHI,BHAJANPURA,AMIT VARMA,123456789,,247001,UTTAR PRADESH,UTTAR PRADESH,8/ 4333 CHILKANA ROAD SAMRAT VIKRAM COLONY SAHARANPUR NAKUR UTTAR PRADESH 247001,PREPAID,20,,,,,,
2666,,,,LEX DIGITAL,123456789,,,110053,BHAJANPURA,DELHI,BHAJANPURA,VIVEK SINGH,123456789,,272162,UTTAR PRADESH,UTTAR PRADESH,GAURAPAR GOSAI SINHPUR POST DIHAWA PS DHANGHATA P SANT KABIR NAGAR UTTAR PRADESH 272162,PREPAID,20,,,,,,
2667,,,,LEX DIGITAL,123456789,,,110053,BHAJANPURA,DELHI,BHAJANPURA,SHIKHA MARIA BENEDICT,123456789,,226012,UTTAR PRADESH,UTTAR PRADESH,"GRACE VILLA M 1514 SECTOR I KANPUR ROAD YOJNA LUC,KL D A COLONY BAKSHI KA TALAB LUCKNOW L UTTAR PRADESH 226012",PREPAID,20,,,,,,
2668,,,,LEX DIGITAL,123456789,,,110053,BHAJANPURA,DELHI,BHAJANPURA,KALLU,123456789,,244301,UTTAR PRADESH,UTTAR PRADESH,ITAYLA MAFI ETALA SAMBHAL SIRSI UTTAR PRADESH 244301,PREPAID,20,,,,,,
2669,,,,LEX DIGITAL,123456789,,,110053,BHAJANPURA,DELHI,BHAJANPURA,SADDAM RAO,123456789,,247001,UTTAR PRADESH,UTTAR PRADESH,1477STAR PAPER MILL ROAD SAHARANPUR UTTAR PRADESH 247001,PREPAID,20,,,,,,
2670,,,,LEX DIGITAL,123456789,,,110053,BHAJANPURA,DELHI,BHAJANPURA,RAJENDRA PRASAD,123456789,,271831,UTTAR PRADESH,UTTAR PRADESH,62 BHARAT MILAP CHAURAHA MARG NEAR ISLAMIYA SCHOOL MO SATTICHAURA BHINGA PO DIST PS SHRAWASTI UTTAR PRADESH 271831,PREPAID,20,,,,,,
2671,,,,LEX DIGITAL,123456789,,,110053,BHAJANPURA,DELHI,BHAJANPURA,GHULAM RABBANI,123456789,,244001,UTTAR PRADESH,UTTAR PRADESH,"M.I.G 166, AZAD NAGAR ,NEAR WATER TANK R.T.O OFFICE MORADABAD UTTAR PRADESH 244001",PREPAID,20,,,,,,
2672,,,,LEX DIGITAL,123456789,,,110053,BHAJANPURA,DELHI,BHAJANPURA,NAVJOT SINGH,123456789,,242401,UTTAR PRADESH,UTTAR PRADESH,NATHAPUR SHAHJAHANPUR UTTAR PRADESH 242401,PREPAID,20,,,,,,
2673,,,,LEX DIGITAL,123456789,,,110053,BHAJANPURA,DELHI,BHAJANPURA,ABDUL JABBAR,123456789,,283203,UTTAR PRADESH,UTTAR PRADESH,"CO NAUBAT HUSAIN, NEAR HASAN MASAN MASJID KAREEM GANJ AKASHWANI ROAD, FIROZABAD FIROZABAD, UTTAR PRADESH 283203",PREPAID,20,,,,,,
2674,,,,LEX DIGITAL,123456789,,,110053,BHAJANPURA,DELHI,BHAJANPURA,GULFAN,123456789,,244713,UTTARAKHAND,UTTARAKHAND,ISLAM NAGAR KASHIPUR UDHAM SINGH UTTARAKHAND 244713,PREPAID,20,,,,,,
2675,,,,LEX DIGITAL,123456789,,,110053,BHAJANPURA,DELHI,BHAJANPURA,AJIT SINGH,123456789,,230404,UTTAR PRADESH,UTTAR PRADESH,PURE AJMER SHAH VISHWANATHGANJ PRATAPGARH U.P. UTTAR PRADESH 230404,PREPAID,20,,,,,,
2676,,,,LEX DIGITAL,123456789,,,110053,BHAJANPURA,DELHI,BHAJANPURA,ABHISHEK KUMAR,123456789,,221502,UTTAR PRADESH,UTTAR PRADESH,"S/O SADAN LAL,, INDIA, BHITI HANDIA ALLAHABAD UTTAR PRADESH 221502",PREPAID,20,,,,,,
2677,,,,LEX DIGITAL,123456789,,,110053,BHAJANPURA,DELHI,BHAJANPURA,ANTRAM,123456789,,202412,UTTAR PRADESH,UTTAR PRADESH,"BAQENIA CHANDPUR , CHANDAUSI MORADABAD BILARI UTTAR PRADESH 202412",PREPAID,20,,,,,,
2678,,,,LEX DIGITAL,123456789,,,110053,BHAJANPURA,DELHI,BHAJANPURA,PRIYA,123456789,,222143,UTTAR PRADESH,UTTAR PRADESH,KAURAHA MACHHLISHAHAR JAUNPUR UTTAR PRADESH 222143,PREPAID,20,,,,,,
2679,,,,LEX DIGITAL,123456789,,,110053,BHAJANPURA,DELHI,BHAJANPURA,JAHID HUSAIN,123456789,,244922,UTTAR PRADESH,UTTAR PRADESH,NAVIGANJ QADIM SHAHABAD RAMPUR UTTAR PRADESH 244922,PREPAID,20,,,,,,
2680,,,,LEX DIGITAL,123456789,,,110053,BHAJANPURA,DELHI,BHAJANPURA,CHO SAMARVIR SINGH,123456789,,203202,UTTAR PRADESH,UTTAR PRADESH,"VILLAGE- NITHARI, POST-WAIR, TEHSIL- SIKANDRABAD, BULANDSHAHR, WAIR BULANDSHAHR UTTAR PRADESH 203202",PREPAID,20,,,,,,
2681,,,,LEX DIGITAL,123456789,,,110053,BHAJANPURA,DELHI,BHAJANPURA,CHHITAR SINGH,123456789,,281004,UTTAR PRADESH,UTTAR PRADESH,31 A NAYI BASTI VIKAS NAGAR THANA HIGHWAY MATHURA UTTAR PRADESH 281004,PREPAID,20,,,,,,
2682,,,,LEX DIGITAL,123456789,,,110053,BHAJANPURA,DELHI,BHAJANPURA,YASH VEER SINGH YADAV,123456789,,206242,UTTAR PRADESH,UTTAR PRADESH,VILLAGE JARPURA POST SAMHON ETAWAH UTTAR PRADESH 206242,PREPAID,20,,,,,,
2683,,,,LEX DIGITAL,123456789,,,110053,BHAJANPURA,DELHI,BHAJANPURA,MO UMAR,123456789,,271902,UTTAR PRADESH,UTTAR PRADESH,KODAHI PO BAMIYARI DIST BAHRAICH . UTTAR PRADESH 271902,PREPAID,20,,,,,,
2684,,,,LEX DIGITAL,123456789,,,110053,BHAJANPURA,DELHI,BHAJANPURA,JAGATPAL,123456789,,202526,UTTAR PRADESH,UTTAR PRADESH,PUNNAPUR BAROUR AMAAPUR BUDAUN BAROR UTTAR PRADESH 202526,PREPAID,20,,,,,,
2685,,,,LEX DIGITAL,123456789,,,110053,BHAJANPURA,DELHI,BHAJANPURA,VIMAL KUMAR,123456789,,206247,UTTAR PRADESH,UTTAR PRADESH,TULSHIPUR JUA AURAIYA UTTAR PRADESH 206247,PREPAID,20,,,,,,
2686,,,,LEX DIGITAL,123456789,,,110053,BHAJANPURA,DELHI,BHAJANPURA,ABHINANDAN SINGH,123456789,,274406,UTTAR PRADESH,UTTAR PRADESH,RAKABA JANGALI PATI PARSA AHATMALI KUSHINAGAR UTTAR PRADESH 274406,PREPAID,20,,,,,,
2687,,,,LEX DIGITAL,123456789,,,110053,BHAJANPURA,DELHI,BHAJANPURA,BHUPENDRA SINGH,123456789,,274204,UTTAR PRADESH,UTTAR PRADESH,DEORIAPADI BAZAR DEORIA UTTAR PRADESH 274204,PREPAID,20,,,,,,
2688,,,,LEX DIGITAL,123456789,,,110053,BHAJANPURA,DELHI,BHAJANPURA,ANKIT SHARMA,123456789,,226006,UTTAR PRADESH,UTTAR PRADESH,512 644 FIRST LINE NISHATGANJ LUCKNOW UTTAR PRADESH 226006,PREPAID,20,,,,,,
2689,,,,LEX DIGITAL,123456789,,,110053,BHAJANPURA,DELHI,BHAJANPURA,RAVINDRA,123456789,,281204,UTTAR PRADESH,UTTAR PRADESH,"S/O SHIV CHARAN LAL,, INDIA, , GHARI PITAMBER BIBALLI NEEMGAON MAT MATHURA UTTAR PRADESH 281204",PREPAID,20,,,,,,
2690,,,,LEX DIGITAL,123456789,,,110053,BHAJANPURA,DELHI,BHAJANPURA,SANAVVAR NASIM,123456789,,247776,UTTAR PRADESH,UTTAR PRADESH,"152, TAPRANA SHAMLI UTTAR PRADESH 247776",PREPAID,20,,,,,,
2691,,,,LEX DIGITAL,123456789,,,110053,BHAJANPURA,DELHI,BHAJANPURA,SANGEETA SINGH,123456789,,226022,UTTAR PRADESH,UTTAR PRADESH,4/502 VIKAS NAGAR LUCKNOW 2607 UP UTTAR PRADESH 226022,PREPAID,20,,,,,,
2692,,,,LEX DIGITAL,123456789,,,110053,BHAJANPURA,DELHI,BHAJANPURA,ANWAR,123456789,,247774,UTTAR PRADESH,UTTAR PRADESH,353 DARBAR KHURD KAIRANA SHAMLI TEH.KAIRANA UTTAR PRADESH 247774,PREPAID,20,,,,,,
2693,,,,LEX DIGITAL,123456789,,,110053,BHAJANPURA,DELHI,BHAJANPURA,SHIV KUMAR,123456789,,225122,UTTAR PRADESH,UTTAR PRADESH,KISTI PUR NAWABGANJ TEER GAON BARA BANKI TEERGAON BARABANKI UTTAR PRADESH 225122,PREPAID,20,,,,,,
2694,,,,LEX DIGITAL,123456789,,,110053,BHAJANPURA,DELHI,BHAJANPURA,VIKAS KUMAR VERMA,123456789,,271830,UTTAR PRADESH,UTTAR PRADESH,158 VILL. BADHEAYA KALAN BHAWANIYAPUR BANGHUSARI BHAWANIAPUR NANPARA BAHRAICH UTTAR PRADESH 271830,PREPAID,20,,,,,,
2695,,,,LEX DIGITAL,123456789,,,110053,BHAJANPURA,DELHI,BHAJANPURA,SHAHRUKH HASAN,123456789,,247001,UTTAR PRADESH,UTTAR PRADESH,111557SARAI MEHANDI NEAR SAKKO WALI MASJID SAHARAPUR SAHARANPUR UTTAR PRADESH 247001,PREPAID,20,,,,,,
2696,,,,LEX DIGITAL,123456789,,,110053,BHAJANPURA,DELHI,BHAJANPURA,GITA,123456789,,277210,UTTAR PRADESH,UTTAR PRADESH,AASCHAURA CHHATA BALLIA UTTAR PRADESH 277210,PREPAID,20,,,,,,
2697,,,,LEX DIGITAL,123456789,,,110053,BHAJANPURA,DELHI,BHAJANPURA,ASHU,123456789,,244501,UTTAR PRADESH,UTTAR PRADESH,"MOHALLA FAKEERGANJ KANTH, POST - KANTH CHHAJLET, PO- DIST- MORADABAD BIJNOR UTTAR PRADESH 244501",PREPAID,20,,,,,,
2698,,,,LEX DIGITAL,123456789,,,110053,BHAJANPURA,DELHI,BHAJANPURA,AJAYPAL SINGH,123456789,,242407,UTTAR PRADESH,UTTAR PRADESH,GRAM MAHOLIYA POST NIGOHI DIURIYA SHAHJAHANPUR UTTAR PRADESH 242407,PREPAID,20,,,,,,
2699,,,,LEX DIGITAL,123456789,,,110053,BHAJANPURA,DELHI,BHAJANPURA,KARAN SINGH,123456789,,271871,UTTAR PRADESH,UTTAR PRADESH,POST FARDA SUMERPUR DIST BAHRAICH SHRAWASTI PAYAGPUR UTTAR PRADESH PS 271871,PREPAID,20,,,,,,
2700,,,,LEX DIGITAL,123456789,,,110053,BHAJANPURA,DELHI,BHAJANPURA,ALIM YAKAT,123456789,,281502,UTTAR PRADESH,UTTAR PRADESH,DAULATPUR MATHURA MUDSERAS UTTAR PRADESH 281502,PREPAID,20,,,,,,
2701,,,,LEX DIGITAL,123456789,,,110053,BHAJANPURA,DELHI,BHAJANPURA,SULTTAN,123456789,,242127,UTTAR PRADESH,UTTAR PRADESH,DASIYA DASIA SHAHJAHANPUR UTTAR PRADESH 242127,PREPAID,20,,,,,,
2702,,,,LEX DIGITAL,123456789,,,110053,BHAJANPURA,DELHI,BHAJANPURA,RAMAUTAR,123456789,,209739,UTTAR PRADESH,UTTAR PRADESH,DANMANDI DAN MANDI FARRUKHABAD UTTAR PRADESH 209739,PREPAID,20,,,,,,
2703,,,,LEX DIGITAL,123456789,,,110053,BHAJANPURA,DELHI,BHAJANPURA,MANISH KUMAR MISHRA,123456789,,212107,UTTAR PRADESH,UTTAR PRADESH,ICHHAURA POST LALAPUR GOISARA JASRA ALLAHABAD UTTAR PRADESH 212107,PREPAID,20,,,,,,
2704,,,,LEX DIGITAL,123456789,,,110053,BHAJANPURA,DELHI,BHAJANPURA,AKHILESH,123456789,,274204,UTTAR PRADESH,UTTAR PRADESH,JUNGLE MAHIGANJ DEOEIA DEORIA UTTAR PRADESH 274204,PREPAID,20,,,,,,
2705,,,,LEX DIGITAL,123456789,,,110053,BHAJANPURA,DELHI,BHAJANPURA,MOHD KHUMANI,123456789,,250341,UTTAR PRADESH,UTTAR PRADESH,"S/O IQBAL HUSSAIN,, INDIA, , VILLAGE - KHIRWA JALALPUR SARDHANA MEERUT UTTAR PRADESH 250341",PREPAID,20,,,,,,
2706,,,,LEX DIGITAL,123456789,,,110053,BHAJANPURA,DELHI,BHAJANPURA,ISRAIL,123456789,,242042,UTTAR PRADESH,UTTAR PRADESH,MURADPUR BANDA SHAHJAHANPUR UTTAR PRADESH 242042,PREPAID,20,,,,,,
2707,,,,LEX DIGITAL,123456789,,,110053,BHAJANPURA,DELHI,BHAJANPURA,AKSHAY KUMAR,123456789,,212507,UTTAR PRADESH,UTTAR PRADESH,KATHVAR PARVEJPUR MAUAIMA ALLAHABAD UTTAR PRADESH 212507,PREPAID,20,,,,,,
2708,,,,LEX DIGITAL,123456789,,,110053,BHAJANPURA,DELHI,BHAJANPURA,SHERPAL,123456789,,242303,UTTAR PRADESH,UTTAR PRADESH,GRAM VIRIYA KALAN POST SIMRIYA RAIPUR SHAHJAHANPUR UTTAR PRADESH 242303,PREPAID,20,,,,,,
2709,,,,LEX DIGITAL,123456789,,,110053,BHAJANPURA,DELHI,BHAJANPURA,MUSTAKEEM,123456789,,243001,UTTAR PRADESH,UTTAR PRADESH,MUNDIA AHMAD NAGAR PILIBHIT BY PASS ROAD . BAREILLY UTTAR PRADESH 243001,PREPAID,20,,,,,,
2710,,,,LEX DIGITAL,123456789,,,110053,BHAJANPURA,DELHI,BHAJANPURA,SANTOSH KUMAR,123456789,,221011,UTTAR PRADESH,UTTAR PRADESH,112 AUDHE BACHCHHAON BACHHAWN BACHHAON VARANASI UTTAR PRADESH 221011,PREPAID,20,,,,,,
2711,,,,LEX DIGITAL,123456789,,,110053,BHAJANPURA,DELHI,BHAJANPURA,BABY CHHAUNKAR,123456789,,282001,UTTAR PRADESH,UTTAR PRADESH,16/343 TEELA NAND RAM SADAR BHATI AGRA UTTAR PRADESH 282001,PREPAID,20,,,,,,
2712,,,,LEX DIGITAL,123456789,,,110053,BHAJANPURA,DELHI,BHAJANPURA,SANDEEP,123456789,,206252,UTTAR PRADESH,UTTAR PRADESH,VILL- RAMPURA BARAUNA KALAN AURAIYA UTTAR PRADESH 206252,PREPAID,20,,,,,,
2713,,,,LEX DIGITAL,123456789,,,110053,BHAJANPURA,DELHI,BHAJANPURA,RAHUL,123456789,,247776,UTTAR PRADESH,UTTAR PRADESH,"185,NAYA GAON TAPRANA PO: DIST SHAMLI UTTAR PRADESH 247776",PREPAID,20,,,,,,
2714,,,,LEX DIGITAL,123456789,,,110053,BHAJANPURA,DELHI,BHAJANPURA,SAMAR SINGH,123456789,,285124,UTTAR PRADESH,UTTAR PRADESH,BILAUND BILOND JALAUN UTTAR PRADESH 285124,PREPAID,20,,,,,,
2715,,,,LEX DIGITAL,123456789,,,110053,BHAJANPURA,DELHI,BHAJANPURA,ABHISHEK SINGH,123456789,,241403,UTTAR PRADESH,UTTAR PRADESH,"SATHIYAMAU, SANDI, SANDI (RURAL), HARDOI. UTTAR PRADESH HARDOI 241403",PREPAID,20,,,,,,
2716,,,,LEX DIGITAL,123456789,,,110053,BHAJANPURA,DELHI,BHAJANPURA,SURENDRA UPADHAYAY,123456789,,272129,UTTAR PRADESH,UTTAR PRADESH,"S/O JOKHU UPADHYAY,, INDIA, VILLAGE NANDNAGAR POST NAND NAGAR BASTI UTTAR PRADESH 272129",PREPAID,20,,,,,,
2717,,,,LEX DIGITAL,123456789,,,110053,BHAJANPURA,DELHI,BHAJANPURA,ANJANI KUMAR PANDEY,123456789,,231303,UTTAR PRADESH,UTTAR PRADESH,BIJAR KALAN NIBI GAHARVAR GAHARWAR MIRZAPUR UTTAR PRADESH 231303,PREPAID,20,,,,,,
2718,,,,LEX DIGITAL,123456789,,,110053,BHAJANPURA,DELHI,BHAJANPURA,PREM SAGAR,123456789,,262722,UTTAR PRADESH,UTTAR PRADESH,LUDHAUNI KHERI LAKHIMPUR UTTAR PRADESH 262722,PREPAID,20,,,,,,
2719,,,,LEX DIGITAL,123456789,,,110053,BHAJANPURA,DELHI,BHAJANPURA,RANJEET KUMAR YADAV,123456789,,274302,UTTAR PRADESH,UTTAR PRADESH,MATHIYA BHAKARIYA KUSHINAGAR UTTAR PRADESH 274302,PREPAID,20,,,,,,
2720,,,,LEX DIGITAL,123456789,,,110053,BHAJANPURA,DELHI,BHAJANPURA,VARSHA RANI,123456789,,244001,UTTAR PRADESH,UTTAR PRADESH,LINE PAR BALMIKI BASTI MAJHOLA MORADABAD UTTAR PRADESH 244001,PREPAID,20,,,,,,
2721,,,,LEX DIGITAL,123456789,,,110053,BHAJANPURA,DELHI,BHAJANPURA,DEEPESH RANJAM SAHU,123456789,,230201,UTTAR PRADESH,UTTAR PRADESH,DEVARPATTI BIHAR BHADRI PRATAPGARH UTTAR PRADESH 230201,PREPAID,20,,,,,,
2722,,,,LEX DIGITAL,123456789,,,110053,BHAJANPURA,DELHI,BHAJANPURA,NARESH KUMAR,123456789,,283121,UTTAR PRADESH,UTTAR PRADESH,"17, KHERAGADH, MAHUA KHERA,AGRA,KHERAGARH AGRA UTTAR PRADESH 283121",PREPAID,20,,,,,,
2723,,,,LEX DIGITAL,123456789,,,110053,BHAJANPURA,DELHI,BHAJANPURA,TILAK SINGH,123456789,,243634,UTTAR PRADESH,UTTAR PRADESH,"HOUSE NO.150,VILLAGE-BINAWER,BINAVAR,BUDAUN,UTTAR PRADESH, BADAUN UTTAR PRADESH 243634",PREPAID,20,,,,,,
2724,,,,LEX DIGITAL,123456789,,,110053,BHAJANPURA,DELHI,BHAJANPURA,ALOK KUMAR,123456789,,207001,UTTAR PRADESH,UTTAR PRADESH,NAGLA DHANI YUSUFPUR URF ETAH ALIGANJ UTTAR PRADESH 207001,PREPAID,20,,,,,,
2725,,,,LEX DIGITAL,123456789,,,110053,BHAJANPURA,DELHI,BHAJANPURA,BILAL BILAL,123456789,,247232,UTTAR PRADESH,UTTAR PRADESH,"MANAKPUR SADAT,SAHRANPUR SAHARANPUR UTTAR PRADESH 247232",PREPAID,20,,,,,,
2726,,,,LEX DIGITAL,123456789,,,110053,BHAJANPURA,DELHI,BHAJANPURA,MUKESH KUMAR,123456789,,210432,UTTAR PRADESH,UTTAR PRADESH,DANDOW INDERPURA RATH HAMIRPUR UTTAR PRADESH 210432,PREPAID,20,,,,,,
2727,,,,LEX DIGITAL,123456789,,,110053,BHAJANPURA,DELHI,BHAJANPURA,VANDANA SHARMA,123456789,,283105,UTTAR PRADESH,UTTAR PRADESH,PLOT NO - 65 BRIJDHAM V CHOUHTNA BICHPURI CHAUHATNA AGRA UTTAR PRADESH 283105,PREPAID,20,,,,,,
2728,,,,LEX DIGITAL,123456789,,,110053,BHAJANPURA,DELHI,BHAJANPURA,SONU,123456789,,285001,UTTAR PRADESH,UTTAR PRADESH,GRAM RAGOLI POST ATARIYA JALAUN UTTAR PRADESH 285001,PREPAID,20,,,,,,
2729,,,,LEX DIGITAL,123456789,,,110053,BHAJANPURA,DELHI,BHAJANPURA,SHIVANI,123456789,,283104,UTTAR PRADESH,UTTAR PRADESH,"BIJAULI, BAH, AGRA BAH UTTAR PRADESH 283104",PREPAID,20,,,,,,
2730,,,,LEX DIGITAL,123456789,,,110053,BHAJANPURA,DELHI,BHAJANPURA,ASHMAA,123456789,,207302,UTTAR PRADESH,UTTAR PRADESH,MISAULI JALESAR ETAH 9368251827 UTTAR PRADESH 207302,PREPAID,20,,,,,,
2731,,,,LEX DIGITAL,123456789,,,110053,BHAJANPURA,DELHI,BHAJANPURA,SURENDRA KUMAR,123456789,,261201,UTTAR PRADESH,UTTAR PRADESH,HOUSE NUMBER 25 AHIRANPURWA MURTHANA SITAPUR UTTAR PRADESH 261201,PREPAID,20,,,,,,
2732,,,,LEX DIGITAL,123456789,,,110053,BHAJANPURA,DELHI,BHAJANPURA,MOHAN KASHYAP,123456789,,243001,UTTAR PRADESH,UTTAR PRADESH,"0, KHAJURIA ZULFIKAR MUNDIA AHMED NAGAR - BAREILLY UTTAR PRADESH 243001",PREPAID,20,,,,,,
2733,,,,LEX DIGITAL,123456789,,,110053,BHAJANPURA,DELHI,BHAJANPURA,SARITA GAUTAM,123456789,,226018,UTTAR PRADESH,UTTAR PRADESH,100 SHUTUR KHANA MAQBOOL GANJ LUCKNOW UTTAR PRADESH 226018,PREPAID,20,,,,,,
2734,,,,LEX DIGITAL,123456789,,,110053,BHAJANPURA,DELHI,BHAJANPURA,AJAY KUMAR,123456789,,231001,UTTAR PRADESH,UTTAR PRADESH,POST CHATAHA DHARAMDEVA MIRZAPUR UTTAR PRADESH 231001,PREPAID,20,,,,,,
2735,,,,LEX DIGITAL,123456789,,,110053,BHAJANPURA,DELHI,BHAJANPURA,BAJARANGI,123456789,,231226,UTTAR PRADESH,UTTAR PRADESH,"GRAM- NAKATWAR, POST- CHANCHIKALA, THANA- KONE, RAMGARH SONBHADRA UTTAR PRADESH 231226",PREPAID,20,,,,,,
2736,,,,LEX DIGITAL,123456789,,,110053,BHAJANPURA,DELHI,BHAJANPURA,BHAGIRATH,123456789,,281305,UTTAR PRADESH,UTTAR PRADESH,"127, SIHORA, SIHORA MATHURA UTTAR PRADESH 281305",PREPAID,20,,,,,,
2737,,,,LEX DIGITAL,123456789,,,110053,BHAJANPURA,DELHI,BHAJANPURA,SHIVA JAISWAL,123456789,,273408,UTTAR PRADESH,UTTAR PRADESH,VILL-HO NO 49 WARD 7 LOHA MANDI GOLA BAZAR POST- PS- GORAKHPUR UTTAR PRADESH 273408,PREPAID,20,,,,,,
2738,,,,LEX DIGITAL,123456789,,,110053,BHAJANPURA,DELHI,BHAJANPURA,RAMESH CHANDRA,123456789,,202170,UTTAR PRADESH,UTTAR PRADESH,"S/O SHRI RAMPRASAD,, INDIA, VIJAIGARH DEHAT BIJAIGARH KOIL ALIGARH UTTAR PRADESH 202170",PREPAID,20,,,,,,
2739,,,,LEX DIGITAL,123456789,,,110053,BHAJANPURA,DELHI,BHAJANPURA,JITENDRA,123456789,,282007,UTTAR PRADESH,UTTAR PRADESH,ARTAUNI AGRA UTTAR PRADESH 282007,PREPAID,20,,,,,,
2740,,,,LEX DIGITAL,123456789,,,110053,BHAJANPURA,DELHI,BHAJANPURA,NOOR MOHAMAAD,123456789,,246733,UTTAR PRADESH,UTTAR PRADESH,KARIMPUR MUBARAK NEHTAUR BIJNOR UTTAR PRADESH 246733,PREPAID,20,,,,,,
2741,,,,LEX DIGITAL,123456789,,,110053,BHAJANPURA,DELHI,BHAJANPURA,ANAND KUMAR,123456789,,229127,UTTAR PRADESH,UTTAR PRADESH,TEHSEEL SALON DHRAEE DHARAI AMETHI UTTAR PRADESH 229127,PREPAID,20,,,,,,
2742,,,,LEX DIGITAL,123456789,,,110053,BHAJANPURA,DELHI,BHAJANPURA,SURJEET KUMAR,123456789,,274306,UTTAR PRADESH,UTTAR PRADESH,SAGAR GOSAI KHANU CHHAPARA KUSHINAGAR UTTAR PRADESH 274306,PREPAID,20,,,,,,
2743,,,,LEX DIGITAL,123456789,,,110053,BHAJANPURA,DELHI,BHAJANPURA,SANUALI ANIS,123456789,,250611,UTTAR PRADESH,UTTAR PRADESH,KOTANA BAGHPAT TEH. BARAUT DISTT . BAGPAT UTTAR PRADESH 250611,PREPAID,20,,,,,,
2744,,,,LEX DIGITAL,123456789,,,110053,BHAJANPURA,DELHI,BHAJANPURA,KUMARI EKTA SINGH,123456789,,201306,UTTAR PRADESH,UTTAR PRADESH,FLAT NO-C22G CENTURION PARK LOW RISEEKMURTI TECHZON E-04 GREATER NOIDA WEST NEAR FUSION HOMES S GAUTAM BUDDHA NAGAR UTTAR PRADESH 201306,PREPAID,20,,,,,,
2745,,,,LEX DIGITAL,123456789,,,110053,BHAJANPURA,DELHI,BHAJANPURA,KUMARI SANGEETA GIRI,123456789,,232103,UTTAR PRADESH,UTTAR PRADESH,"D/O CHANDRAMA GIRI,, INDIA, , GRAM- SURTHAPUR GAIGHAT CHAKIA CHANDAULI UTTAR PRADESH 232103",PREPAID,20,,,,,,
2746,,,,LEX DIGITAL,123456789,,,110053,BHAJANPURA,DELHI,BHAJANPURA,NEELAM PANDEY,123456789,,271603,UTTAR PRADESH,UTTAR PRADESH,"758A,DHARKHAN,UJJANI KALAN, GONDA, . GONDA UTTAR PRADESH 271603",PREPAID,20,,,,,,
2747,,,,LEX DIGITAL,123456789,,,110053,BHAJANPURA,DELHI,BHAJANPURA,KARTAR SINGH,123456789,,202121,UTTAR PRADESH,UTTAR PRADESH,"S/O MANGAL SINGH,, INDIA, DUBHIYA KHURRAMPUR KOIL 9520468822, NEETESH - 7830075015 MUNESH 8006167500 ALIGARH UTTAR PRADESH 202121",PREPAID,20,,,,,,
2748,,,,LEX DIGITAL,123456789,,,110053,BHAJANPURA,DELHI,BHAJANPURA,POONAM SAINI,123456789,,247341,UTTAR PRADESH,UTTAR PRADESH,MAIN ROAD NEAR GANESH CHOWK TAKAN GANGOH KHALSA SAHARANPUR UTTAR PRADESH 247341,PREPAID,20,,,,,,
2749,,,,LEX DIGITAL,123456789,,,110053,BHAJANPURA,DELHI,BHAJANPURA,RAJ KUMAR YADAV,123456789,,222143,UTTAR PRADESH,UTTAR PRADESH,PARAHIT GHAGHARIYA JAUNPUR UTTAR PRADESH 222143,PREPAID,20,,,,,,
2750,,,,LEX DIGITAL,123456789,,,110053,BHAJANPURA,DELHI,BHAJANPURA,NARENDRA,123456789,,207403,UTTAR PRADESH,UTTAR PRADESH,"GRAM KHAIRPUR, LAHARBARKULA,SORON KASGANJ ETAH UTTAR PRADESH 207403",PREPAID,20,,,,,,
2751,,,,LEX DIGITAL,123456789,,,110053,BHAJANPURA,DELHI,BHAJANPURA,PRSHANT PANDEYA,123456789,,226002,UTTAR PRADESH,UTTAR PRADESH,17 YUSUF NAGAR BAGIYAMAU LUCKNOW UTTAR PRADESH 226002,PREPAID,20,,,,,,
2752,,,,LEX DIGITAL,123456789,,,110053,BHAJANPURA,DELHI,BHAJANPURA,SUNIL KUMAR,123456789,,275203,UTTAR PRADESH,UTTAR PRADESH,RAMPUR BELBHADRA GHAZIPUR UTTAR PRADESH 275203,PREPAID,20,,,,,,
2753,,,,LEX DIGITAL,123456789,,,110053,BHAJANPURA,DELHI,BHAJANPURA,SANTOSH KUMAR SINGH,123456789,,207302,UTTAR PRADESH,UTTAR PRADESH,BRAJPUR SHAKRAULI JALESAR ETAH UTTAR PRADESH 207302,PREPAID,20,,,,,,
2754,,,,LEX DIGITAL,123456789,,,110053,BHAJANPURA,DELHI,BHAJANPURA,SUNIL SHARMA,123456789,,273405,UTTAR PRADESH,UTTAR PRADESH,VILL BAUTHA PO PS JANGHA GORAKHPUR UTTAR PRADESH 273405,PREPAID,20,,,,,,
2755,,,,LEX DIGITAL,123456789,,,110053,BHAJANPURA,DELHI,BHAJANPURA,ANKIT KUMAR,123456789,,205135,UTTAR PRADESH,UTTAR PRADESH,"SHOBHANPUR,THANUMAI,FIROZABAD FIROZABAD UTTAR PRADESH 205135",PREPAID,20,,,,,,
2756,,,,LEX DIGITAL,123456789,,,110053,BHAJANPURA,DELHI,BHAJANPURA,MEWA LAL,123456789,,261201,UTTAR PRADESH,UTTAR PRADESH,POST KISHORGANJ NAKAHA KANORA BISWAN SITAPUR UTTAR PRADESH 261201,PREPAID,20,,,,,,
2757,,,,LEX DIGITAL,123456789,,,110053,BHAJANPURA,DELHI,BHAJANPURA,SACHIN KUMAR,123456789,,205130,UTTAR PRADESH,UTTAR PRADESH,"MOGRA,KADIPUR FIROZABAD UTTAR PRADESH 205130",PREPAID,20,,,,,,
2758,,,,LEX DIGITAL,123456789,,,110053,BHAJANPURA,DELHI,BHAJANPURA,VIPIN KUMAR SHARMA,123456789,,244221,UTTAR PRADESH,UTTAR PRADESH,0 KAILSA BY PASS ROAD MOHALLA AMROHA DARBARE KALAN KHAS JYOTIBA PHULE NAGAR UTTAR PRADESH 244221,PREPAID,20,,,,,,
2759,,,,LEX DIGITAL,123456789,,,110053,BHAJANPURA,DELHI,BHAJANPURA,LALOO,123456789,,261208,UTTAR PRADESH,UTTAR PRADESH,"SARJU PURWA, RIHAR SITAPUR UTTAR PRADESH 261208",PREPAID,20,,,,,,
2760,,,,LEX DIGITAL,123456789,,,110053,BHAJANPURA,DELHI,BHAJANPURA,ADESH TEJPAL,123456789,,250623,UTTAR PRADESH,UTTAR PRADESH,"IBRAHIMPUR MAZRA,IBRAHIMPUR MAJRA,IBRAHIMPUR MAZRA,BAGHPAT,BARAUT TEHSIL BARAUT DISTRICT BAGHPAT BAGPAT UTTAR PRADESH 250623",PREPAID,20,,,,,,
2761,,,,LEX DIGITAL,123456789,,,110053,BHAJANPURA,DELHI,BHAJANPURA,JAHID KHAN,123456789,,243502,UTTAR PRADESH,UTTAR PRADESH,TILIYAPUR BAREILLY C B GANJ UTTAR PRADESH 243502,PREPAID,20,,,,,,
2762,,,,LEX DIGITAL,123456789,,,110053,BHAJANPURA,DELHI,BHAJANPURA,VIKASH KUMAR,123456789,,207122,UTTAR PRADESH,UTTAR PRADESH,DHAULESHWAR POST ETAH UTTAR PRADESH 207122,PREPAID,20,,,,,,
2763,,,,LEX DIGITAL,123456789,,,110053,BHAJANPURA,DELHI,BHAJANPURA,JAFEER SHAH,123456789,,244927,UTTAR PRADESH,UTTAR PRADESH,AHMAD NAGAR NIKAT FAIJGANJ AHAMDABAD NEAR MASJID RAMPUR UTTAR PRADESH 244927,PREPAID,20,,,,,,
2764,,,,LEX DIGITAL,123456789,,,110053,BHAJANPURA,DELHI,BHAJANPURA,PRADEEP KUMAR,123456789,,261205,UTTAR PRADESH,UTTAR PRADESH,PERSIYA THANGAON SITAPUR UTTAR PRADESH 261205,PREPAID,20,,,,,,
2765,,,,LEX DIGITAL,123456789,,,110053,BHAJANPURA,DELHI,BHAJANPURA,AMARPAL,123456789,,244001,UTTAR PRADESH,UTTAR PRADESH,RAMPUR ROAD NEAR DEER PARK BASANT PUR RAM RAI MORADABAD UTTAR PRADESH 244001,PREPAID,20,,,,,,
2766,,,,LEX DIGITAL,123456789,,,110053,BHAJANPURA,DELHI,BHAJANPURA,DEVENDRA GUPAL,123456789,,281403,UTTAR PRADESH,UTTAR PRADESH,DHARM NAGAR BATHAIN KALAN CHHATA MATHURA UTTAR PRADESH 281403,PREPAID,20,,,,,,
2767,,,,LEX DIGITAL,123456789,,,110053,BHAJANPURA,DELHI,BHAJANPURA,KANIK RAM VERMA,123456789,,272130,UTTAR PRADESH,UTTAR PRADESH,"H N 82, POST GOPINATHPUR, SELEMPUR PANDAY BASTI UTTAR PRADESH 272130",PREPAID,20,,,,,,
2768,,,,LEX DIGITAL,123456789,,,110053,BHAJANPURA,DELHI,BHAJANPURA,INDRESH KUMAR DUBEY,123456789,,221401,UTTAR PRADESH,UTTAR PRADESH,JHINGURPUR ASNOW BAZAR BHADOHI SANT RAVIDAS NAGAR UTTAR PRADESH 221401,PREPAID,20,,,,,,
2769,,,,LEX DIGITAL,123456789,,,110053,BHAJANPURA,DELHI,BHAJANPURA,SHAZIYA SHAZIYA,123456789,,262407,UTTAR PRADESH,UTTAR PRADESH,"TANDA SADAT, SENTHAL PATTI BAREILLY, BAREILLY UTTAR PRADESH 262407",PREPAID,20,,,,,,
2770,,,,LEX DIGITAL,123456789,,,110053,BHAJANPURA,DELHI,BHAJANPURA,NARESH PAL...,123456789,,202421,UTTAR PRADESH,UTTAR PRADESH,H.NO-195 MALUA BHIRAWATI PS DHANARI GUNNAUR SAMBHAL BUDAUN UTTAR PRADESH 202421,PREPAID,20,,,,,,
2771,,,,LEX DIGITAL,123456789,,,110053,BHAJANPURA,DELHI,BHAJANPURA,ABRAR AHMAD,123456789,,272170,UTTAR PRADESH,UTTAR PRADESH,VILL. MAHDEV PO. SALEHPUR PS. DUDHARA SANT KABIR NAGAR UTTAR PRADESH 272170,PREPAID,20,,,,,,
2772,,,,LEX DIGITAL,123456789,,,110053,BHAJANPURA,DELHI,BHAJANPURA,HARIPAL SINGH,123456789,,242221,UTTAR PRADESH,UTTAR PRADESH,KUMHARUA SHAHJAHANPUR UTTAR PRADESH 242221,PREPAID,20,,,,,,
2773,,,,LEX DIGITAL,123456789,,,110053,BHAJANPURA,DELHI,BHAJANPURA,RAJU ..,123456789,,212507,UTTAR PRADESH,UTTAR PRADESH,MARAKHAMAU MAUAIMA ALLAHABAD UTTAR PRADESH 212507,PREPAID,20,,,,,,
2774,,,,LEX DIGITAL,123456789,,,110053,BHAJANPURA,DELHI,BHAJANPURA,GAURAV CHANDRA,123456789,,282009,UTTAR PRADESH,UTTAR PRADESH,PLOT NO 6 KHASRA 1A LAXMI VIHAR PHASE 2 ROHTA AGRA UTTAR PRADESH 282009,PREPAID,20,,,,,,
2775,,,,LEX DIGITAL,123456789,,,110053,BHAJANPURA,DELHI,BHAJANPURA,KAMLESH RAIKWAR,123456789,,284003,UTTAR PRADESH,UTTAR PRADESH,1926 NAL GANJ SIPRI BAZAR JHANSI UTTAR PRADESH 284003,PREPAID,20,,,,,,
2776,,,,LEX DIGITAL,123456789,,,110053,BHAJANPURA,DELHI,BHAJANPURA,CHANDRAKALA,123456789,,281001,UTTAR PRADESH,UTTAR PRADESH,NAGLA THAKURIYA FODAR MAGOORA MATHURA MAGORRA UTTAR PRADESH 281001,PREPAID,20,,,,,,
2777,,,,LEX DIGITAL,123456789,,,110053,BHAJANPURA,DELHI,BHAJANPURA,WAHEEDA MEHARBAAN,123456789,,247001,UTTAR PRADESH,UTTAR PRADESH,GALI NO 10 REHMANI CHOWK SAHARANPUR UTTAR PRADESH 247001,PREPAID,20,,,,,,
2778,,,,LEX DIGITAL,123456789,,,110053,BHAJANPURA,DELHI,BHAJANPURA,VEDPRAKASH KUMAR,123456789,,275203,UTTAR PRADESH,UTTAR PRADESH,AIMABANSHI AMABANSI GHAZIPUR JALALPURDHANI UTTAR PRADESH 275203,PREPAID,20,,,,,,
2779,,,,LEX DIGITAL,123456789,,,110053,BHAJANPURA,DELHI,BHAJANPURA,SUDHA SINGH,123456789,,276405,UTTAR PRADESH,UTTAR PRADESH,RRAMPUR KAANDHI RAMPUR KANDHI DEOKALI DEOLAS MAU UTTAR PRADESH 276405,PREPAID,20,,,,,,
2780,,,,LEX DIGITAL,123456789,,,110053,BHAJANPURA,DELHI,BHAJANPURA,SHAUKIN,123456789,,251318,UTTAR PRADESH,UTTAR PRADESH,H NO 808 UMARPUR MUZAFFARNAGAR UTTAR PRADESH 251318,PREPAID,20,,,,,,
2781,,,,LEX DIGITAL,123456789,,,110053,BHAJANPURA,DELHI,BHAJANPURA,SADEEK,123456789,,247774,UTTAR PRADESH,UTTAR PRADESH,"MANDAWAR , SHAMLI . UTTAR PRADESH 247774",PREPAID,20,,,,,,
2782,,,,LEX DIGITAL,123456789,,,110053,BHAJANPURA,DELHI,BHAJANPURA,RAHUL KUMAR,123456789,,251003,UTTAR PRADESH,UTTAR PRADESH,LACHEDA LACHHERA MUZAFFARNAGAR UTTAR PRADESH 251003,PREPAID,20,,,,,,
2783,,,,LEX DIGITAL,123456789,,,110053,BHAJANPURA,DELHI,BHAJANPURA,MOHAMMAD YUSUF,123456789,,272208,UTTAR PRADESH,UTTAR PRADESH,UTIYA SIDDHARTHNAGAR USKA BAZAR . UTTAR PRADESH 272208,PREPAID,20,,,,,,
2784,,,,LEX DIGITAL,123456789,,,110053,BHAJANPURA,DELHI,BHAJANPURA,ALI AHMAD,123456789,,273405,UTTAR PRADESH,UTTAR PRADESH,SEMARAUNA POS BARAHI PS JHANGHA GORAKHPUR UTTAR PRADESH 273405,PREPAID,20,,,,,,
2785,,,,LEX DIGITAL,123456789,,,110053,BHAJANPURA,DELHI,BHAJANPURA,SUNIL KUMAR,123456789,,230404,UTTAR PRADESH,UTTAR PRADESH,"26, BHAWANIPUR PRATAPGARH, VISHWANATHGANJ PRATAPGARH UTTAR PRADESH 230404",PREPAID,20,,,,,,
2786,,,,LEX DIGITAL,123456789,,,110053,BHAJANPURA,DELHI,BHAJANPURA,JANG BAHADUR,123456789,,209821,UTTAR PRADESH,UTTAR PRADESH,"MUSANDI, UNNAO, MAURAWAN DIST UNNAO UTTAR PRADESH 209821",PREPAID,20,,,,,,
2787,,,,LEX DIGITAL,123456789,,,110053,BHAJANPURA,DELHI,BHAJANPURA,BASID,123456789,,261505,UTTAR PRADESH,UTTAR PRADESH,MAIGALGANJ NACAB GANJ LAKHIMPUR KHERI UTTAR PRADESH 261505,PREPAID,20,,,,,,
2788,,,,LEX DIGITAL,123456789,,,110053,BHAJANPURA,DELHI,BHAJANPURA,RAKESH PRAJAPATI,123456789,,232111,UTTAR PRADESH,UTTAR PRADESH,GANGAPUR CHAKAR GHATTA CHAKARGHATTA CHANDAULI UTTAR PRADESH 232111,PREPAID,20,,,,,,
2789,,,,LEX DIGITAL,123456789,,,110053,BHAJANPURA,DELHI,BHAJANPURA,ASHOK KUMAR,123456789,,231216,UTTAR PRADESH,UTTAR PRADESH,PAWAR PARASI DUBEY SONEBHADRA PARASHIDUBEY SONBHADRA UTTAR PRADESH 231216,PREPAID,20,,,,,,
2790,,,,LEX DIGITAL,123456789,,,110053,BHAJANPURA,DELHI,BHAJANPURA,MO IMRAN,123456789,,225204,UTTAR PRADESH,UTTAR PRADESH,RAHARA MAU BANSA RAHRA NIYAMATPUR NAWABGANJ CHAK BARABANKI UTTAR PRADESH 225204,PREPAID,20,,,,,,
2791,,,,LEX DIGITAL,123456789,,,110053,BHAJANPURA,DELHI,BHAJANPURA,KRISHANA CHANDRA YADAV,123456789,,272124,UTTAR PRADESH,UTTAR PRADESH,VILL CHANGERWA PO GAURA UPADHYAY PS LALGANJ BASTI UTTAR PRADESH 272124,PREPAID,20,,,,,,
2792,,,,LEX DIGITAL,123456789,,,110053,BHAJANPURA,DELHI,BHAJANPURA,MOHD AASHIF,123456789,,247129,UTTAR PRADESH,UTTAR PRADESH,VILL H.N.255 KHIDKA JUNARDAR POST SANSARPUR TEHSIL BEHAT SAHARANPUR UTTAR PRADESH 247129,PREPAID,20,,,,,,
2793,,,,LEX DIGITAL,123456789,,,110053,BHAJANPURA,DELHI,BHAJANPURA,SACHIN KUMAR,123456789,,247772,UTTAR PRADESH,UTTAR PRADESH,"AHATA GOS GARH, NOJJAL, SHAMLI TEH- 247772 UTTAR PRADESH",PREPAID,20,,,,,,
2794,,,,LEX DIGITAL,123456789,,,110053,BHAJANPURA,DELHI,BHAJANPURA,MOHAMMAD IMARAN ANSARI,123456789,,232333,UTTAR PRADESH,UTTAR PRADESH,UTRAULI GHAZIPUR UTTAR PRADESH 232333,PREPAID,20,,,,,,
2795,,,,LEX DIGITAL,123456789,,,110053,BHAJANPURA,DELHI,BHAJANPURA,KISHANAPAL,123456789,,243636,UTTAR PRADESH,UTTAR PRADESH,VILL. HUSENPUR KHEDA TEH. BUDAUN DIS. BADAUN UTTAR PRADESH 243636,PREPAID,20,,,,,,
2796,,,,LEX DIGITAL,123456789,,,110053,BHAJANPURA,DELHI,BHAJANPURA,SURJESH KUMAR,123456789,,271305,UTTAR PRADESH,UTTAR PRADESH,GADRHI ANANDIPURWA CHAPIYA GONDA UTTAR PRADESH 271305,PREPAID,20,,,,,,
2797,,,,LEX DIGITAL,123456789,,,110053,BHAJANPURA,DELHI,BHAJANPURA,BABLOO,123456789,,202421,UTTAR PRADESH,UTTAR PRADESH,IKONA SAMBHAL BUDAUN UTTAR PRADESH 202421,PREPAID,20,,,,,,
2798,,,,LEX DIGITAL,123456789,,,110053,BHAJANPURA,DELHI,BHAJANPURA,PRAKASH CHANDRA,123456789,,244001,UTTAR PRADESH,UTTAR PRADESH,"RA 33/34, NAVIN NAGAR MDA COLONY NEAR NANSAROWAR SCHOOL, MORADABAD MORADABADNA UTTAR PRADESH 244001",PREPAID,20,,,,,,
2799,,,,LEX DIGITAL,123456789,,,110053,BHAJANPURA,DELHI,BHAJANPURA,HEMANT KUMAR SHARMA,123456789,,282001,UTTAR PRADESH,UTTAR PRADESH,"ABHAYPURA MALPURA AGRA SURESH CHAND SHARMA, NAGLA REWATI UTTAR PRADESH 282001",PREPAID,20,,,,,,
2800,,,,LEX DIGITAL,123456789,,,110053,BHAJANPURA,DELHI,BHAJANPURA,RAJVEER,123456789,,244302,UTTAR PRADESH,UTTAR PRADESH,"KIRARI, DILGAURA SAMBHAL UTTAR PRADESH 244302",PREPAID,20,,,,,,
2801,,,,LEX DIGITAL,123456789,,,110053,BHAJANPURA,DELHI,BHAJANPURA,DURGESH KUMAR,123456789,,283111,UTTAR PRADESH,UTTAR PRADESH,NAGLA HAJI FATEHABAD AGRA UTTAR PRADESH 283111,PREPAID,20,,,,,,
2802,,,,LEX DIGITAL,123456789,,,110053,BHAJANPURA,DELHI,BHAJANPURA,NARENDRA KUMAR,123456789,,202130,UTTAR PRADESH,UTTAR PRADESH,NAGLA MOHAN TANDAULI ALIGARH UTTAR PRADESH 202130,PREPAID,20,,,,,,
2803,,,,LEX DIGITAL,123456789,,,110053,BHAJANPURA,DELHI,BHAJANPURA,ABBAS HUSAIN,123456789,,208019,UTTAR PRADESH,UTTAR PRADESH,54 SHAHKAR NAGARMASHWANPUR KANPUR NAGAR UTTAR PRADESH 208019,PREPAID,20,,,,,,
2804,,,,LEX DIGITAL,123456789,,,110053,BHAJANPURA,DELHI,BHAJANPURA,JAYKARAN SWA BHAGWANDEEN,123456789,,210125,UTTAR PRADESH,UTTAR PRADESH,226 SANDS SANEE BANDA UTTAR PRADESH 210125,PREPAID,20,,,,,,
2805,,,,LEX DIGITAL,123456789,,,110053,BHAJANPURA,DELHI,BHAJANPURA,GAURAV KUMAR,123456789,,206129,UTTAR PRADESH,UTTAR PRADESH,SWROOP NAGAR BHASAUN BHASON AURAIYA UTTAR PRADESH 206129,PREPAID,20,,,,,,
2806,,,,LEX DIGITAL,123456789,,,110053,BHAJANPURA,DELHI,BHAJANPURA,CHETRAM,123456789,,262701,UTTAR PRADESH,UTTAR PRADESH,PATTI PURWA POST MUDIYA KHERA LAKHIMPUR KHERI UTTAR PRADESH 262701,PREPAID,20,,,,,,
2807,,,,LEX DIGITAL,123456789,,,110053,BHAJANPURA,DELHI,BHAJANPURA,VEBI,123456789,,243504,UTTAR PRADESH,UTTAR PRADESH,CHURAI DALPATPUR PO MEERGANJ DIST BAREILLY UTTAR PRADESH 243504,PREPAID,20,,,,,,
2808,,,,LEX DIGITAL,123456789,,,110053,BHAJANPURA,DELHI,BHAJANPURA,AMIR SAIFI,123456789,,250001,UTTAR PRADESH,UTTAR PRADESH,KUNKURA BANA MEERUT UTTAR PRADESH 250001,PREPAID,20,,,,,,
2809,,,,LEX DIGITAL,123456789,,,110053,BHAJANPURA,DELHI,BHAJANPURA,TANU JHA,123456789,,283204,UTTAR PRADESH,UTTAR PRADESH,NAGLA DUTT RASULABAD TUNDLA FIROZABAD UTTAR PRADESH 283204,PREPAID,20,,,,,,
2810,,,,LEX DIGITAL,123456789,,,110053,BHAJANPURA,DELHI,BHAJANPURA,RAJKUMAR,123456789,,203203,UTTAR PRADESH,UTTAR PRADESH,VILLAGE GANGRAUL POST CHOLA RAILWAY STATION BULANDSAHR BULANDSHAHR UTTAR PRADESH 203203,PREPAID,20,,,,,,
2811,,,,LEX DIGITAL,123456789,,,110053,BHAJANPURA,DELHI,BHAJANPURA,AMIT KUMAR DWIVEDI,123456789,,226002,UTTAR PRADESH,UTTAR PRADESH,1027SARDA NAGAR VISTAAR RAIBARELI ROAD LUCKNOW UTTAR PRADESH 226002,PREPAID,20,,,,,,
2812,,,,LEX DIGITAL,123456789,,,110053,BHAJANPURA,DELHI,BHAJANPURA,GOVIND SINGH,123456789,,283204,UTTAR PRADESH,UTTAR PRADESH,SANGAM BIHAR ETAH ROAD TUNDLA FIROZABAD UTTAR PRADESH 283204,PREPAID,20,,,,,,
2813,,,,LEX DIGITAL,123456789,,,110053,BHAJANPURA,DELHI,BHAJANPURA,HARIPAL KOMIL,123456789,,241125,UTTAR PRADESH,UTTAR PRADESH,24 GRAM KINDERPURWA MAJRA ATWA ASIGAON TOLWA ANTDANPUR HARDOI UTTAR PRADESH 241125,PREPAID,20,,,,,,
2814,,,,LEX DIGITAL,123456789,,,110053,BHAJANPURA,DELHI,BHAJANPURA,SACHIN KUMAR,123456789,,272163,UTTAR PRADESH,UTTAR PRADESH,VILL TAIRANI PO MANSOOR NAGAR PS GAUR BASTI UTTAR PRADESH 272163,PREPAID,20,,,,,,
2815,,,,LEX DIGITAL,123456789,,,110053,BHAJANPURA,DELHI,BHAJANPURA,ISHWAR SHARMA,123456789,,250402,UTTAR PRADESH,UTTAR PRADESH,MOHALLA KALYAN SINGH DHIKAULI MAWANA MEERUT UTTAR PRADESH 250402,PREPAID,20,,,,,,
2816,,,,LEX DIGITAL,123456789,,,110053,BHAJANPURA,DELHI,BHAJANPURA,ROLI SINGH,123456789,,227801,UTTAR PRADESH,UTTAR PRADESH,"19, DIGHA GOPALPUR, HARGAON, GAURIGANJ, AMETHI, HARGAON SULTANPUR UTTAR PRADESH 227801",PREPAID,20,,,,,,
2817,,,,LEX DIGITAL,123456789,,,110053,BHAJANPURA,DELHI,BHAJANPURA,USMAN SAMIM,123456789,,251316,UTTAR PRADESH,UTTAR PRADESH,30.CHAURAWALA MORNA MUZAFFARNAGAR UTTAR PRADESH 251316,PREPAID,20,,,,,,
2818,,,,LEX DIGITAL,123456789,,,110053,BHAJANPURA,DELHI,BHAJANPURA,KUMARI PRATIMA,123456789,,207123,UTTAR PRADESH,UTTAR PRADESH,"VILLAGE-NAVABGANJ, POST-NAVABGANJ,PS-SAHAWAR, KASGANJ ETAH UTTAR PRADESH 207123",PREPAID,20,,,,,,
2819,,,,LEX DIGITAL,123456789,,,110053,BHAJANPURA,DELHI,BHAJANPURA,ASHISH KUMAR SAINY,123456789,,221005,UTTAR PRADESH,UTTAR PRADESH,S O JEEVAN SAINY N8 231 A PRAGYA NAGAR COLONY SUNDERPUR VARANASI UTTAR PRADESH 221005,PREPAID,20,,,,,,
2820,,,,LEX DIGITAL,123456789,,,110053,BHAJANPURA,DELHI,BHAJANPURA,USHA RAKESH,123456789,,247129,UTTAR PRADESH,UTTAR PRADESH,"KAISIYA ROAD. MURADNAGAR URF JEEWALA, ALIS JIWALA MUST., SAHARANPUR, MUZAFFRABAD, SAHARANPUR UTTAR PRADESH 247129",PREPAID,20,,,,,,
2821,,,,LEX DIGITAL,123456789,,,110053,BHAJANPURA,DELHI,BHAJANPURA,AVADHESH KUMAR,123456789,,212217,UTTAR PRADESH,UTTAR PRADESH,CHAKIYA MOHIUDDINPUR BELA NARA KAUSHAMBI UTTAR PRADESH 212217,PREPAID,20,,,,,,
2822,,,,LEX DIGITAL,123456789,,,110053,BHAJANPURA,DELHI,BHAJANPURA,RAJEEV KUMAR,123456789,,207502,UTTAR PRADESH,UTTAR PRADESH,CHATRAI KUNWAKHERA WAZIR ALAM KHAN FARRUKHABAD FARUKHABAD UTTAR PRADESH 207502,PREPAID,20,,,,,,
2823,,,,LEX DIGITAL,123456789,,,110053,BHAJANPURA,DELHI,BHAJANPURA,HEERALAL,123456789,,272208,UTTAR PRADESH,UTTAR PRADESH,VILL-KARMA POST-USKA BAZAR PS-USKA SIDDHARATH NAGAR SIDDHARTHNAGAR UTTAR PRADESH 272208,PREPAID,20,,,,,,
2824,,,,LEX DIGITAL,123456789,,,110053,BHAJANPURA,DELHI,BHAJANPURA,AJAY SHARMA,123456789,,208021,UTTAR PRADESH,UTTAR PRADESH,ARAZI NO 1543 PLOT 15 BANSHI VIHAR ARRA NEW BASTI NAUBASTA KANPUR SANIGAWAN NAGAR UTTAR PRADESH 208021,PREPAID,20,,,,,,
2825,,,,LEX DIGITAL,123456789,,,110053,BHAJANPURA,DELHI,BHAJANPURA,SATYENDRA KUAMR,123456789,,271902,UTTAR PRADESH,UTTAR PRADESH,"NAUSHAHARA, MAILA SARAIYA, MAHASI, BAHRAICH TEH-MAHSI,BAHRAICH UTTAR PRADESH 271902",PREPAID,20,,,,,,
2826,,,,LEX DIGITAL,123456789,,,110053,BHAJANPURA,DELHI,BHAJANPURA,PAWAN KUMAR,123456789,,202393,UTTAR PRADESH,UTTAR PRADESH,VILL- CHARAURI RANI KALYANI KHUSHALABAD BULANDSHAHR UTTAR PRADESH 202393,PREPAID,20,,,,,,
2827,,,,LEX DIGITAL,123456789,,,110053,BHAJANPURA,DELHI,BHAJANPURA,KRISHANA PAL,123456789,,243632,UTTAR PRADESH,UTTAR PRADESH,SADULLANAGAR MANUNNAGAR BADAUN BUDAUN UTTAR PRADESH 243632,PREPAID,20,,,,,,
2828,,,,LEX DIGITAL,123456789,,,110053,BHAJANPURA,DELHI,BHAJANPURA,TANAVIR JAMASHED,123456789,,251002,UTTAR PRADESH,UTTAR PRADESH,H.N.443 SHAHBUDDINPUR MUZAFFARNAGAR UTTAR PRADESH 251002,PREPAID,20,,,,,,
2829,,,,LEX DIGITAL,123456789,,,110053,BHAJANPURA,DELHI,BHAJANPURA,NAND KUMAR,123456789,,274403,UTTAR PRADESH,UTTAR PRADESH,KUSHINAGAR DUMARI UTTAR PRADESH 274403,PREPAID,20,,,,,,
2830,,,,LEX DIGITAL,123456789,,,110053,BHAJANPURA,DELHI,BHAJANPURA,VISHNU BASANT LAL,123456789,,231001,UTTAR PRADESH,UTTAR PRADESH,VILL & POST SAMOGARA MIRZAPUR UTTAR PRADESH 231001,PREPAID,20,,,,,,
2831,,,,LEX DIGITAL,123456789,,,110053,BHAJANPURA,DELHI,BHAJANPURA,ANKESH KUMAR ..,123456789,,246723,UTTAR PRADESH,UTTAR PRADESH,VILL.TISOTRA NANGLI POST.TISOTRA BIJNOR UTTAR PRADESH 246723,PREPAID,20,,,,,,
2832,,,,LEX DIGITAL,123456789,,,110053,BHAJANPURA,DELHI,BHAJANPURA,ANJALI VISHWAKARMA,123456789,,212502,UTTAR PRADESH,UTTAR PRADESH,DAUD PUR NEWADA POST BARGAON SORAON ALLAHABAD UTTAR PRADESH 212502,PREPAID,20,,,,,,
2833,,,,LEX DIGITAL,123456789,,,110053,BHAJANPURA,DELHI,BHAJANPURA,RANJEET,123456789,,243630,UTTAR PRADESH,UTTAR PRADESH,RUKAMPUR PUKHTA BUDAUN SADULLAGANJ SADULLLAGANJ UTTAR PRADESH 243630,PREPAID,20,,,,,,
2834,,,,LEX DIGITAL,123456789,,,110053,BHAJANPURA,DELHI,BHAJANPURA,ILAMA NAZ,123456789,,244001,UTTAR PRADESH,UTTAR PRADESH,HOUSE NO A 3/66 KASHIRAM SHAHRI GARIB AVAS YOJNA MORADABAD UTTAR PRADESH 244001,PREPAID,20,,,,,,
2835,,,,LEX DIGITAL,123456789,,,110053,BHAJANPURA,DELHI,BHAJANPURA,CHANDU AHAMAD ALI,123456789,,261201,UTTAR PRADESH,UTTAR PRADESH,"249,KAJI TOLA BISWAN,SITAPUR SITAPUR UTTAR PRADESH 261201",PREPAID,20,,,,,,
2836,,,,LEX DIGITAL,123456789,,,110053,BHAJANPURA,DELHI,BHAJANPURA,RIJWAN RIJWAN,123456789,,247232,UTTAR PRADESH,UTTAR PRADESH,HOUSE NO 35VAJIDPUR SAHARANPUR UTTAR PRADESH 247232,PREPAID,20,,,,,,
2837,,,,LEX DIGITAL,123456789,,,110053,BHAJANPURA,DELHI,BHAJANPURA,PAPPU LAL RAM,123456789,,207246,UTTAR PRADESH,UTTAR PRADESH,"56, GRAM ANANGPUR, PITHANPUR, KASGANJ, POST-PITHANPUR, SIDHPURA TO AMANPUR ROAD KASGANJ ETAH UTTAR PRADESH 207246",PREPAID,20,,,,,,
2838,,,,LEX DIGITAL,123456789,,,110053,BHAJANPURA,DELHI,BHAJANPURA,FURQAN QURAISHI,123456789,,243502,UTTAR PRADESH,UTTAR PRADESH,"199,R.H INTER COLLEGE BAREILLY UTTAR PRADESH 243502",PREPAID,20,,,,,,
2839,,,,LEX DIGITAL,123456789,,,110053,BHAJANPURA,DELHI,BHAJANPURA,DEEPAK KUMAR VERMA,123456789,,227405,UTTAR PRADESH,UTTAR PRADESH,GUDIYA TALL SARAIYA DUBAN AMETHI UTTAR PRADESH 227405,PREPAID,20,,,,,,
2840,,,,LEX DIGITAL,123456789,,,110053,BHAJANPURA,DELHI,BHAJANPURA,GAURAV,123456789,,262701,UTTAR PRADESH,UTTAR PRADESH,GRAM GANESHPUR POST KHERI UTTAR PRADESH 262701,PREPAID,20,,,,,,
2841,,,,LEX DIGITAL,123456789,,,110053,BHAJANPURA,DELHI,BHAJANPURA,PREM PRAKASH,123456789,,226020,UTTAR PRADESH,UTTAR PRADESH,5382784 ALOK NAGARTRIVENI NAGAR LUCKNOW UTTAR PRADESH 226020,PREPAID,20,,,,,,
2842,,,,LEX DIGITAL,123456789,,,110053,BHAJANPURA,DELHI,BHAJANPURA,ABRAR AHMED,123456789,,244102,UTTAR PRADESH,UTTAR PRADESH,43/ TALWAR CHOUDHERPUR ROAD SHAHBAZPUR KALAN PAKBARA SAMBHAL UTTAR PRADESH 244102,PREPAID,20,,,,,,
2843,,,,LEX DIGITAL,123456789,,,110053,BHAJANPURA,DELHI,BHAJANPURA,RAVINDRA KUMAR,123456789,,246763,UTTAR PRADESH,UTTAR PRADESH,GREENVALI DHANAURA BIJNOR UTTAR PRADESH 246763,PREPAID,20,,,,,,
2844,,,,LEX DIGITAL,123456789,,,110053,BHAJANPURA,DELHI,BHAJANPURA,BRIJESH RAVAT,123456789,,274404,UTTAR PRADESH,UTTAR PRADESH,"GAUR KOTHI, RAMNAGAR, RAMPUR AWASTHI DEORIA UTTAR PRADESH 274404",PREPAID,20,,,,,,
2845,,,,LEX DIGITAL,123456789,,,110053,BHAJANPURA,DELHI,BHAJANPURA,MOHD IBRAHEEM,123456789,,225001,UTTAR PRADESH,UTTAR PRADESH,B 250 BEGAM GANJ NAWABGANJ BARABANKI UTTAR PRADESH 225001,PREPAID,20,,,,,,
2846,,,,LEX DIGITAL,123456789,,,110053,BHAJANPURA,DELHI,BHAJANPURA,SUNNY KUMAR,123456789,,247775,UTTAR PRADESH,UTTAR PRADESH,HURMAZPUR SHAMLI MAKHMOOLPUR MUZAFFARNAGAR UTTAR PRADESH 247775,PREPAID,20,,,,,,
2847,,,,LEX DIGITAL,123456789,,,110053,BHAJANPURA,DELHI,BHAJANPURA,KOMESH,123456789,,244501,UTTAR PRADESH,UTTAR PRADESH,GRAM V POST JAMNNA KHAS AMROHA JYOTIBA PHULE NAGAR UTTAR PRADESH 244501,PREPAID,20,,,,,,
2848,,,,LEX DIGITAL,123456789,,,110053,BHAJANPURA,DELHI,BHAJANPURA,RADHIKA,123456789,,247231,UTTAR PRADESH,UTTAR PRADESH,", HOUSE NO-, GRAM- BAKARKA, CHILKANA DEHAT, SAHARANPUR, SAHARANPUR UTTAR PRADESH 247231",PREPAID,20,,,,,,
2849,,,,LEX DIGITAL,123456789,,,110053,BHAJANPURA,DELHI,BHAJANPURA,RAM NIVAS,123456789,,262202,UTTAR PRADESH,UTTAR PRADESH,"VAMRAULI,BAMRAULI BAMRAULI PILIBHIT BILSANDA UTTAR PRADESH 262202",PREPAID,20,,,,,,
2850,,,,LEX DIGITAL,123456789,,,110053,BHAJANPURA,DELHI,BHAJANPURA,RAJESH KUMAR,123456789,,224201,UTTAR PRADESH,UTTAR PRADESH,"BARWA, ANTPUR, PO: MOTINAGAR, DIST: FAIZABAD, UTTAR PRADESH FAIZABAD 224201",PREPAID,20,,,,,,
2851,,,,LEX DIGITAL,123456789,,,110053,BHAJANPURA,DELHI,BHAJANPURA,GAYAPRASAD,123456789,,231216,UTTAR PRADESH,UTTAR PRADESH,14 PETARAHI PATHAK POST OINI MISHRA PETRAHI SONBHADRA ROBERTSGANJ UTTAR PRADESH 231216,PREPAID,20,,,,,,
2852,,,,LEX DIGITAL,123456789,,,110053,BHAJANPURA,DELHI,BHAJANPURA,POOJA VIRENDRA SINGH,123456789,,250611,UTTAR PRADESH,UTTAR PRADESH,DAHA BAGHPAT TEH . BARAUT DISTT. BAGPAT UTTAR PRADESH 250611,PREPAID,20,,,,,,
2853,,,,LEX DIGITAL,123456789,,,110053,BHAJANPURA,DELHI,BHAJANPURA,SEEMA DEVI,123456789,,274302,UTTAR PRADESH,UTTAR PRADESH,SHAHU TOLA GAURI SHRI RAM KUSHINAGAR PADRAUNA UTTAR PRADESH 274302,PREPAID,20,,,,,,
2854,,,,LEX DIGITAL,123456789,,,110053,BHAJANPURA,DELHI,BHAJANPURA,RAJKUMAR,123456789,,276401,UTTAR PRADESH,UTTAR PRADESH,"PARMANAND PATTI, HALDHARPUR, MAU, HALDHARPUR MAU UTTAR PRADESH 276401",PREPAID,20,,,,,,
2855,,,,LEX DIGITAL,123456789,,,110053,BHAJANPURA,DELHI,BHAJANPURA,ANUJ PRATAP SINGH KATIYAR,123456789,,209217,UTTAR PRADESH,UTTAR PRADESH,"19,,BAGDUDI BAGAR KANPUR NAGAR UTTAR PRADESH 209217",PREPAID,20,,,,,,
2856,,,,LEX DIGITAL,123456789,,,110053,BHAJANPURA,DELHI,BHAJANPURA,SHIV KUMAR,123456789,,244001,UTTAR PRADESH,UTTAR PRADESH,373 LANKRI FAZRALPUR WARD NO 02 MORADABAD UTTAR PRADESH 244001,PREPAID,20,,,,,,
2857,,,,LEX DIGITAL,123456789,,,110053,BHAJANPURA,DELHI,BHAJANPURA,SHAILENDRA KUMAR,123456789,,212664,UTTAR PRADESH,UTTAR PRADESH,"CHAKHERI,CHAMPATPUR AJMABAD BHAISAHIA CHAKNADI FATEHPUR,MALWAN R.S FATEHPUR UTTAR PRADESH 212664",PREPAID,20,,,,,,
2858,,,,LEX DIGITAL,123456789,,,110053,BHAJANPURA,DELHI,BHAJANPURA,ANIL KUMAR,123456789,,246727,UTTAR PRADESH,UTTAR PRADESH,JHIRAN BIJNOR UTTAR PRADESH 246727,PREPAID,20,,,,,,
2859,,,,LEX DIGITAL,123456789,,,110053,BHAJANPURA,DELHI,BHAJANPURA,ZUBER JAMALUDDIN,123456789,,225001,UTTAR PRADESH,UTTAR PRADESH,HOUSE N0-24 NIKAT TRANSFARMAR STEDIYAM KE PEECHE LAKHPEDA BAG NAWABGANJ BARABANKI UTTAR PRADESH 225001,PREPAID,20,,,,,,
2860,,,,LEX DIGITAL,123456789,,,110053,BHAJANPURA,DELHI,BHAJANPURA,AKHTAR KHA,123456789,,232111,UTTAR PRADESH,UTTAR PRADESH,BARAWADIH CHANDAULI CHAKARGHATTA UTTAR PRADESH 232111,PREPAID,20,,,,,,
2861,,,,LEX DIGITAL,123456789,,,110053,BHAJANPURA,DELHI,BHAJANPURA,DINESH SANTNIVAS,123456789,,272205,UTTAR PRADESH,UTTAR PRADESH,WARD NO 4 AZADNAGAR SHOHARATGRH SIDDHARTHNAGAR UTTAR PRADESH 272205,PREPAID,20,,,,,,
2862,,,,LEX DIGITAL,123456789,,,110053,BHAJANPURA,DELHI,BHAJANPURA,RAKESH SRIVASTAVA,123456789,,274802,UTTAR PRADESH,UTTAR PRADESH,"BAHOR CHHAPRA SISWA MANI RAJ, KUSHINAGAR MANIRAJ UTTAR PRADESH 274802",PREPAID,20,,,,,,
2863,,,,LEX DIGITAL,123456789,,,110053,BHAJANPURA,DELHI,BHAJANPURA,SABIR,123456789,,271904,UTTAR PRADESH,UTTAR PRADESH,HARNI AUSERI POST ARI UMARI JARWAL GRAMIN BAHRAICH UTTAR PRADESH . 271904,PREPAID,20,,,,,,
2864,,,,LEX DIGITAL,123456789,,,110053,BHAJANPURA,DELHI,BHAJANPURA,ANURAG CHAUBEY,123456789,,273162,UTTAR PRADESH,UTTAR PRADESH,VILL RAJMANDIR KALA TOLA KOTIYA PO PS KOLHUI MAHARAJGANJ UTTAR PRADESH 273162,PREPAID,20,,,,,,
2865,,,,LEX DIGITAL,123456789,,,110053,BHAJANPURA,DELHI,BHAJANPURA,ABHISHEK RANJAN,123456789,,226012,UTTAR PRADESH,UTTAR PRADESH,M 1150 SECTOR I LDA COLONY KANPUR ROAD LUCKNOW UTTAR PRADESH 226012,PREPAID,20,,,,,,
2866,,,,LEX DIGITAL,123456789,,,110053,BHAJANPURA,DELHI,BHAJANPURA,PANVA DEVI,123456789,,274802,UTTAR PRADESH,UTTAR PRADESH,SISWA RAM SAHAY MANI RAJ KUSHINAGAR . UTTAR PRADESH 274802,PREPAID,20,,,,,,
2867,,,,LEX DIGITAL,123456789,,,110053,BHAJANPURA,DELHI,BHAJANPURA,VIPIN KUMAR YADAV,123456789,,274701,UTTAR PRADESH,UTTAR PRADESH,GRAM- BARSATH SISWA DEORIA UTTAR PRADESH 274701,PREPAID,20,,,,,,
2868,,,,LEX DIGITAL,123456789,,,110053,BHAJANPURA,DELHI,BHAJANPURA,PARMILA DEVI,123456789,,231205,UTTAR PRADESH,UTTAR PRADESH,GHATIHAT KHARARA - SONBHADRA UTTAR PRADESH 231205,PREPAID,20,,,,,,
2869,,,,LEX DIGITAL,123456789,,,110053,BHAJANPURA,DELHI,BHAJANPURA,RAJEEV KUMAR,123456789,,251319,UTTAR PRADESH,UTTAR PRADESH,BHAJJU MUZAFFARNAGAR UTTAR PRADESH 251319,PREPAID,20,,,,,,
2870,,,,LEX DIGITAL,123456789,,,110053,BHAJANPURA,DELHI,BHAJANPURA,VIJAY TIWARI,123456789,,230124,UTTAR PRADESH,UTTAR PRADESH,MOLNAPUR PRATAPGARH UTTAR PRADESH 230124,PREPAID,20,,,,,,
2871,,,,LEX DIGITAL,123456789,,,110053,BHAJANPURA,DELHI,BHAJANPURA,PRITI SHARMA,123456789,,212305,UTTAR PRADESH,UTTAR PRADESH,W O AMIT KUMAR SHARMA URNAH THANA MEJA ALAHABAD ALLAHABAD UTTAR PRADESH 212305,PREPAID,20,,,,,,
2872,,,,LEX DIGITAL,123456789,,,110053,BHAJANPURA,DELHI,BHAJANPURA,ANKIT TIWARI,123456789,,273402,UTTAR PRADESH,UTTAR PRADESH,"N H 29 BARHALGANJ, TARA, GORAKHPUR PO- TARA PS- BARHALGANJ UTTAR PRADESH 273402",PREPAID,20,,,,,,
2873,,,,LEX DIGITAL,123456789,,,110053,BHAJANPURA,DELHI,BHAJANPURA,PRADEEP JAISWAL,123456789,,273006,UTTAR PRADESH,UTTAR PRADESH,ALANKAR BEAUTY CARE ASURAN CHOWK NEAR RAPTI COMPLEX PIPRAICH ROAD GORAKHPUR UTTAR PRADESH 273006,PREPAID,20,,,,,,
2874,,,,LEX DIGITAL,123456789,,,110053,BHAJANPURA,DELHI,BHAJANPURA,NAGENDR KUMAR,123456789,,230134,UTTAR PRADESH,UTTAR PRADESH,VIJAHARA POST GADAURI KHURD PRATAPGARH UTTAR PRADESH 230134,PREPAID,20,,,,,,
2875,,,,LEX DIGITAL,123456789,,,110053,BHAJANPURA,DELHI,BHAJANPURA,TASLIM,123456789,,246763,UTTAR PRADESH,UTTAR PRADESH,SHAHABPURA UFA HINDUPUR GUNI1APUR GUNIAPUR NAJIBABAD GUNIYAPUR BIJNOR UTTAR PRADESH 246763,PREPAID,20,,,,,,
2876,,,,LEX DIGITAL,123456789,,,110053,BHAJANPURA,DELHI,BHAJANPURA,KUMARI PRIYANKA SINGH,123456789,,250001,UTTAR PRADESH,UTTAR PRADESH,O 75 PALLAVPURAM PHASE 2 MODIPURAM MEERUT GURUKUL DORLI FIROZABAD UTTAR PRADESH 250001,PREPAID,20,,,,,,
2877,,,,LEX DIGITAL,123456789,,,110053,BHAJANPURA,DELHI,BHAJANPURA,AKASH,123456789,,281406,UTTAR PRADESH,UTTAR PRADESH,115 BASAI BUJURG SEHI MATHURA UTTAR PRADESH 281406,PREPAID,20,,,,,,
2878,,,,LEX DIGITAL,123456789,,,110053,BHAJANPURA,DELHI,BHAJANPURA,SADHU LAL,123456789,,271302,UTTAR PRADESH,UTTAR PRADESH,VANJARIYA JHILAHI JHALAHI GONDA UTTAR PRADESH 271302,PREPAID,20,,,,,,
2879,,,,LEX DIGITAL,123456789,,,110053,BHAJANPURA,DELHI,BHAJANPURA,TUSHAR GUPTA,123456789,,244303,UTTAR PRADESH,UTTAR PRADESH,HOUSE NO1RAMLEELA GROUND MORADABAD UTTAR PRADESH 244303,PREPAID,20,,,,,,
2880,,,,LEX DIGITAL,123456789,,,110053,BHAJANPURA,DELHI,BHAJANPURA,MO. SADAB,123456789,,201102,UTTAR PRADESH,UTTAR PRADESH,"S O: MAHRAJUDDIN, HOUSE NO.-26 KANCHAN PARK, LONI, GHAZIABAD UTTAR PRADESH 201102",PREPAID,20,,,,,,
2881,,,,LEX DIGITAL,123456789,,,110053,BHAJANPURA,DELHI,BHAJANPURA,BHARAT SINGH,123456789,,283125,UTTAR PRADESH,UTTAR PRADESH,"MUJAFFAR PUR MADHAPUR, SHAMSHABAD AGRA SAMSABAD . UTTAR PRADESH 283125",PREPAID,20,,,,,,
2882,,,,LEX DIGITAL,123456789,,,110053,BHAJANPURA,DELHI,BHAJANPURA,AMAN GUPTA,123456789,,208027,UTTAR PRADESH,UTTAR PRADESH,"S O SURESH CHANDRA, 342, MAHAKALESHWAR MANDIR KE PAS, MINI L. I. G. KANPUR NAGAR UTTAR PRADESH 208027",PREPAID,20,,,,,,
2883,,,,LEX DIGITAL,123456789,,,110053,BHAJANPURA,DELHI,BHAJANPURA,ROHIT MUNNALAL,123456789,,241126,UTTAR PRADESH,UTTAR PRADESH,GRAM WA POST GAAJU GAJU KACHHAUNA HARDOI UTTAR PRADESH 241126,PREPAID,20,,,,,,
2884,,,,LEX DIGITAL,123456789,,,110053,BHAJANPURA,DELHI,BHAJANPURA,MUKESH,123456789,,283110,UTTAR PRADESH,UTTAR PRADESH,"LALDARWAJA SIKRI DO HISSA, AGRA FATEHPUR HOUSE NO. 87, UTTAR PRADESH 283110",PREPAID,20,,,,,,
2885,,,,LEX DIGITAL,123456789,,,110053,BHAJANPURA,DELHI,BHAJANPURA,PREM CHANDRA,123456789,,212216,UTTAR PRADESH,UTTAR PRADESH,VILL JAUGRAJPUR POST JUGRAJ PUR KAUSHAMBI UTTAR PRADESH 212216,PREPAID,20,,,,,,
2886,,,,LEX DIGITAL,123456789,,,110053,BHAJANPURA,DELHI,BHAJANPURA,ABHISHEK KUMAR JHA,123456789,,201005,UTTAR PRADESH,UTTAR PRADESH,640CG-1 PRADEEP APARTMENTSHALIMAR GARDEN EXTENSION 1 SAHIBABAD GHAZIABAD UTTAR PRADESH 201005,PREPAID,20,,,,,,
2887,,,,LEX DIGITAL,123456789,,,110053,BHAJANPURA,DELHI,BHAJANPURA,ABHAY SINGH,123456789,,273209,UTTAR PRADESH,UTTAR PRADESH,BHAISHLA SAHJANWA BHAISLA PRATHMIK SCHOOL GORAKHPUR UTTAR PRADESH 273209,PREPAID,20,,,,,,
2888,,,,LEX DIGITAL,123456789,,,110053,BHAJANPURA,DELHI,BHAJANPURA,RAKESH,123456789,,202124,UTTAR PRADESH,UTTAR PRADESH,"SARKARI SCHOOL, BALRAMPUR, IGLAS, PO:IGLAS, ALIGARH UTTAR PRADESH 202124",PREPAID,20,,,,,,
2889,,,,LEX DIGITAL,123456789,,,110053,BHAJANPURA,DELHI,BHAJANPURA,ASHOK KUMAR,123456789,,246724,UTTAR PRADESH,UTTAR PRADESH,"21 VILLAGE SARDARPUR,SARDARPUR BADHAPUR BIJNOR UTTAR PRADESH 246724",PREPAID,20,,,,,,
2890,,,,LEX DIGITAL,123456789,,,110053,BHAJANPURA,DELHI,BHAJANPURA,LALARAM,123456789,,262201,UTTAR PRADESH,UTTAR PRADESH,"S/O CHIMMAN LAL,, INDIA, , CHAUSARA BISALPUR PILIBHIT UTTAR PRADESH 262201",PREPAID,20,,,,,,
2891,,,,LEX DIGITAL,123456789,,,110053,BHAJANPURA,DELHI,BHAJANPURA,DHIRENDRA SINGH,123456789,,262802,UTTAR PRADESH,UTTAR PRADESH,SEMRAI BHALLIYA BUJURG GOLA GOKARAN NATH KHERI LAKHIMPUR UTTAR PRADESH 262802,PREPAID,20,,,,,,
2892,,,,LEX DIGITAL,123456789,,,110053,BHAJANPURA,DELHI,BHAJANPURA,SANGEETA MISHRA,123456789,,226020,UTTAR PRADESH,UTTAR PRADESH,538 KH 2 274 DEENDAYAL NAGAR POST NIRALA LUCKNOW UTTAR PRADESH 226020,PREPAID,20,,,,,,
2893,,,,LEX DIGITAL,123456789,,,110053,BHAJANPURA,DELHI,BHAJANPURA,BHAJAN LAL,123456789,,250002,UTTAR PRADESH,UTTAR PRADESH,"SHOBHAPUR M I E T MEERUT CITY M,EERUT MMEERUT UTTAR PRADESH 250002",PREPAID,20,,,,,,
2894,,,,LEX DIGITAL,123456789,,,110053,BHAJANPURA,DELHI,BHAJANPURA,VINAY KUMAR,123456789,,247451,UTTAR PRADESH,UTTAR PRADESH,HOUSE NO 52 HALGOYA MAST RAMPUR SAHARANPUR UTTAR PRADESH 247451,PREPAID,20,,,,,,
2895,,,,LEX DIGITAL,123456789,,,110053,BHAJANPURA,DELHI,BHAJANPURA,RACHNA ANAND,123456789,,284003,UTTAR PRADESH,UTTAR PRADESH,K-203/2 K PURI COLONY ANAND DURGA NIVAS AVAS VIKASH JHANSI UTTAR PRADESH 284003,PREPAID,20,,,,,,
2896,,,,LEX DIGITAL,123456789,,,110053,BHAJANPURA,DELHI,BHAJANPURA,HANUMAN,123456789,,271305,UTTAR PRADESH,UTTAR PRADESH,VILL- MADANAPUR PO-HATHINI BHOPATPUR PS-CHAPIYA GONDA UTTAR PRADESH 271305,PREPAID,20,,,,,,
2897,,,,LEX DIGITAL,123456789,,,110053,BHAJANPURA,DELHI,BHAJANPURA,SUSHIL CHANDRA,123456789,,209601,UTTAR PRADESH,UTTAR PRADESH,105 BHOLEPUR WEST FARRUKHABAD UP UTTAR PRADESH 209601,PREPAID,20,,,,,,
2898,,,,LEX DIGITAL,123456789,,,110053,BHAJANPURA,DELHI,BHAJANPURA,VINAY KUMAR SINGH,123456789,,241001,UTTAR PRADESH,UTTAR PRADESH,47 LONAR GRAMIN HARDOI UTTAR PRADESH 241001,PREPAID,20,,,,,,
2899,,,,LEX DIGITAL,123456789,,,110053,BHAJANPURA,DELHI,BHAJANPURA,MUSTQEEM,123456789,,244001,UTTAR PRADESH,UTTAR PRADESH,"00, NIKAT ASHIYANA MORA KI MILAK, WARSHI COLONY MORADABAD, MUSTAKAM, MORADABAD UTTAR PRADESH 244001",PREPAID,20,,,,,,
2900,,,,LEX DIGITAL,123456789,,,110053,BHAJANPURA,DELHI,BHAJANPURA,KRISHANPAL DEEPCHAND,123456789,,247771,UTTAR PRADESH,UTTAR PRADESH,DURGANPUR BIRAL MUZAFFARNAGAR UTTAR PRADESH 247771,PREPAID,20,,,,,,
2901,,,,LEX DIGITAL,123456789,,,110053,BHAJANPURA,DELHI,BHAJANPURA,AMARENDAR KUMAR,123456789,,226008,UTTAR PRADESH,UTTAR PRADESH,RUSTAM VIHAR COLONY SAROJINI NAGAR LUCKNOW UTTAR PRADESH 226008,PREPAID,20,,,,,,
2902,,,,LEX DIGITAL,123456789,,,110053,BHAJANPURA,DELHI,BHAJANPURA,ANURAG CHAUBEY,123456789,,273162,UTTAR PRADESH,UTTAR PRADESH,VILL RAJMANDIR KALA TOLA KOTIYA PO PS KOLHUI MAHARAJGANJ UTTAR PRADESH 273162,PREPAID,20,,,,,,
2903,,,,LEX DIGITAL,123456789,,,110053,BHAJANPURA,DELHI,BHAJANPURA,SANJIT KUMAR,123456789,,272176,UTTAR PRADESH,UTTAR PRADESH,", HOUSE NO. 13, V.P.O. PADUM PATTI PIDIYA BAZAR, ALI NAGAR, SANT KABIR GANPATGANJ NAGAR UTTAR PRADESH 272176",PREPAID,20,,,,,,
2904,,,,LEX DIGITAL,123456789,,,110053,BHAJANPURA,DELHI,BHAJANPURA,BHOLA SINGH,123456789,,226005,UTTAR PRADESH,UTTAR PRADESH,"568 KA/32, KRISHNAPALLI, ALAMBAGH, PO:ALAMBAGH DIST:LUCKNOW, UTTAR PRADESH LUCKNOW 226005",PREPAID,20,,,,,,
2905,,,,LEX DIGITAL,123456789,,,110053,BHAJANPURA,DELHI,BHAJANPURA,RAVI SHARMA,123456789,,204215,UTTAR PRADESH,UTTAR PRADESH,"302,CHAMROLI HATHRAS UTTAR PRADESH 204215",PREPAID,20,,,,,,
2906,,,,LEX DIGITAL,123456789,,,110053,BHAJANPURA,DELHI,BHAJANPURA,AJEET KUMAR,123456789,,225003,UTTAR PRADESH,UTTAR PRADESH,VILLAGE GADIA NAWABGANJ BARABANKI .. UTTAR PRADESH 225003,PREPAID,20,,,,,,
2907,,,,LEX DIGITAL,123456789,,,110053,BHAJANPURA,DELHI,BHAJANPURA,NETRA PAL SINGH,123456789,,204101,UTTAR PRADESH,UTTAR PRADESH,GOPI GANJ SADABAD GATE HATHRAS UTTAR PRADESH 204101,PREPAID,20,,,,,,
2908,,,,LEX DIGITAL,123456789,,,110053,BHAJANPURA,DELHI,BHAJANPURA,VINOD KUMAR SINGH,123456789,,281403,UTTAR PRADESH,UTTAR PRADESH,"S O BHOJPAL SINGH, ., SHAKTI NAGAR, HIGHWAY ROAD KOSI KALAN, MATHURA UTTAR PRADESH 281403",PREPAID,20,,,,,,
2909,,,,LEX DIGITAL,123456789,,,110053,BHAJANPURA,DELHI,BHAJANPURA,SHIVKUMAR ..,123456789,,282007,UTTAR PRADESH,UTTAR PRADESH,TEKETA RUNKATA AGRA UTTAR PRADESH 282007,PREPAID,20,,,,,,
2910,,,,LEX DIGITAL,123456789,,,110053,BHAJANPURA,DELHI,BHAJANPURA,SUBHASH CHANDRA,123456789,,224159,UTTAR PRADESH,UTTAR PRADESH,BADAGAON MALOOKPUR KARMISIRPUR AMBEDKAR NAGAR UTTAR PRADESH 224159,PREPAID,20,,,,,,
2911,,,,LEX DIGITAL,123456789,,,110053,BHAJANPURA,DELHI,BHAJANPURA,YOGESH BHARDWAJ,123456789,,202001,UTTAR PRADESH,UTTAR PRADESH,NAGLA QUARSI RAMGHAT ROAD KOIL ALIGARH DABBU GAUD 9058506830 KRISHAN KUMAR 9058265766 UTTAR PRADESH 202001,PREPAID,20,,,,,,
2912,,,,LEX DIGITAL,123456789,,,110053,BHAJANPURA,DELHI,BHAJANPURA,LALPATI,123456789,,283115,UTTAR PRADESH,UTTAR PRADESH,NAYAGAON AGRA UTTAR PRADESH 283115,PREPAID,20,,,,,,
2913,,,,LEX DIGITAL,123456789,,,110053,BHAJANPURA,DELHI,BHAJANPURA,YESH PAL,123456789,,284202,UTTAR PRADESH,UTTAR PRADESH,PARKOTA GURSARAI JHANSI UTTAR PRADESH 284202,PREPAID,20,,,,,,
2914,,,,LEX DIGITAL,123456789,,,110053,BHAJANPURA,DELHI,BHAJANPURA,MOHAMMAD IMRAN,123456789,,244402,UTTAR PRADESH,UTTAR PRADESH,GRAM RUSTAMPUR TIGRI POST LALUWALA PIPALSANA AHATMALI MORADABAD UTTAR PRADESH 244402,PREPAID,20,,,,,,
2915,,,,LEX DIGITAL,123456789,,,110053,BHAJANPURA,DELHI,BHAJANPURA,HIMANSHU,123456789,,283111,UTTAR PRADESH,UTTAR PRADESH,"96, FATEHABAD ROAD, VILLAGE-KACHHAPURA POST-KUNDAUL, AGRA,UTTAR PRADESH, 283111,BESIDE TORRENT POWER OFFICE AGRA UTTAR PRADESH 283111",PREPAID,20,,,,,,
2916,,,,LEX DIGITAL,123456789,,,110053,BHAJANPURA,DELHI,BHAJANPURA,BHUBNESH RADHE SHYAM,123456789,,202410,UTTAR PRADESH,UTTAR PRADESH,BAHRAULI THARPUR SAMBHAL MORADABAD UTTAR PRADESH 202410,PREPAID,20,,,,,,
2917,,,,LEX DIGITAL,123456789,,,110053,BHAJANPURA,DELHI,BHAJANPURA,SAURABH KUMAR SHARMA,123456789,,204101,UTTAR PRADESH,UTTAR PRADESH,"S/O RATAN LAL SHARMA, GULAB BAGH KE PASS ODHP URA AGRA UTTAR PRADESH 204101",PREPAID,20,,,,,,
2918,,,,LEX DIGITAL,123456789,,,110053,BHAJANPURA,DELHI,BHAJANPURA,HARIVANSH SINGH,123456789,,281123,UTTAR PRADESH,UTTAR PRADESH,"LORIHA PATTI SONKH MATHURA UTTAR PRADESH NEAR , 281123",PREPAID,20,,,,,,
2919,,,,LEX DIGITAL,123456789,,,110053,BHAJANPURA,DELHI,BHAJANPURA,ANKIT SINGH CHAUHAN,123456789,,205001,UTTAR PRADESH,UTTAR PRADESH,7123 CHAPATTI MAINPURI7123 MAINPURI UTTAR PRADESH 205001,PREPAID,20,,,,,,
2920,,,,LEX DIGITAL,123456789,,,110053,BHAJANPURA,DELHI,BHAJANPURA,SURESH KUMAR,123456789,,229405,UTTAR PRADESH,UTTAR PRADESH,86 RAEBARELI UTTAR PRADESH 229405,PREPAID,20,,,,,,
2921,,,,LEX DIGITAL,123456789,,,110053,BHAJANPURA,DELHI,BHAJANPURA,SUNIL KUMAR,123456789,,272124,UTTAR PRADESH,UTTAR PRADESH,VILL 15 SONUPAR MAHSON ROAD DHARAMAPUR BASTI POST DUDHAURA PS KOTWALI UTTAR PRADESH 272124,PREPAID,20,,,,,,
2922,,,,LEX DIGITAL,123456789,,,110053,BHAJANPURA,DELHI,BHAJANPURA,SHIV KUMAR,123456789,,273402,UTTAR PRADESH,UTTAR PRADESH,"NAI BASTI DAK BANGLA MUKTIPATH, BARHALGANJ, CHILLUPAR, GORAKHPUR, GORAKHPUR UTTAR PRADESH 273402",PREPAID,20,,,,,,
2923,,,,LEX DIGITAL,123456789,,,110053,BHAJANPURA,DELHI,BHAJANPURA,GOVIND KUMAR,123456789,,222136,UTTAR PRADESH,UTTAR PRADESH,LAKHAPUR GUTWAN JAUNPUR UTTAR PRADESH 222136,PREPAID,20,,,,,,
2924,,,,LEX DIGITAL,123456789,,,110053,BHAJANPURA,DELHI,BHAJANPURA,MANOJ KUMAR,123456789,,247778,UTTAR PRADESH,UTTAR PRADESH,GHARI HASANPUR SHAMLI MUZAFFARNAGAR UTTAR PRADESH 247778,PREPAID,20,,,,,,
2925,,,,LEX DIGITAL,123456789,,,110053,BHAJANPURA,DELHI,BHAJANPURA,SHAILENDRA UPRAITY,123456789,,282005,UTTAR PRADESH,UTTAR PRADESH,109 TULIP PARADISE AMAR VIHAR DAYALBAGH AGRA UTTAR PRADESH 282005,PREPAID,20,,,,,,
2926,,,,LEX DIGITAL,123456789,,,110053,BHAJANPURA,DELHI,BHAJANPURA,ANKUR SHARMA,123456789,,285205,UTTAR PRADESH,UTTAR PRADESH,27BGIDHOUSA POST-KAITHKOTWALI ROAD JALAUN UTTAR PRADESH 285205,PREPAID,20,,,,,,
2927,,,,LEX DIGITAL,123456789,,,110053,BHAJANPURA,DELHI,BHAJANPURA,DEVENDRA SINGH,123456789,,283122,UTTAR PRADESH,UTTAR PRADESH,"158, BASERI CHAHAR, BASARAI AGRA HOUSE NO. CHAHAR UTTAR PRADESH 283122",PREPAID,20,,,,,,
2928,,,,LEX DIGITAL,123456789,,,110053,BHAJANPURA,DELHI,BHAJANPURA,RAMBAHADUR,123456789,,227806,UTTAR PRADESH,UTTAR PRADESH,KAKRAHIYA HASAI MUKUNDPUR SULTANPUR UTTAR PRADESH 227806,PREPAID,20,,,,,,
2929,,,,LEX DIGITAL,123456789,,,110053,BHAJANPURA,DELHI,BHAJANPURA,DEEP KUMAR PAL,123456789,,208002,UTTAR PRADESH,UTTAR PRADESH,PLOT NO 6B SUKHU PURWASUKHU PURWA KANPUR NAGAR UTTAR PRADESH 208002,PREPAID,20,,,,,,
2930,,,,LEX DIGITAL,123456789,,,110053,BHAJANPURA,DELHI,BHAJANPURA,OMPRAKASH,123456789,,231210,UTTAR PRADESH,UTTAR PRADESH,PEDH GHORAWAL SONBHADRA UTTAR PRADESH 231210,PREPAID,20,,,,,,
2931,,,,LEX DIGITAL,123456789,,,110053,BHAJANPURA,DELHI,BHAJANPURA,RAJNISH KUMAR,123456789,,227111,UTTAR PRADESH,UTTAR PRADESH,"126,FLOOR 0,BHADESAR MAU MALIHABAD KASMANDI LUCKNOW UTTAR PRADESH 227111",PREPAID,20,,,,,,
2932,,,,LEX DIGITAL,123456789,,,110053,BHAJANPURA,DELHI,BHAJANPURA,ARJUN BATHLA,123456789,,247001,UTTAR PRADESH,UTTAR PRADESH,CHILKANA ROAD SAHARANPURSAHARANPUR SAHARANPUR UTTAR PRADESH 247001,PREPAID,20,,,,,,
2933,,,,LEX DIGITAL,123456789,,,110053,BHAJANPURA,DELHI,BHAJANPURA,VISHAVJEET,123456789,,247342,UTTAR PRADESH,UTTAR PRADESH,KAKRALA NAKUR DEHAT SAHARANPUR UTTAR PRADESH 247342,PREPAID,20,,,,,,
2934,,,,LEX DIGITAL,123456789,,,110053,BHAJANPURA,DELHI,BHAJANPURA,SACHIN JAYSAWAL,123456789,,225409,UTTAR PRADESH,UTTAR PRADESH,SANDAWA BHELU AMAHIYA TAHSEEL RAM SANEHI GHAT BARABANKI UTTAR PRADESH 225409,PREPAID,20,,,,,,
2935,,,,LEX DIGITAL,123456789,,,110053,BHAJANPURA,DELHI,BHAJANPURA,VIJAY KUMAR,123456789,,201301,UTTAR PRADESH,UTTAR PRADESH,HOUSE NO 532 MANGAL MARKETVILLAGE GULISTAN PUR MARKET GAUTAM BUDDHA NAGAR UTTAR PRADESH 201301,PREPAID,20,,,,,,
2936,,,,LEX DIGITAL,123456789,,,110053,BHAJANPURA,DELHI,BHAJANPURA,SATENDAR PASWAN,123456789,,274001,UTTAR PRADESH,UTTAR PRADESH,"S /O: DIPCHND, GRAM-LOHARA, POST-BAIRAUNA, LOHARA, DEORIA, GORAKHPUR UTTAR PRADESH 274001",PREPAID,20,,,,,,
2937,,,,LEX DIGITAL,123456789,,,110053,BHAJANPURA,DELHI,BHAJANPURA,ANUJ KUMAR,123456789,,231212,UTTAR PRADESH,UTTAR PRADESH,S O SUGRIV VILL RANNU POST MAHUARIYA PS DUDDHI SONBHADRA UP 231212 UTTAR PRADESH,PREPAID,20,,,,,,
2938,,,,LEX DIGITAL,123456789,,,110053,BHAJANPURA,DELHI,BHAJANPURA,NIJAM KHAN,123456789,,283102,UTTAR PRADESH,UTTAR PRADESH,MAHAVEER NAGAR BARAH BIGA DHANAUKI JAGNER ROAD AGRA UTTAR PRADESH 283102,PREPAID,20,,,,,,
2939,,,,LEX DIGITAL,123456789,,,110053,BHAJANPURA,DELHI,BHAJANPURA,MANOJ KUMAR,123456789,,210203,UTTAR PRADESH,UTTAR PRADESH,DASU PURVA DABHANI BANDA UTTAR PRADESH 210203,PREPAID,20,,,,,,
2940,,,,LEX DIGITAL,123456789,,,110053,BHAJANPURA,DELHI,BHAJANPURA,SANJEEV KUMAR,123456789,,212601,UTTAR PRADESH,UTTAR PRADESH,BAHLOLPUR BHUPATPUR FATEHPUR GHANSHYAMPUR UTTAR PRADESH 212601,PREPAID,20,,,,,,
2941,,,,LEX DIGITAL,123456789,,,110053,BHAJANPURA,DELHI,BHAJANPURA,BHAGIRATH BANGALI RAM,123456789,,283125,UTTAR PRADESH,UTTAR PRADESH,NAYAPURA SHAMSHABAD AGRA UTTAR PRADESH 283125,PREPAID,20,,,,,,
2942,,,,LEX DIGITAL,123456789,,,110053,BHAJANPURA,DELHI,BHAJANPURA,MOHD SAJID,123456789,,243001,UTTAR PRADESH,UTTAR PRADESH,BAHIPUR POST SIYATHERI BAHERI BAREILLY UTTAR PRADESH 243001,PREPAID,20,,,,,,
2943,,,,LEX DIGITAL,123456789,,,110053,BHAJANPURA,DELHI,BHAJANPURA,MOHD BILAL,123456789,,247001,UTTAR PRADESH,UTTAR PRADESH,MB7012905 GMAIL COMSAHARANPUR SAHARANPUR UTTAR PRADESH 247001,PREPAID,20,,,,,,
2944,,,,LEX DIGITAL,123456789,,,110053,BHAJANPURA,DELHI,BHAJANPURA,ANIRUDH YADAV,123456789,,273404,UTTAR PRADESH,UTTAR PRADESH,"VILL - PADAULI , ,BELGHAT POST BELGHAT PS GORAKHPUR UTTAR PRADESH 273404",PREPAID,20,,,,,,
2945,,,,LEX DIGITAL,123456789,,,110053,BHAJANPURA,DELHI,BHAJANPURA,PRAMOD KUMAR GUPTA,123456789,,208013,UTTAR PRADESH,UTTAR PRADESH,99 GANGA NAGAR SHYMA KANPUR COD UTTAR PRADESH 208013,PREPAID,20,,,,,,
2946,,,,LEX DIGITAL,123456789,,,110053,BHAJANPURA,DELHI,BHAJANPURA,MOHD TASLIM RANGREJ,123456789,,251001,UTTAR PRADESH,UTTAR PRADESH,"278 SARWAT 2,SUBHASH NAGAR MUZAFFARNAGAR,ALMASPUR MUZAFFARNAGAR UTTAR PRADESH 251001",PREPAID,20,,,,,,
2947,,,,LEX DIGITAL,123456789,,,110053,BHAJANPURA,DELHI,BHAJANPURA,SHAMBHOO NATH,123456789,,224186,UTTAR PRADESH,UTTAR PRADESH,239 SAMMANPUR MACHLI GAON AMBEDKAR NAGAR UTTAR PRADESH 224186,PREPAID,20,,,,,,
2948,,,,LEX DIGITAL,123456789,,,110053,BHAJANPURA,DELHI,BHAJANPURA,JANVED PAL,123456789,,205262,UTTAR PRADESH,UTTAR PRADESH,"SHAHALAMPUR,BHOGAON,MAINPURI,BHONGAON, UTTAR PRADESH-205262 MAINPURI PRADESH 205262",PREPAID,20,,,,,,
2949,,,,LEX DIGITAL,123456789,,,110053,BHAJANPURA,DELHI,BHAJANPURA,INAM,123456789,,251314,UTTAR PRADESH,UTTAR PRADESH,SAMBHALHERA MUZAFFARNAGAR UTTAR PRADESH 251314,PREPAID,20,,,,,,
2950,,,,LEX DIGITAL,123456789,,,110053,BHAJANPURA,DELHI,BHAJANPURA,MOHD SADIQ ANSARI,123456789,,261207,UTTAR PRADESH,UTTAR PRADESH,MUBARAKPUR POST VAZIRPUR SITAPUR UTTAR PRADESH 261207,PREPAID,20,,,,,,
2951,,,,LEX DIGITAL,123456789,,,110053,BHAJANPURA,DELHI,BHAJANPURA,AMIT KUMAR SAINI,123456789,,262702,UTTAR PRADESH,UTTAR PRADESH,GRAM CHHAUCHH LAKHIMPUR KHERI UTTAR PRADESH 262702,PREPAID,20,,,,,,
2952,,,,LEX DIGITAL,123456789,,,110053,BHAJANPURA,DELHI,BHAJANPURA,MAHENDRA YADAV,123456789,,208021,UTTAR PRADESH,UTTAR PRADESH,1/189 LIG PHASE 1 CHANDRA NAGARI SANIGAWAN ROAD KANPUR NAGAR UTTAR PRADESH 208021,PREPAID,20,,,,,,
2953,,,,LEX DIGITAL,123456789,,,110053,BHAJANPURA,DELHI,BHAJANPURA,PARVEJ ALI,123456789,,243201,UTTAR PRADESH,UTTAR PRADESH,"LAHSOI, VIL & PO- LAHSOI TEH-BAHERI BAREILLY UTTAR PRADESH 243201",PREPAID,20,,,,,,
2954,,,,LEX DIGITAL,123456789,,,110053,BHAJANPURA,DELHI,BHAJANPURA,GHYANMATI,123456789,,212217,UTTAR PRADESH,UTTAR PRADESH,WARD NO 3 SHANTI NAGAR POST AJHUWA SIRATHU KAUSHAMBI UTTAR PRADESH 212217,PREPAID,20,,,,,,
2955,,,,LEX DIGITAL,123456789,,,110053,BHAJANPURA,DELHI,BHAJANPURA,DHEERAJ KUMAR,123456789,,201102,UTTAR PRADESH,UTTAR PRADESH,"S O: RAKESH KUMAR, HOUSE NO.-A-643, GALI NO.-3,A-BLOCK SANGAM VIHAR, LONI, GHAZIABAD UTTAR PRADESH 201102",PREPAID,20,,,,,,
2956,,,,LEX DIGITAL,123456789,,,110053,BHAJANPURA,DELHI,BHAJANPURA,INDRDEV SINGH,123456789,,203001,UTTAR PRADESH,UTTAR PRADESH,BHANSROLI NASIRPUR BULANDSHAHR UTTAR PRADESH 203001,PREPAID,20,,,,,,
2957,,,,LEX DIGITAL,123456789,,,110053,BHAJANPURA,DELHI,BHAJANPURA,IRSAD,123456789,,271204,UTTAR PRADESH,UTTAR PRADESH,"PATHAN PURWA, MUNDERAWA SARHADI JILA BAHRAICH, SISAI JANGAL BAHRAICH GONDA UTTAR PRADESH 271204",PREPAID,20,,,,,,
2958,,,,LEX DIGITAL,123456789,,,110053,BHAJANPURA,DELHI,BHAJANPURA,HARIOM,123456789,,209401,UTTAR PRADESH,UTTAR PRADESH,"6,KEESA KHERA,GAZIPUR KANPUR KISA KHERA NAGAR UTTAR PRADESH 209401",PREPAID,20,,,,,,
2959,,,,LEX DIGITAL,123456789,,,110053,BHAJANPURA,DELHI,BHAJANPURA,GURMEET KAUR CHABBRA,123456789,,208006,UTTAR PRADESH,UTTAR PRADESH,124 A 116 GOVIND NAGAR KANPUR UTTAR PRADESH 208006,PREPAID,20,,,,,,
2960,,,,LEX DIGITAL,123456789,,,110053,BHAJANPURA,DELHI,BHAJANPURA,MOHAMMAD ISHAQ,123456789,,208016,UTTAR PRADESH,UTTAR PRADESH,38 BARASIROHI SHIVLI ROAD KALYANPUR IIT KANPUR UTTAR PRADESH 208016,PREPAID,20,,,,,,
2961,,,,LEX DIGITAL,123456789,,,110053,BHAJANPURA,DELHI,BHAJANPURA,SHYAM KUMAR,123456789,,206303,UTTAR PRADESH,UTTAR PRADESH,KISHNI MAINPURI TEHSIL UTTAR PRADESH 206303,PREPAID,20,,,,,,
2962,,,,LEX DIGITAL,123456789,,,110053,BHAJANPURA,DELHI,BHAJANPURA,PRADEEP KUMAR CHAUHAN,123456789,,221206,UTTAR PRADESH,UTTAR PRADESH,171172ROH VARANASI UTTAR PRADESH 221206,PREPAID,20,,,,,,
2963,,,,LEX DIGITAL,123456789,,,110053,BHAJANPURA,DELHI,BHAJANPURA,TASAVAR HANIF,123456789,,247774,UTTAR PRADESH,UTTAR PRADESH,ISSAPUR KHURGYAN KAIRANA SHAMLI UTTAR PRADESH 247774,PREPAID,20,,,,,,
2964,,,,LEX DIGITAL,123456789,,,110053,BHAJANPURA,DELHI,BHAJANPURA,DEVESH KUMAR SHARMA,123456789,,202001,UTTAR PRADESH,UTTAR PRADESH,"SURYADEV NAGAR COLONY, BEHIND BIJALI GHAR, RAMGHAT ROAD, QUARSI, BLOCK-LODHA,KOIL.PO:ALIGARH ALIGARH UTTAR PRADESH 202001",PREPAID,20,,,,,,
2965,,,,LEX DIGITAL,123456789,,,110053,BHAJANPURA,DELHI,BHAJANPURA,RUKHSAR,123456789,,247554,UTTAR PRADESH,UTTAR PRADESH,"C/O HAIDAR,MOHALLA ABULMALI, SAHARANPUR UTTAR PRADESH 247554",PREPAID,20,,,,,,
2966,,,,LEX DIGITAL,123456789,,,110053,BHAJANPURA,DELHI,BHAJANPURA,KALPANA SHIVALIYA,123456789,,246722,UTTAR PRADESH,UTTAR PRADESH,DO NARENDRA PAL SINGH 70 TALAB KE PAS BIJNOR UTTAR PRADESH 246722,PREPAID,20,,,,,,
2967,,,,LEX DIGITAL,123456789,,,110053,BHAJANPURA,DELHI,BHAJANPURA,YES PAL,123456789,,247231,UTTAR PRADESH,UTTAR PRADESH,"TODARPUR, CHILKANA SAHARANPUR TESHILSAHARANPUR UTTAR PRADESH 247231",PREPAID,20,,,,,,
2968,,,,LEX DIGITAL,123456789,,,110053,BHAJANPURA,DELHI,BHAJANPURA,GAUTAM KUMAR,123456789,,223223,UTTAR PRADESH,UTTAR PRADESH,223.ANANATPUR.BADHAYA.AZAMGARH AZAMGARH UTTAR PRADESH 223223,PREPAID,20,,,,,,
2969,,,,LEX DIGITAL,123456789,,,110053,BHAJANPURA,DELHI,BHAJANPURA,NAVAJISH,123456789,,251318,UTTAR PRADESH,UTTAR PRADESH,"0, MOHALLA THATHERAN, SHAHPUR MUZAFFARNAGAR UTTAR PRADESH 251318",PREPAID,20,,,,,,
2970,,,,LEX DIGITAL,123456789,,,110053,BHAJANPURA,DELHI,BHAJANPURA,ATAR SINGH,123456789,,244001,UTTAR PRADESH,UTTAR PRADESH,HOUSE NUMBER 94 VILLAGE MAU DEHAT POST KAZIPURA NEAR RAILWAY CROSSING MORADABAD UTTAR PRADESH 244001,PREPAID,20,,,,,,
2971,,,,LEX DIGITAL,123456789,,,110053,BHAJANPURA,DELHI,BHAJANPURA,PRAVAL KISHOR,123456789,,205268,UTTAR PRADESH,UTTAR PRADESH,VILLAGE NAGARIYA BHANTI KURRA MAINPURI UTTAR PRADESH 205268,PREPAID,20,,,,,,
2972,,,,LEX DIGITAL,123456789,,,110053,BHAJANPURA,DELHI,BHAJANPURA,ISRAR AKHTAR,123456789,,251001,UTTAR PRADESH,UTTAR PRADESH,HARSOLI MUZAFFARNAGAR UTTARPARDESH UTTAR PRADESH 251001,PREPAID,20,,,,,,
2973,,,,LEX DIGITAL,123456789,,,110053,BHAJANPURA,DELHI,BHAJANPURA,AKHILESH YADAV,123456789,,273007,UTTAR PRADESH,UTTAR PRADESH,BHAWANBARI BHANANBARI JANGAL KAURIA GORAKHPUR UTTAR PRADESH 273007,PREPAID,20,,,,,,
2974,,,,LEX DIGITAL,123456789,,,110053,BHAJANPURA,DELHI,BHAJANPURA,SANDEEP RAMESH,123456789,,227202,UTTAR PRADESH,UTTAR PRADESH,VILLAGE BHAINSAMAU SITAPUR ROAD BAKSHI KA TALAB LUCKNOW UTTAR PRADESH 227202,PREPAID,20,,,,,,
2975,,,,LEX DIGITAL,123456789,,,110053,BHAJANPURA,DELHI,BHAJANPURA,RAJENDAR,123456789,,273158,UTTAR PRADESH,UTTAR PRADESH,TENDUA BISAMBHARPUR POST CAMPIERGANJ BISMA PS GORAKHPUR UTTAR PRADESH 273158,PREPAID,20,,,,,,
2976,,,,LEX DIGITAL,123456789,,,110053,BHAJANPURA,DELHI,BHAJANPURA,DHARAM VEER SINGH,123456789,,209621,UTTAR PRADESH,UTTAR PRADESH,"UJARAMAU NAYAGAON FARRUKHABAD JAINPUR MAHESHPUR , FARUKHABAD UTTAR PRADESH 209621",PREPAID,20,,,,,,
2977,,,,LEX DIGITAL,123456789,,,110053,BHAJANPURA,DELHI,BHAJANPURA,SANDESH KUMAR,123456789,,246735,UTTAR PRADESH,UTTAR PRADESH,VILLAGE GOPALPUR RAJA KA TAJPUR TEH CHANDPUR DISTT BIJNOR BIJNORE UTTAR PRADESH 246735,PREPAID,20,,,,,,
2978,,,,LEX DIGITAL,123456789,,,110053,BHAJANPURA,DELHI,BHAJANPURA,INDAL PRASAD,123456789,,274302,UTTAR PRADESH,UTTAR PRADESH,VIJAYPUR DAXIN PATTI GURWALIYA NISHANT 9648205279 KUSHINAGAR UTTAR PRADESH 274302,PREPAID,20,,,,,,
2979,,,,LEX DIGITAL,123456789,,,110053,BHAJANPURA,DELHI,BHAJANPURA,ANITA DEVI,123456789,,224206,UTTAR PRADESH,UTTAR PRADESH,108 DIHAWA MARUE SAHAY SINGH FAIZABAD UTTAR PRADESH 224206,PREPAID,20,,,,,,
2980,,,,LEX DIGITAL,123456789,,,110053,BHAJANPURA,DELHI,BHAJANPURA,SHREE KANT,123456789,,282002,UTTAR PRADESH,UTTAR PRADESH,NAI ABADI NALA BUDHAN SAYYED AGRA UTTAR PRADESH 282002,PREPAID,20,,,,,,
2981,,,,LEX DIGITAL,123456789,,,110053,BHAJANPURA,DELHI,BHAJANPURA,MOHD AALIM,123456789,,247775,UTTAR PRADESH,UTTAR PRADESH,587GANGERUSHAMLIUTTAR PARDES MUZAFFARNAGAR UTTAR PRADESH 247775,PREPAID,20,,,,,,
2982,,,,LEX DIGITAL,123456789,,,110053,BHAJANPURA,DELHI,BHAJANPURA,AMIT KUMAR,123456789,,201310,UTTAR PRADESH,UTTAR PRADESH,D 828 GAUR ATULYAM OMICRONE 1 GREATER NOIDA GAUTAM BUDDHA NAGAR UTTAR PRADESH 201310,PREPAID,20,,,,,,
2983,,,,LEX DIGITAL,123456789,,,110053,BHAJANPURA,DELHI,BHAJANPURA,VISHWANATH SINGH,123456789,,285201,UTTAR PRADESH,UTTAR PRADESH,HOUSE NO 425 JALAUN UTTAR PRADESH 285201,PREPAID,20,,,,,,
2984,,,,LEX DIGITAL,123456789,,,110053,BHAJANPURA,DELHI,BHAJANPURA,MANOJ KUMAR,123456789,,208021,UTTAR PRADESH,UTTAR PRADESH,"24/6,KASHIRAAM SHAHRI AWAS YOJNA KANPUR, KANPUR NAGAR UTTAR PRADESH 208021",PREPAID,20,,,,,,
2985,,,,LEX DIGITAL,123456789,,,110053,BHAJANPURA,DELHI,BHAJANPURA,AFATAB ISTIYAK,123456789,,247775,UTTAR PRADESH,UTTAR PRADESH,"144 ,NEAR STATE BANK OF INDIA,PARASOLI MUZAFFARNAGAR PS BUDHANA UTTAR PRADESH 247775",PREPAID,20,,,,,,
2986,,,,LEX DIGITAL,123456789,,,110053,BHAJANPURA,DELHI,BHAJANPURA,KALEEM PEERGULAM,123456789,,225121,UTTAR PRADESH,UTTAR PRADESH,KAZIPURWA DULHIPUR BARA BANKI THSIL NAWABGANJ THANA SATHRIKH BARABANKI UTTAR PRADESH 225121,PREPAID,20,,,,,,
2987,,,,LEX DIGITAL,123456789,,,110053,BHAJANPURA,DELHI,BHAJANPURA,RIYAJ AHMAD,123456789,,243201,UTTAR PRADESH,UTTAR PRADESH,VILLAGE SIYATHERI POST BAHERI BAREILLY UTTAR PRADESH 243201,PREPAID,20,,,,,,
2988,,,,LEX DIGITAL,123456789,,,110053,BHAJANPURA,DELHI,BHAJANPURA,JASVIR SINGH,123456789,,207242,UTTAR PRADESH,UTTAR PRADESH,VILL-BARA SAMASPUR PO GANJDUNDWARA PS-GANJDUNDWARA KASGANJ ETAH UTTAR PRADESH 207242,PREPAID,20,,,,,,
2989,,,,LEX DIGITAL,123456789,,,110053,BHAJANPURA,DELHI,BHAJANPURA,DIVYA MACHUS,123456789,,221005,UTTAR PRADESH,UTTAR PRADESH,HNB2811A1 MANAS MANDIR VARANASI UTTAR PRADESH 221005,PREPAID,20,,,,,,
2990,,,,LEX DIGITAL,123456789,,,110053,BHAJANPURA,DELHI,BHAJANPURA,VIKASH GAUTAM,123456789,,281001,UTTAR PRADESH,UTTAR PRADESH,"0, JAIL JAIL, MATHURA UTTAR PRADESH 281001",PREPAID,20,,,,,,
2991,,,,LEX DIGITAL,123456789,,,110053,BHAJANPURA,DELHI,BHAJANPURA,ANOOP KUMAR PANDEY,123456789,,273213,UTTAR PRADESH,UTTAR PRADESH,S/O RAMA SHRAY PANDEY BADHARI BARIPUR KHAJNI GORAKHPUR UTTAR PRADESH 273213,PREPAID,20,,,,,,
2992,,,,LEX DIGITAL,123456789,,,110053,BHAJANPURA,DELHI,BHAJANPURA,AJAY SINGH,123456789,,244001,UTTAR PRADESH,UTTAR PRADESH,"ADARSH COLONY 23 P A C KANTH ROAD, MORADABAD UTTAR PRADESH 244001",PREPAID,20,,,,,,
2993,,,,LEX DIGITAL,123456789,,,110053,BHAJANPURA,DELHI,BHAJANPURA,AJAYPAL LAKHAN,123456789,,241404,UTTAR PRADESH,UTTAR PRADESH,GRAM-GOPALPUR GRAM SABHA-KATHIGHARA POST-THAMRVA THANA-HARIYAWAN GOPAMAU(GRAMIN)GOPAMAU HARDOI UTTAR PRADESH 241404,PREPAID,20,,,,,,
2994,,,,LEX DIGITAL,123456789,,,110053,BHAJANPURA,DELHI,BHAJANPURA,RAHUL MISHRA,123456789,,208027,UTTAR PRADESH,UTTAR PRADESH,S/O SURENDRA MISHRA B-754 WORLD BANK COLONY THANA BARRA KANPUR UTTAR PRADESH 208027,PREPAID,20,,,,,,
2995,,,,LEX DIGITAL,123456789,,,110053,BHAJANPURA,DELHI,BHAJANPURA,VIJAY SINGH,123456789,,222302,UTTAR PRADESH,UTTAR PRADESH,TATON MURAINI TATA LAMBHUA SULTANPUR UTTAR PRADESH 222302,PREPAID,20,,,,,,
2996,,,,LEX DIGITAL,123456789,,,110053,BHAJANPURA,DELHI,BHAJANPURA,SATYAPAL,123456789,,243001,UTTAR PRADESH,UTTAR PRADESH,BHAMORA BAREILLY UTTAR PRADESH 243001,PREPAID,20,,,,,,
2997,,,,LEX DIGITAL,123456789,,,110053,BHAJANPURA,DELHI,BHAJANPURA,MAHENDRA POHAP SINGH,123456789,,202135,UTTAR PRADESH,UTTAR PRADESH,"FATEHGARHI,KHAIR,ALIGARH,FATEHGARHI ALIGARH,FATEHGARHI ALIGARH UTTAR PRADESH 202135",PREPAID,20,,,,,,
2998,,,,LEX DIGITAL,123456789,,,110053,BHAJANPURA,DELHI,BHAJANPURA,ANIL KUMAR,123456789,,205001,UTTAR PRADESH,UTTAR PRADESH,"KALYAN PUR,SHARIFPUR,SHARIFPUR,MAINPURI MAINPURI UTTAR PRADESH 205001",PREPAID,20,,,,,,
2999,,,,LEX DIGITAL,123456789,,,110053,BHAJANPURA,DELHI,BHAJANPURA,RAM NARESH,123456789,,231001,UTTAR PRADESH,UTTAR PRADESH,39 LOHANDI KHURD KALA NAKAHARA MIRZAPUR UTTAR PRADESH 231001,PREPAID,20,,,,,,
3000,,,,LEX DIGITAL,123456789,,,110053,BHAJANPURA,DELHI,BHAJANPURA,TINKU VERMA,123456789,,243504,UTTAR PRADESH,UTTAR PRADESH,S O VED PAL VERMA DHANETA BAREILLY UTTAR PRADESH 243504,PREPAID,20,,,,,,
